2026-06-08 10:00:43,201 - INFO - 새로운 접근 토큰을 발급받습니다...
2026-06-08 10:00:43,970 - INFO - 새로운 토큰이 발급 및 저장되었습니다. 만료 시간: 2026-06-09 10:00:45
2026-06-08 10:00:43,976 - INFO - 삼성전자 자동매매 프로그램을 시작합니다. (자가 적응형 로직 활성화)
2026-06-08 10:00:44,010 - INFO - 📅 날짜 변경 감지 (2026-06-05 -> 2026-06-08). 세션 데이터를 초기화합니다.
2026-06-08 10:00:44,011 - INFO - 이전 상태 로드 완료: SELLING (목표가: 330000원)
2026-06-08 10:00:44,015 - INFO - 📅 날짜 변경 감지 (2026-06-05 -> 2026-06-08). 세션 데이터를 초기화합니다.
2026-06-08 10:00:44,704 - INFO - [005930] 현재가: 304500, 고가: 311500, 저가: 292500
2026-06-08 10:00:44,704 - WARNING - ⚠️ 주문 고착 감지: 타임아웃 (240009초 경과). 주문 취소를 시도합니다.
2026-06-08 10:00:44,705 - INFO - [CANCEL] 주문 취소 요청: 005930, 주문번호: 0000031920
2026-06-08 10:00:46,372 - ERROR - 주문 취소 실패: 모의투자 원주문번호가 존재하지 않습니다.
2026-06-08 10:00:46,373 - INFO - 유령 주문 감지 (모의투자 원주문번호가 존재하지 않습니다.). 로컬 상태를 강제 리셋합니다.
2026-06-08 10:00:46,376 - INFO - 📅 날짜 변경 감지 (2026-06-05 -> 2026-06-08). 세션 데이터를 초기화합니다.
2026-06-08 10:00:46,413 - INFO - 상태 전환 완료: HOLDING
2026-06-08 10:00:50,949 - INFO - 계좌 예수금: 9580209원
2026-06-08 10:00:50,949 - INFO - [005930] 보유: 1주, 매도 가능: 1주, 평단가: 340,500원
2026-06-08 10:00:50,970 - INFO - 미실현 손익: -36,000원 (-10.57%), 최고 수익률: 0.00%
2026-06-08 10:00:50,970 - WARNING - 🚨 하드 손절 조건 충족 (-10.57%). 즉시 매도 프로세스 진입.
2026-06-08 10:00:51,016 - INFO - 자가 최적화 기록 완료: C:\Users\witpo\OneDrive\바탕 화면\YONSEI\26-1\ECO4126 인공지능과금융공학\open-trading-api\self_optimization_history
2026-06-08 10:00:51,016 - INFO - 🔥 손절(STOP_LOSS) 실행: 현재가 근처(304,500원)로 즉시 매도 주문 (공격적 하향 보정)
2026-06-08 10:00:51,017 - INFO - [SELL] 주문 요청: 005930, 1주, 304500원
2026-06-08 10:00:53,059 - INFO - 주문 성공! 주문번호: 0000010017
2026-06-08 10:00:53,124 - INFO - 60초 후 다음 확인을 진행합니다. (현재 상태: SELLING)
2026-06-08 10:01:53,578 - INFO - [005930] 현재가: 304500, 고가: 311500, 저가: 292500
2026-06-08 10:01:57,982 - INFO - 계좌 예수금: 9580209원
2026-06-08 10:01:58,178 - INFO - 매도 주문 완료 확인: 상태를 IDLE로 전환합니다.
2026-06-08 10:01:58,247 - INFO - 매수 조건 충족: 현재가(304500) - 오프셋(3250+0) = 301000원 (보수적 하향 보정)
2026-06-08 10:01:58,247 - INFO - [BUY] 주문 요청: 005930, 1주, 301000원
2026-06-08 10:01:59,620 - INFO - 주문 성공! 주문번호: 0000010175
2026-06-08 10:01:59,668 - INFO - 60초 후 다음 확인을 진행합니다. (현재 상태: BUYING)
2026-06-08 10:03:02,394 - INFO - [005930] 현재가: 306500, 고가: 311500, 저가: 292500
2026-06-08 10:03:02,395 - WARNING - ⚠️ 주문 고착 감지: 가격 이탈 (현재가:306,500, 목표가:301,000, 차이:5,500). 주문 취소를 시도합니다.
2026-06-08 10:03:02,395 - INFO - [CANCEL] 주문 취소 요청: 005930, 주문번호: 0000010175
2026-06-08 10:03:02,560 - INFO - 주문 취소 성공! (원주문: 0000010175)
2026-06-08 10:03:02,608 - INFO - 상태 전환 완료: IDLE
2026-06-08 10:03:05,674 - INFO - 계좌 예수금: 9580209원
2026-06-08 10:03:08,447 - INFO - 매수 조건 충족: 현재가(306500) - 오프셋(3250+0) = 303000원 (보수적 하향 보정)
2026-06-08 10:03:08,448 - INFO - [BUY] 주문 요청: 005930, 1주, 303000원
2026-06-08 10:03:11,406 - INFO - 주문 성공! 주문번호: 0000010322
2026-06-08 10:03:11,473 - INFO - 60초 후 다음 확인을 진행합니다. (현재 상태: BUYING)
2026-06-08 10:04:11,575 - INFO - [005930] 현재가: 305000, 고가: 311500, 저가: 292500
2026-06-08 10:04:19,405 - INFO - 계좌 예수금: 9580209원
2026-06-08 10:04:19,587 - INFO - 이미 매수 주문(0000010322)이 진행 중입니다. 체결을 기다립니다.
2026-06-08 10:04:19,588 - INFO - 60초 후 다음 확인을 진행합니다. (현재 상태: BUYING)
2026-06-08 10:05:25,046 - INFO - [005930] 현재가: 302500, 고가: 311500, 저가: 292500
2026-06-08 10:05:26,992 - INFO - 계좌 예수금: 9580209원
2026-06-08 10:05:26,992 - INFO - [005930] 보유: 1주, 매도 가능: 1주, 평단가: 303,000원
2026-06-08 10:05:27,011 - INFO - 미실현 손익: -500원 (-0.17%), 최고 수익률: 0.00%
2026-06-08 10:05:27,046 - INFO - 매수 체결 확인 (평단가: 303,000원). 히스토리에 기록합니다.
2026-06-08 10:05:27,093 - INFO - 매도 조건 충족: 평단가(303,000), 현재가(302,500) -> 목표가(306,000원) (보수적 상향 보정)
2026-06-08 10:05:27,093 - INFO - [SELL] 주문 요청: 005930, 1주, 306000원
2026-06-08 10:05:27,253 - INFO - 주문 성공! 주문번호: 0000010546
2026-06-08 10:05:27,302 - INFO - 60초 후 다음 확인을 진행합니다. (현재 상태: SELLING)
2026-06-08 10:06:27,418 - INFO - [005930] 현재가: 303500, 고가: 311500, 저가: 292500
2026-06-08 10:06:27,418 - WARNING - ⚠️ 주문 고착 감지: 가격 이탈 (현재가:303,500, 목표가:306,000, 차이:2,500). 주문 취소를 시도합니다.
2026-06-08 10:06:27,419 - INFO - [CANCEL] 주문 취소 요청: 005930, 주문번호: 0000010546
2026-06-08 10:06:27,931 - INFO - 주문 취소 성공! (원주문: 0000010546)
2026-06-08 10:06:28,004 - INFO - 상태 전환 완료: HOLDING
2026-06-08 10:06:34,332 - INFO - 계좌 예수금: 9580209원
2026-06-08 10:06:34,333 - INFO - [005930] 보유: 1주, 매도 가능: 1주, 평단가: 303,000원
2026-06-08 10:06:34,355 - INFO - 미실현 손익: 500원 (0.17%), 최고 수익률: 0.17%
2026-06-08 10:06:34,388 - INFO - 매도 조건 충족: 평단가(303,000), 현재가(303,500) -> 목표가(306,500원) (보수적 상향 보정)
2026-06-08 10:06:34,388 - INFO - [SELL] 주문 요청: 005930, 1주, 306500원
2026-06-08 10:06:34,567 - INFO - 주문 성공! 주문번호: 0000010695
2026-06-08 10:06:34,617 - INFO - 60초 후 다음 확인을 진행합니다. (현재 상태: SELLING)
2026-06-08 10:07:34,745 - INFO - [005930] 현재가: 302000, 고가: 311500, 저가: 292500
2026-06-08 10:07:34,746 - WARNING - ⚠️ 주문 고착 감지: 가격 이탈 (현재가:302,000, 목표가:306,500, 차이:4,500). 주문 취소를 시도합니다.
2026-06-08 10:07:34,747 - INFO - [CANCEL] 주문 취소 요청: 005930, 주문번호: 0000010695
2026-06-08 10:07:35,819 - INFO - 주문 취소 성공! (원주문: 0000010695)
2026-06-08 10:07:35,869 - INFO - 상태 전환 완료: HOLDING
2026-06-08 10:07:40,630 - INFO - 계좌 예수금: 9580209원
2026-06-08 10:07:40,631 - INFO - [005930] 보유: 1주, 매도 가능: 1주, 평단가: 303,000원
2026-06-08 10:07:40,648 - INFO - 미실현 손익: -1,000원 (-0.33%), 최고 수익률: 0.17%
2026-06-08 10:07:40,680 - INFO - 매도 조건 충족: 평단가(303,000), 현재가(302,000) -> 목표가(306,000원) (보수적 상향 보정)
2026-06-08 10:07:40,681 - INFO - [SELL] 주문 요청: 005930, 1주, 306000원
2026-06-08 10:07:40,812 - INFO - 주문 성공! 주문번호: 0000010812
2026-06-08 10:07:40,863 - INFO - 60초 후 다음 확인을 진행합니다. (현재 상태: SELLING)
2026-06-08 10:08:42,738 - INFO - [005930] 현재가: 302500, 고가: 311500, 저가: 292500
2026-06-08 10:08:42,739 - WARNING - ⚠️ 주문 고착 감지: 가격 이탈 (현재가:302,500, 목표가:306,000, 차이:3,500). 주문 취소를 시도합니다.
2026-06-08 10:08:42,740 - INFO - [CANCEL] 주문 취소 요청: 005930, 주문번호: 0000010812
2026-06-08 10:08:42,882 - INFO - 주문 취소 성공! (원주문: 0000010812)
2026-06-08 10:08:42,932 - INFO - 상태 전환 완료: HOLDING
2026-06-08 10:08:46,375 - INFO - 계좌 예수금: 9580209원
2026-06-08 10:08:46,375 - INFO - [005930] 보유: 1주, 매도 가능: 1주, 평단가: 303,000원
2026-06-08 10:08:46,395 - INFO - 미실현 손익: -500원 (-0.17%), 최고 수익률: 0.17%
2026-06-08 10:08:46,423 - INFO - 매도 조건 충족: 평단가(303,000), 현재가(302,500) -> 목표가(306,000원) (보수적 상향 보정)
2026-06-08 10:08:46,423 - INFO - [SELL] 주문 요청: 005930, 1주, 306000원
2026-06-08 10:08:47,603 - INFO - 주문 성공! 주문번호: 0000010884
2026-06-08 10:08:47,651 - INFO - 60초 후 다음 확인을 진행합니다. (현재 상태: SELLING)
2026-06-08 10:09:47,810 - INFO - [005930] 현재가: 303000, 고가: 311500, 저가: 292500
2026-06-08 10:09:47,811 - WARNING - ⚠️ 주문 고착 감지: 가격 이탈 (현재가:303,000, 목표가:306,000, 차이:3,000). 주문 취소를 시도합니다.
2026-06-08 10:09:47,812 - INFO - [CANCEL] 주문 취소 요청: 005930, 주문번호: 0000010884
2026-06-08 10:09:50,829 - INFO - 주문 취소 성공! (원주문: 0000010884)
2026-06-08 10:09:50,906 - INFO - 상태 전환 완료: HOLDING
2026-06-08 10:09:57,754 - INFO - 계좌 예수금: 9580209원
2026-06-08 10:09:57,754 - INFO - [005930] 보유: 1주, 매도 가능: 1주, 평단가: 303,000원
2026-06-08 10:09:57,773 - INFO - 미실현 손익: 0원 (0.00%), 최고 수익률: 0.17%
2026-06-08 10:09:57,811 - INFO - 매도 조건 충족: 평단가(303,000), 현재가(303,000) -> 목표가(306,000원) (보수적 상향 보정)
2026-06-08 10:09:57,812 - INFO - [SELL] 주문 요청: 005930, 1주, 306000원
2026-06-08 10:09:59,930 - INFO - 주문 성공! 주문번호: 0000010984
2026-06-08 10:09:59,979 - INFO - 60초 후 다음 확인을 진행합니다. (현재 상태: SELLING)
2026-06-08 10:11:00,097 - INFO - [005930] 현재가: 301500, 고가: 311500, 저가: 292500
2026-06-08 10:11:00,097 - WARNING - ⚠️ 주문 고착 감지: 가격 이탈 (현재가:301,500, 목표가:306,000, 차이:4,500). 주문 취소를 시도합니다.
2026-06-08 10:11:00,098 - INFO - [CANCEL] 주문 취소 요청: 005930, 주문번호: 0000010984
2026-06-08 10:11:02,100 - INFO - 주문 취소 성공! (원주문: 0000010984)
2026-06-08 10:11:02,154 - INFO - 상태 전환 완료: HOLDING
2026-06-08 10:11:07,265 - INFO - 계좌 예수금: 9580209원
2026-06-08 10:11:07,266 - INFO - [005930] 보유: 1주, 매도 가능: 1주, 평단가: 303,000원
2026-06-08 10:11:07,286 - INFO - 미실현 손익: -1,500원 (-0.50%), 최고 수익률: 0.17%
2026-06-08 10:11:07,319 - INFO - 매도 조건 충족: 평단가(303,000), 현재가(301,500) -> 목표가(306,000원) (보수적 상향 보정)
2026-06-08 10:11:07,320 - INFO - [SELL] 주문 요청: 005930, 1주, 306000원
2026-06-08 10:11:07,506 - INFO - 주문 성공! 주문번호: 0000011093
2026-06-08 10:11:07,550 - INFO - 60초 후 다음 확인을 진행합니다. (현재 상태: SELLING)
2026-06-08 10:12:10,678 - INFO - [005930] 현재가: 301500, 고가: 311500, 저가: 292500
2026-06-08 10:12:10,679 - WARNING - ⚠️ 주문 고착 감지: 가격 이탈 (현재가:301,500, 목표가:306,000, 차이:4,500). 주문 취소를 시도합니다.
2026-06-08 10:12:10,679 - INFO - [CANCEL] 주문 취소 요청: 005930, 주문번호: 0000011093
2026-06-08 10:12:10,836 - INFO - 주문 취소 성공! (원주문: 0000011093)
2026-06-08 10:12:10,881 - INFO - 상태 전환 완료: HOLDING
2026-06-08 10:12:15,055 - INFO - 계좌 예수금: 9580209원
2026-06-08 10:12:15,056 - INFO - [005930] 보유: 1주, 매도 가능: 1주, 평단가: 303,000원
2026-06-08 10:12:15,077 - INFO - 미실현 손익: -1,500원 (-0.50%), 최고 수익률: 0.17%
2026-06-08 10:12:15,112 - INFO - 매도 조건 충족: 평단가(303,000), 현재가(301,500) -> 목표가(306,000원) (보수적 상향 보정)
2026-06-08 10:12:15,113 - INFO - [SELL] 주문 요청: 005930, 1주, 306000원
2026-06-08 10:12:15,314 - INFO - 주문 성공! 주문번호: 0000011196
2026-06-08 10:12:15,365 - INFO - 60초 후 다음 확인을 진행합니다. (현재 상태: SELLING)
2026-06-08 10:13:17,886 - INFO - [005930] 현재가: 302500, 고가: 311500, 저가: 292500
2026-06-08 10:13:17,887 - WARNING - ⚠️ 주문 고착 감지: 가격 이탈 (현재가:302,500, 목표가:306,000, 차이:3,500). 주문 취소를 시도합니다.
2026-06-08 10:13:17,888 - INFO - [CANCEL] 주문 취소 요청: 005930, 주문번호: 0000011196
2026-06-08 10:13:18,044 - INFO - 주문 취소 성공! (원주문: 0000011196)
2026-06-08 10:13:18,092 - INFO - 상태 전환 완료: HOLDING
2026-06-08 10:13:22,155 - INFO - 계좌 예수금: 9580209원
2026-06-08 10:13:22,156 - INFO - [005930] 보유: 1주, 매도 가능: 1주, 평단가: 303,000원
2026-06-08 10:13:22,175 - INFO - 미실현 손익: -500원 (-0.17%), 최고 수익률: 0.17%
2026-06-08 10:13:22,209 - INFO - 매도 조건 충족: 평단가(303,000), 현재가(302,500) -> 목표가(306,000원) (보수적 상향 보정)
2026-06-08 10:13:22,209 - INFO - [SELL] 주문 요청: 005930, 1주, 306000원
2026-06-08 10:13:24,819 - INFO - 주문 성공! 주문번호: 0000011282
2026-06-08 10:13:24,875 - INFO - 60초 후 다음 확인을 진행합니다. (현재 상태: SELLING)
2026-06-08 10:14:26,116 - INFO - [005930] 현재가: 302500, 고가: 311500, 저가: 292500
2026-06-08 10:14:26,116 - WARNING - ⚠️ 주문 고착 감지: 가격 이탈 (현재가:302,500, 목표가:306,000, 차이:3,500). 주문 취소를 시도합니다.
2026-06-08 10:14:26,116 - INFO - [CANCEL] 주문 취소 요청: 005930, 주문번호: 0000011282
2026-06-08 10:14:26,523 - INFO - 주문 취소 성공! (원주문: 0000011282)
2026-06-08 10:14:26,576 - INFO - 상태 전환 완료: HOLDING
2026-06-08 10:14:32,134 - INFO - 계좌 예수금: 9580209원
2026-06-08 10:14:32,134 - INFO - [005930] 보유: 1주, 매도 가능: 1주, 평단가: 303,000원
2026-06-08 10:14:32,152 - INFO - 미실현 손익: -500원 (-0.17%), 최고 수익률: 0.17%
2026-06-08 10:14:32,189 - INFO - 매도 조건 충족: 평단가(303,000), 현재가(302,500) -> 목표가(306,000원) (보수적 상향 보정)
2026-06-08 10:14:32,189 - INFO - [SELL] 주문 요청: 005930, 1주, 306000원
2026-06-08 10:14:32,336 - INFO - 주문 성공! 주문번호: 0000011366
2026-06-08 10:14:32,385 - INFO - 60초 후 다음 확인을 진행합니다. (현재 상태: SELLING)
2026-06-08 10:15:32,476 - INFO - [005930] 현재가: 302000, 고가: 311500, 저가: 292500
2026-06-08 10:15:32,477 - WARNING - ⚠️ 주문 고착 감지: 가격 이탈 (현재가:302,000, 목표가:306,000, 차이:4,000). 주문 취소를 시도합니다.
2026-06-08 10:15:32,478 - INFO - [CANCEL] 주문 취소 요청: 005930, 주문번호: 0000011366
2026-06-08 10:15:36,430 - INFO - 주문 취소 성공! (원주문: 0000011366)
2026-06-08 10:15:36,502 - INFO - 상태 전환 완료: HOLDING
2026-06-08 10:15:41,168 - INFO - 계좌 예수금: 9580209원
2026-06-08 10:15:41,169 - INFO - [005930] 보유: 1주, 매도 가능: 1주, 평단가: 303,000원
2026-06-08 10:15:41,189 - INFO - 미실현 손익: -1,000원 (-0.33%), 최고 수익률: 0.17%
2026-06-08 10:15:41,218 - INFO - 매도 조건 충족: 평단가(303,000), 현재가(302,000) -> 목표가(306,000원) (보수적 상향 보정)
2026-06-08 10:15:41,219 - INFO - [SELL] 주문 요청: 005930, 1주, 306000원
2026-06-08 10:15:44,561 - INFO - 주문 성공! 주문번호: 0000011506
2026-06-08 10:15:44,628 - INFO - 60초 후 다음 확인을 진행합니다. (현재 상태: SELLING)
2026-06-08 10:16:45,536 - INFO - [005930] 현재가: 301250, 고가: 311500, 저가: 292500
2026-06-08 10:16:45,536 - WARNING - ⚠️ 주문 고착 감지: 가격 이탈 (현재가:301,250, 목표가:306,000, 차이:4,750). 주문 취소를 시도합니다.
2026-06-08 10:16:45,537 - INFO - [CANCEL] 주문 취소 요청: 005930, 주문번호: 0000011506
2026-06-08 10:16:45,712 - INFO - 주문 취소 성공! (원주문: 0000011506)
2026-06-08 10:16:45,757 - INFO - 상태 전환 완료: HOLDING
2026-06-08 10:16:51,964 - INFO - 계좌 예수금: 9580209원
2026-06-08 10:16:51,965 - INFO - [005930] 보유: 1주, 매도 가능: 1주, 평단가: 303,000원
2026-06-08 10:16:51,984 - INFO - 미실현 손익: -1,750원 (-0.58%), 최고 수익률: 0.17%
2026-06-08 10:16:52,019 - INFO - 매도 조건 충족: 평단가(303,000), 현재가(301,250) -> 목표가(306,000원) (보수적 상향 보정)
2026-06-08 10:16:52,020 - INFO - [SELL] 주문 요청: 005930, 1주, 306000원
2026-06-08 10:16:52,805 - INFO - 주문 성공! 주문번호: 0000011607
2026-06-08 10:16:52,859 - INFO - 60초 후 다음 확인을 진행합니다. (현재 상태: SELLING)
2026-06-08 10:17:52,973 - INFO - [005930] 현재가: 301000, 고가: 311500, 저가: 292500
2026-06-08 10:17:52,974 - WARNING - ⚠️ 주문 고착 감지: 가격 이탈 (현재가:301,000, 목표가:306,000, 차이:5,000). 주문 취소를 시도합니다.
2026-06-08 10:17:52,974 - INFO - [CANCEL] 주문 취소 요청: 005930, 주문번호: 0000011607
2026-06-08 10:17:55,493 - INFO - 주문 취소 성공! (원주문: 0000011607)
2026-06-08 10:17:55,569 - INFO - 상태 전환 완료: HOLDING
2026-06-08 10:18:02,580 - INFO - 계좌 예수금: 9580209원
2026-06-08 10:18:02,581 - INFO - [005930] 보유: 1주, 매도 가능: 1주, 평단가: 303,000원
2026-06-08 10:18:02,602 - INFO - 미실현 손익: -2,000원 (-0.66%), 최고 수익률: 0.17%
2026-06-08 10:18:02,640 - INFO - 매도 조건 충족: 평단가(303,000), 현재가(301,000) -> 목표가(306,000원) (보수적 상향 보정)
2026-06-08 10:18:02,640 - INFO - [SELL] 주문 요청: 005930, 1주, 306000원
2026-06-08 10:18:02,791 - INFO - 주문 성공! 주문번호: 0000011714
2026-06-08 10:18:02,860 - INFO - 60초 후 다음 확인을 진행합니다. (현재 상태: SELLING)
2026-06-08 10:19:05,317 - INFO - [005930] 현재가: 301500, 고가: 311500, 저가: 292500
2026-06-08 10:19:05,318 - WARNING - ⚠️ 주문 고착 감지: 가격 이탈 (현재가:301,500, 목표가:306,000, 차이:4,500). 주문 취소를 시도합니다.
2026-06-08 10:19:05,318 - INFO - [CANCEL] 주문 취소 요청: 005930, 주문번호: 0000011714
2026-06-08 10:19:07,350 - INFO - 주문 취소 성공! (원주문: 0000011714)
2026-06-08 10:19:07,418 - INFO - 상태 전환 완료: HOLDING
2026-06-08 10:19:11,245 - INFO - 계좌 예수금: 9580209원
2026-06-08 10:19:11,245 - INFO - [005930] 보유: 1주, 매도 가능: 1주, 평단가: 303,000원
2026-06-08 10:19:11,280 - INFO - 미실현 손익: -1,500원 (-0.50%), 최고 수익률: 0.17%
2026-06-08 10:19:11,319 - INFO - 매도 조건 충족: 평단가(303,000), 현재가(301,500) -> 목표가(306,000원) (보수적 상향 보정)
2026-06-08 10:19:11,320 - INFO - [SELL] 주문 요청: 005930, 1주, 306000원
2026-06-08 10:19:14,227 - INFO - 주문 성공! 주문번호: 0000011821
2026-06-08 10:19:14,292 - INFO - 60초 후 다음 확인을 진행합니다. (현재 상태: SELLING)
2026-06-08 10:20:19,255 - INFO - [005930] 현재가: 301000, 고가: 311500, 저가: 292500
2026-06-08 10:20:19,256 - WARNING - ⚠️ 주문 고착 감지: 가격 이탈 (현재가:301,000, 목표가:306,000, 차이:5,000). 주문 취소를 시도합니다.
2026-06-08 10:20:19,256 - INFO - [CANCEL] 주문 취소 요청: 005930, 주문번호: 0000011821
2026-06-08 10:20:24,373 - INFO - 주문 취소 성공! (원주문: 0000011821)
2026-06-08 10:20:24,439 - INFO - 상태 전환 완료: HOLDING
2026-06-08 10:20:33,013 - INFO - 계좌 예수금: 9580209원
2026-06-08 10:20:33,015 - INFO - [005930] 보유: 1주, 매도 가능: 1주, 평단가: 303,000원
2026-06-08 10:20:33,068 - INFO - 미실현 손익: -2,000원 (-0.66%), 최고 수익률: 0.17%
2026-06-08 10:20:33,117 - INFO - 매도 조건 충족: 평단가(303,000), 현재가(301,000) -> 목표가(306,000원) (보수적 상향 보정)
2026-06-08 10:20:33,118 - INFO - [SELL] 주문 요청: 005930, 1주, 306000원
2026-06-08 10:20:33,298 - INFO - 주문 성공! 주문번호: 0000011923
2026-06-08 10:20:33,360 - INFO - 60초 후 다음 확인을 진행합니다. (현재 상태: SELLING)
2026-06-08 10:21:35,361 - INFO - [005930] 현재가: 302000, 고가: 311500, 저가: 292500
2026-06-08 10:21:35,362 - WARNING - ⚠️ 주문 고착 감지: 가격 이탈 (현재가:302,000, 목표가:306,000, 차이:4,000). 주문 취소를 시도합니다.
2026-06-08 10:21:35,362 - INFO - [CANCEL] 주문 취소 요청: 005930, 주문번호: 0000011923
2026-06-08 10:21:35,522 - INFO - 주문 취소 성공! (원주문: 0000011923)
2026-06-08 10:21:35,611 - INFO - 상태 전환 완료: HOLDING
2026-06-08 10:21:42,102 - INFO - 계좌 예수금: 9580209원
2026-06-08 10:21:42,103 - INFO - [005930] 보유: 1주, 매도 가능: 1주, 평단가: 303,000원
2026-06-08 10:21:42,133 - INFO - 미실현 손익: -1,000원 (-0.33%), 최고 수익률: 0.17%
2026-06-08 10:21:42,193 - INFO - 자가 최적화 기록 완료: C:\Users\witpo\OneDrive\바탕 화면\YONSEI\26-1\ECO4126 인공지능과금융공학\open-trading-api\self_optimization_history
2026-06-08 10:21:42,193 - INFO - 매도 조건 충족: 평단가(303,000), 현재가(302,000) -> 목표가(306,000원) (보수적 상향 보정)
2026-06-08 10:21:42,194 - INFO - [SELL] 주문 요청: 005930, 1주, 306000원
2026-06-08 10:21:44,148 - INFO - 주문 성공! 주문번호: 0000012029
2026-06-08 10:21:44,241 - INFO - 60초 후 다음 확인을 진행합니다. (현재 상태: SELLING)
2026-06-08 10:22:46,104 - INFO - [005930] 현재가: 301750, 고가: 311500, 저가: 292500
2026-06-08 10:22:46,105 - WARNING - ⚠️ 주문 고착 감지: 가격 이탈 (현재가:301,750, 목표가:306,000, 차이:4,250). 주문 취소를 시도합니다.
2026-06-08 10:22:46,105 - INFO - [CANCEL] 주문 취소 요청: 005930, 주문번호: 0000012029
2026-06-08 10:22:47,844 - INFO - 주문 취소 성공! (원주문: 0000012029)
2026-06-08 10:22:47,908 - INFO - 상태 전환 완료: HOLDING
2026-06-08 10:22:51,944 - INFO - 계좌 예수금: 9580209원
2026-06-08 10:22:51,945 - INFO - [005930] 보유: 1주, 매도 가능: 1주, 평단가: 303,000원
2026-06-08 10:22:51,969 - INFO - 미실현 손익: -1,250원 (-0.41%), 최고 수익률: 0.17%
2026-06-08 10:22:52,015 - INFO - 매도 조건 충족: 평단가(303,000), 현재가(301,750) -> 목표가(305,500원) (보수적 상향 보정)
2026-06-08 10:22:52,016 - INFO - [SELL] 주문 요청: 005930, 1주, 305500원
2026-06-08 10:22:52,196 - INFO - 주문 성공! 주문번호: 0000012100
2026-06-08 10:22:52,269 - INFO - 60초 후 다음 확인을 진행합니다. (현재 상태: SELLING)
2026-06-08 10:23:52,408 - INFO - [005930] 현재가: 300500, 고가: 311500, 저가: 292500
2026-06-08 10:23:52,408 - WARNING - ⚠️ 주문 고착 감지: 가격 이탈 (현재가:300,500, 목표가:305,500, 차이:5,000). 주문 취소를 시도합니다.
2026-06-08 10:23:52,409 - INFO - [CANCEL] 주문 취소 요청: 005930, 주문번호: 0000012100
2026-06-08 10:23:52,978 - INFO - 주문 취소 성공! (원주문: 0000012100)
2026-06-08 10:23:53,078 - INFO - 상태 전환 완료: HOLDING
2026-06-08 10:23:54,924 - INFO - 계좌 예수금: 9580209원
2026-06-08 10:23:54,925 - INFO - [005930] 보유: 1주, 매도 가능: 1주, 평단가: 303,000원
2026-06-08 10:23:54,967 - INFO - 미실현 손익: -2,500원 (-0.83%), 최고 수익률: 0.17%
2026-06-08 10:23:55,019 - INFO - 매도 조건 충족: 평단가(303,000), 현재가(300,500) -> 목표가(305,500원) (보수적 상향 보정)
2026-06-08 10:23:55,019 - INFO - [SELL] 주문 요청: 005930, 1주, 305500원
2026-06-08 10:23:55,186 - INFO - 주문 성공! 주문번호: 0000012195
2026-06-08 10:23:55,250 - INFO - 60초 후 다음 확인을 진행합니다. (현재 상태: SELLING)
2026-06-08 10:24:55,368 - INFO - [005930] 현재가: 300250, 고가: 311500, 저가: 292500
2026-06-08 10:24:55,368 - WARNING - ⚠️ 주문 고착 감지: 가격 이탈 (현재가:300,250, 목표가:305,500, 차이:5,250). 주문 취소를 시도합니다.
2026-06-08 10:24:55,369 - INFO - [CANCEL] 주문 취소 요청: 005930, 주문번호: 0000012195
2026-06-08 10:24:55,959 - INFO - 주문 취소 성공! (원주문: 0000012195)
2026-06-08 10:24:56,008 - INFO - 상태 전환 완료: HOLDING
2026-06-08 10:25:01,382 - INFO - 계좌 예수금: 9580209원
2026-06-08 10:25:01,383 - INFO - [005930] 보유: 1주, 매도 가능: 1주, 평단가: 303,000원
2026-06-08 10:25:01,420 - INFO - 미실현 손익: -2,750원 (-0.91%), 최고 수익률: 0.17%
2026-06-08 10:25:01,459 - INFO - 매도 조건 충족: 평단가(303,000), 현재가(300,250) -> 목표가(305,500원) (보수적 상향 보정)
2026-06-08 10:25:01,460 - INFO - [SELL] 주문 요청: 005930, 1주, 305500원
2026-06-08 10:25:04,659 - INFO - 주문 성공! 주문번호: 0000012296
2026-06-08 10:25:04,740 - INFO - 60초 후 다음 확인을 진행합니다. (현재 상태: SELLING)
2026-06-08 10:26:04,882 - INFO - [005930] 현재가: 299500, 고가: 311500, 저가: 292500
2026-06-08 10:26:04,883 - WARNING - ⚠️ 주문 고착 감지: 가격 이탈 (현재가:299,500, 목표가:305,500, 차이:6,000). 주문 취소를 시도합니다.
2026-06-08 10:26:04,883 - INFO - [CANCEL] 주문 취소 요청: 005930, 주문번호: 0000012296
2026-06-08 10:26:06,819 - INFO - 주문 취소 성공! (원주문: 0000012296)
2026-06-08 10:26:06,878 - INFO - 상태 전환 완료: HOLDING
2026-06-08 10:26:14,090 - INFO - 계좌 예수금: 9580209원
2026-06-08 10:26:14,090 - INFO - [005930] 보유: 1주, 매도 가능: 1주, 평단가: 303,000원
2026-06-08 10:26:14,117 - INFO - 미실현 손익: -3,500원 (-1.16%), 최고 수익률: 0.17%
2026-06-08 10:26:14,163 - INFO - 매도 조건 충족: 평단가(303,000), 현재가(299,500) -> 목표가(305,500원) (보수적 상향 보정)
2026-06-08 10:26:14,164 - INFO - [SELL] 주문 요청: 005930, 1주, 305500원
2026-06-08 10:26:14,319 - INFO - 주문 성공! 주문번호: 0000012411
2026-06-08 10:26:14,370 - INFO - 60초 후 다음 확인을 진행합니다. (현재 상태: SELLING)
2026-06-08 10:27:17,483 - INFO - [005930] 현재가: 299500, 고가: 311500, 저가: 292500
2026-06-08 10:27:17,484 - WARNING - ⚠️ 주문 고착 감지: 가격 이탈 (현재가:299,500, 목표가:305,500, 차이:6,000). 주문 취소를 시도합니다.
2026-06-08 10:27:17,484 - INFO - [CANCEL] 주문 취소 요청: 005930, 주문번호: 0000012411
2026-06-08 10:27:20,652 - INFO - 주문 취소 성공! (원주문: 0000012411)
2026-06-08 10:27:20,714 - INFO - 상태 전환 완료: HOLDING
2026-06-08 10:27:27,721 - INFO - 계좌 예수금: 9580209원
2026-06-08 10:27:27,722 - INFO - [005930] 보유: 1주, 매도 가능: 1주, 평단가: 303,000원
2026-06-08 10:27:27,744 - INFO - 미실현 손익: -3,500원 (-1.16%), 최고 수익률: 0.17%
2026-06-08 10:27:27,780 - INFO - 매도 조건 충족: 평단가(303,000), 현재가(299,500) -> 목표가(305,500원) (보수적 상향 보정)
2026-06-08 10:27:27,780 - INFO - [SELL] 주문 요청: 005930, 1주, 305500원
2026-06-08 10:27:29,885 - INFO - 주문 성공! 주문번호: 0000012495
2026-06-08 10:27:29,998 - INFO - 60초 후 다음 확인을 진행합니다. (현재 상태: SELLING)
2026-06-08 10:28:30,335 - INFO - [005930] 현재가: 298750, 고가: 311500, 저가: 292500
2026-06-08 10:28:30,336 - WARNING - ⚠️ 주문 고착 감지: 가격 이탈 (현재가:298,750, 목표가:305,500, 차이:6,750). 주문 취소를 시도합니다.
2026-06-08 10:28:30,336 - INFO - [CANCEL] 주문 취소 요청: 005930, 주문번호: 0000012495
2026-06-08 10:28:30,625 - ERROR - POST 요청 실패 (VTTC0013U): 500 Server Error: Internal Server Error for url: https://openapivts.koreainvestment.com:29443/uapi/domestic-stock/v1/trading/order-rvsecncl
2026-06-08 10:28:30,626 - ERROR - 상세 에러: {"rt_cd":"1","msg1":"초당 거래건수를 초과하였습니다.","msg_cd":"EGW00201","message":"EGW00201"}
2026-06-08 10:28:30,629 - ERROR - 주문 취소 실패: 응답 없음
2026-06-08 10:28:30,630 - ERROR - 주문 취소 실패. 다음 루프에서 재시도합니다.
2026-06-08 10:28:32,747 - INFO - 계좌 예수금: 9580209원
2026-06-08 10:28:32,747 - INFO - [005930] 보유: 1주, 매도 가능: 0주, 평단가: 303,000원
2026-06-08 10:28:32,771 - INFO - 미실현 손익: -4,250원 (-1.40%), 최고 수익률: 0.17%
2026-06-08 10:28:32,823 - INFO - 보유 수량(1)에 대해 매도 주문(0000012495)이 진행 중입니다.
2026-06-08 10:28:32,823 - INFO - 60초 후 다음 확인을 진행합니다. (현재 상태: SELLING)
2026-06-08 10:29:34,602 - INFO - [005930] 현재가: 298500, 고가: 311500, 저가: 292500
2026-06-08 10:29:34,602 - WARNING - ⚠️ 주문 고착 감지: 가격 이탈 (현재가:298,500, 목표가:305,500, 차이:7,000). 주문 취소를 시도합니다.
2026-06-08 10:29:34,603 - INFO - [CANCEL] 주문 취소 요청: 005930, 주문번호: 0000012495
2026-06-08 10:29:36,341 - INFO - 주문 취소 성공! (원주문: 0000012495)
2026-06-08 10:29:36,421 - INFO - 상태 전환 완료: HOLDING
2026-06-08 10:29:42,384 - INFO - 계좌 예수금: 9580209원
2026-06-08 10:29:42,384 - INFO - [005930] 보유: 1주, 매도 가능: 1주, 평단가: 303,000원
2026-06-08 10:29:42,417 - INFO - 미실현 손익: -4,500원 (-1.49%), 최고 수익률: 0.17%
2026-06-08 10:29:42,457 - INFO - 매도 조건 충족: 평단가(303,000), 현재가(298,500) -> 목표가(305,500원) (보수적 상향 보정)
2026-06-08 10:29:42,457 - INFO - [SELL] 주문 요청: 005930, 1주, 305500원
2026-06-08 10:29:43,510 - INFO - 주문 성공! 주문번호: 0000012677
2026-06-08 10:29:43,574 - INFO - 60초 후 다음 확인을 진행합니다. (현재 상태: SELLING)
2026-06-08 10:30:43,730 - INFO - [005930] 현재가: 297500, 고가: 311500, 저가: 292500
2026-06-08 10:30:43,731 - WARNING - ⚠️ 주문 고착 감지: 가격 이탈 (현재가:297,500, 목표가:305,500, 차이:8,000). 주문 취소를 시도합니다.
2026-06-08 10:30:43,732 - INFO - [CANCEL] 주문 취소 요청: 005930, 주문번호: 0000012677
2026-06-08 10:30:44,458 - INFO - 주문 취소 성공! (원주문: 0000012677)
2026-06-08 10:30:44,542 - INFO - 상태 전환 완료: HOLDING
2026-06-08 10:30:52,326 - INFO - 계좌 예수금: 9580209원
2026-06-08 10:30:52,327 - INFO - [005930] 보유: 1주, 매도 가능: 1주, 평단가: 303,000원
2026-06-08 10:30:52,348 - INFO - 미실현 손익: -5,500원 (-1.82%), 최고 수익률: 0.17%
2026-06-08 10:30:52,385 - INFO - 매도 조건 충족: 평단가(303,000), 현재가(297,500) -> 목표가(305,500원) (보수적 상향 보정)
2026-06-08 10:30:52,386 - INFO - [SELL] 주문 요청: 005930, 1주, 305500원
2026-06-08 10:30:55,771 - INFO - 주문 성공! 주문번호: 0000012794
2026-06-08 10:30:55,830 - INFO - 60초 후 다음 확인을 진행합니다. (현재 상태: SELLING)
2026-06-08 10:31:55,959 - INFO - [005930] 현재가: 299250, 고가: 311500, 저가: 292500
2026-06-08 10:31:55,959 - WARNING - ⚠️ 주문 고착 감지: 가격 이탈 (현재가:299,250, 목표가:305,500, 차이:6,250). 주문 취소를 시도합니다.
2026-06-08 10:31:55,960 - INFO - [CANCEL] 주문 취소 요청: 005930, 주문번호: 0000012794
2026-06-08 10:31:56,446 - ERROR - POST 요청 실패 (VTTC0013U): 500 Server Error: Internal Server Error for url: https://openapivts.koreainvestment.com:29443/uapi/domestic-stock/v1/trading/order-rvsecncl
2026-06-08 10:31:56,447 - ERROR - 상세 에러: {"rt_cd":"1","msg1":"초당 거래건수를 초과하였습니다.","msg_cd":"EGW00201","message":"EGW00201"}
2026-06-08 10:31:56,449 - ERROR - 주문 취소 실패: 응답 없음
2026-06-08 10:31:56,450 - ERROR - 주문 취소 실패. 다음 루프에서 재시도합니다.
2026-06-08 10:32:00,633 - INFO - 계좌 예수금: 9580209원
2026-06-08 10:32:00,633 - INFO - [005930] 보유: 1주, 매도 가능: 0주, 평단가: 303,000원
2026-06-08 10:32:00,658 - INFO - 미실현 손익: -3,750원 (-1.24%), 최고 수익률: 0.17%
2026-06-08 10:32:00,696 - INFO - 보유 수량(1)에 대해 매도 주문(0000012794)이 진행 중입니다.
2026-06-08 10:32:00,697 - INFO - 60초 후 다음 확인을 진행합니다. (현재 상태: SELLING)
2026-06-08 10:33:00,805 - INFO - [005930] 현재가: 301000, 고가: 311500, 저가: 292500
2026-06-08 10:33:00,806 - WARNING - ⚠️ 주문 고착 감지: 가격 이탈 (현재가:301,000, 목표가:305,500, 차이:4,500). 주문 취소를 시도합니다.
2026-06-08 10:33:00,806 - INFO - [CANCEL] 주문 취소 요청: 005930, 주문번호: 0000012794
2026-06-08 10:33:01,367 - INFO - 주문 취소 성공! (원주문: 0000012794)
2026-06-08 10:33:01,423 - INFO - 상태 전환 완료: HOLDING
2026-06-08 10:33:09,964 - INFO - 계좌 예수금: 9580209원
2026-06-08 10:33:09,964 - INFO - [005930] 보유: 1주, 매도 가능: 1주, 평단가: 303,000원
2026-06-08 10:33:09,988 - INFO - 미실현 손익: -2,000원 (-0.66%), 최고 수익률: 0.17%
2026-06-08 10:33:10,031 - INFO - 매도 조건 충족: 평단가(303,000), 현재가(301,000) -> 목표가(305,500원) (보수적 상향 보정)
2026-06-08 10:33:10,032 - INFO - [SELL] 주문 요청: 005930, 1주, 305500원
2026-06-08 10:33:12,929 - INFO - 주문 성공! 주문번호: 0000012998
2026-06-08 10:33:13,030 - INFO - 60초 후 다음 확인을 진행합니다. (현재 상태: SELLING)
2026-06-08 10:34:16,320 - INFO - [005930] 현재가: 300000, 고가: 311500, 저가: 292500
2026-06-08 10:34:16,320 - WARNING - ⚠️ 주문 고착 감지: 가격 이탈 (현재가:300,000, 목표가:305,500, 차이:5,500). 주문 취소를 시도합니다.
2026-06-08 10:34:16,321 - INFO - [CANCEL] 주문 취소 요청: 005930, 주문번호: 0000012998
2026-06-08 10:34:16,508 - INFO - 주문 취소 성공! (원주문: 0000012998)
2026-06-08 10:34:16,568 - INFO - 상태 전환 완료: HOLDING
2026-06-08 10:34:18,675 - INFO - 계좌 예수금: 9580209원
2026-06-08 10:34:18,676 - INFO - [005930] 보유: 1주, 매도 가능: 1주, 평단가: 303,000원
2026-06-08 10:34:18,704 - INFO - 미실현 손익: -3,000원 (-0.99%), 최고 수익률: 0.17%
2026-06-08 10:34:18,748 - INFO - 매도 조건 충족: 평단가(303,000), 현재가(300,000) -> 목표가(305,500원) (보수적 상향 보정)
2026-06-08 10:34:18,749 - INFO - [SELL] 주문 요청: 005930, 1주, 305500원
2026-06-08 10:34:18,913 - INFO - 주문 성공! 주문번호: 0000013090
2026-06-08 10:34:18,978 - INFO - 60초 후 다음 확인을 진행합니다. (현재 상태: SELLING)
2026-06-08 10:35:19,111 - INFO - [005930] 현재가: 301500, 고가: 311500, 저가: 292500
2026-06-08 10:35:19,112 - WARNING - ⚠️ 주문 고착 감지: 가격 이탈 (현재가:301,500, 목표가:305,500, 차이:4,000). 주문 취소를 시도합니다.
2026-06-08 10:35:19,112 - INFO - [CANCEL] 주문 취소 요청: 005930, 주문번호: 0000013090
2026-06-08 10:35:19,628 - ERROR - POST 요청 실패 (VTTC0013U): 500 Server Error: Internal Server Error for url: https://openapivts.koreainvestment.com:29443/uapi/domestic-stock/v1/trading/order-rvsecncl
2026-06-08 10:35:19,629 - ERROR - 상세 에러: {"rt_cd":"1","msg1":"초당 거래건수를 초과하였습니다.","msg_cd":"EGW00201","message":"EGW00201"}
2026-06-08 10:35:19,636 - ERROR - 주문 취소 실패: 응답 없음
2026-06-08 10:35:19,637 - ERROR - 주문 취소 실패. 다음 루프에서 재시도합니다.
2026-06-08 10:35:26,556 - INFO - 계좌 예수금: 9580209원
2026-06-08 10:35:26,557 - INFO - [005930] 보유: 1주, 매도 가능: 0주, 평단가: 303,000원
2026-06-08 10:35:26,595 - INFO - 미실현 손익: -1,500원 (-0.50%), 최고 수익률: 0.17%
2026-06-08 10:35:26,657 - INFO - 보유 수량(1)에 대해 매도 주문(0000013090)이 진행 중입니다.
2026-06-08 10:35:26,657 - INFO - 60초 후 다음 확인을 진행합니다. (현재 상태: SELLING)
2026-06-08 10:36:28,320 - INFO - [005930] 현재가: 300500, 고가: 311500, 저가: 292500
2026-06-08 10:36:28,321 - WARNING - ⚠️ 주문 고착 감지: 가격 이탈 (현재가:300,500, 목표가:305,500, 차이:5,000). 주문 취소를 시도합니다.
2026-06-08 10:36:28,322 - INFO - [CANCEL] 주문 취소 요청: 005930, 주문번호: 0000013090
2026-06-08 10:36:30,164 - INFO - 주문 취소 성공! (원주문: 0000013090)
2026-06-08 10:36:30,232 - INFO - 상태 전환 완료: HOLDING
2026-06-08 10:36:35,798 - INFO - 계좌 예수금: 9580209원
2026-06-08 10:36:35,799 - INFO - [005930] 보유: 1주, 매도 가능: 1주, 평단가: 303,000원
2026-06-08 10:36:35,832 - INFO - 미실현 손익: -2,500원 (-0.83%), 최고 수익률: 0.17%
2026-06-08 10:36:35,873 - INFO - 매도 조건 충족: 평단가(303,000), 현재가(300,500) -> 목표가(305,500원) (보수적 상향 보정)
2026-06-08 10:36:35,874 - INFO - [SELL] 주문 요청: 005930, 1주, 305500원
2026-06-08 10:36:36,615 - INFO - 주문 성공! 주문번호: 0000013244
2026-06-08 10:36:36,673 - INFO - 60초 후 다음 확인을 진행합니다. (현재 상태: SELLING)
2026-06-08 10:37:36,801 - INFO - [005930] 현재가: 300250, 고가: 311500, 저가: 292500
2026-06-08 10:37:36,801 - WARNING - ⚠️ 주문 고착 감지: 가격 이탈 (현재가:300,250, 목표가:305,500, 차이:5,250). 주문 취소를 시도합니다.
2026-06-08 10:37:36,802 - INFO - [CANCEL] 주문 취소 요청: 005930, 주문번호: 0000013244
2026-06-08 10:37:37,321 - INFO - 주문 취소 성공! (원주문: 0000013244)
2026-06-08 10:37:37,392 - INFO - 상태 전환 완료: HOLDING
2026-06-08 10:37:40,012 - INFO - 계좌 예수금: 9580209원
2026-06-08 10:37:40,013 - INFO - [005930] 보유: 1주, 매도 가능: 1주, 평단가: 303,000원
2026-06-08 10:37:40,038 - INFO - 미실현 손익: -2,750원 (-0.91%), 최고 수익률: 0.17%
2026-06-08 10:37:40,075 - INFO - 매도 조건 충족: 평단가(303,000), 현재가(300,250) -> 목표가(305,500원) (보수적 상향 보정)
2026-06-08 10:37:40,076 - INFO - [SELL] 주문 요청: 005930, 1주, 305500원
2026-06-08 10:37:40,227 - INFO - 주문 성공! 주문번호: 0000013328
2026-06-08 10:37:40,296 - INFO - 60초 후 다음 확인을 진행합니다. (현재 상태: SELLING)
2026-06-08 10:38:40,421 - INFO - [005930] 현재가: 299500, 고가: 311500, 저가: 292500
2026-06-08 10:38:40,422 - WARNING - ⚠️ 주문 고착 감지: 가격 이탈 (현재가:299,500, 목표가:305,500, 차이:6,000). 주문 취소를 시도합니다.
2026-06-08 10:38:40,422 - INFO - [CANCEL] 주문 취소 요청: 005930, 주문번호: 0000013328
2026-06-08 10:38:40,962 - INFO - 주문 취소 성공! (원주문: 0000013328)
2026-06-08 10:38:41,015 - INFO - 상태 전환 완료: HOLDING
2026-06-08 10:38:46,262 - INFO - 계좌 예수금: 9580209원
2026-06-08 10:38:46,263 - INFO - [005930] 보유: 1주, 매도 가능: 1주, 평단가: 303,000원
2026-06-08 10:38:46,287 - INFO - 미실현 손익: -3,500원 (-1.16%), 최고 수익률: 0.17%
2026-06-08 10:38:46,332 - INFO - 매도 조건 충족: 평단가(303,000), 현재가(299,500) -> 목표가(305,500원) (보수적 상향 보정)
2026-06-08 10:38:46,332 - INFO - [SELL] 주문 요청: 005930, 1주, 305500원
2026-06-08 10:38:46,492 - INFO - 주문 성공! 주문번호: 0000013399
2026-06-08 10:38:46,551 - INFO - 60초 후 다음 확인을 진행합니다. (현재 상태: SELLING)
2026-06-08 10:39:48,018 - INFO - [005930] 현재가: 299000, 고가: 311500, 저가: 292500
2026-06-08 10:39:48,018 - WARNING - ⚠️ 주문 고착 감지: 가격 이탈 (현재가:299,000, 목표가:305,500, 차이:6,500). 주문 취소를 시도합니다.
2026-06-08 10:39:48,019 - INFO - [CANCEL] 주문 취소 요청: 005930, 주문번호: 0000013399
2026-06-08 10:39:49,550 - INFO - 주문 취소 성공! (원주문: 0000013399)
2026-06-08 10:39:49,613 - INFO - 상태 전환 완료: HOLDING
2026-06-08 10:39:51,903 - INFO - 계좌 예수금: 9580209원
2026-06-08 10:39:51,903 - INFO - [005930] 보유: 1주, 매도 가능: 1주, 평단가: 303,000원
2026-06-08 10:39:51,934 - INFO - 미실현 손익: -4,000원 (-1.32%), 최고 수익률: 0.17%
2026-06-08 10:39:51,973 - INFO - 매도 조건 충족: 평단가(303,000), 현재가(299,000) -> 목표가(305,500원) (보수적 상향 보정)
2026-06-08 10:39:51,978 - INFO - [SELL] 주문 요청: 005930, 1주, 305500원
2026-06-08 10:39:52,153 - INFO - 주문 성공! 주문번호: 0000013468
2026-06-08 10:39:52,234 - INFO - 60초 후 다음 확인을 진행합니다. (현재 상태: SELLING)
2026-06-08 10:40:52,401 - INFO - [005930] 현재가: 300000, 고가: 311500, 저가: 292500
2026-06-08 10:40:52,403 - WARNING - ⚠️ 주문 고착 감지: 가격 이탈 (현재가:300,000, 목표가:305,500, 차이:5,500). 주문 취소를 시도합니다.
2026-06-08 10:40:52,404 - INFO - [CANCEL] 주문 취소 요청: 005930, 주문번호: 0000013468
2026-06-08 10:40:52,854 - ERROR - POST 요청 실패 (VTTC0013U): 500 Server Error: Internal Server Error for url: https://openapivts.koreainvestment.com:29443/uapi/domestic-stock/v1/trading/order-rvsecncl
2026-06-08 10:40:52,855 - ERROR - 상세 에러: {"rt_cd":"1","msg1":"초당 거래건수를 초과하였습니다.","msg_cd":"EGW00201","message":"EGW00201"}
2026-06-08 10:40:52,858 - ERROR - 주문 취소 실패: 응답 없음
2026-06-08 10:40:52,860 - ERROR - 주문 취소 실패. 다음 루프에서 재시도합니다.
2026-06-08 10:40:56,256 - INFO - 계좌 예수금: 9580209원
2026-06-08 10:40:56,257 - INFO - [005930] 보유: 1주, 매도 가능: 0주, 평단가: 303,000원
2026-06-08 10:40:56,292 - INFO - 미실현 손익: -3,000원 (-0.99%), 최고 수익률: 0.17%
2026-06-08 10:40:56,373 - INFO - 보유 수량(1)에 대해 매도 주문(0000013468)이 진행 중입니다.
2026-06-08 10:40:56,374 - INFO - 60초 후 다음 확인을 진행합니다. (현재 상태: SELLING)
2026-06-08 10:41:56,505 - INFO - [005930] 현재가: 301500, 고가: 311500, 저가: 292500
2026-06-08 10:41:56,507 - WARNING - ⚠️ 주문 고착 감지: 가격 이탈 (현재가:301,500, 목표가:305,500, 차이:4,000). 주문 취소를 시도합니다.
2026-06-08 10:41:56,507 - INFO - [CANCEL] 주문 취소 요청: 005930, 주문번호: 0000013468
2026-06-08 10:41:57,060 - INFO - 주문 취소 성공! (원주문: 0000013468)
2026-06-08 10:41:57,139 - INFO - 상태 전환 완료: HOLDING
2026-06-08 10:42:00,525 - INFO - 계좌 예수금: 9580209원
2026-06-08 10:42:00,526 - INFO - [005930] 보유: 1주, 매도 가능: 1주, 평단가: 303,000원
2026-06-08 10:42:00,564 - INFO - 미실현 손익: -1,500원 (-0.50%), 최고 수익률: 0.17%
2026-06-08 10:42:00,606 - INFO - 매도 조건 충족: 평단가(303,000), 현재가(301,500) -> 목표가(305,500원) (보수적 상향 보정)
2026-06-08 10:42:00,606 - INFO - [SELL] 주문 요청: 005930, 1주, 305500원
2026-06-08 10:42:00,767 - INFO - 주문 성공! 주문번호: 0000013625
2026-06-08 10:42:00,839 - INFO - 자가 최적화 기록 완료: C:\Users\witpo\OneDrive\바탕 화면\YONSEI\26-1\ECO4126 인공지능과금융공학\open-trading-api\self_optimization_history
2026-06-08 10:42:00,887 - INFO - 60초 후 다음 확인을 진행합니다. (현재 상태: SELLING)
2026-06-08 10:43:01,866 - INFO - [005930] 현재가: 302000, 고가: 311500, 저가: 292500
2026-06-08 10:43:01,867 - WARNING - ⚠️ 주문 고착 감지: 가격 이탈 (현재가:302,000, 목표가:305,500, 차이:3,500). 주문 취소를 시도합니다.
2026-06-08 10:43:01,868 - INFO - [CANCEL] 주문 취소 요청: 005930, 주문번호: 0000013625
2026-06-08 10:43:02,275 - INFO - 주문 취소 성공! (원주문: 0000013625)
2026-06-08 10:43:02,405 - INFO - 상태 전환 완료: HOLDING
2026-06-08 10:43:08,624 - INFO - 계좌 예수금: 9580209원
2026-06-08 10:43:08,624 - INFO - [005930] 보유: 1주, 매도 가능: 1주, 평단가: 303,000원
2026-06-08 10:43:08,649 - INFO - 미실현 손익: -1,000원 (-0.33%), 최고 수익률: 0.17%
2026-06-08 10:43:08,697 - INFO - 매도 조건 충족: 평단가(303,000), 현재가(302,000) -> 목표가(305,000원) (보수적 상향 보정)
2026-06-08 10:43:08,698 - INFO - [SELL] 주문 요청: 005930, 1주, 305000원
2026-06-08 10:43:09,853 - INFO - 주문 성공! 주문번호: 0000013722
2026-06-08 10:43:09,905 - INFO - 60초 후 다음 확인을 진행합니다. (현재 상태: SELLING)
2026-06-08 10:44:12,833 - INFO - [005930] 현재가: 302500, 고가: 311500, 저가: 292500
2026-06-08 10:44:12,834 - WARNING - ⚠️ 주문 고착 감지: 가격 이탈 (현재가:302,500, 목표가:305,000, 차이:2,500). 주문 취소를 시도합니다.
2026-06-08 10:44:12,834 - INFO - [CANCEL] 주문 취소 요청: 005930, 주문번호: 0000013722
2026-06-08 10:44:14,573 - INFO - 주문 취소 성공! (원주문: 0000013722)
2026-06-08 10:44:14,626 - INFO - 상태 전환 완료: HOLDING
2026-06-08 10:44:18,978 - INFO - 계좌 예수금: 9580209원
2026-06-08 10:44:18,978 - INFO - [005930] 보유: 1주, 매도 가능: 1주, 평단가: 303,000원
2026-06-08 10:44:19,011 - INFO - 미실현 손익: -500원 (-0.17%), 최고 수익률: 0.17%
2026-06-08 10:44:19,055 - INFO - 매도 조건 충족: 평단가(303,000), 현재가(302,500) -> 목표가(305,000원) (보수적 상향 보정)
2026-06-08 10:44:19,056 - INFO - [SELL] 주문 요청: 005930, 1주, 305000원
2026-06-08 10:44:21,536 - INFO - 주문 성공! 주문번호: 0000013822
2026-06-08 10:44:21,590 - INFO - 60초 후 다음 확인을 진행합니다. (현재 상태: SELLING)
2026-06-08 10:45:28,745 - INFO - [005930] 현재가: 304000, 고가: 311500, 저가: 292500
2026-06-08 10:45:39,871 - ERROR - GET 요청 실패 (VTTC8434R): HTTPSConnectionPool(host='openapivts.koreainvestment.com', port=29443): Read timed out. (read timeout=10)
2026-06-08 10:45:39,873 - ERROR - 잔고 조회 실패
2026-06-08 10:45:45,556 - INFO - 매도 주문 완료 확인: 상태를 IDLE로 전환합니다.
2026-06-08 10:45:45,715 - WARNING - 예수금 부족으로 매수 불가 (예수금: 0원, 필요: 302500원)
2026-06-08 10:45:45,716 - INFO - 60초 후 다음 확인을 진행합니다. (현재 상태: IDLE)
2026-06-08 10:46:47,057 - INFO - [005930] 현재가: 303000, 고가: 311500, 저가: 292500
2026-06-08 10:46:49,821 - INFO - 계좌 예수금: 9580209원
2026-06-08 10:46:50,642 - INFO - 매수 조건 충족: 현재가(303000) - 오프셋(1500+0) = 301500원 (보수적 하향 보정)
2026-06-08 10:46:50,642 - INFO - [BUY] 주문 요청: 005930, 1주, 301500원
2026-06-08 10:46:51,458 - INFO - 주문 성공! 주문번호: 0000013994
2026-06-08 10:46:51,527 - INFO - 60초 후 다음 확인을 진행합니다. (현재 상태: BUYING)
2026-06-08 10:47:51,810 - INFO - [005930] 현재가: 303000, 고가: 311500, 저가: 292500
2026-06-08 10:47:56,696 - INFO - 계좌 예수금: 9580209원
2026-06-08 10:47:57,007 - INFO - 이미 매수 주문(0000013994)이 진행 중입니다. 체결을 기다립니다.
2026-06-08 10:47:57,010 - INFO - 60초 후 다음 확인을 진행합니다. (현재 상태: BUYING)
2026-06-08 10:48:57,584 - INFO - [005930] 현재가: 304000, 고가: 311500, 저가: 292500
2026-06-08 10:48:57,585 - WARNING - ⚠️ 주문 고착 감지: 가격 이탈 (현재가:304,000, 목표가:301,500, 차이:2,500). 주문 취소를 시도합니다.
2026-06-08 10:48:57,586 - INFO - [CANCEL] 주문 취소 요청: 005930, 주문번호: 0000013994
2026-06-08 10:48:58,448 - INFO - 주문 취소 성공! (원주문: 0000013994)
2026-06-08 10:48:58,544 - INFO - 상태 전환 완료: IDLE
2026-06-08 10:49:02,032 - INFO - 계좌 예수금: 9580209원
2026-06-08 10:49:02,304 - INFO - 매수 조건 충족: 현재가(304000) - 오프셋(1500+0) = 302500원 (보수적 하향 보정)
2026-06-08 10:49:02,305 - INFO - [BUY] 주문 요청: 005930, 1주, 302500원
2026-06-08 10:49:04,693 - INFO - 주문 성공! 주문번호: 0000014125
2026-06-08 10:49:04,810 - INFO - 60초 후 다음 확인을 진행합니다. (현재 상태: BUYING)
2026-06-08 10:50:08,597 - INFO - [005930] 현재가: 302000, 고가: 311500, 저가: 292500
2026-06-08 10:50:17,608 - INFO - 계좌 예수금: 9580209원
2026-06-08 10:50:17,609 - INFO - [005930] 보유: 1주, 매도 가능: 1주, 평단가: 302,500원
2026-06-08 10:50:17,651 - INFO - 미실현 손익: -500원 (-0.17%), 최고 수익률: 0.00%
2026-06-08 10:50:17,755 - INFO - 매수 체결 확인 (평단가: 302,500원). 히스토리에 기록합니다.
2026-06-08 10:50:17,853 - INFO - 매도 조건 충족: 평단가(302,500), 현재가(302,000) -> 목표가(304,500원) (보수적 상향 보정)
2026-06-08 10:50:17,854 - INFO - [SELL] 주문 요청: 005930, 1주, 304500원
2026-06-08 10:50:21,399 - INFO - 주문 성공! 주문번호: 0000014192
2026-06-08 10:50:21,509 - INFO - 60초 후 다음 확인을 진행합니다. (현재 상태: SELLING)
2026-06-08 10:51:21,729 - INFO - [005930] 현재가: 303750, 고가: 311500, 저가: 292500
2026-06-08 10:51:28,675 - INFO - 계좌 예수금: 9580209원
2026-06-08 10:51:28,677 - INFO - [005930] 보유: 1주, 매도 가능: 0주, 평단가: 302,500원
2026-06-08 10:51:28,722 - INFO - 미실현 손익: 1,250원 (0.41%), 최고 수익률: 0.41%
2026-06-08 10:51:28,827 - INFO - 보유 수량(1)에 대해 매도 주문(0000014192)이 진행 중입니다.
2026-06-08 10:51:28,828 - INFO - 60초 후 다음 확인을 진행합니다. (현재 상태: SELLING)
2026-06-08 10:52:28,948 - INFO - [005930] 현재가: 305000, 고가: 311500, 저가: 292500
2026-06-08 10:52:34,519 - INFO - 계좌 예수금: 9580209원
2026-06-08 10:52:34,699 - INFO - 매도 주문 완료 확인: 상태를 IDLE로 전환합니다.
2026-06-08 10:52:34,768 - INFO - 매수 조건 충족: 현재가(305000) - 오프셋(1500+0) = 303500원 (보수적 하향 보정)
2026-06-08 10:52:34,769 - INFO - [BUY] 주문 요청: 005930, 1주, 303500원
2026-06-08 10:52:35,194 - INFO - 주문 성공! 주문번호: 0000014340
2026-06-08 10:52:35,251 - INFO - 60초 후 다음 확인을 진행합니다. (현재 상태: BUYING)
2026-06-08 10:53:35,758 - INFO - [005930] 현재가: 304500, 고가: 311500, 저가: 292500
2026-06-08 10:53:41,000 - INFO - 계좌 예수금: 9580209원
2026-06-08 10:53:42,722 - INFO - 이미 매수 주문(0000014340)이 진행 중입니다. 체결을 기다립니다.
2026-06-08 10:53:42,722 - INFO - 60초 후 다음 확인을 진행합니다. (현재 상태: BUYING)
2026-06-08 10:54:42,843 - INFO - [005930] 현재가: 305500, 고가: 311500, 저가: 292500
2026-06-08 10:54:46,213 - INFO - 계좌 예수금: 9580209원
2026-06-08 10:54:46,388 - INFO - 이미 매수 주문(0000014340)이 진행 중입니다. 체결을 기다립니다.
2026-06-08 10:54:46,389 - INFO - 60초 후 다음 확인을 진행합니다. (현재 상태: BUYING)
2026-06-08 10:55:46,509 - INFO - [005930] 현재가: 306000, 고가: 311500, 저가: 292500
2026-06-08 10:55:46,510 - WARNING - ⚠️ 주문 고착 감지: 가격 이탈 (현재가:306,000, 목표가:303,500, 차이:2,500). 주문 취소를 시도합니다.
2026-06-08 10:55:46,510 - INFO - [CANCEL] 주문 취소 요청: 005930, 주문번호: 0000014340
2026-06-08 10:55:48,681 - INFO - 주문 취소 성공! (원주문: 0000014340)
2026-06-08 10:55:48,743 - INFO - 상태 전환 완료: IDLE
2026-06-08 10:55:55,337 - INFO - 계좌 예수금: 9580209원
2026-06-08 10:55:55,493 - INFO - 매수 조건 충족: 현재가(306000) - 오프셋(1500+0) = 304500원 (보수적 하향 보정)
2026-06-08 10:55:55,493 - INFO - [BUY] 주문 요청: 005930, 1주, 304500원
2026-06-08 10:55:57,589 - INFO - 주문 성공! 주문번호: 0000014535
2026-06-08 10:55:57,636 - INFO - 60초 후 다음 확인을 진행합니다. (현재 상태: BUYING)
2026-06-08 10:56:58,979 - INFO - [005930] 현재가: 307250, 고가: 311500, 저가: 292500
2026-06-08 10:56:58,980 - WARNING - ⚠️ 주문 고착 감지: 가격 이탈 (현재가:307,250, 목표가:304,500, 차이:2,750). 주문 취소를 시도합니다.
2026-06-08 10:56:58,980 - INFO - [CANCEL] 주문 취소 요청: 005930, 주문번호: 0000014535
2026-06-08 10:56:59,173 - INFO - 주문 취소 성공! (원주문: 0000014535)
2026-06-08 10:56:59,224 - INFO - 상태 전환 완료: IDLE
2026-06-08 10:57:01,440 - INFO - 계좌 예수금: 9580209원
2026-06-08 10:57:04,372 - INFO - 매수 조건 충족: 현재가(307250) - 오프셋(1500+0) = 305500원 (보수적 하향 보정)
2026-06-08 10:57:04,373 - INFO - [BUY] 주문 요청: 005930, 1주, 305500원
2026-06-08 10:57:07,753 - INFO - 주문 성공! 주문번호: 0000014624
2026-06-08 10:57:07,812 - INFO - 60초 후 다음 확인을 진행합니다. (현재 상태: BUYING)
2026-06-08 10:58:07,927 - INFO - [005930] 현재가: 306500, 고가: 311500, 저가: 292500
2026-06-08 10:58:11,569 - INFO - 계좌 예수금: 9580209원
2026-06-08 10:58:11,746 - INFO - 이미 매수 주문(0000014624)이 진행 중입니다. 체결을 기다립니다.
2026-06-08 10:58:11,747 - INFO - 60초 후 다음 확인을 진행합니다. (현재 상태: BUYING)
2026-06-08 10:59:13,011 - INFO - [005930] 현재가: 306250, 고가: 311500, 저가: 292500
2026-06-08 10:59:16,991 - INFO - 계좌 예수금: 9580209원
2026-06-08 10:59:16,991 - INFO - [005930] 보유: 1주, 매도 가능: 1주, 평단가: 305,500원
2026-06-08 10:59:17,012 - INFO - 미실현 손익: 750원 (0.25%), 최고 수익률: 0.25%
2026-06-08 10:59:17,041 - INFO - 매수 체결 확인 (평단가: 305,500원). 히스토리에 기록합니다.
2026-06-08 10:59:17,088 - INFO - 매도 조건 충족: 평단가(305,500), 현재가(306,250) -> 목표가(308,000원) (보수적 상향 보정)
2026-06-08 10:59:17,089 - INFO - [SELL] 주문 요청: 005930, 1주, 308000원
2026-06-08 10:59:18,119 - INFO - 주문 성공! 주문번호: 0000014782
2026-06-08 10:59:18,175 - INFO - 60초 후 다음 확인을 진행합니다. (현재 상태: SELLING)
2026-06-08 11:00:19,096 - INFO - [005930] 현재가: 307500, 고가: 311500, 저가: 292500
2026-06-08 11:00:24,580 - INFO - 계좌 예수금: 9580209원
2026-06-08 11:00:24,855 - INFO - 매도 주문 완료 확인: 상태를 IDLE로 전환합니다.
2026-06-08 11:00:24,920 - INFO - 매수 조건 충족: 현재가(307500) - 오프셋(1500+0) = 306000원 (보수적 하향 보정)
2026-06-08 11:00:24,921 - INFO - [BUY] 주문 요청: 005930, 1주, 306000원
2026-06-08 11:00:29,498 - INFO - 주문 성공! 주문번호: 0000014858
2026-06-08 11:00:29,543 - INFO - 60초 후 다음 확인을 진행합니다. (현재 상태: BUYING)
2026-06-08 11:01:33,907 - INFO - [005930] 현재가: 307000, 고가: 311500, 저가: 292500
2026-06-08 11:01:42,715 - INFO - 계좌 예수금: 9580209원
2026-06-08 11:01:42,978 - INFO - 이미 매수 주문(0000014858)이 진행 중입니다. 체결을 기다립니다.
2026-06-08 11:01:42,979 - INFO - 60초 후 다음 확인을 진행합니다. (현재 상태: BUYING)
2026-06-08 11:02:43,103 - INFO - [005930] 현재가: 307000, 고가: 311500, 저가: 292500
2026-06-08 11:02:46,618 - INFO - 계좌 예수금: 9580209원
2026-06-08 11:02:46,679 - INFO - 자가 최적화 기록 완료: C:\Users\witpo\OneDrive\바탕 화면\YONSEI\26-1\ECO4126 인공지능과금융공학\open-trading-api\self_optimization_history
2026-06-08 11:02:46,781 - INFO - 이미 매수 주문(0000014858)이 진행 중입니다. 체결을 기다립니다.
2026-06-08 11:02:46,782 - INFO - 60초 후 다음 확인을 진행합니다. (현재 상태: BUYING)
2026-06-08 11:03:47,551 - INFO - [005930] 현재가: 309000, 고가: 311500, 저가: 292500
2026-06-08 11:03:47,552 - WARNING - ⚠️ 주문 고착 감지: 가격 이탈 (현재가:309,000, 목표가:306,000, 차이:3,000). 주문 취소를 시도합니다.
2026-06-08 11:03:47,552 - INFO - [CANCEL] 주문 취소 요청: 005930, 주문번호: 0000014858
2026-06-08 11:03:48,572 - INFO - 주문 취소 성공! (원주문: 0000014858)
2026-06-08 11:03:48,642 - INFO - 상태 전환 완료: IDLE
2026-06-08 11:03:53,799 - INFO - 계좌 예수금: 9580209원
2026-06-08 11:03:54,411 - INFO - 매수 조건 충족: 현재가(309000) - 오프셋(2250+0) = 306500원 (보수적 하향 보정)
2026-06-08 11:03:54,411 - INFO - [BUY] 주문 요청: 005930, 1주, 306500원
2026-06-08 11:03:55,127 - INFO - 주문 성공! 주문번호: 0000015155
2026-06-08 11:03:55,193 - INFO - 60초 후 다음 확인을 진행합니다. (현재 상태: BUYING)
2026-06-08 11:04:55,296 - INFO - [005930] 현재가: 309500, 고가: 311500, 저가: 292500
2026-06-08 11:04:55,296 - WARNING - ⚠️ 주문 고착 감지: 가격 이탈 (현재가:309,500, 목표가:306,500, 차이:3,000). 주문 취소를 시도합니다.
2026-06-08 11:04:55,297 - INFO - [CANCEL] 주문 취소 요청: 005930, 주문번호: 0000015155
2026-06-08 11:04:55,775 - ERROR - POST 요청 실패 (VTTC0013U): 500 Server Error: Internal Server Error for url: https://openapivts.koreainvestment.com:29443/uapi/domestic-stock/v1/trading/order-rvsecncl
2026-06-08 11:04:55,775 - ERROR - 상세 에러: {"rt_cd":"1","msg1":"초당 거래건수를 초과하였습니다.","msg_cd":"EGW00201","message":"EGW00201"}
2026-06-08 11:04:55,777 - ERROR - 주문 취소 실패: 응답 없음
2026-06-08 11:04:55,777 - ERROR - 주문 취소 실패. 다음 루프에서 재시도합니다.
2026-06-08 11:05:01,296 - INFO - 계좌 예수금: 9580209원
2026-06-08 11:05:04,225 - INFO - 이미 매수 주문(0000015155)이 진행 중입니다. 체결을 기다립니다.
2026-06-08 11:05:04,225 - INFO - 60초 후 다음 확인을 진행합니다. (현재 상태: BUYING)
2026-06-08 11:06:05,749 - INFO - [005930] 현재가: 308500, 고가: 311500, 저가: 292500
2026-06-08 11:06:11,560 - INFO - 계좌 예수금: 9580209원
2026-06-08 11:06:13,167 - INFO - 이미 매수 주문(0000015155)이 진행 중입니다. 체결을 기다립니다.
2026-06-08 11:06:13,167 - INFO - 60초 후 다음 확인을 진행합니다. (현재 상태: BUYING)
2026-06-08 11:07:14,636 - INFO - [005930] 현재가: 308000, 고가: 311500, 저가: 292500
2026-06-08 11:07:19,483 - INFO - 계좌 예수금: 9580209원
2026-06-08 11:07:19,597 - INFO - 이미 매수 주문(0000015155)이 진행 중입니다. 체결을 기다립니다.
2026-06-08 11:07:19,597 - INFO - 60초 후 다음 확인을 진행합니다. (현재 상태: BUYING)
2026-06-08 11:08:20,806 - INFO - [005930] 현재가: 309000, 고가: 311500, 저가: 292500
2026-06-08 11:08:20,807 - WARNING - ⚠️ 주문 고착 감지: 가격 이탈 (현재가:309,000, 목표가:306,500, 차이:2,500). 주문 취소를 시도합니다.
2026-06-08 11:08:20,807 - INFO - [CANCEL] 주문 취소 요청: 005930, 주문번호: 0000015155
2026-06-08 11:08:21,883 - INFO - 주문 취소 성공! (원주문: 0000015155)
2026-06-08 11:08:21,911 - INFO - 상태 전환 완료: IDLE
2026-06-08 11:08:24,511 - INFO - 계좌 예수금: 9580209원
2026-06-08 11:08:25,886 - INFO - 매수 조건 충족: 현재가(309000) - 오프셋(2250+0) = 306500원 (보수적 하향 보정)
2026-06-08 11:08:25,886 - INFO - [BUY] 주문 요청: 005930, 1주, 306500원
2026-06-08 11:08:26,751 - INFO - 주문 성공! 주문번호: 0000015470
2026-06-08 11:08:26,775 - INFO - 60초 후 다음 확인을 진행합니다. (현재 상태: BUYING)
2026-06-08 11:09:27,064 - INFO - [005930] 현재가: 308500, 고가: 311500, 저가: 292500
2026-06-08 11:09:32,644 - INFO - 계좌 예수금: 9580209원
2026-06-08 11:09:32,872 - INFO - 이미 매수 주문(0000015470)이 진행 중입니다. 체결을 기다립니다.
2026-06-08 11:09:32,873 - INFO - 60초 후 다음 확인을 진행합니다. (현재 상태: BUYING)
2026-06-08 11:10:36,217 - INFO - [005930] 현재가: 307000, 고가: 311500, 저가: 292500
2026-06-08 11:10:44,651 - INFO - 계좌 예수금: 9580209원
2026-06-08 11:10:44,651 - INFO - [005930] 보유: 1주, 매도 가능: 1주, 평단가: 306,500원
2026-06-08 11:10:44,665 - INFO - 미실현 손익: 500원 (0.16%), 최고 수익률: 0.16%
2026-06-08 11:10:44,681 - INFO - 매수 체결 확인 (평단가: 306,500원). 히스토리에 기록합니다.
2026-06-08 11:10:44,703 - INFO - 매도 조건 충족: 평단가(306,500), 현재가(307,000) -> 목표가(309,500원) (보수적 상향 보정)
2026-06-08 11:10:44,704 - INFO - [SELL] 주문 요청: 005930, 1주, 309500원
2026-06-08 11:10:47,415 - INFO - 주문 성공! 주문번호: 0000015618
2026-06-08 11:10:47,441 - INFO - 60초 후 다음 확인을 진행합니다. (현재 상태: SELLING)
2026-06-08 11:11:47,531 - INFO - [005930] 현재가: 308000, 고가: 311500, 저가: 292500
2026-06-08 11:11:48,733 - INFO - 계좌 예수금: 9580209원
2026-06-08 11:11:48,733 - INFO - [005930] 보유: 1주, 매도 가능: 0주, 평단가: 306,500원
2026-06-08 11:11:48,744 - INFO - 미실현 손익: 1,500원 (0.49%), 최고 수익률: 0.49%
2026-06-08 11:11:48,760 - INFO - 보유 수량(1)에 대해 매도 주문(0000015618)이 진행 중입니다.
2026-06-08 11:11:48,760 - INFO - 60초 후 다음 확인을 진행합니다. (현재 상태: SELLING)
2026-06-08 11:12:48,880 - INFO - [005930] 현재가: 309000, 고가: 311500, 저가: 292500
2026-06-08 11:12:54,950 - INFO - 계좌 예수금: 9580209원
2026-06-08 11:12:55,078 - INFO - 매도 주문 완료 확인: 상태를 IDLE로 전환합니다.
2026-06-08 11:12:55,109 - INFO - 매수 조건 충족: 현재가(309000) - 오프셋(2250+0) = 306500원 (보수적 하향 보정)
2026-06-08 11:12:55,110 - INFO - [BUY] 주문 요청: 005930, 1주, 306500원
2026-06-08 11:12:56,470 - INFO - 주문 성공! 주문번호: 0000015734
2026-06-08 11:12:56,493 - INFO - 60초 후 다음 확인을 진행합니다. (현재 상태: BUYING)
2026-06-08 11:13:56,600 - INFO - [005930] 현재가: 309500, 고가: 311500, 저가: 292500
2026-06-08 11:13:56,600 - WARNING - ⚠️ 주문 고착 감지: 가격 이탈 (현재가:309,500, 목표가:306,500, 차이:3,000). 주문 취소를 시도합니다.
2026-06-08 11:13:56,601 - INFO - [CANCEL] 주문 취소 요청: 005930, 주문번호: 0000015734
2026-06-08 11:13:57,117 - INFO - 주문 취소 성공! (원주문: 0000015734)
2026-06-08 11:13:57,142 - INFO - 상태 전환 완료: IDLE
2026-06-08 11:14:01,463 - INFO - 계좌 예수금: 9580209원
2026-06-08 11:14:01,580 - INFO - 매수 조건 충족: 현재가(309500) - 오프셋(2250+0) = 307000원 (보수적 하향 보정)
2026-06-08 11:14:01,581 - INFO - [BUY] 주문 요청: 005930, 1주, 307000원
2026-06-08 11:14:02,811 - INFO - 주문 성공! 주문번호: 0000015808
2026-06-08 11:14:02,835 - INFO - 60초 후 다음 확인을 진행합니다. (현재 상태: BUYING)
2026-06-08 11:15:04,670 - INFO - [005930] 현재가: 310000, 고가: 311500, 저가: 292500
2026-06-08 11:15:04,670 - WARNING - ⚠️ 주문 고착 감지: 가격 이탈 (현재가:310,000, 목표가:307,000, 차이:3,000). 주문 취소를 시도합니다.
2026-06-08 11:15:04,671 - INFO - [CANCEL] 주문 취소 요청: 005930, 주문번호: 0000015808
2026-06-08 11:15:06,750 - INFO - 주문 취소 성공! (원주문: 0000015808)
2026-06-08 11:15:06,777 - INFO - 상태 전환 완료: IDLE
2026-06-08 11:15:12,921 - INFO - 계좌 예수금: 9580209원
2026-06-08 11:15:13,273 - INFO - 매수 조건 충족: 현재가(310000) - 오프셋(2250+0) = 307500원 (보수적 하향 보정)
2026-06-08 11:15:13,274 - INFO - [BUY] 주문 요청: 005930, 1주, 307500원
2026-06-08 11:15:15,174 - INFO - 주문 성공! 주문번호: 0000015875
2026-06-08 11:15:15,199 - INFO - 60초 후 다음 확인을 진행합니다. (현재 상태: BUYING)
2026-06-08 11:16:17,572 - INFO - [005930] 현재가: 309500, 고가: 311500, 저가: 292500
2026-06-08 11:16:21,437 - INFO - 계좌 예수금: 9580209원
2026-06-08 11:16:22,729 - INFO - 이미 매수 주문(0000015875)이 진행 중입니다. 체결을 기다립니다.
2026-06-08 11:16:22,729 - INFO - 60초 후 다음 확인을 진행합니다. (현재 상태: BUYING)
2026-06-08 11:17:23,537 - INFO - [005930] 현재가: 308500, 고가: 311500, 저가: 292500
2026-06-08 11:17:28,918 - INFO - 계좌 예수금: 9580209원
2026-06-08 11:17:29,006 - INFO - 이미 매수 주문(0000015875)이 진행 중입니다. 체결을 기다립니다.
2026-06-08 11:17:29,006 - INFO - 60초 후 다음 확인을 진행합니다. (현재 상태: BUYING)
2026-06-08 11:18:29,964 - INFO - [005930] 현재가: 306500, 고가: 311500, 저가: 292500
2026-06-08 11:18:35,685 - INFO - 계좌 예수금: 9580209원
2026-06-08 11:18:35,685 - INFO - [005930] 보유: 1주, 매도 가능: 1주, 평단가: 307,500원
2026-06-08 11:18:35,693 - INFO - 미실현 손익: -1,000원 (-0.33%), 최고 수익률: 0.00%
2026-06-08 11:18:35,710 - INFO - 매수 체결 확인 (평단가: 307,500원). 히스토리에 기록합니다.
2026-06-08 11:18:35,730 - INFO - 매도 조건 충족: 평단가(307,500), 현재가(306,500) -> 목표가(310,000원) (보수적 상향 보정)
2026-06-08 11:18:35,731 - INFO - [SELL] 주문 요청: 005930, 1주, 310000원
2026-06-08 11:18:35,967 - INFO - 주문 성공! 주문번호: 0000016093
2026-06-08 11:18:35,989 - INFO - 60초 후 다음 확인을 진행합니다. (현재 상태: SELLING)
2026-06-08 11:19:36,369 - INFO - [005930] 현재가: 307500, 고가: 311500, 저가: 292500
2026-06-08 11:19:36,369 - WARNING - ⚠️ 주문 고착 감지: 가격 이탈 (현재가:307,500, 목표가:310,000, 차이:2,500). 주문 취소를 시도합니다.
2026-06-08 11:19:36,369 - INFO - [CANCEL] 주문 취소 요청: 005930, 주문번호: 0000016093
2026-06-08 11:19:36,826 - ERROR - POST 요청 실패 (VTTC0013U): 500 Server Error: Internal Server Error for url: https://openapivts.koreainvestment.com:29443/uapi/domestic-stock/v1/trading/order-rvsecncl
2026-06-08 11:19:36,826 - ERROR - 상세 에러: {"rt_cd":"1","msg1":"초당 거래건수를 초과하였습니다.","msg_cd":"EGW00201","message":"EGW00201"}
2026-06-08 11:19:36,828 - ERROR - 주문 취소 실패: 응답 없음
2026-06-08 11:19:36,828 - ERROR - 주문 취소 실패. 다음 루프에서 재시도합니다.
2026-06-08 11:19:43,292 - INFO - 계좌 예수금: 9580209원
2026-06-08 11:19:43,292 - INFO - [005930] 보유: 1주, 매도 가능: 0주, 평단가: 307,500원
2026-06-08 11:19:43,303 - INFO - 미실현 손익: 0원 (0.00%), 최고 수익률: 0.00%
2026-06-08 11:19:43,316 - INFO - 보유 수량(1)에 대해 매도 주문(0000016093)이 진행 중입니다.
2026-06-08 11:19:43,317 - INFO - 60초 후 다음 확인을 진행합니다. (현재 상태: SELLING)
2026-06-08 11:20:43,473 - INFO - [005930] 현재가: 306250, 고가: 311500, 저가: 292500
2026-06-08 11:20:43,474 - WARNING - ⚠️ 주문 고착 감지: 가격 이탈 (현재가:306,250, 목표가:310,000, 차이:3,750). 주문 취소를 시도합니다.
2026-06-08 11:20:43,474 - INFO - [CANCEL] 주문 취소 요청: 005930, 주문번호: 0000016093
2026-06-08 11:20:43,937 - ERROR - POST 요청 실패 (VTTC0013U): 500 Server Error: Internal Server Error for url: https://openapivts.koreainvestment.com:29443/uapi/domestic-stock/v1/trading/order-rvsecncl
2026-06-08 11:20:43,938 - ERROR - 상세 에러: {"rt_cd":"1","msg1":"초당 거래건수를 초과하였습니다.","msg_cd":"EGW00201","message":"EGW00201"}
2026-06-08 11:20:43,940 - ERROR - 주문 취소 실패: 응답 없음
2026-06-08 11:20:43,940 - ERROR - 주문 취소 실패. 다음 루프에서 재시도합니다.
2026-06-08 11:20:47,743 - INFO - 계좌 예수금: 9580209원
2026-06-08 11:20:47,743 - INFO - [005930] 보유: 1주, 매도 가능: 0주, 평단가: 307,500원
2026-06-08 11:20:47,757 - INFO - 미실현 손익: -1,250원 (-0.41%), 최고 수익률: 0.00%
2026-06-08 11:20:47,773 - INFO - 보유 수량(1)에 대해 매도 주문(0000016093)이 진행 중입니다.
2026-06-08 11:20:47,773 - INFO - 60초 후 다음 확인을 진행합니다. (현재 상태: SELLING)
2026-06-08 11:21:47,858 - INFO - [005930] 현재가: 308500, 고가: 311500, 저가: 292500
2026-06-08 11:21:52,779 - INFO - 계좌 예수금: 9580209원
2026-06-08 11:21:52,779 - INFO - [005930] 보유: 1주, 매도 가능: 0주, 평단가: 307,500원
2026-06-08 11:21:52,791 - INFO - 미실현 손익: 1,000원 (0.33%), 최고 수익률: 0.33%
2026-06-08 11:21:52,806 - INFO - 보유 수량(1)에 대해 매도 주문(0000016093)이 진행 중입니다.
2026-06-08 11:21:52,806 - INFO - 60초 후 다음 확인을 진행합니다. (현재 상태: SELLING)
2026-06-08 11:22:53,033 - INFO - [005930] 현재가: 308500, 고가: 311500, 저가: 292500
2026-06-08 11:22:58,068 - INFO - 계좌 예수금: 9580209원
2026-06-08 11:22:58,069 - INFO - [005930] 보유: 1주, 매도 가능: 0주, 평단가: 307,500원
2026-06-08 11:22:58,079 - INFO - 미실현 손익: 1,000원 (0.33%), 최고 수익률: 0.33%
2026-06-08 11:22:58,093 - INFO - 보유 수량(1)에 대해 매도 주문(0000016093)이 진행 중입니다.
2026-06-08 11:22:58,094 - INFO - 60초 후 다음 확인을 진행합니다. (현재 상태: SELLING)
2026-06-08 11:23:58,282 - INFO - [005930] 현재가: 309500, 고가: 311500, 저가: 292500
2026-06-08 11:24:03,912 - INFO - 계좌 예수금: 9580209원
2026-06-08 11:24:05,964 - INFO - 매도 주문 완료 확인: 상태를 IDLE로 전환합니다.
2026-06-08 11:24:05,997 - INFO - 매수 조건 충족: 현재가(309500) - 오프셋(2250+0) = 307000원 (보수적 하향 보정)
2026-06-08 11:24:05,997 - INFO - [BUY] 주문 요청: 005930, 1주, 307000원
2026-06-08 11:24:06,147 - INFO - 주문 성공! 주문번호: 0000016417
2026-06-08 11:24:06,171 - INFO - 60초 후 다음 확인을 진행합니다. (현재 상태: BUYING)
2026-06-08 11:25:06,293 - INFO - [005930] 현재가: 310500, 고가: 311500, 저가: 292500
2026-06-08 11:25:06,293 - WARNING - ⚠️ 주문 고착 감지: 가격 이탈 (현재가:310,500, 목표가:307,000, 차이:3,500). 주문 취소를 시도합니다.
2026-06-08 11:25:06,293 - INFO - [CANCEL] 주문 취소 요청: 005930, 주문번호: 0000016417
2026-06-08 11:25:06,956 - ERROR - POST 요청 실패 (VTTC0013U): 500 Server Error: Internal Server Error for url: https://openapivts.koreainvestment.com:29443/uapi/domestic-stock/v1/trading/order-rvsecncl
2026-06-08 11:25:06,956 - ERROR - 상세 에러: {"rt_cd":"1","msg1":"초당 거래건수를 초과하였습니다.","msg_cd":"EGW00201","message":"EGW00201"}
2026-06-08 11:25:06,958 - ERROR - 주문 취소 실패: 응답 없음
2026-06-08 11:25:06,959 - ERROR - 주문 취소 실패. 다음 루프에서 재시도합니다.
2026-06-08 11:25:11,162 - INFO - 계좌 예수금: 9580209원
2026-06-08 11:25:11,259 - INFO - 이미 매수 주문(0000016417)이 진행 중입니다. 체결을 기다립니다.
2026-06-08 11:25:11,260 - INFO - 60초 후 다음 확인을 진행합니다. (현재 상태: BUYING)
2026-06-08 11:26:11,379 - INFO - [005930] 현재가: 310500, 고가: 311500, 저가: 292500
2026-06-08 11:26:11,379 - WARNING - ⚠️ 주문 고착 감지: 가격 이탈 (현재가:310,500, 목표가:307,000, 차이:3,500). 주문 취소를 시도합니다.
2026-06-08 11:26:11,380 - INFO - [CANCEL] 주문 취소 요청: 005930, 주문번호: 0000016417
2026-06-08 11:26:14,526 - INFO - 주문 취소 성공! (원주문: 0000016417)
2026-06-08 11:26:14,552 - INFO - 상태 전환 완료: IDLE
2026-06-08 11:26:20,952 - INFO - 계좌 예수금: 9580209원
2026-06-08 11:26:22,852 - INFO - 매수 조건 충족: 현재가(310500) - 오프셋(2250+0) = 308000원 (보수적 하향 보정)
2026-06-08 11:26:22,853 - INFO - [BUY] 주문 요청: 005930, 1주, 308000원
2026-06-08 11:26:23,002 - INFO - 주문 성공! 주문번호: 0000016572
2026-06-08 11:26:23,026 - INFO - 60초 후 다음 확인을 진행합니다. (현재 상태: BUYING)
2026-06-08 11:27:23,421 - INFO - [005930] 현재가: 311000, 고가: 311500, 저가: 292500
2026-06-08 11:27:23,421 - WARNING - ⚠️ 주문 고착 감지: 가격 이탈 (현재가:311,000, 목표가:308,000, 차이:3,000). 주문 취소를 시도합니다.
2026-06-08 11:27:23,421 - INFO - [CANCEL] 주문 취소 요청: 005930, 주문번호: 0000016572
2026-06-08 11:27:23,861 - ERROR - POST 요청 실패 (VTTC0013U): 500 Server Error: Internal Server Error for url: https://openapivts.koreainvestment.com:29443/uapi/domestic-stock/v1/trading/order-rvsecncl
2026-06-08 11:27:23,861 - ERROR - 상세 에러: {"rt_cd":"1","msg1":"초당 거래건수를 초과하였습니다.","msg_cd":"EGW00201","message":"EGW00201"}
2026-06-08 11:27:23,864 - ERROR - 주문 취소 실패: 응답 없음
2026-06-08 11:27:23,864 - ERROR - 주문 취소 실패. 다음 루프에서 재시도합니다.
2026-06-08 11:27:29,229 - INFO - 계좌 예수금: 9580209원
2026-06-08 11:27:29,344 - INFO - 이미 매수 주문(0000016572)이 진행 중입니다. 체결을 기다립니다.
2026-06-08 11:27:29,345 - INFO - 60초 후 다음 확인을 진행합니다. (현재 상태: BUYING)
2026-06-08 11:28:29,511 - INFO - [005930] 현재가: 311500, 고가: 311500, 저가: 292500
2026-06-08 11:28:29,512 - WARNING - ⚠️ 주문 고착 감지: 가격 이탈 (현재가:311,500, 목표가:308,000, 차이:3,500). 주문 취소를 시도합니다.
2026-06-08 11:28:29,512 - INFO - [CANCEL] 주문 취소 요청: 005930, 주문번호: 0000016572
2026-06-08 11:28:30,252 - INFO - 주문 취소 성공! (원주문: 0000016572)
2026-06-08 11:28:30,280 - INFO - 상태 전환 완료: IDLE
2026-06-08 11:28:35,926 - INFO - 계좌 예수금: 9580209원
2026-06-08 11:28:36,039 - INFO - 매수 조건 충족: 현재가(311500) - 오프셋(2250+0) = 309000원 (보수적 하향 보정)
2026-06-08 11:28:36,040 - INFO - [BUY] 주문 요청: 005930, 1주, 309000원
2026-06-08 11:28:36,992 - INFO - 주문 성공! 주문번호: 0000016709
2026-06-08 11:28:37,016 - INFO - 60초 후 다음 확인을 진행합니다. (현재 상태: BUYING)
2026-06-08 11:29:37,130 - INFO - [005930] 현재가: 312000, 고가: 312250, 저가: 292500
2026-06-08 11:29:37,130 - WARNING - ⚠️ 주문 고착 감지: 가격 이탈 (현재가:312,000, 목표가:309,000, 차이:3,000). 주문 취소를 시도합니다.
2026-06-08 11:29:37,131 - INFO - [CANCEL] 주문 취소 요청: 005930, 주문번호: 0000016709
2026-06-08 11:29:37,590 - ERROR - POST 요청 실패 (VTTC0013U): 500 Server Error: Internal Server Error for url: https://openapivts.koreainvestment.com:29443/uapi/domestic-stock/v1/trading/order-rvsecncl
2026-06-08 11:29:37,591 - ERROR - 상세 에러: {"rt_cd":"1","msg1":"초당 거래건수를 초과하였습니다.","msg_cd":"EGW00201","message":"EGW00201"}
2026-06-08 11:29:37,594 - ERROR - 주문 취소 실패: 응답 없음
2026-06-08 11:29:37,594 - ERROR - 주문 취소 실패. 다음 루프에서 재시도합니다.
2026-06-08 11:29:41,164 - INFO - 계좌 예수금: 9580209원
2026-06-08 11:29:41,513 - INFO - 이미 매수 주문(0000016709)이 진행 중입니다. 체결을 기다립니다.
2026-06-08 11:29:41,513 - INFO - 60초 후 다음 확인을 진행합니다. (현재 상태: BUYING)
2026-06-08 11:30:41,621 - INFO - [005930] 현재가: 310500, 고가: 313000, 저가: 292500
2026-06-08 11:30:50,652 - INFO - 계좌 예수금: 9580209원
2026-06-08 11:30:53,132 - INFO - 이미 매수 주문(0000016709)이 진행 중입니다. 체결을 기다립니다.
2026-06-08 11:30:53,133 - INFO - 60초 후 다음 확인을 진행합니다. (현재 상태: BUYING)
2026-06-08 11:31:55,756 - INFO - [005930] 현재가: 310750, 고가: 313000, 저가: 292500
2026-06-08 11:31:57,957 - INFO - 계좌 예수금: 9580209원
2026-06-08 11:31:59,969 - INFO - 이미 매수 주문(0000016709)이 진행 중입니다. 체결을 기다립니다.
2026-06-08 11:31:59,970 - INFO - 60초 후 다음 확인을 진행합니다. (현재 상태: BUYING)
2026-06-08 11:33:00,092 - INFO - [005930] 현재가: 312000, 고가: 313000, 저가: 292500
2026-06-08 11:33:00,092 - WARNING - ⚠️ 주문 고착 감지: 가격 이탈 (현재가:312,000, 목표가:309,000, 차이:3,000). 주문 취소를 시도합니다.
2026-06-08 11:33:00,093 - INFO - [CANCEL] 주문 취소 요청: 005930, 주문번호: 0000016709
2026-06-08 11:33:02,711 - INFO - 주문 취소 성공! (원주문: 0000016709)
2026-06-08 11:33:02,739 - INFO - 상태 전환 완료: IDLE
2026-06-08 11:33:05,593 - INFO - 계좌 예수금: 9580209원
2026-06-08 11:33:08,715 - INFO - 매수 조건 충족: 현재가(312000) - 오프셋(2250+0) = 309500원 (보수적 하향 보정)
2026-06-08 11:33:08,716 - INFO - [BUY] 주문 요청: 005930, 1주, 309500원
2026-06-08 11:33:11,367 - INFO - 주문 성공! 주문번호: 0000017062
2026-06-08 11:33:11,395 - INFO - 60초 후 다음 확인을 진행합니다. (현재 상태: BUYING)
2026-06-08 11:34:11,474 - INFO - [005930] 현재가: 312750, 고가: 313000, 저가: 292500
2026-06-08 11:34:11,474 - WARNING - ⚠️ 주문 고착 감지: 가격 이탈 (현재가:312,750, 목표가:309,500, 차이:3,250). 주문 취소를 시도합니다.
2026-06-08 11:34:11,475 - INFO - [CANCEL] 주문 취소 요청: 005930, 주문번호: 0000017062
2026-06-08 11:34:11,987 - ERROR - POST 요청 실패 (VTTC0013U): 500 Server Error: Internal Server Error for url: https://openapivts.koreainvestment.com:29443/uapi/domestic-stock/v1/trading/order-rvsecncl
2026-06-08 11:34:11,987 - ERROR - 상세 에러: {"rt_cd":"1","msg1":"초당 거래건수를 초과하였습니다.","msg_cd":"EGW00201","message":"EGW00201"}
2026-06-08 11:34:11,989 - ERROR - 주문 취소 실패: 응답 없음
2026-06-08 11:34:11,990 - ERROR - 주문 취소 실패. 다음 루프에서 재시도합니다.
2026-06-08 11:34:18,789 - INFO - 계좌 예수금: 9580209원
2026-06-08 11:34:18,896 - INFO - 이미 매수 주문(0000017062)이 진행 중입니다. 체결을 기다립니다.
2026-06-08 11:34:18,896 - INFO - 60초 후 다음 확인을 진행합니다. (현재 상태: BUYING)
2026-06-08 11:35:22,353 - INFO - [005930] 현재가: 312500, 고가: 313000, 저가: 292500
2026-06-08 11:35:22,354 - WARNING - ⚠️ 주문 고착 감지: 가격 이탈 (현재가:312,500, 목표가:309,500, 차이:3,000). 주문 취소를 시도합니다.
2026-06-08 11:35:22,354 - INFO - [CANCEL] 주문 취소 요청: 005930, 주문번호: 0000017062
2026-06-08 11:35:22,461 - INFO - 주문 취소 성공! (원주문: 0000017062)
2026-06-08 11:35:22,490 - INFO - 상태 전환 완료: IDLE
2026-06-08 11:35:24,887 - INFO - 계좌 예수금: 9580209원
2026-06-08 11:35:25,031 - INFO - 매수 조건 충족: 현재가(312500) - 오프셋(2250+0) = 310000원 (보수적 하향 보정)
2026-06-08 11:35:25,032 - INFO - [BUY] 주문 요청: 005930, 1주, 310000원
2026-06-08 11:35:28,429 - INFO - 주문 성공! 주문번호: 0000017202
2026-06-08 11:35:28,453 - INFO - 60초 후 다음 확인을 진행합니다. (현재 상태: BUYING)
2026-06-08 11:36:28,566 - INFO - [005930] 현재가: 311500, 고가: 313000, 저가: 292500
2026-06-08 11:36:34,755 - INFO - 계좌 예수금: 9580209원
2026-06-08 11:36:35,960 - INFO - 이미 매수 주문(0000017202)이 진행 중입니다. 체결을 기다립니다.
2026-06-08 11:36:35,960 - INFO - 60초 후 다음 확인을 진행합니다. (현재 상태: BUYING)
2026-06-08 11:37:36,057 - INFO - [005930] 현재가: 312000, 고가: 313000, 저가: 292500
2026-06-08 11:37:43,959 - INFO - 계좌 예수금: 9580209원
2026-06-08 11:37:46,309 - INFO - 이미 매수 주문(0000017202)이 진행 중입니다. 체결을 기다립니다.
2026-06-08 11:37:46,309 - INFO - 60초 후 다음 확인을 진행합니다. (현재 상태: BUYING)
2026-06-08 11:38:46,469 - INFO - [005930] 현재가: 313250, 고가: 313500, 저가: 292500
2026-06-08 11:38:46,470 - WARNING - ⚠️ 주문 고착 감지: 가격 이탈 (현재가:313,250, 목표가:310,000, 차이:3,250). 주문 취소를 시도합니다.
2026-06-08 11:38:46,470 - INFO - [CANCEL] 주문 취소 요청: 005930, 주문번호: 0000017202
2026-06-08 11:38:46,954 - ERROR - POST 요청 실패 (VTTC0013U): 500 Server Error: Internal Server Error for url: https://openapivts.koreainvestment.com:29443/uapi/domestic-stock/v1/trading/order-rvsecncl
2026-06-08 11:38:46,955 - ERROR - 상세 에러: {"rt_cd":"1","msg1":"초당 거래건수를 초과하였습니다.","msg_cd":"EGW00201","message":"EGW00201"}
2026-06-08 11:38:46,957 - ERROR - 주문 취소 실패: 응답 없음
2026-06-08 11:38:46,957 - ERROR - 주문 취소 실패. 다음 루프에서 재시도합니다.
2026-06-08 11:38:50,277 - INFO - 계좌 예수금: 9580209원
2026-06-08 11:38:50,437 - INFO - 이미 매수 주문(0000017202)이 진행 중입니다. 체결을 기다립니다.
2026-06-08 11:38:50,438 - INFO - 60초 후 다음 확인을 진행합니다. (현재 상태: BUYING)
2026-06-08 11:39:50,571 - INFO - [005930] 현재가: 314000, 고가: 314500, 저가: 292500
2026-06-08 11:39:50,572 - WARNING - ⚠️ 주문 고착 감지: 가격 이탈 (현재가:314,000, 목표가:310,000, 차이:4,000). 주문 취소를 시도합니다.
2026-06-08 11:39:50,572 - INFO - [CANCEL] 주문 취소 요청: 005930, 주문번호: 0000017202
2026-06-08 11:39:51,049 - ERROR - POST 요청 실패 (VTTC0013U): 500 Server Error: Internal Server Error for url: https://openapivts.koreainvestment.com:29443/uapi/domestic-stock/v1/trading/order-rvsecncl
2026-06-08 11:39:51,049 - ERROR - 상세 에러: {"rt_cd":"1","msg1":"초당 거래건수를 초과하였습니다.","msg_cd":"EGW00201","message":"EGW00201"}
2026-06-08 11:39:51,051 - ERROR - 주문 취소 실패: 응답 없음
2026-06-08 11:39:51,052 - ERROR - 주문 취소 실패. 다음 루프에서 재시도합니다.
2026-06-08 11:39:56,497 - INFO - 계좌 예수금: 9580209원
2026-06-08 11:39:57,023 - INFO - 이미 매수 주문(0000017202)이 진행 중입니다. 체결을 기다립니다.
2026-06-08 11:39:57,024 - INFO - 60초 후 다음 확인을 진행합니다. (현재 상태: BUYING)
2026-06-08 11:40:57,108 - INFO - [005930] 현재가: 313750, 고가: 314500, 저가: 292500
2026-06-08 11:40:57,109 - WARNING - ⚠️ 주문 고착 감지: 가격 이탈 (현재가:313,750, 목표가:310,000, 차이:3,750). 주문 취소를 시도합니다.
2026-06-08 11:40:57,109 - INFO - [CANCEL] 주문 취소 요청: 005930, 주문번호: 0000017202
2026-06-08 11:40:57,597 - ERROR - POST 요청 실패 (VTTC0013U): 500 Server Error: Internal Server Error for url: https://openapivts.koreainvestment.com:29443/uapi/domestic-stock/v1/trading/order-rvsecncl
2026-06-08 11:40:57,598 - ERROR - 상세 에러: {"rt_cd":"1","msg1":"초당 거래건수를 초과하였습니다.","msg_cd":"EGW00201","message":"EGW00201"}
2026-06-08 11:40:57,599 - ERROR - 주문 취소 실패: 응답 없음
2026-06-08 11:40:57,600 - ERROR - 주문 취소 실패. 다음 루프에서 재시도합니다.
2026-06-08 11:41:01,636 - INFO - 계좌 예수금: 9580209원
2026-06-08 11:41:02,328 - INFO - 이미 매수 주문(0000017202)이 진행 중입니다. 체결을 기다립니다.
2026-06-08 11:41:02,329 - INFO - 60초 후 다음 확인을 진행합니다. (현재 상태: BUYING)
2026-06-08 11:42:03,490 - INFO - [005930] 현재가: 314000, 고가: 314500, 저가: 292500
2026-06-08 11:42:03,491 - WARNING - ⚠️ 주문 고착 감지: 가격 이탈 (현재가:314,000, 목표가:310,000, 차이:4,000). 주문 취소를 시도합니다.
2026-06-08 11:42:03,491 - INFO - [CANCEL] 주문 취소 요청: 005930, 주문번호: 0000017202
2026-06-08 11:42:04,354 - INFO - 주문 취소 성공! (원주문: 0000017202)
2026-06-08 11:42:04,382 - INFO - 상태 전환 완료: IDLE
2026-06-08 11:42:11,683 - INFO - 계좌 예수금: 9580209원
2026-06-08 11:42:13,419 - INFO - 매수 조건 충족: 현재가(314000) - 오프셋(2250+0) = 311500원 (보수적 하향 보정)
2026-06-08 11:42:13,420 - INFO - [BUY] 주문 요청: 005930, 1주, 311500원
2026-06-08 11:42:15,028 - INFO - 주문 성공! 주문번호: 0000017631
2026-06-08 11:42:15,053 - INFO - 60초 후 다음 확인을 진행합니다. (현재 상태: BUYING)
2026-06-08 11:43:16,737 - INFO - [005930] 현재가: 313750, 고가: 314500, 저가: 292500
2026-06-08 11:43:16,737 - WARNING - ⚠️ 주문 고착 감지: 가격 이탈 (현재가:313,750, 목표가:311,500, 차이:2,250). 주문 취소를 시도합니다.
2026-06-08 11:43:16,737 - INFO - [CANCEL] 주문 취소 요청: 005930, 주문번호: 0000017631
2026-06-08 11:43:16,907 - INFO - 주문 취소 성공! (원주문: 0000017631)
2026-06-08 11:43:16,934 - INFO - 상태 전환 완료: IDLE
2026-06-08 11:43:21,257 - INFO - 계좌 예수금: 9580209원
2026-06-08 11:43:21,427 - INFO - 매수 조건 충족: 현재가(313750) - 오프셋(2250+0) = 311500원 (보수적 하향 보정)
2026-06-08 11:43:21,427 - INFO - [BUY] 주문 요청: 005930, 1주, 311500원
2026-06-08 11:43:21,874 - ERROR - POST 요청 실패 (VTTC0012U): 500 Server Error: Internal Server Error for url: https://openapivts.koreainvestment.com:29443/uapi/domestic-stock/v1/trading/order-cash
2026-06-08 11:43:21,874 - ERROR - 상세 에러: {"rt_cd":"1","msg1":"초당 거래건수를 초과하였습니다.","msg_cd":"EGW00201","message":"EGW00201"}
2026-06-08 11:43:21,877 - ERROR - 주문 실패: 응답 없음
2026-06-08 11:43:21,877 - INFO - 60초 후 다음 확인을 진행합니다. (현재 상태: IDLE)
2026-06-08 11:44:21,971 - INFO - [005930] 현재가: 315500, 고가: 315500, 저가: 292500
2026-06-08 11:44:26,608 - INFO - 계좌 예수금: 9580209원
2026-06-08 11:44:26,784 - INFO - 매수 조건 충족: 현재가(315500) - 오프셋(2250+0) = 313000원 (보수적 하향 보정)
2026-06-08 11:44:26,784 - INFO - [BUY] 주문 요청: 005930, 1주, 313000원
2026-06-08 11:44:27,242 - INFO - 주문 성공! 주문번호: 0000017766
2026-06-08 11:44:27,267 - INFO - 60초 후 다음 확인을 진행합니다. (현재 상태: BUYING)
2026-06-08 11:45:27,405 - INFO - [005930] 현재가: 314500, 고가: 315500, 저가: 292500
2026-06-08 11:45:33,741 - INFO - 계좌 예수금: 9580209원
2026-06-08 11:45:35,121 - INFO - 이미 매수 주문(0000017766)이 진행 중입니다. 체결을 기다립니다.
2026-06-08 11:45:35,122 - INFO - 60초 후 다음 확인을 진행합니다. (현재 상태: BUYING)
2026-06-08 11:46:35,226 - INFO - [005930] 현재가: 314250, 고가: 315500, 저가: 292500
2026-06-08 11:46:39,651 - INFO - 계좌 예수금: 9580209원
2026-06-08 11:46:39,761 - INFO - 이미 매수 주문(0000017766)이 진행 중입니다. 체결을 기다립니다.
2026-06-08 11:46:39,761 - INFO - 60초 후 다음 확인을 진행합니다. (현재 상태: BUYING)
2026-06-08 11:47:39,855 - INFO - [005930] 현재가: 314500, 고가: 315500, 저가: 292500
2026-06-08 11:47:44,802 - INFO - 계좌 예수금: 9580209원
2026-06-08 11:47:44,902 - INFO - 이미 매수 주문(0000017766)이 진행 중입니다. 체결을 기다립니다.
2026-06-08 11:47:44,902 - INFO - 60초 후 다음 확인을 진행합니다. (현재 상태: BUYING)
2026-06-08 11:48:44,986 - INFO - [005930] 현재가: 313500, 고가: 315500, 저가: 292500
2026-06-08 11:48:49,919 - INFO - 계좌 예수금: 9580209원
2026-06-08 11:48:49,920 - INFO - [005930] 보유: 1주, 매도 가능: 1주, 평단가: 313,000원
2026-06-08 11:48:49,930 - INFO - 미실현 손익: 500원 (0.16%), 최고 수익률: 0.16%
2026-06-08 11:48:49,950 - INFO - 매수 체결 확인 (평단가: 313,000원). 히스토리에 기록합니다.
2026-06-08 11:48:49,970 - INFO - 매도 조건 충족: 평단가(313,000), 현재가(313,500) -> 목표가(316,000원) (보수적 상향 보정)
2026-06-08 11:48:49,970 - INFO - [SELL] 주문 요청: 005930, 1주, 316000원
2026-06-08 11:48:50,089 - INFO - 주문 성공! 주문번호: 0000018040
2026-06-08 11:48:50,122 - INFO - 자가 최적화 기록 완료: C:\Users\witpo\OneDrive\바탕 화면\YONSEI\26-1\ECO4126 인공지능과금융공학\open-trading-api\self_optimization_history
2026-06-08 11:48:50,135 - INFO - 60초 후 다음 확인을 진행합니다. (현재 상태: SELLING)
2026-06-08 11:49:51,120 - INFO - [005930] 현재가: 312000, 고가: 315500, 저가: 292500
2026-06-08 11:49:51,120 - WARNING - ⚠️ 주문 고착 감지: 가격 이탈 (현재가:312,000, 목표가:316,000, 차이:4,000). 주문 취소를 시도합니다.
2026-06-08 11:49:51,120 - INFO - [CANCEL] 주문 취소 요청: 005930, 주문번호: 0000018040
2026-06-08 11:49:51,301 - INFO - 주문 취소 성공! (원주문: 0000018040)
2026-06-08 11:49:51,324 - INFO - 상태 전환 완료: HOLDING
2026-06-08 11:49:57,032 - INFO - 계좌 예수금: 9580209원
2026-06-08 11:49:57,032 - INFO - [005930] 보유: 1주, 매도 가능: 1주, 평단가: 313,000원
2026-06-08 11:49:57,041 - INFO - 미실현 손익: -1,000원 (-0.32%), 최고 수익률: 0.16%
2026-06-08 11:49:57,057 - INFO - 매도 조건 충족: 평단가(313,000), 현재가(312,000) -> 목표가(315,000원) (보수적 상향 보정)
2026-06-08 11:49:57,058 - INFO - [SELL] 주문 요청: 005930, 1주, 315000원
2026-06-08 11:49:57,225 - INFO - 주문 성공! 주문번호: 0000018123
2026-06-08 11:49:57,266 - INFO - 60초 후 다음 확인을 진행합니다. (현재 상태: SELLING)
2026-06-08 11:50:57,348 - INFO - [005930] 현재가: 313000, 고가: 315500, 저가: 292500
2026-06-08 11:51:01,228 - INFO - 계좌 예수금: 9580209원
2026-06-08 11:51:01,229 - INFO - [005930] 보유: 1주, 매도 가능: 0주, 평단가: 313,000원
2026-06-08 11:51:01,239 - INFO - 미실현 손익: 0원 (0.00%), 최고 수익률: 0.16%
2026-06-08 11:51:01,253 - INFO - 보유 수량(1)에 대해 매도 주문(0000018123)이 진행 중입니다.
2026-06-08 11:51:01,253 - INFO - 60초 후 다음 확인을 진행합니다. (현재 상태: SELLING)
2026-06-08 11:52:01,653 - INFO - [005930] 현재가: 313500, 고가: 315500, 저가: 292500
2026-06-08 11:52:07,135 - INFO - 계좌 예수금: 9580209원
2026-06-08 11:52:07,135 - INFO - [005930] 보유: 1주, 매도 가능: 0주, 평단가: 313,000원
2026-06-08 11:52:07,144 - INFO - 미실현 손익: 500원 (0.16%), 최고 수익률: 0.16%
2026-06-08 11:52:07,162 - INFO - 보유 수량(1)에 대해 매도 주문(0000018123)이 진행 중입니다.
2026-06-08 11:52:07,162 - INFO - 60초 후 다음 확인을 진행합니다. (현재 상태: SELLING)
2026-06-08 11:53:07,892 - INFO - [005930] 현재가: 314000, 고가: 315500, 저가: 292500
2026-06-08 11:53:13,384 - INFO - 계좌 예수금: 9580209원
2026-06-08 11:53:13,384 - INFO - [005930] 보유: 1주, 매도 가능: 0주, 평단가: 313,000원
2026-06-08 11:53:13,394 - INFO - 미실현 손익: 1,000원 (0.32%), 최고 수익률: 0.32%
2026-06-08 11:53:13,408 - INFO - 보유 수량(1)에 대해 매도 주문(0000018123)이 진행 중입니다.
2026-06-08 11:53:13,408 - INFO - 60초 후 다음 확인을 진행합니다. (현재 상태: SELLING)
2026-06-08 11:54:13,554 - INFO - [005930] 현재가: 313500, 고가: 315500, 저가: 292500
2026-06-08 11:54:20,435 - INFO - 계좌 예수금: 9580209원
2026-06-08 11:54:22,784 - INFO - 매도 주문 완료 확인: 상태를 IDLE로 전환합니다.
2026-06-08 11:54:22,817 - INFO - 매수 조건 충족: 현재가(313500) - 오프셋(1500+0) = 312000원 (보수적 하향 보정)
2026-06-08 11:54:22,817 - INFO - [BUY] 주문 요청: 005930, 1주, 312000원
2026-06-08 11:54:22,979 - INFO - 주문 성공! 주문번호: 0000018436
2026-06-08 11:54:23,004 - INFO - 60초 후 다음 확인을 진행합니다. (현재 상태: BUYING)
2026-06-08 11:55:23,111 - INFO - [005930] 현재가: 313000, 고가: 315500, 저가: 292500
2026-06-08 11:55:26,886 - INFO - 계좌 예수금: 9580209원
2026-06-08 11:55:26,999 - INFO - 이미 매수 주문(0000018436)이 진행 중입니다. 체결을 기다립니다.
2026-06-08 11:55:27,000 - INFO - 60초 후 다음 확인을 진행합니다. (현재 상태: BUYING)
2026-06-08 11:56:27,747 - INFO - [005930] 현재가: 314250, 고가: 315500, 저가: 292500
2026-06-08 11:56:27,747 - WARNING - ⚠️ 주문 고착 감지: 가격 이탈 (현재가:314,250, 목표가:312,000, 차이:2,250). 주문 취소를 시도합니다.
2026-06-08 11:56:27,747 - INFO - [CANCEL] 주문 취소 요청: 005930, 주문번호: 0000018436
2026-06-08 11:56:27,891 - INFO - 주문 취소 성공! (원주문: 0000018436)
2026-06-08 11:56:27,915 - INFO - 상태 전환 완료: IDLE
2026-06-08 11:56:30,816 - INFO - 계좌 예수금: 9580209원
2026-06-08 11:56:31,107 - INFO - 매수 조건 충족: 현재가(314250) - 오프셋(1500+0) = 312500원 (보수적 하향 보정)
2026-06-08 11:56:31,107 - INFO - [BUY] 주문 요청: 005930, 1주, 312500원
2026-06-08 11:56:31,495 - INFO - 주문 성공! 주문번호: 0000018558
2026-06-08 11:56:31,519 - INFO - 60초 후 다음 확인을 진행합니다. (현재 상태: BUYING)
2026-06-08 11:57:31,712 - INFO - [005930] 현재가: 312500, 고가: 315500, 저가: 292500
2026-06-08 11:57:38,628 - INFO - 계좌 예수금: 9580209원
2026-06-08 11:57:38,629 - INFO - [005930] 보유: 1주, 매도 가능: 1주, 평단가: 312,500원
2026-06-08 11:57:38,640 - INFO - 미실현 손익: 0원 (0.00%), 최고 수익률: 0.00%
2026-06-08 11:57:38,657 - INFO - 매수 체결 확인 (평단가: 312,500원). 히스토리에 기록합니다.
2026-06-08 11:57:38,680 - INFO - 매도 조건 충족: 평단가(312,500), 현재가(312,500) -> 목표가(314,500원) (보수적 상향 보정)
2026-06-08 11:57:38,680 - INFO - [SELL] 주문 요청: 005930, 1주, 314500원
2026-06-08 11:57:40,567 - INFO - 주문 성공! 주문번호: 0000018618
2026-06-08 11:57:40,595 - INFO - 60초 후 다음 확인을 진행합니다. (현재 상태: SELLING)
2026-06-08 11:58:40,741 - INFO - [005930] 현재가: 312000, 고가: 315500, 저가: 292500
2026-06-08 11:58:40,741 - WARNING - ⚠️ 주문 고착 감지: 가격 이탈 (현재가:312,000, 목표가:314,500, 차이:2,500). 주문 취소를 시도합니다.
2026-06-08 11:58:40,742 - INFO - [CANCEL] 주문 취소 요청: 005930, 주문번호: 0000018618
2026-06-08 11:58:43,316 - INFO - 주문 취소 성공! (원주문: 0000018618)
2026-06-08 11:58:43,342 - INFO - 상태 전환 완료: HOLDING
2026-06-08 11:58:50,148 - INFO - 계좌 예수금: 9580209원
2026-06-08 11:58:50,149 - INFO - [005930] 보유: 1주, 매도 가능: 1주, 평단가: 312,500원
2026-06-08 11:58:50,159 - INFO - 미실현 손익: -500원 (-0.16%), 최고 수익률: 0.00%
2026-06-08 11:58:50,174 - INFO - 매도 조건 충족: 평단가(312,500), 현재가(312,000) -> 목표가(314,500원) (보수적 상향 보정)
2026-06-08 11:58:50,175 - INFO - [SELL] 주문 요청: 005930, 1주, 314500원
2026-06-08 11:58:50,954 - INFO - 주문 성공! 주문번호: 0000018692
2026-06-08 11:58:50,980 - INFO - 60초 후 다음 확인을 진행합니다. (현재 상태: SELLING)
2026-06-08 11:59:52,757 - INFO - [005930] 현재가: 312500, 고가: 315500, 저가: 292500
2026-06-08 11:59:59,863 - INFO - 계좌 예수금: 9580209원
2026-06-08 11:59:59,864 - INFO - [005930] 보유: 1주, 매도 가능: 0주, 평단가: 312,500원
2026-06-08 11:59:59,875 - INFO - 미실현 손익: 0원 (0.00%), 최고 수익률: 0.00%
2026-06-08 11:59:59,890 - INFO - 보유 수량(1)에 대해 매도 주문(0000018692)이 진행 중입니다.
2026-06-08 11:59:59,891 - INFO - 60초 후 다음 확인을 진행합니다. (현재 상태: SELLING)
2026-06-08 12:00:59,998 - INFO - [005930] 현재가: 312750, 고가: 315500, 저가: 292500
2026-06-08 12:01:03,923 - INFO - 계좌 예수금: 9580209원
2026-06-08 12:01:03,924 - INFO - [005930] 보유: 1주, 매도 가능: 0주, 평단가: 312,500원
2026-06-08 12:01:03,935 - INFO - 미실현 손익: 250원 (0.08%), 최고 수익률: 0.08%
2026-06-08 12:01:03,952 - INFO - 보유 수량(1)에 대해 매도 주문(0000018692)이 진행 중입니다.
2026-06-08 12:01:03,952 - INFO - 60초 후 다음 확인을 진행합니다. (현재 상태: SELLING)
2026-06-08 12:02:06,495 - INFO - [005930] 현재가: 313500, 고가: 315500, 저가: 292500
2026-06-08 12:02:10,427 - INFO - 계좌 예수금: 9580209원
2026-06-08 12:02:10,428 - INFO - [005930] 보유: 1주, 매도 가능: 0주, 평단가: 312,500원
2026-06-08 12:02:10,440 - INFO - 미실현 손익: 1,000원 (0.32%), 최고 수익률: 0.32%
2026-06-08 12:02:10,454 - INFO - 보유 수량(1)에 대해 매도 주문(0000018692)이 진행 중입니다.
2026-06-08 12:02:10,455 - INFO - 60초 후 다음 확인을 진행합니다. (현재 상태: SELLING)
2026-06-08 12:03:11,024 - INFO - [005930] 현재가: 312000, 고가: 315500, 저가: 292500
2026-06-08 12:03:11,025 - WARNING - ⚠️ 주문 고착 감지: 가격 이탈 (현재가:312,000, 목표가:314,500, 차이:2,500). 주문 취소를 시도합니다.
2026-06-08 12:03:11,025 - INFO - [CANCEL] 주문 취소 요청: 005930, 주문번호: 0000018692
2026-06-08 12:03:11,187 - INFO - 주문 취소 성공! (원주문: 0000018692)
2026-06-08 12:03:11,215 - INFO - 상태 전환 완료: HOLDING
2026-06-08 12:03:18,263 - INFO - 계좌 예수금: 9580209원
2026-06-08 12:03:18,263 - INFO - [005930] 보유: 1주, 매도 가능: 1주, 평단가: 312,500원
2026-06-08 12:03:18,274 - INFO - 미실현 손익: -500원 (-0.16%), 최고 수익률: 0.32%
2026-06-08 12:03:18,293 - INFO - 매도 조건 충족: 평단가(312,500), 현재가(312,000) -> 목표가(314,500원) (보수적 상향 보정)
2026-06-08 12:03:18,294 - INFO - [SELL] 주문 요청: 005930, 1주, 314500원
2026-06-08 12:03:18,473 - INFO - 주문 성공! 주문번호: 0000018953
2026-06-08 12:03:18,499 - INFO - 60초 후 다음 확인을 진행합니다. (현재 상태: SELLING)
2026-06-08 12:04:19,024 - INFO - [005930] 현재가: 311500, 고가: 315500, 저가: 292500
2026-06-08 12:04:19,024 - WARNING - ⚠️ 주문 고착 감지: 가격 이탈 (현재가:311,500, 목표가:314,500, 차이:3,000). 주문 취소를 시도합니다.
2026-06-08 12:04:19,025 - INFO - [CANCEL] 주문 취소 요청: 005930, 주문번호: 0000018953
2026-06-08 12:04:19,313 - INFO - 주문 취소 성공! (원주문: 0000018953)
2026-06-08 12:04:19,341 - INFO - 상태 전환 완료: HOLDING
2026-06-08 12:04:23,716 - INFO - 계좌 예수금: 9580209원
2026-06-08 12:04:23,716 - INFO - [005930] 보유: 1주, 매도 가능: 1주, 평단가: 312,500원
2026-06-08 12:04:23,730 - INFO - 미실현 손익: -1,000원 (-0.32%), 최고 수익률: 0.32%
2026-06-08 12:04:23,744 - INFO - 매도 조건 충족: 평단가(312,500), 현재가(311,500) -> 목표가(314,500원) (보수적 상향 보정)
2026-06-08 12:04:23,744 - INFO - [SELL] 주문 요청: 005930, 1주, 314500원
2026-06-08 12:04:23,932 - INFO - 주문 성공! 주문번호: 0000019017
2026-06-08 12:04:23,958 - INFO - 60초 후 다음 확인을 진행합니다. (현재 상태: SELLING)
2026-06-08 12:05:24,677 - INFO - [005930] 현재가: 312000, 고가: 315500, 저가: 292500
2026-06-08 12:05:24,677 - WARNING - ⚠️ 주문 고착 감지: 가격 이탈 (현재가:312,000, 목표가:314,500, 차이:2,500). 주문 취소를 시도합니다.
2026-06-08 12:05:24,677 - INFO - [CANCEL] 주문 취소 요청: 005930, 주문번호: 0000019017
2026-06-08 12:05:25,984 - INFO - 주문 취소 성공! (원주문: 0000019017)
2026-06-08 12:05:26,012 - INFO - 상태 전환 완료: HOLDING
2026-06-08 12:05:30,341 - INFO - 계좌 예수금: 9580209원
2026-06-08 12:05:30,341 - INFO - [005930] 보유: 1주, 매도 가능: 1주, 평단가: 312,500원
2026-06-08 12:05:30,350 - INFO - 미실현 손익: -500원 (-0.16%), 최고 수익률: 0.32%
2026-06-08 12:05:30,368 - INFO - 매도 조건 충족: 평단가(312,500), 현재가(312,000) -> 목표가(314,500원) (보수적 상향 보정)
2026-06-08 12:05:30,369 - INFO - [SELL] 주문 요청: 005930, 1주, 314500원
2026-06-08 12:05:31,621 - INFO - 주문 성공! 주문번호: 0000019114
2026-06-08 12:05:31,647 - INFO - 60초 후 다음 확인을 진행합니다. (현재 상태: SELLING)
2026-06-08 12:06:32,616 - INFO - [005930] 현재가: 312500, 고가: 315500, 저가: 292500
2026-06-08 12:06:37,984 - INFO - 계좌 예수금: 9580209원
2026-06-08 12:06:37,985 - INFO - [005930] 보유: 1주, 매도 가능: 0주, 평단가: 312,500원
2026-06-08 12:06:37,995 - INFO - 미실현 손익: 0원 (0.00%), 최고 수익률: 0.32%
2026-06-08 12:06:38,011 - INFO - 보유 수량(1)에 대해 매도 주문(0000019114)이 진행 중입니다.
2026-06-08 12:06:38,012 - INFO - 60초 후 다음 확인을 진행합니다. (현재 상태: SELLING)
2026-06-08 12:07:39,261 - INFO - [005930] 현재가: 313000, 고가: 315500, 저가: 292500
2026-06-08 12:07:45,961 - INFO - 계좌 예수금: 9580209원
2026-06-08 12:07:45,962 - INFO - [005930] 보유: 1주, 매도 가능: 0주, 평단가: 312,500원
2026-06-08 12:07:45,973 - INFO - 미실현 손익: 500원 (0.16%), 최고 수익률: 0.32%
2026-06-08 12:07:45,989 - INFO - 보유 수량(1)에 대해 매도 주문(0000019114)이 진행 중입니다.
2026-06-08 12:07:45,990 - INFO - 60초 후 다음 확인을 진행합니다. (현재 상태: SELLING)
2026-06-08 12:08:46,144 - INFO - [005930] 현재가: 312250, 고가: 315500, 저가: 292500
2026-06-08 12:08:46,144 - WARNING - ⚠️ 주문 고착 감지: 가격 이탈 (현재가:312,250, 목표가:314,500, 차이:2,250). 주문 취소를 시도합니다.
2026-06-08 12:08:46,144 - INFO - [CANCEL] 주문 취소 요청: 005930, 주문번호: 0000019114
2026-06-08 12:08:46,770 - INFO - 주문 취소 성공! (원주문: 0000019114)
2026-06-08 12:08:46,794 - INFO - 상태 전환 완료: HOLDING
2026-06-08 12:08:51,743 - INFO - 계좌 예수금: 9580209원
2026-06-08 12:08:51,744 - INFO - [005930] 보유: 1주, 매도 가능: 1주, 평단가: 312,500원
2026-06-08 12:08:51,754 - INFO - 미실현 손익: -250원 (-0.08%), 최고 수익률: 0.32%
2026-06-08 12:08:51,778 - INFO - 자가 최적화 기록 완료: C:\Users\witpo\OneDrive\바탕 화면\YONSEI\26-1\ECO4126 인공지능과금융공학\open-trading-api\self_optimization_history
2026-06-08 12:08:51,778 - INFO - 매도 조건 충족: 평단가(312,500), 현재가(312,250) -> 목표가(314,500원) (보수적 상향 보정)
2026-06-08 12:08:51,779 - INFO - [SELL] 주문 요청: 005930, 1주, 314500원
2026-06-08 12:08:52,293 - INFO - 주문 성공! 주문번호: 0000019346
2026-06-08 12:08:52,328 - INFO - 60초 후 다음 확인을 진행합니다. (현재 상태: SELLING)
2026-06-08 12:09:52,403 - INFO - [005930] 현재가: 312750, 고가: 315500, 저가: 292500
2026-06-08 12:09:58,243 - INFO - 계좌 예수금: 9580209원
2026-06-08 12:09:58,243 - INFO - [005930] 보유: 1주, 매도 가능: 0주, 평단가: 312,500원
2026-06-08 12:09:58,255 - INFO - 미실현 손익: 250원 (0.08%), 최고 수익률: 0.32%
2026-06-08 12:09:58,271 - INFO - 보유 수량(1)에 대해 매도 주문(0000019346)이 진행 중입니다.
2026-06-08 12:09:58,271 - INFO - 60초 후 다음 확인을 진행합니다. (현재 상태: SELLING)
2026-06-08 12:11:00,059 - INFO - [005930] 현재가: 312500, 고가: 315500, 저가: 292500
2026-06-08 12:11:06,665 - INFO - 계좌 예수금: 9580209원
2026-06-08 12:11:06,665 - INFO - [005930] 보유: 1주, 매도 가능: 0주, 평단가: 312,500원
2026-06-08 12:11:06,676 - INFO - 미실현 손익: 0원 (0.00%), 최고 수익률: 0.32%
2026-06-08 12:11:06,693 - INFO - 보유 수량(1)에 대해 매도 주문(0000019346)이 진행 중입니다.
2026-06-08 12:11:06,693 - INFO - 60초 후 다음 확인을 진행합니다. (현재 상태: SELLING)
2026-06-08 12:12:09,173 - INFO - [005930] 현재가: 311500, 고가: 315500, 저가: 292500
2026-06-08 12:12:09,174 - WARNING - ⚠️ 주문 고착 감지: 가격 이탈 (현재가:311,500, 목표가:314,500, 차이:3,000). 주문 취소를 시도합니다.
2026-06-08 12:12:09,174 - INFO - [CANCEL] 주문 취소 요청: 005930, 주문번호: 0000019346
2026-06-08 12:12:11,520 - INFO - 주문 취소 성공! (원주문: 0000019346)
2026-06-08 12:12:11,547 - INFO - 상태 전환 완료: HOLDING
2026-06-08 12:12:17,702 - INFO - 계좌 예수금: 9580209원
2026-06-08 12:12:17,702 - INFO - [005930] 보유: 1주, 매도 가능: 1주, 평단가: 312,500원
2026-06-08 12:12:17,713 - INFO - 미실현 손익: -1,000원 (-0.32%), 최고 수익률: 0.32%
2026-06-08 12:12:17,727 - INFO - 매도 조건 충족: 평단가(312,500), 현재가(311,500) -> 목표가(315,000원) (보수적 상향 보정)
2026-06-08 12:12:17,727 - INFO - [SELL] 주문 요청: 005930, 1주, 315000원
2026-06-08 12:12:17,850 - INFO - 주문 성공! 주문번호: 0000019565
2026-06-08 12:12:17,875 - INFO - 60초 후 다음 확인을 진행합니다. (현재 상태: SELLING)
2026-06-08 12:13:17,970 - INFO - [005930] 현재가: 311000, 고가: 315500, 저가: 292500
2026-06-08 12:13:17,970 - WARNING - ⚠️ 주문 고착 감지: 가격 이탈 (현재가:311,000, 목표가:315,000, 차이:4,000). 주문 취소를 시도합니다.
2026-06-08 12:13:17,970 - INFO - [CANCEL] 주문 취소 요청: 005930, 주문번호: 0000019565
2026-06-08 12:13:18,531 - INFO - 주문 취소 성공! (원주문: 0000019565)
2026-06-08 12:13:18,561 - INFO - 상태 전환 완료: HOLDING
2026-06-08 12:13:24,156 - INFO - 계좌 예수금: 9580209원
2026-06-08 12:13:24,157 - INFO - [005930] 보유: 1주, 매도 가능: 1주, 평단가: 312,500원
2026-06-08 12:13:24,168 - INFO - 미실현 손익: -1,500원 (-0.48%), 최고 수익률: 0.32%
2026-06-08 12:13:24,182 - INFO - 매도 조건 충족: 평단가(312,500), 현재가(311,000) -> 목표가(315,000원) (보수적 상향 보정)
2026-06-08 12:13:24,182 - INFO - [SELL] 주문 요청: 005930, 1주, 315000원
2026-06-08 12:13:24,818 - INFO - 주문 성공! 주문번호: 0000019634
2026-06-08 12:13:24,842 - INFO - 60초 후 다음 확인을 진행합니다. (현재 상태: SELLING)
2026-06-08 12:14:24,962 - INFO - [005930] 현재가: 311000, 고가: 315500, 저가: 292500
2026-06-08 12:14:24,962 - WARNING - ⚠️ 주문 고착 감지: 가격 이탈 (현재가:311,000, 목표가:315,000, 차이:4,000). 주문 취소를 시도합니다.
2026-06-08 12:14:24,962 - INFO - [CANCEL] 주문 취소 요청: 005930, 주문번호: 0000019634
2026-06-08 12:14:26,615 - INFO - 주문 취소 성공! (원주문: 0000019634)
2026-06-08 12:14:26,640 - INFO - 상태 전환 완료: HOLDING
2026-06-08 12:14:31,909 - INFO - 계좌 예수금: 9580209원
2026-06-08 12:14:31,909 - INFO - [005930] 보유: 1주, 매도 가능: 1주, 평단가: 312,500원
2026-06-08 12:14:31,920 - INFO - 미실현 손익: -1,500원 (-0.48%), 최고 수익률: 0.32%
2026-06-08 12:14:31,933 - INFO - 매도 조건 충족: 평단가(312,500), 현재가(311,000) -> 목표가(315,000원) (보수적 상향 보정)
2026-06-08 12:14:31,933 - INFO - [SELL] 주문 요청: 005930, 1주, 315000원
2026-06-08 12:14:32,062 - INFO - 주문 성공! 주문번호: 0000019700
2026-06-08 12:14:32,088 - INFO - 60초 후 다음 확인을 진행합니다. (현재 상태: SELLING)
2026-06-08 12:15:33,803 - INFO - [005930] 현재가: 311500, 고가: 315500, 저가: 292500
2026-06-08 12:15:33,804 - WARNING - ⚠️ 주문 고착 감지: 가격 이탈 (현재가:311,500, 목표가:315,000, 차이:3,500). 주문 취소를 시도합니다.
2026-06-08 12:15:33,804 - INFO - [CANCEL] 주문 취소 요청: 005930, 주문번호: 0000019700
2026-06-08 12:15:34,923 - INFO - 주문 취소 성공! (원주문: 0000019700)
2026-06-08 12:15:34,947 - INFO - 상태 전환 완료: HOLDING
2026-06-08 12:15:40,773 - INFO - 계좌 예수금: 9580209원
2026-06-08 12:15:40,774 - INFO - [005930] 보유: 1주, 매도 가능: 1주, 평단가: 312,500원
2026-06-08 12:15:40,784 - INFO - 미실현 손익: -1,000원 (-0.32%), 최고 수익률: 0.32%
2026-06-08 12:15:40,798 - INFO - 매도 조건 충족: 평단가(312,500), 현재가(311,500) -> 목표가(315,000원) (보수적 상향 보정)
2026-06-08 12:15:40,798 - INFO - [SELL] 주문 요청: 005930, 1주, 315000원
2026-06-08 12:15:41,084 - INFO - 주문 성공! 주문번호: 0000019776
2026-06-08 12:15:41,111 - INFO - 60초 후 다음 확인을 진행합니다. (현재 상태: SELLING)
2026-06-08 12:16:41,406 - INFO - [005930] 현재가: 310000, 고가: 315500, 저가: 292500
2026-06-08 12:16:41,407 - WARNING - ⚠️ 주문 고착 감지: 가격 이탈 (현재가:310,000, 목표가:315,000, 차이:5,000). 주문 취소를 시도합니다.
2026-06-08 12:16:41,407 - INFO - [CANCEL] 주문 취소 요청: 005930, 주문번호: 0000019776
2026-06-08 12:16:41,695 - ERROR - POST 요청 실패 (VTTC0013U): 500 Server Error: Internal Server Error for url: https://openapivts.koreainvestment.com:29443/uapi/domestic-stock/v1/trading/order-rvsecncl
2026-06-08 12:16:41,695 - ERROR - 상세 에러: {"rt_cd":"1","msg1":"초당 거래건수를 초과하였습니다.","msg_cd":"EGW00201","message":"EGW00201"}
2026-06-08 12:16:41,697 - ERROR - 주문 취소 실패: 응답 없음
2026-06-08 12:16:41,697 - ERROR - 주문 취소 실패. 다음 루프에서 재시도합니다.
2026-06-08 12:16:44,955 - INFO - 계좌 예수금: 9580209원
2026-06-08 12:16:44,955 - INFO - [005930] 보유: 1주, 매도 가능: 0주, 평단가: 312,500원
2026-06-08 12:16:44,967 - INFO - 미실현 손익: -2,500원 (-0.80%), 최고 수익률: 0.32%
2026-06-08 12:16:44,982 - INFO - 보유 수량(1)에 대해 매도 주문(0000019776)이 진행 중입니다.
2026-06-08 12:16:44,982 - INFO - 60초 후 다음 확인을 진행합니다. (현재 상태: SELLING)
2026-06-08 12:17:45,614 - INFO - [005930] 현재가: 310250, 고가: 315500, 저가: 292500
2026-06-08 12:17:45,614 - WARNING - ⚠️ 주문 고착 감지: 가격 이탈 (현재가:310,250, 목표가:315,000, 차이:4,750). 주문 취소를 시도합니다.
2026-06-08 12:17:45,615 - INFO - [CANCEL] 주문 취소 요청: 005930, 주문번호: 0000019776
2026-06-08 12:17:46,159 - ERROR - POST 요청 실패 (VTTC0013U): 500 Server Error: Internal Server Error for url: https://openapivts.koreainvestment.com:29443/uapi/domestic-stock/v1/trading/order-rvsecncl
2026-06-08 12:17:46,159 - ERROR - 상세 에러: {"rt_cd":"1","msg1":"초당 거래건수를 초과하였습니다.","msg_cd":"EGW00201","message":"EGW00201"}
2026-06-08 12:17:46,161 - ERROR - 주문 취소 실패: 응답 없음
2026-06-08 12:17:46,162 - ERROR - 주문 취소 실패. 다음 루프에서 재시도합니다.
2026-06-08 12:17:51,943 - INFO - 계좌 예수금: 9580209원
2026-06-08 12:17:51,944 - INFO - [005930] 보유: 1주, 매도 가능: 0주, 평단가: 312,500원
2026-06-08 12:17:51,954 - INFO - 미실현 손익: -2,250원 (-0.72%), 최고 수익률: 0.32%
2026-06-08 12:17:51,969 - INFO - 보유 수량(1)에 대해 매도 주문(0000019776)이 진행 중입니다.
2026-06-08 12:17:51,969 - INFO - 60초 후 다음 확인을 진행합니다. (현재 상태: SELLING)
2026-06-08 12:18:52,133 - INFO - [005930] 현재가: 309000, 고가: 315500, 저가: 292500
2026-06-08 12:18:52,134 - WARNING - ⚠️ 주문 고착 감지: 가격 이탈 (현재가:309,000, 목표가:315,000, 차이:6,000). 주문 취소를 시도합니다.
2026-06-08 12:18:52,134 - INFO - [CANCEL] 주문 취소 요청: 005930, 주문번호: 0000019776
2026-06-08 12:18:52,610 - INFO - 주문 취소 성공! (원주문: 0000019776)
2026-06-08 12:18:52,635 - INFO - 상태 전환 완료: HOLDING
2026-06-08 12:18:56,564 - INFO - 계좌 예수금: 9580209원
2026-06-08 12:18:56,564 - INFO - [005930] 보유: 1주, 매도 가능: 1주, 평단가: 312,500원
2026-06-08 12:18:56,576 - INFO - 미실현 손익: -3,500원 (-1.12%), 최고 수익률: 0.32%
2026-06-08 12:18:56,590 - INFO - 매도 조건 충족: 평단가(312,500), 현재가(309,000) -> 목표가(315,000원) (보수적 상향 보정)
2026-06-08 12:18:56,590 - INFO - [SELL] 주문 요청: 005930, 1주, 315000원
2026-06-08 12:18:56,908 - INFO - 주문 성공! 주문번호: 0000019957
2026-06-08 12:18:56,937 - INFO - 60초 후 다음 확인을 진행합니다. (현재 상태: SELLING)
2026-06-08 12:19:57,043 - INFO - [005930] 현재가: 308500, 고가: 315500, 저가: 292500
2026-06-08 12:19:57,043 - WARNING - ⚠️ 주문 고착 감지: 가격 이탈 (현재가:308,500, 목표가:315,000, 차이:6,500). 주문 취소를 시도합니다.
2026-06-08 12:19:57,043 - INFO - [CANCEL] 주문 취소 요청: 005930, 주문번호: 0000019957
2026-06-08 12:19:57,569 - INFO - 주문 취소 성공! (원주문: 0000019957)
2026-06-08 12:19:57,593 - INFO - 상태 전환 완료: HOLDING
2026-06-08 12:20:01,677 - INFO - 계좌 예수금: 9580209원
2026-06-08 12:20:01,678 - INFO - [005930] 보유: 1주, 매도 가능: 1주, 평단가: 312,500원
2026-06-08 12:20:01,686 - INFO - 미실현 손익: -4,000원 (-1.28%), 최고 수익률: 0.32%
2026-06-08 12:20:01,700 - INFO - 매도 조건 충족: 평단가(312,500), 현재가(308,500) -> 목표가(315,000원) (보수적 상향 보정)
2026-06-08 12:20:01,701 - INFO - [SELL] 주문 요청: 005930, 1주, 315000원
2026-06-08 12:20:02,744 - INFO - 주문 성공! 주문번호: 0000020022
2026-06-08 12:20:02,769 - INFO - 60초 후 다음 확인을 진행합니다. (현재 상태: SELLING)
2026-06-08 12:21:04,538 - INFO - [005930] 현재가: 309000, 고가: 315500, 저가: 292500
2026-06-08 12:21:04,538 - WARNING - ⚠️ 주문 고착 감지: 가격 이탈 (현재가:309,000, 목표가:315,000, 차이:6,000). 주문 취소를 시도합니다.
2026-06-08 12:21:04,538 - INFO - [CANCEL] 주문 취소 요청: 005930, 주문번호: 0000020022
2026-06-08 12:21:05,347 - INFO - 주문 취소 성공! (원주문: 0000020022)
2026-06-08 12:21:05,373 - INFO - 상태 전환 완료: HOLDING
2026-06-08 12:21:11,961 - INFO - 계좌 예수금: 9580209원
2026-06-08 12:21:11,962 - INFO - [005930] 보유: 1주, 매도 가능: 1주, 평단가: 312,500원
2026-06-08 12:21:11,973 - INFO - 미실현 손익: -3,500원 (-1.12%), 최고 수익률: 0.32%
2026-06-08 12:21:11,987 - INFO - 매도 조건 충족: 평단가(312,500), 현재가(309,000) -> 목표가(315,000원) (보수적 상향 보정)
2026-06-08 12:21:11,988 - INFO - [SELL] 주문 요청: 005930, 1주, 315000원
2026-06-08 12:21:14,189 - INFO - 주문 성공! 주문번호: 0000020089
2026-06-08 12:21:14,214 - INFO - 60초 후 다음 확인을 진행합니다. (현재 상태: SELLING)
2026-06-08 12:22:16,805 - INFO - [005930] 현재가: 310000, 고가: 315500, 저가: 292500
2026-06-08 12:22:16,805 - WARNING - ⚠️ 주문 고착 감지: 가격 이탈 (현재가:310,000, 목표가:315,000, 차이:5,000). 주문 취소를 시도합니다.
2026-06-08 12:22:16,806 - INFO - [CANCEL] 주문 취소 요청: 005930, 주문번호: 0000020089
2026-06-08 12:22:16,936 - INFO - 주문 취소 성공! (원주문: 0000020089)
2026-06-08 12:22:16,963 - INFO - 상태 전환 완료: HOLDING
2026-06-08 12:22:23,843 - INFO - 계좌 예수금: 9580209원
2026-06-08 12:22:23,844 - INFO - [005930] 보유: 1주, 매도 가능: 1주, 평단가: 312,500원
2026-06-08 12:22:23,854 - INFO - 미실현 손익: -2,500원 (-0.80%), 최고 수익률: 0.32%
2026-06-08 12:22:23,869 - INFO - 매도 조건 충족: 평단가(312,500), 현재가(310,000) -> 목표가(315,000원) (보수적 상향 보정)
2026-06-08 12:22:23,869 - INFO - [SELL] 주문 요청: 005930, 1주, 315000원
2026-06-08 12:22:23,981 - INFO - 주문 성공! 주문번호: 0000020141
2026-06-08 12:22:24,006 - INFO - 60초 후 다음 확인을 진행합니다. (현재 상태: SELLING)
2026-06-08 12:23:25,794 - INFO - [005930] 현재가: 311000, 고가: 315500, 저가: 292500
2026-06-08 12:23:25,794 - WARNING - ⚠️ 주문 고착 감지: 가격 이탈 (현재가:311,000, 목표가:315,000, 차이:4,000). 주문 취소를 시도합니다.
2026-06-08 12:23:25,794 - INFO - [CANCEL] 주문 취소 요청: 005930, 주문번호: 0000020141
2026-06-08 12:23:27,538 - INFO - 주문 취소 성공! (원주문: 0000020141)
2026-06-08 12:23:27,562 - INFO - 상태 전환 완료: HOLDING
2026-06-08 12:23:31,156 - INFO - 계좌 예수금: 9580209원
2026-06-08 12:23:31,157 - INFO - [005930] 보유: 1주, 매도 가능: 1주, 평단가: 312,500원
2026-06-08 12:23:31,168 - INFO - 미실현 손익: -1,500원 (-0.48%), 최고 수익률: 0.32%
2026-06-08 12:23:31,183 - INFO - 매도 조건 충족: 평단가(312,500), 현재가(311,000) -> 목표가(315,000원) (보수적 상향 보정)
2026-06-08 12:23:31,184 - INFO - [SELL] 주문 요청: 005930, 1주, 315000원
2026-06-08 12:23:31,368 - INFO - 주문 성공! 주문번호: 0000020203
2026-06-08 12:23:31,392 - INFO - 60초 후 다음 확인을 진행합니다. (현재 상태: SELLING)
2026-06-08 12:24:35,372 - INFO - [005930] 현재가: 311000, 고가: 315500, 저가: 292500
2026-06-08 12:24:35,373 - WARNING - ⚠️ 주문 고착 감지: 가격 이탈 (현재가:311,000, 목표가:315,000, 차이:4,000). 주문 취소를 시도합니다.
2026-06-08 12:24:35,373 - INFO - [CANCEL] 주문 취소 요청: 005930, 주문번호: 0000020203
2026-06-08 12:24:35,512 - INFO - 주문 취소 성공! (원주문: 0000020203)
2026-06-08 12:24:35,543 - INFO - 상태 전환 완료: HOLDING
2026-06-08 12:24:43,267 - INFO - 계좌 예수금: 9580209원
2026-06-08 12:24:43,267 - INFO - [005930] 보유: 1주, 매도 가능: 1주, 평단가: 312,500원
2026-06-08 12:24:43,280 - INFO - 미실현 손익: -1,500원 (-0.48%), 최고 수익률: 0.32%
2026-06-08 12:24:43,294 - INFO - 매도 조건 충족: 평단가(312,500), 현재가(311,000) -> 목표가(315,000원) (보수적 상향 보정)
2026-06-08 12:24:43,295 - INFO - [SELL] 주문 요청: 005930, 1주, 315000원
2026-06-08 12:24:44,404 - INFO - 주문 성공! 주문번호: 0000020279
2026-06-08 12:24:44,432 - INFO - 60초 후 다음 확인을 진행합니다. (현재 상태: SELLING)
2026-06-08 12:25:46,426 - INFO - [005930] 현재가: 311500, 고가: 315500, 저가: 292500
2026-06-08 12:25:46,427 - WARNING - ⚠️ 주문 고착 감지: 가격 이탈 (현재가:311,500, 목표가:315,000, 차이:3,500). 주문 취소를 시도합니다.
2026-06-08 12:25:46,427 - INFO - [CANCEL] 주문 취소 요청: 005930, 주문번호: 0000020279
2026-06-08 12:25:49,149 - INFO - 주문 취소 성공! (원주문: 0000020279)
2026-06-08 12:25:49,174 - INFO - 상태 전환 완료: HOLDING
2026-06-08 12:25:55,847 - INFO - 계좌 예수금: 9580209원
2026-06-08 12:25:55,848 - INFO - [005930] 보유: 1주, 매도 가능: 1주, 평단가: 312,500원
2026-06-08 12:25:55,858 - INFO - 미실현 손익: -1,000원 (-0.32%), 최고 수익률: 0.32%
2026-06-08 12:25:55,873 - INFO - 매도 조건 충족: 평단가(312,500), 현재가(311,500) -> 목표가(315,000원) (보수적 상향 보정)
2026-06-08 12:25:55,873 - INFO - [SELL] 주문 요청: 005930, 1주, 315000원
2026-06-08 12:25:56,009 - INFO - 주문 성공! 주문번호: 0000020354
2026-06-08 12:25:56,033 - INFO - 60초 후 다음 확인을 진행합니다. (현재 상태: SELLING)
2026-06-08 12:26:56,568 - INFO - [005930] 현재가: 311000, 고가: 315500, 저가: 292500
2026-06-08 12:26:56,568 - WARNING - ⚠️ 주문 고착 감지: 가격 이탈 (현재가:311,000, 목표가:315,000, 차이:4,000). 주문 취소를 시도합니다.
2026-06-08 12:26:56,568 - INFO - [CANCEL] 주문 취소 요청: 005930, 주문번호: 0000020354
2026-06-08 12:26:56,670 - INFO - 주문 취소 성공! (원주문: 0000020354)
2026-06-08 12:26:56,695 - INFO - 상태 전환 완료: HOLDING
2026-06-08 12:27:01,557 - INFO - 계좌 예수금: 9580209원
2026-06-08 12:27:01,557 - INFO - [005930] 보유: 1주, 매도 가능: 1주, 평단가: 312,500원
2026-06-08 12:27:01,569 - INFO - 미실현 손익: -1,500원 (-0.48%), 최고 수익률: 0.32%
2026-06-08 12:27:01,584 - INFO - 매도 조건 충족: 평단가(312,500), 현재가(311,000) -> 목표가(315,000원) (보수적 상향 보정)
2026-06-08 12:27:01,585 - INFO - [SELL] 주문 요청: 005930, 1주, 315000원
2026-06-08 12:27:01,725 - INFO - 주문 성공! 주문번호: 0000020414
2026-06-08 12:27:01,750 - INFO - 60초 후 다음 확인을 진행합니다. (현재 상태: SELLING)
2026-06-08 12:28:01,878 - INFO - [005930] 현재가: 311000, 고가: 315500, 저가: 292500
2026-06-08 12:28:01,878 - WARNING - ⚠️ 주문 고착 감지: 가격 이탈 (현재가:311,000, 목표가:315,000, 차이:4,000). 주문 취소를 시도합니다.
2026-06-08 12:28:01,879 - INFO - [CANCEL] 주문 취소 요청: 005930, 주문번호: 0000020414
2026-06-08 12:28:05,012 - INFO - 주문 취소 성공! (원주문: 0000020414)
2026-06-08 12:28:05,039 - INFO - 상태 전환 완료: HOLDING
2026-06-08 12:28:08,607 - INFO - 계좌 예수금: 9580209원
2026-06-08 12:28:08,607 - INFO - [005930] 보유: 1주, 매도 가능: 1주, 평단가: 312,500원
2026-06-08 12:28:08,619 - INFO - 미실현 손익: -1,500원 (-0.48%), 최고 수익률: 0.32%
2026-06-08 12:28:08,632 - INFO - 매도 조건 충족: 평단가(312,500), 현재가(311,000) -> 목표가(315,000원) (보수적 상향 보정)
2026-06-08 12:28:08,633 - INFO - [SELL] 주문 요청: 005930, 1주, 315000원
2026-06-08 12:28:08,782 - INFO - 주문 성공! 주문번호: 0000020495
2026-06-08 12:28:08,807 - INFO - 60초 후 다음 확인을 진행합니다. (현재 상태: SELLING)
2026-06-08 12:29:10,669 - INFO - [005930] 현재가: 310250, 고가: 315500, 저가: 292500
2026-06-08 12:29:10,670 - WARNING - ⚠️ 주문 고착 감지: 가격 이탈 (현재가:310,250, 목표가:315,000, 차이:4,750). 주문 취소를 시도합니다.
2026-06-08 12:29:10,670 - INFO - [CANCEL] 주문 취소 요청: 005930, 주문번호: 0000020495
2026-06-08 12:29:11,503 - INFO - 주문 취소 성공! (원주문: 0000020495)
2026-06-08 12:29:11,531 - INFO - 상태 전환 완료: HOLDING
2026-06-08 12:29:17,412 - INFO - 계좌 예수금: 9580209원
2026-06-08 12:29:17,412 - INFO - [005930] 보유: 1주, 매도 가능: 1주, 평단가: 312,500원
2026-06-08 12:29:17,424 - INFO - 미실현 손익: -2,250원 (-0.72%), 최고 수익률: 0.32%
2026-06-08 12:29:17,438 - INFO - 매도 조건 충족: 평단가(312,500), 현재가(310,250) -> 목표가(315,000원) (보수적 상향 보정)
2026-06-08 12:29:17,438 - INFO - [SELL] 주문 요청: 005930, 1주, 315000원
2026-06-08 12:29:18,021 - INFO - 주문 성공! 주문번호: 0000020575
2026-06-08 12:29:18,057 - INFO - 자가 최적화 기록 완료: C:\Users\witpo\OneDrive\바탕 화면\YONSEI\26-1\ECO4126 인공지능과금융공학\open-trading-api\self_optimization_history
2026-06-08 12:29:18,069 - INFO - 60초 후 다음 확인을 진행합니다. (현재 상태: SELLING)
2026-06-08 12:30:23,079 - INFO - [005930] 현재가: 311000, 고가: 315500, 저가: 292500
2026-06-08 12:30:23,080 - WARNING - ⚠️ 주문 고착 감지: 가격 이탈 (현재가:311,000, 목표가:315,000, 차이:4,000). 주문 취소를 시도합니다.
2026-06-08 12:30:23,080 - INFO - [CANCEL] 주문 취소 요청: 005930, 주문번호: 0000020575
2026-06-08 12:30:27,487 - INFO - 주문 취소 성공! (원주문: 0000020575)
2026-06-08 12:30:27,512 - INFO - 상태 전환 완료: HOLDING
2026-06-08 12:30:32,535 - INFO - 계좌 예수금: 9580209원
2026-06-08 12:30:32,535 - INFO - [005930] 보유: 1주, 매도 가능: 1주, 평단가: 312,500원
2026-06-08 12:30:32,546 - INFO - 미실현 손익: -1,500원 (-0.48%), 최고 수익률: 0.32%
2026-06-08 12:30:32,561 - INFO - 매도 조건 충족: 평단가(312,500), 현재가(311,000) -> 목표가(314,500원) (보수적 상향 보정)
2026-06-08 12:30:32,561 - INFO - [SELL] 주문 요청: 005930, 1주, 314500원
2026-06-08 12:30:36,337 - INFO - 주문 성공! 주문번호: 0000020651
2026-06-08 12:30:36,366 - INFO - 60초 후 다음 확인을 진행합니다. (현재 상태: SELLING)
2026-06-08 12:31:37,449 - INFO - [005930] 현재가: 310750, 고가: 315500, 저가: 292500
2026-06-08 12:31:37,450 - WARNING - ⚠️ 주문 고착 감지: 가격 이탈 (현재가:310,750, 목표가:314,500, 차이:3,750). 주문 취소를 시도합니다.
2026-06-08 12:31:37,450 - INFO - [CANCEL] 주문 취소 요청: 005930, 주문번호: 0000020651
2026-06-08 12:31:37,579 - INFO - 주문 취소 성공! (원주문: 0000020651)
2026-06-08 12:31:37,604 - INFO - 상태 전환 완료: HOLDING
2026-06-08 12:31:41,735 - INFO - 계좌 예수금: 9580209원
2026-06-08 12:31:41,735 - INFO - [005930] 보유: 1주, 매도 가능: 1주, 평단가: 312,500원
2026-06-08 12:31:41,746 - INFO - 미실현 손익: -1,750원 (-0.56%), 최고 수익률: 0.32%
2026-06-08 12:31:41,760 - INFO - 매도 조건 충족: 평단가(312,500), 현재가(310,750) -> 목표가(314,500원) (보수적 상향 보정)
2026-06-08 12:31:41,760 - INFO - [SELL] 주문 요청: 005930, 1주, 314500원
2026-06-08 12:31:43,128 - INFO - 주문 성공! 주문번호: 0000020768
2026-06-08 12:31:43,155 - INFO - 60초 후 다음 확인을 진행합니다. (현재 상태: SELLING)
2026-06-08 12:32:43,271 - INFO - [005930] 현재가: 310500, 고가: 315500, 저가: 292500
2026-06-08 12:32:43,272 - WARNING - ⚠️ 주문 고착 감지: 가격 이탈 (현재가:310,500, 목표가:314,500, 차이:4,000). 주문 취소를 시도합니다.
2026-06-08 12:32:43,272 - INFO - [CANCEL] 주문 취소 요청: 005930, 주문번호: 0000020768
2026-06-08 12:32:43,755 - ERROR - POST 요청 실패 (VTTC0013U): 500 Server Error: Internal Server Error for url: https://openapivts.koreainvestment.com:29443/uapi/domestic-stock/v1/trading/order-rvsecncl
2026-06-08 12:32:43,756 - ERROR - 상세 에러: {"rt_cd":"1","msg1":"초당 거래건수를 초과하였습니다.","msg_cd":"EGW00201","message":"EGW00201"}
2026-06-08 12:32:43,757 - ERROR - 주문 취소 실패: 응답 없음
2026-06-08 12:32:43,758 - ERROR - 주문 취소 실패. 다음 루프에서 재시도합니다.
2026-06-08 12:32:45,630 - INFO - 계좌 예수금: 9580209원
2026-06-08 12:32:45,631 - INFO - [005930] 보유: 1주, 매도 가능: 0주, 평단가: 312,500원
2026-06-08 12:32:45,642 - INFO - 미실현 손익: -2,000원 (-0.64%), 최고 수익률: 0.32%
2026-06-08 12:32:45,657 - INFO - 보유 수량(1)에 대해 매도 주문(0000020768)이 진행 중입니다.
2026-06-08 12:32:45,657 - INFO - 60초 후 다음 확인을 진행합니다. (현재 상태: SELLING)
2026-06-08 12:33:45,804 - INFO - [005930] 현재가: 310500, 고가: 315500, 저가: 292500
2026-06-08 12:33:45,805 - WARNING - ⚠️ 주문 고착 감지: 가격 이탈 (현재가:310,500, 목표가:314,500, 차이:4,000). 주문 취소를 시도합니다.
2026-06-08 12:33:45,805 - INFO - [CANCEL] 주문 취소 요청: 005930, 주문번호: 0000020768
2026-06-08 12:33:46,269 - INFO - 주문 취소 성공! (원주문: 0000020768)
2026-06-08 12:33:46,297 - INFO - 상태 전환 완료: HOLDING
2026-06-08 12:33:49,988 - INFO - 계좌 예수금: 9580209원
2026-06-08 12:33:49,988 - INFO - [005930] 보유: 1주, 매도 가능: 1주, 평단가: 312,500원
2026-06-08 12:33:50,001 - INFO - 미실현 손익: -2,000원 (-0.64%), 최고 수익률: 0.32%
2026-06-08 12:33:50,016 - INFO - 매도 조건 충족: 평단가(312,500), 현재가(310,500) -> 목표가(314,500원) (보수적 상향 보정)
2026-06-08 12:33:50,016 - INFO - [SELL] 주문 요청: 005930, 1주, 314500원
2026-06-08 12:33:50,257 - INFO - 주문 성공! 주문번호: 0000020976
2026-06-08 12:33:50,283 - INFO - 60초 후 다음 확인을 진행합니다. (현재 상태: SELLING)
2026-06-08 12:34:50,404 - INFO - [005930] 현재가: 310500, 고가: 315500, 저가: 292500
2026-06-08 12:34:50,405 - WARNING - ⚠️ 주문 고착 감지: 가격 이탈 (현재가:310,500, 목표가:314,500, 차이:4,000). 주문 취소를 시도합니다.
2026-06-08 12:34:50,405 - INFO - [CANCEL] 주문 취소 요청: 005930, 주문번호: 0000020976
2026-06-08 12:34:50,865 - ERROR - POST 요청 실패 (VTTC0013U): 500 Server Error: Internal Server Error for url: https://openapivts.koreainvestment.com:29443/uapi/domestic-stock/v1/trading/order-rvsecncl
2026-06-08 12:34:50,866 - ERROR - 상세 에러: {"rt_cd":"1","msg1":"초당 거래건수를 초과하였습니다.","msg_cd":"EGW00201","message":"EGW00201"}
2026-06-08 12:34:50,868 - ERROR - 주문 취소 실패: 응답 없음
2026-06-08 12:34:50,868 - ERROR - 주문 취소 실패. 다음 루프에서 재시도합니다.
2026-06-08 12:34:57,334 - INFO - 계좌 예수금: 9580209원
2026-06-08 12:34:57,335 - INFO - [005930] 보유: 1주, 매도 가능: 0주, 평단가: 312,500원
2026-06-08 12:34:57,347 - INFO - 미실현 손익: -2,000원 (-0.64%), 최고 수익률: 0.32%
2026-06-08 12:34:57,360 - INFO - 보유 수량(1)에 대해 매도 주문(0000020976)이 진행 중입니다.
2026-06-08 12:34:57,360 - INFO - 60초 후 다음 확인을 진행합니다. (현재 상태: SELLING)
2026-06-08 12:35:58,570 - INFO - [005930] 현재가: 310750, 고가: 315500, 저가: 292500
2026-06-08 12:35:58,571 - WARNING - ⚠️ 주문 고착 감지: 가격 이탈 (현재가:310,750, 목표가:314,500, 차이:3,750). 주문 취소를 시도합니다.
2026-06-08 12:35:58,571 - INFO - [CANCEL] 주문 취소 요청: 005930, 주문번호: 0000020976
2026-06-08 12:35:58,700 - INFO - 주문 취소 성공! (원주문: 0000020976)
2026-06-08 12:35:58,724 - INFO - 상태 전환 완료: HOLDING
2026-06-08 12:36:03,908 - INFO - 계좌 예수금: 9580209원
2026-06-08 12:36:03,908 - INFO - [005930] 보유: 1주, 매도 가능: 1주, 평단가: 312,500원
2026-06-08 12:36:03,921 - INFO - 미실현 손익: -1,750원 (-0.56%), 최고 수익률: 0.32%
2026-06-08 12:36:03,938 - INFO - 매도 조건 충족: 평단가(312,500), 현재가(310,750) -> 목표가(314,500원) (보수적 상향 보정)
2026-06-08 12:36:03,938 - INFO - [SELL] 주문 요청: 005930, 1주, 314500원
2026-06-08 12:36:05,093 - INFO - 주문 성공! 주문번호: 0000021133
2026-06-08 12:36:05,119 - INFO - 60초 후 다음 확인을 진행합니다. (현재 상태: SELLING)
2026-06-08 12:37:06,900 - INFO - [005930] 현재가: 311000, 고가: 315500, 저가: 292500
2026-06-08 12:37:06,901 - WARNING - ⚠️ 주문 고착 감지: 가격 이탈 (현재가:311,000, 목표가:314,500, 차이:3,500). 주문 취소를 시도합니다.
2026-06-08 12:37:06,901 - INFO - [CANCEL] 주문 취소 요청: 005930, 주문번호: 0000021133
2026-06-08 12:37:07,172 - INFO - 주문 취소 성공! (원주문: 0000021133)
2026-06-08 12:37:07,200 - INFO - 상태 전환 완료: HOLDING
2026-06-08 12:37:15,009 - INFO - 계좌 예수금: 9580209원
2026-06-08 12:37:15,009 - INFO - [005930] 보유: 1주, 매도 가능: 1주, 평단가: 312,500원
2026-06-08 12:37:15,020 - INFO - 미실현 손익: -1,500원 (-0.48%), 최고 수익률: 0.32%
2026-06-08 12:37:15,034 - INFO - 매도 조건 충족: 평단가(312,500), 현재가(311,000) -> 목표가(314,500원) (보수적 상향 보정)
2026-06-08 12:37:15,035 - INFO - [SELL] 주문 요청: 005930, 1주, 314500원
2026-06-08 12:37:15,174 - INFO - 주문 성공! 주문번호: 0000021202
2026-06-08 12:37:15,199 - INFO - 60초 후 다음 확인을 진행합니다. (현재 상태: SELLING)
2026-06-08 12:38:16,664 - INFO - [005930] 현재가: 311000, 고가: 315500, 저가: 292500
2026-06-08 12:38:16,665 - WARNING - ⚠️ 주문 고착 감지: 가격 이탈 (현재가:311,000, 목표가:314,500, 차이:3,500). 주문 취소를 시도합니다.
2026-06-08 12:38:16,665 - INFO - [CANCEL] 주문 취소 요청: 005930, 주문번호: 0000021202
2026-06-08 12:38:17,808 - INFO - 주문 취소 성공! (원주문: 0000021202)
2026-06-08 12:38:17,834 - INFO - 상태 전환 완료: HOLDING
2026-06-08 12:38:21,986 - INFO - 계좌 예수금: 9580209원
2026-06-08 12:38:21,986 - INFO - [005930] 보유: 1주, 매도 가능: 1주, 평단가: 312,500원
2026-06-08 12:38:21,998 - INFO - 미실현 손익: -1,500원 (-0.48%), 최고 수익률: 0.32%
2026-06-08 12:38:22,012 - INFO - 매도 조건 충족: 평단가(312,500), 현재가(311,000) -> 목표가(314,500원) (보수적 상향 보정)
2026-06-08 12:38:22,012 - INFO - [SELL] 주문 요청: 005930, 1주, 314500원
2026-06-08 12:38:22,792 - INFO - 주문 성공! 주문번호: 0000021257
2026-06-08 12:38:22,819 - INFO - 60초 후 다음 확인을 진행합니다. (현재 상태: SELLING)
2026-06-08 12:39:22,928 - INFO - [005930] 현재가: 311500, 고가: 315500, 저가: 292500
2026-06-08 12:39:22,928 - WARNING - ⚠️ 주문 고착 감지: 가격 이탈 (현재가:311,500, 목표가:314,500, 차이:3,000). 주문 취소를 시도합니다.
2026-06-08 12:39:22,928 - INFO - [CANCEL] 주문 취소 요청: 005930, 주문번호: 0000021257
2026-06-08 12:39:23,450 - INFO - 주문 취소 성공! (원주문: 0000021257)
2026-06-08 12:39:23,482 - INFO - 상태 전환 완료: HOLDING
2026-06-08 12:39:27,737 - INFO - 계좌 예수금: 9580209원
2026-06-08 12:39:27,737 - INFO - [005930] 보유: 1주, 매도 가능: 1주, 평단가: 312,500원
2026-06-08 12:39:27,749 - INFO - 미실현 손익: -1,000원 (-0.32%), 최고 수익률: 0.32%
2026-06-08 12:39:27,763 - INFO - 매도 조건 충족: 평단가(312,500), 현재가(311,500) -> 목표가(314,500원) (보수적 상향 보정)
2026-06-08 12:39:27,763 - INFO - [SELL] 주문 요청: 005930, 1주, 314500원
2026-06-08 12:39:27,903 - INFO - 주문 성공! 주문번호: 0000021328
2026-06-08 12:39:27,927 - INFO - 60초 후 다음 확인을 진행합니다. (현재 상태: SELLING)
2026-06-08 12:40:30,892 - INFO - [005930] 현재가: 311250, 고가: 315500, 저가: 292500
2026-06-08 12:40:30,893 - WARNING - ⚠️ 주문 고착 감지: 가격 이탈 (현재가:311,250, 목표가:314,500, 차이:3,250). 주문 취소를 시도합니다.
2026-06-08 12:40:30,893 - INFO - [CANCEL] 주문 취소 요청: 005930, 주문번호: 0000021328
2026-06-08 12:40:33,429 - INFO - 주문 취소 성공! (원주문: 0000021328)
2026-06-08 12:40:33,473 - INFO - 상태 전환 완료: HOLDING
2026-06-08 12:40:40,905 - INFO - 계좌 예수금: 9580209원
2026-06-08 12:40:40,906 - INFO - [005930] 보유: 1주, 매도 가능: 1주, 평단가: 312,500원
2026-06-08 12:40:40,923 - INFO - 미실현 손익: -1,250원 (-0.40%), 최고 수익률: 0.32%
2026-06-08 12:40:40,951 - INFO - 매도 조건 충족: 평단가(312,500), 현재가(311,250) -> 목표가(314,500원) (보수적 상향 보정)
2026-06-08 12:40:40,952 - INFO - [SELL] 주문 요청: 005930, 1주, 314500원
2026-06-08 12:40:41,127 - INFO - 주문 성공! 주문번호: 0000021393
2026-06-08 12:40:41,170 - INFO - 60초 후 다음 확인을 진행합니다. (현재 상태: SELLING)
2026-06-08 12:41:41,299 - INFO - [005930] 현재가: 311500, 고가: 315500, 저가: 292500
2026-06-08 12:41:41,300 - WARNING - ⚠️ 주문 고착 감지: 가격 이탈 (현재가:311,500, 목표가:314,500, 차이:3,000). 주문 취소를 시도합니다.
2026-06-08 12:41:41,300 - INFO - [CANCEL] 주문 취소 요청: 005930, 주문번호: 0000021393
2026-06-08 12:41:41,766 - ERROR - POST 요청 실패 (VTTC0013U): 500 Server Error: Internal Server Error for url: https://openapivts.koreainvestment.com:29443/uapi/domestic-stock/v1/trading/order-rvsecncl
2026-06-08 12:41:41,766 - ERROR - 상세 에러: {"rt_cd":"1","msg1":"초당 거래건수를 초과하였습니다.","msg_cd":"EGW00201","message":"EGW00201"}
2026-06-08 12:41:41,770 - ERROR - 주문 취소 실패: 응답 없음
2026-06-08 12:41:41,770 - ERROR - 주문 취소 실패. 다음 루프에서 재시도합니다.
2026-06-08 12:41:48,799 - INFO - 계좌 예수금: 9580209원
2026-06-08 12:41:48,799 - INFO - [005930] 보유: 1주, 매도 가능: 0주, 평단가: 312,500원
2026-06-08 12:41:48,815 - INFO - 미실현 손익: -1,000원 (-0.32%), 최고 수익률: 0.32%
2026-06-08 12:41:48,848 - INFO - 보유 수량(1)에 대해 매도 주문(0000021393)이 진행 중입니다.
2026-06-08 12:41:48,849 - INFO - 60초 후 다음 확인을 진행합니다. (현재 상태: SELLING)
2026-06-08 12:42:48,955 - INFO - [005930] 현재가: 311500, 고가: 315500, 저가: 292500
2026-06-08 12:42:48,956 - WARNING - ⚠️ 주문 고착 감지: 가격 이탈 (현재가:311,500, 목표가:314,500, 차이:3,000). 주문 취소를 시도합니다.
2026-06-08 12:42:48,956 - INFO - [CANCEL] 주문 취소 요청: 005930, 주문번호: 0000021393
2026-06-08 12:42:49,527 - INFO - 주문 취소 성공! (원주문: 0000021393)
2026-06-08 12:42:49,571 - INFO - 상태 전환 완료: HOLDING
2026-06-08 12:42:52,518 - INFO - 계좌 예수금: 9580209원
2026-06-08 12:42:52,519 - INFO - [005930] 보유: 1주, 매도 가능: 1주, 평단가: 312,500원
2026-06-08 12:42:52,537 - INFO - 미실현 손익: -1,000원 (-0.32%), 최고 수익률: 0.32%
2026-06-08 12:42:52,564 - INFO - 매도 조건 충족: 평단가(312,500), 현재가(311,500) -> 목표가(314,500원) (보수적 상향 보정)
2026-06-08 12:42:52,565 - INFO - [SELL] 주문 요청: 005930, 1주, 314500원
2026-06-08 12:42:52,708 - INFO - 주문 성공! 주문번호: 0000021536
2026-06-08 12:42:52,751 - INFO - 60초 후 다음 확인을 진행합니다. (현재 상태: SELLING)
2026-06-08 12:43:52,866 - INFO - [005930] 현재가: 311000, 고가: 315500, 저가: 292500
2026-06-08 12:43:52,867 - WARNING - ⚠️ 주문 고착 감지: 가격 이탈 (현재가:311,000, 목표가:314,500, 차이:3,500). 주문 취소를 시도합니다.
2026-06-08 12:43:52,867 - INFO - [CANCEL] 주문 취소 요청: 005930, 주문번호: 0000021536
2026-06-08 12:43:54,782 - INFO - 주문 취소 성공! (원주문: 0000021536)
2026-06-08 12:43:54,827 - INFO - 상태 전환 완료: HOLDING
2026-06-08 12:43:58,877 - INFO - 계좌 예수금: 9580209원
2026-06-08 12:43:58,878 - INFO - [005930] 보유: 1주, 매도 가능: 1주, 평단가: 312,500원
2026-06-08 12:43:58,896 - INFO - 미실현 손익: -1,500원 (-0.48%), 최고 수익률: 0.32%
2026-06-08 12:43:58,923 - INFO - 매도 조건 충족: 평단가(312,500), 현재가(311,000) -> 목표가(314,500원) (보수적 상향 보정)
2026-06-08 12:43:58,923 - INFO - [SELL] 주문 요청: 005930, 1주, 314500원
2026-06-08 12:43:59,594 - INFO - 주문 성공! 주문번호: 0000021631
2026-06-08 12:43:59,641 - INFO - 60초 후 다음 확인을 진행합니다. (현재 상태: SELLING)
2026-06-08 12:45:02,061 - INFO - [005930] 현재가: 311500, 고가: 315500, 저가: 292500
2026-06-08 12:45:02,062 - WARNING - ⚠️ 주문 고착 감지: 가격 이탈 (현재가:311,500, 목표가:314,500, 차이:3,000). 주문 취소를 시도합니다.
2026-06-08 12:45:02,062 - INFO - [CANCEL] 주문 취소 요청: 005930, 주문번호: 0000021631
2026-06-08 12:45:02,470 - INFO - 주문 취소 성공! (원주문: 0000021631)
2026-06-08 12:45:02,515 - INFO - 상태 전환 완료: HOLDING
2026-06-08 12:45:08,676 - INFO - 계좌 예수금: 9580209원
2026-06-08 12:45:08,676 - INFO - [005930] 보유: 1주, 매도 가능: 1주, 평단가: 312,500원
2026-06-08 12:45:08,695 - INFO - 미실현 손익: -1,000원 (-0.32%), 최고 수익률: 0.32%
2026-06-08 12:45:08,727 - INFO - 매도 조건 충족: 평단가(312,500), 현재가(311,500) -> 목표가(314,500원) (보수적 상향 보정)
2026-06-08 12:45:08,728 - INFO - [SELL] 주문 요청: 005930, 1주, 314500원
2026-06-08 12:45:11,282 - INFO - 주문 성공! 주문번호: 0000021724
2026-06-08 12:45:11,325 - INFO - 60초 후 다음 확인을 진행합니다. (현재 상태: SELLING)
2026-06-08 12:46:14,671 - INFO - [005930] 현재가: 311500, 고가: 315500, 저가: 292500
2026-06-08 12:46:14,671 - WARNING - ⚠️ 주문 고착 감지: 가격 이탈 (현재가:311,500, 목표가:314,500, 차이:3,000). 주문 취소를 시도합니다.
2026-06-08 12:46:14,672 - INFO - [CANCEL] 주문 취소 요청: 005930, 주문번호: 0000021724
2026-06-08 12:46:17,648 - INFO - 주문 취소 성공! (원주문: 0000021724)
2026-06-08 12:46:17,689 - INFO - 상태 전환 완료: HOLDING
2026-06-08 12:46:20,706 - INFO - 계좌 예수금: 9580209원
2026-06-08 12:46:20,707 - INFO - [005930] 보유: 1주, 매도 가능: 1주, 평단가: 312,500원
2026-06-08 12:46:20,722 - INFO - 미실현 손익: -1,000원 (-0.32%), 최고 수익률: 0.32%
2026-06-08 12:46:20,746 - INFO - 매도 조건 충족: 평단가(312,500), 현재가(311,500) -> 목표가(314,500원) (보수적 상향 보정)
2026-06-08 12:46:20,747 - INFO - [SELL] 주문 요청: 005930, 1주, 314500원
2026-06-08 12:46:23,474 - INFO - 주문 성공! 주문번호: 0000021800
2026-06-08 12:46:23,519 - INFO - 60초 후 다음 확인을 진행합니다. (현재 상태: SELLING)
2026-06-08 12:47:24,813 - INFO - [005930] 현재가: 312000, 고가: 315500, 저가: 292500
2026-06-08 12:47:24,814 - WARNING - ⚠️ 주문 고착 감지: 가격 이탈 (현재가:312,000, 목표가:314,500, 차이:2,500). 주문 취소를 시도합니다.
2026-06-08 12:47:24,815 - INFO - [CANCEL] 주문 취소 요청: 005930, 주문번호: 0000021800
2026-06-08 12:47:25,805 - INFO - 주문 취소 성공! (원주문: 0000021800)
2026-06-08 12:47:25,848 - INFO - 상태 전환 완료: HOLDING
2026-06-08 12:47:30,863 - INFO - 계좌 예수금: 9580209원
2026-06-08 12:47:30,864 - INFO - [005930] 보유: 1주, 매도 가능: 1주, 평단가: 312,500원
2026-06-08 12:47:30,881 - INFO - 미실현 손익: -500원 (-0.16%), 최고 수익률: 0.32%
2026-06-08 12:47:30,906 - INFO - 매도 조건 충족: 평단가(312,500), 현재가(312,000) -> 목표가(314,500원) (보수적 상향 보정)
2026-06-08 12:47:30,907 - INFO - [SELL] 주문 요청: 005930, 1주, 314500원
2026-06-08 12:47:31,065 - INFO - 주문 성공! 주문번호: 0000021880
2026-06-08 12:47:31,108 - INFO - 60초 후 다음 확인을 진행합니다. (현재 상태: SELLING)
2026-06-08 12:48:33,323 - INFO - [005930] 현재가: 311500, 고가: 315500, 저가: 292500
2026-06-08 12:48:33,324 - WARNING - ⚠️ 주문 고착 감지: 가격 이탈 (현재가:311,500, 목표가:314,500, 차이:3,000). 주문 취소를 시도합니다.
2026-06-08 12:48:33,324 - INFO - [CANCEL] 주문 취소 요청: 005930, 주문번호: 0000021880
2026-06-08 12:48:35,473 - INFO - 주문 취소 성공! (원주문: 0000021880)
2026-06-08 12:48:35,517 - INFO - 상태 전환 완료: HOLDING
2026-06-08 12:48:41,924 - INFO - 계좌 예수금: 9580209원
2026-06-08 12:48:41,924 - INFO - [005930] 보유: 1주, 매도 가능: 1주, 평단가: 312,500원
2026-06-08 12:48:41,941 - INFO - 미실현 손익: -1,000원 (-0.32%), 최고 수익률: 0.32%
2026-06-08 12:48:41,969 - INFO - 매도 조건 충족: 평단가(312,500), 현재가(311,500) -> 목표가(314,500원) (보수적 상향 보정)
2026-06-08 12:48:41,969 - INFO - [SELL] 주문 요청: 005930, 1주, 314500원
2026-06-08 12:48:43,760 - INFO - 주문 성공! 주문번호: 0000021952
2026-06-08 12:48:43,816 - INFO - 60초 후 다음 확인을 진행합니다. (현재 상태: SELLING)
2026-06-08 12:49:43,935 - INFO - [005930] 현재가: 311000, 고가: 315500, 저가: 292500
2026-06-08 12:49:43,936 - WARNING - ⚠️ 주문 고착 감지: 가격 이탈 (현재가:311,000, 목표가:314,500, 차이:3,500). 주문 취소를 시도합니다.
2026-06-08 12:49:43,936 - INFO - [CANCEL] 주문 취소 요청: 005930, 주문번호: 0000021952
2026-06-08 12:49:44,461 - INFO - 주문 취소 성공! (원주문: 0000021952)
2026-06-08 12:49:44,505 - INFO - 상태 전환 완료: HOLDING
2026-06-08 12:49:48,796 - INFO - 계좌 예수금: 9580209원
2026-06-08 12:49:48,797 - INFO - [005930] 보유: 1주, 매도 가능: 1주, 평단가: 312,500원
2026-06-08 12:49:48,814 - INFO - 미실현 손익: -1,500원 (-0.48%), 최고 수익률: 0.32%
2026-06-08 12:49:48,860 - INFO - 자가 최적화 기록 완료: C:\Users\witpo\OneDrive\바탕 화면\YONSEI\26-1\ECO4126 인공지능과금융공학\open-trading-api\self_optimization_history
2026-06-08 12:49:48,862 - INFO - 매도 조건 충족: 평단가(312,500), 현재가(311,000) -> 목표가(314,500원) (보수적 상향 보정)
2026-06-08 12:49:48,862 - INFO - [SELL] 주문 요청: 005930, 1주, 314500원
2026-06-08 12:49:49,004 - INFO - 주문 성공! 주문번호: 0000022020
2026-06-08 12:49:49,067 - INFO - 60초 후 다음 확인을 진행합니다. (현재 상태: SELLING)
2026-06-08 12:50:50,648 - INFO - [005930] 현재가: 310500, 고가: 315500, 저가: 292500
2026-06-08 12:50:50,649 - WARNING - ⚠️ 주문 고착 감지: 가격 이탈 (현재가:310,500, 목표가:314,500, 차이:4,000). 주문 취소를 시도합니다.
2026-06-08 12:50:50,649 - INFO - [CANCEL] 주문 취소 요청: 005930, 주문번호: 0000022020
2026-06-08 12:50:50,795 - INFO - 주문 취소 성공! (원주문: 0000022020)
2026-06-08 12:50:50,840 - INFO - 상태 전환 완료: HOLDING
2026-06-08 12:50:55,209 - INFO - 계좌 예수금: 9580209원
2026-06-08 12:50:55,210 - INFO - [005930] 보유: 1주, 매도 가능: 1주, 평단가: 312,500원
2026-06-08 12:50:55,227 - INFO - 미실현 손익: -2,000원 (-0.64%), 최고 수익률: 0.32%
2026-06-08 12:50:55,254 - INFO - 매도 조건 충족: 평단가(312,500), 현재가(310,500) -> 목표가(315,000원) (보수적 상향 보정)
2026-06-08 12:50:55,255 - INFO - [SELL] 주문 요청: 005930, 1주, 315000원
2026-06-08 12:50:55,405 - INFO - 주문 성공! 주문번호: 0000022080
2026-06-08 12:50:55,449 - INFO - 60초 후 다음 확인을 진행합니다. (현재 상태: SELLING)
2026-06-08 12:51:55,563 - INFO - [005930] 현재가: 310500, 고가: 315500, 저가: 292500
2026-06-08 12:51:55,564 - WARNING - ⚠️ 주문 고착 감지: 가격 이탈 (현재가:310,500, 목표가:315,000, 차이:4,500). 주문 취소를 시도합니다.
2026-06-08 12:51:55,564 - INFO - [CANCEL] 주문 취소 요청: 005930, 주문번호: 0000022080
2026-06-08 12:51:56,045 - ERROR - POST 요청 실패 (VTTC0013U): 500 Server Error: Internal Server Error for url: https://openapivts.koreainvestment.com:29443/uapi/domestic-stock/v1/trading/order-rvsecncl
2026-06-08 12:51:56,045 - ERROR - 상세 에러: {"rt_cd":"1","msg1":"초당 거래건수를 초과하였습니다.","msg_cd":"EGW00201","message":"EGW00201"}
2026-06-08 12:51:56,048 - ERROR - 주문 취소 실패: 응답 없음
2026-06-08 12:51:56,048 - ERROR - 주문 취소 실패. 다음 루프에서 재시도합니다.
2026-06-08 12:52:01,410 - INFO - 계좌 예수금: 9580209원
2026-06-08 12:52:01,411 - INFO - [005930] 보유: 1주, 매도 가능: 0주, 평단가: 312,500원
2026-06-08 12:52:01,428 - INFO - 미실현 손익: -2,000원 (-0.64%), 최고 수익률: 0.32%
2026-06-08 12:52:01,458 - INFO - 보유 수량(1)에 대해 매도 주문(0000022080)이 진행 중입니다.
2026-06-08 12:52:01,459 - INFO - 60초 후 다음 확인을 진행합니다. (현재 상태: SELLING)
2026-06-08 12:53:03,571 - INFO - [005930] 현재가: 310500, 고가: 315500, 저가: 292500
2026-06-08 12:53:03,572 - WARNING - ⚠️ 주문 고착 감지: 가격 이탈 (현재가:310,500, 목표가:315,000, 차이:4,500). 주문 취소를 시도합니다.
2026-06-08 12:53:03,572 - INFO - [CANCEL] 주문 취소 요청: 005930, 주문번호: 0000022080
2026-06-08 12:53:04,185 - INFO - 주문 취소 성공! (원주문: 0000022080)
2026-06-08 12:53:04,241 - INFO - 상태 전환 완료: HOLDING
2026-06-08 12:53:10,124 - INFO - 계좌 예수금: 9580209원
2026-06-08 12:53:10,124 - INFO - [005930] 보유: 1주, 매도 가능: 1주, 평단가: 312,500원
2026-06-08 12:53:10,141 - INFO - 미실현 손익: -2,000원 (-0.64%), 최고 수익률: 0.32%
2026-06-08 12:53:10,169 - INFO - 매도 조건 충족: 평단가(312,500), 현재가(310,500) -> 목표가(315,000원) (보수적 상향 보정)
2026-06-08 12:53:10,170 - INFO - [SELL] 주문 요청: 005930, 1주, 315000원
2026-06-08 12:53:10,304 - INFO - 주문 성공! 주문번호: 0000022198
2026-06-08 12:53:10,347 - INFO - 60초 후 다음 확인을 진행합니다. (현재 상태: SELLING)
2026-06-08 12:54:10,462 - INFO - [005930] 현재가: 311500, 고가: 315500, 저가: 292500
2026-06-08 12:54:10,463 - WARNING - ⚠️ 주문 고착 감지: 가격 이탈 (현재가:311,500, 목표가:315,000, 차이:3,500). 주문 취소를 시도합니다.
2026-06-08 12:54:10,463 - INFO - [CANCEL] 주문 취소 요청: 005930, 주문번호: 0000022198
2026-06-08 12:54:10,943 - ERROR - POST 요청 실패 (VTTC0013U): 500 Server Error: Internal Server Error for url: https://openapivts.koreainvestment.com:29443/uapi/domestic-stock/v1/trading/order-rvsecncl
2026-06-08 12:54:10,944 - ERROR - 상세 에러: {"rt_cd":"1","msg1":"초당 거래건수를 초과하였습니다.","msg_cd":"EGW00201","message":"EGW00201"}
2026-06-08 12:54:10,947 - ERROR - 주문 취소 실패: 응답 없음
2026-06-08 12:54:10,948 - ERROR - 주문 취소 실패. 다음 루프에서 재시도합니다.
2026-06-08 12:54:15,767 - INFO - 계좌 예수금: 9580209원
2026-06-08 12:54:15,768 - INFO - [005930] 보유: 1주, 매도 가능: 0주, 평단가: 312,500원
2026-06-08 12:54:15,786 - INFO - 미실현 손익: -1,000원 (-0.32%), 최고 수익률: 0.32%
2026-06-08 12:54:15,815 - INFO - 보유 수량(1)에 대해 매도 주문(0000022198)이 진행 중입니다.
2026-06-08 12:54:15,816 - INFO - 60초 후 다음 확인을 진행합니다. (현재 상태: SELLING)
2026-06-08 12:55:15,950 - INFO - [005930] 현재가: 311000, 고가: 315500, 저가: 292500
2026-06-08 12:55:15,950 - WARNING - ⚠️ 주문 고착 감지: 가격 이탈 (현재가:311,000, 목표가:315,000, 차이:4,000). 주문 취소를 시도합니다.
2026-06-08 12:55:15,950 - INFO - [CANCEL] 주문 취소 요청: 005930, 주문번호: 0000022198
2026-06-08 12:55:17,415 - INFO - 주문 취소 성공! (원주문: 0000022198)
2026-06-08 12:55:17,465 - INFO - 상태 전환 완료: HOLDING
2026-06-08 12:55:23,763 - INFO - 계좌 예수금: 9580209원
2026-06-08 12:55:23,764 - INFO - [005930] 보유: 1주, 매도 가능: 1주, 평단가: 312,500원
2026-06-08 12:55:23,782 - INFO - 미실현 손익: -1,500원 (-0.48%), 최고 수익률: 0.32%
2026-06-08 12:55:23,811 - INFO - 매도 조건 충족: 평단가(312,500), 현재가(311,000) -> 목표가(315,000원) (보수적 상향 보정)
2026-06-08 12:55:23,811 - INFO - [SELL] 주문 요청: 005930, 1주, 315000원
2026-06-08 12:55:23,944 - INFO - 주문 성공! 주문번호: 0000022344
2026-06-08 12:55:23,986 - INFO - 60초 후 다음 확인을 진행합니다. (현재 상태: SELLING)
2026-06-08 12:56:24,113 - INFO - [005930] 현재가: 310500, 고가: 315500, 저가: 292500
2026-06-08 12:56:24,114 - WARNING - ⚠️ 주문 고착 감지: 가격 이탈 (현재가:310,500, 목표가:315,000, 차이:4,500). 주문 취소를 시도합니다.
2026-06-08 12:56:24,115 - INFO - [CANCEL] 주문 취소 요청: 005930, 주문번호: 0000022344
2026-06-08 12:56:25,617 - INFO - 주문 취소 성공! (원주문: 0000022344)
2026-06-08 12:56:25,669 - INFO - 상태 전환 완료: HOLDING
2026-06-08 12:56:29,405 - INFO - 계좌 예수금: 9580209원
2026-06-08 12:56:29,406 - INFO - [005930] 보유: 1주, 매도 가능: 1주, 평단가: 312,500원
2026-06-08 12:56:29,423 - INFO - 미실현 손익: -2,000원 (-0.64%), 최고 수익률: 0.32%
2026-06-08 12:56:29,450 - INFO - 매도 조건 충족: 평단가(312,500), 현재가(310,500) -> 목표가(315,000원) (보수적 상향 보정)
2026-06-08 12:56:29,451 - INFO - [SELL] 주문 요청: 005930, 1주, 315000원
2026-06-08 12:56:29,589 - INFO - 주문 성공! 주문번호: 0000022420
2026-06-08 12:56:29,633 - INFO - 60초 후 다음 확인을 진행합니다. (현재 상태: SELLING)
2026-06-08 12:57:29,743 - INFO - [005930] 현재가: 310000, 고가: 315500, 저가: 292500
2026-06-08 12:57:29,744 - WARNING - ⚠️ 주문 고착 감지: 가격 이탈 (현재가:310,000, 목표가:315,000, 차이:5,000). 주문 취소를 시도합니다.
2026-06-08 12:57:29,745 - INFO - [CANCEL] 주문 취소 요청: 005930, 주문번호: 0000022420
2026-06-08 12:57:30,229 - ERROR - POST 요청 실패 (VTTC0013U): 500 Server Error: Internal Server Error for url: https://openapivts.koreainvestment.com:29443/uapi/domestic-stock/v1/trading/order-rvsecncl
2026-06-08 12:57:30,229 - ERROR - 상세 에러: {"rt_cd":"1","msg1":"초당 거래건수를 초과하였습니다.","msg_cd":"EGW00201","message":"EGW00201"}
2026-06-08 12:57:30,232 - ERROR - 주문 취소 실패: 응답 없음
2026-06-08 12:57:30,233 - ERROR - 주문 취소 실패. 다음 루프에서 재시도합니다.
2026-06-08 12:57:35,558 - INFO - 계좌 예수금: 9580209원
2026-06-08 12:57:35,559 - INFO - [005930] 보유: 1주, 매도 가능: 0주, 평단가: 312,500원
2026-06-08 12:57:35,576 - INFO - 미실현 손익: -2,500원 (-0.80%), 최고 수익률: 0.32%
2026-06-08 12:57:35,609 - INFO - 보유 수량(1)에 대해 매도 주문(0000022420)이 진행 중입니다.
2026-06-08 12:57:35,610 - INFO - 60초 후 다음 확인을 진행합니다. (현재 상태: SELLING)
2026-06-08 12:58:36,490 - INFO - [005930] 현재가: 310000, 고가: 315500, 저가: 292500
2026-06-08 12:58:36,490 - WARNING - ⚠️ 주문 고착 감지: 가격 이탈 (현재가:310,000, 목표가:315,000, 차이:5,000). 주문 취소를 시도합니다.
2026-06-08 12:58:36,491 - INFO - [CANCEL] 주문 취소 요청: 005930, 주문번호: 0000022420
2026-06-08 12:58:37,660 - INFO - 주문 취소 성공! (원주문: 0000022420)
2026-06-08 12:58:37,703 - INFO - 상태 전환 완료: HOLDING
2026-06-08 12:58:44,068 - INFO - 계좌 예수금: 9580209원
2026-06-08 12:58:44,068 - INFO - [005930] 보유: 1주, 매도 가능: 1주, 평단가: 312,500원
2026-06-08 12:58:44,085 - INFO - 미실현 손익: -2,500원 (-0.80%), 최고 수익률: 0.32%
2026-06-08 12:58:44,114 - INFO - 매도 조건 충족: 평단가(312,500), 현재가(310,000) -> 목표가(315,000원) (보수적 상향 보정)
2026-06-08 12:58:44,114 - INFO - [SELL] 주문 요청: 005930, 1주, 315000원
2026-06-08 12:58:44,682 - INFO - 주문 성공! 주문번호: 0000022494
2026-06-08 12:58:44,724 - INFO - 60초 후 다음 확인을 진행합니다. (현재 상태: SELLING)
2026-06-08 12:59:46,433 - INFO - [005930] 현재가: 309750, 고가: 315500, 저가: 292500
2026-06-08 12:59:46,434 - WARNING - ⚠️ 주문 고착 감지: 가격 이탈 (현재가:309,750, 목표가:315,000, 차이:5,250). 주문 취소를 시도합니다.
2026-06-08 12:59:46,434 - INFO - [CANCEL] 주문 취소 요청: 005930, 주문번호: 0000022494
2026-06-08 12:59:46,569 - INFO - 주문 취소 성공! (원주문: 0000022494)
2026-06-08 12:59:46,612 - INFO - 상태 전환 완료: HOLDING
2026-06-08 12:59:48,890 - INFO - 계좌 예수금: 9580209원
2026-06-08 12:59:48,890 - INFO - [005930] 보유: 1주, 매도 가능: 1주, 평단가: 312,500원
2026-06-08 12:59:48,908 - INFO - 미실현 손익: -2,750원 (-0.88%), 최고 수익률: 0.32%
2026-06-08 12:59:48,935 - INFO - 매도 조건 충족: 평단가(312,500), 현재가(309,750) -> 목표가(315,000원) (보수적 상향 보정)
2026-06-08 12:59:48,936 - INFO - [SELL] 주문 요청: 005930, 1주, 315000원
2026-06-08 12:59:49,099 - INFO - 주문 성공! 주문번호: 0000022567
2026-06-08 12:59:49,142 - INFO - 60초 후 다음 확인을 진행합니다. (현재 상태: SELLING)
2026-06-08 13:00:49,250 - INFO - [005930] 현재가: 311000, 고가: 315500, 저가: 292500
2026-06-08 13:00:49,251 - WARNING - ⚠️ 주문 고착 감지: 가격 이탈 (현재가:311,000, 목표가:315,000, 차이:4,000). 주문 취소를 시도합니다.
2026-06-08 13:00:49,251 - INFO - [CANCEL] 주문 취소 요청: 005930, 주문번호: 0000022567
2026-06-08 13:00:52,924 - INFO - 주문 취소 성공! (원주문: 0000022567)
2026-06-08 13:00:52,969 - INFO - 상태 전환 완료: HOLDING
2026-06-08 13:00:57,810 - INFO - 계좌 예수금: 9580209원
2026-06-08 13:00:57,810 - INFO - [005930] 보유: 1주, 매도 가능: 1주, 평단가: 312,500원
2026-06-08 13:00:57,830 - INFO - 미실현 손익: -1,500원 (-0.48%), 최고 수익률: 0.32%
2026-06-08 13:00:57,858 - INFO - 매도 조건 충족: 평단가(312,500), 현재가(311,000) -> 목표가(315,000원) (보수적 상향 보정)
2026-06-08 13:00:57,859 - INFO - [SELL] 주문 요청: 005930, 1주, 315000원
2026-06-08 13:00:58,103 - INFO - 주문 성공! 주문번호: 0000022657
2026-06-08 13:00:58,145 - INFO - 60초 후 다음 확인을 진행합니다. (현재 상태: SELLING)
2026-06-08 13:01:59,558 - INFO - [005930] 현재가: 311500, 고가: 315500, 저가: 292500
2026-06-08 13:01:59,559 - WARNING - ⚠️ 주문 고착 감지: 가격 이탈 (현재가:311,500, 목표가:315,000, 차이:3,500). 주문 취소를 시도합니다.
2026-06-08 13:01:59,559 - INFO - [CANCEL] 주문 취소 요청: 005930, 주문번호: 0000022657
2026-06-08 13:01:59,713 - INFO - 주문 취소 성공! (원주문: 0000022657)
2026-06-08 13:01:59,753 - INFO - 상태 전환 완료: HOLDING
2026-06-08 13:02:07,239 - INFO - 계좌 예수금: 9580209원
2026-06-08 13:02:07,240 - INFO - [005930] 보유: 1주, 매도 가능: 1주, 평단가: 312,500원
2026-06-08 13:02:07,256 - INFO - 미실현 손익: -1,000원 (-0.32%), 최고 수익률: 0.32%
2026-06-08 13:02:07,280 - INFO - 매도 조건 충족: 평단가(312,500), 현재가(311,500) -> 목표가(315,000원) (보수적 상향 보정)
2026-06-08 13:02:07,281 - INFO - [SELL] 주문 요청: 005930, 1주, 315000원
2026-06-08 13:02:07,431 - INFO - 주문 성공! 주문번호: 0000022773
2026-06-08 13:02:07,472 - INFO - 60초 후 다음 확인을 진행합니다. (현재 상태: SELLING)
2026-06-08 13:03:09,517 - INFO - [005930] 현재가: 311500, 고가: 315500, 저가: 292500
2026-06-08 13:03:09,518 - WARNING - ⚠️ 주문 고착 감지: 가격 이탈 (현재가:311,500, 목표가:315,000, 차이:3,500). 주문 취소를 시도합니다.
2026-06-08 13:03:09,518 - INFO - [CANCEL] 주문 취소 요청: 005930, 주문번호: 0000022773
2026-06-08 13:03:09,670 - INFO - 주문 취소 성공! (원주문: 0000022773)
2026-06-08 13:03:09,714 - INFO - 상태 전환 완료: HOLDING
2026-06-08 13:03:18,104 - INFO - 계좌 예수금: 9580209원
2026-06-08 13:03:18,105 - INFO - [005930] 보유: 1주, 매도 가능: 1주, 평단가: 312,500원
2026-06-08 13:03:18,123 - INFO - 미실현 손익: -1,000원 (-0.32%), 최고 수익률: 0.32%
2026-06-08 13:03:18,151 - INFO - 매도 조건 충족: 평단가(312,500), 현재가(311,500) -> 목표가(315,000원) (보수적 상향 보정)
2026-06-08 13:03:18,151 - INFO - [SELL] 주문 요청: 005930, 1주, 315000원
2026-06-08 13:03:20,255 - INFO - 주문 성공! 주문번호: 0000022843
2026-06-08 13:03:20,300 - INFO - 60초 후 다음 확인을 진행합니다. (현재 상태: SELLING)
2026-06-08 13:04:20,409 - INFO - [005930] 현재가: 311000, 고가: 315500, 저가: 292500
2026-06-08 13:04:20,410 - WARNING - ⚠️ 주문 고착 감지: 가격 이탈 (현재가:311,000, 목표가:315,000, 차이:4,000). 주문 취소를 시도합니다.
2026-06-08 13:04:20,410 - INFO - [CANCEL] 주문 취소 요청: 005930, 주문번호: 0000022843
2026-06-08 13:04:20,895 - ERROR - POST 요청 실패 (VTTC0013U): 500 Server Error: Internal Server Error for url: https://openapivts.koreainvestment.com:29443/uapi/domestic-stock/v1/trading/order-rvsecncl
2026-06-08 13:04:20,896 - ERROR - 상세 에러: {"rt_cd":"1","msg1":"초당 거래건수를 초과하였습니다.","msg_cd":"EGW00201","message":"EGW00201"}
2026-06-08 13:04:20,898 - ERROR - 주문 취소 실패: 응답 없음
2026-06-08 13:04:20,899 - ERROR - 주문 취소 실패. 다음 루프에서 재시도합니다.
2026-06-08 13:04:29,789 - INFO - 계좌 예수금: 9580209원
2026-06-08 13:04:29,790 - INFO - [005930] 보유: 1주, 매도 가능: 0주, 평단가: 312,500원
2026-06-08 13:04:29,807 - INFO - 미실현 손익: -1,500원 (-0.48%), 최고 수익률: 0.32%
2026-06-08 13:04:29,837 - INFO - 보유 수량(1)에 대해 매도 주문(0000022843)이 진행 중입니다.
2026-06-08 13:04:29,838 - INFO - 60초 후 다음 확인을 진행합니다. (현재 상태: SELLING)
2026-06-08 13:05:29,947 - INFO - [005930] 현재가: 310750, 고가: 315500, 저가: 292500
2026-06-08 13:05:29,948 - WARNING - ⚠️ 주문 고착 감지: 가격 이탈 (현재가:310,750, 목표가:315,000, 차이:4,250). 주문 취소를 시도합니다.
2026-06-08 13:05:29,949 - INFO - [CANCEL] 주문 취소 요청: 005930, 주문번호: 0000022843
2026-06-08 13:05:31,846 - INFO - 주문 취소 성공! (원주문: 0000022843)
2026-06-08 13:05:31,890 - INFO - 상태 전환 완료: HOLDING
2026-06-08 13:05:35,942 - INFO - 계좌 예수금: 9580209원
2026-06-08 13:05:35,942 - INFO - [005930] 보유: 1주, 매도 가능: 1주, 평단가: 312,500원
2026-06-08 13:05:35,960 - INFO - 미실현 손익: -1,750원 (-0.56%), 최고 수익률: 0.32%
2026-06-08 13:05:35,989 - INFO - 매도 조건 충족: 평단가(312,500), 현재가(310,750) -> 목표가(315,000원) (보수적 상향 보정)
2026-06-08 13:05:35,990 - INFO - [SELL] 주문 요청: 005930, 1주, 315000원
2026-06-08 13:05:36,133 - INFO - 주문 성공! 주문번호: 0000023058
2026-06-08 13:05:36,176 - INFO - 60초 후 다음 확인을 진행합니다. (현재 상태: SELLING)
2026-06-08 13:06:38,000 - INFO - [005930] 현재가: 311000, 고가: 315500, 저가: 292500
2026-06-08 13:06:38,000 - WARNING - ⚠️ 주문 고착 감지: 가격 이탈 (현재가:311,000, 목표가:315,000, 차이:4,000). 주문 취소를 시도합니다.
2026-06-08 13:06:38,001 - INFO - [CANCEL] 주문 취소 요청: 005930, 주문번호: 0000023058
2026-06-08 13:06:39,228 - INFO - 주문 취소 성공! (원주문: 0000023058)
2026-06-08 13:06:39,271 - INFO - 상태 전환 완료: HOLDING
2026-06-08 13:06:43,513 - INFO - 계좌 예수금: 9580209원
2026-06-08 13:06:43,514 - INFO - [005930] 보유: 1주, 매도 가능: 1주, 평단가: 312,500원
2026-06-08 13:06:43,533 - INFO - 미실현 손익: -1,500원 (-0.48%), 최고 수익률: 0.32%
2026-06-08 13:06:43,562 - INFO - 매도 조건 충족: 평단가(312,500), 현재가(311,000) -> 목표가(315,000원) (보수적 상향 보정)
2026-06-08 13:06:43,562 - INFO - [SELL] 주문 요청: 005930, 1주, 315000원
2026-06-08 13:06:44,349 - INFO - 주문 성공! 주문번호: 0000023173
2026-06-08 13:06:44,392 - INFO - 60초 후 다음 확인을 진행합니다. (현재 상태: SELLING)
2026-06-08 13:07:45,281 - INFO - [005930] 현재가: 310500, 고가: 315500, 저가: 292500
2026-06-08 13:07:45,281 - WARNING - ⚠️ 주문 고착 감지: 가격 이탈 (현재가:310,500, 목표가:315,000, 차이:4,500). 주문 취소를 시도합니다.
2026-06-08 13:07:45,282 - INFO - [CANCEL] 주문 취소 요청: 005930, 주문번호: 0000023173
2026-06-08 13:07:45,997 - INFO - 주문 취소 성공! (원주문: 0000023173)
2026-06-08 13:07:46,043 - INFO - 상태 전환 완료: HOLDING
2026-06-08 13:07:51,526 - INFO - 계좌 예수금: 9580209원
2026-06-08 13:07:51,527 - INFO - [005930] 보유: 1주, 매도 가능: 1주, 평단가: 312,500원
2026-06-08 13:07:51,543 - INFO - 미실현 손익: -2,000원 (-0.64%), 최고 수익률: 0.32%
2026-06-08 13:07:51,572 - INFO - 매도 조건 충족: 평단가(312,500), 현재가(310,500) -> 목표가(315,000원) (보수적 상향 보정)
2026-06-08 13:07:51,572 - INFO - [SELL] 주문 요청: 005930, 1주, 315000원
2026-06-08 13:07:53,473 - INFO - 주문 성공! 주문번호: 0000023265
2026-06-08 13:07:53,518 - INFO - 60초 후 다음 확인을 진행합니다. (현재 상태: SELLING)
2026-06-08 13:08:53,629 - INFO - [005930] 현재가: 310750, 고가: 315500, 저가: 292500
2026-06-08 13:08:53,629 - WARNING - ⚠️ 주문 고착 감지: 가격 이탈 (현재가:310,750, 목표가:315,000, 차이:4,250). 주문 취소를 시도합니다.
2026-06-08 13:08:53,630 - INFO - [CANCEL] 주문 취소 요청: 005930, 주문번호: 0000023265
2026-06-08 13:08:54,164 - INFO - 주문 취소 성공! (원주문: 0000023265)
2026-06-08 13:08:54,205 - INFO - 상태 전환 완료: HOLDING
2026-06-08 13:08:59,114 - INFO - 계좌 예수금: 9580209원
2026-06-08 13:08:59,114 - INFO - [005930] 보유: 1주, 매도 가능: 1주, 평단가: 312,500원
2026-06-08 13:08:59,131 - INFO - 미실현 손익: -1,750원 (-0.56%), 최고 수익률: 0.32%
2026-06-08 13:08:59,161 - INFO - 매도 조건 충족: 평단가(312,500), 현재가(310,750) -> 목표가(315,000원) (보수적 상향 보정)
2026-06-08 13:08:59,162 - INFO - [SELL] 주문 요청: 005930, 1주, 315000원
2026-06-08 13:08:59,313 - INFO - 주문 성공! 주문번호: 0000023351
2026-06-08 13:08:59,357 - INFO - 60초 후 다음 확인을 진행합니다. (현재 상태: SELLING)
2026-06-08 13:10:00,763 - INFO - [005930] 현재가: 310500, 고가: 315500, 저가: 292500
2026-06-08 13:10:00,763 - WARNING - ⚠️ 주문 고착 감지: 가격 이탈 (현재가:310,500, 목표가:315,000, 차이:4,500). 주문 취소를 시도합니다.
2026-06-08 13:10:00,764 - INFO - [CANCEL] 주문 취소 요청: 005930, 주문번호: 0000023351
2026-06-08 13:10:00,926 - INFO - 주문 취소 성공! (원주문: 0000023351)
2026-06-08 13:10:00,969 - INFO - 상태 전환 완료: HOLDING
2026-06-08 13:10:08,341 - INFO - 계좌 예수금: 9580209원
2026-06-08 13:10:08,342 - INFO - [005930] 보유: 1주, 매도 가능: 1주, 평단가: 312,500원
2026-06-08 13:10:08,359 - INFO - 미실현 손익: -2,000원 (-0.64%), 최고 수익률: 0.32%
2026-06-08 13:10:08,392 - INFO - 매도 조건 충족: 평단가(312,500), 현재가(310,500) -> 목표가(315,000원) (보수적 상향 보정)
2026-06-08 13:10:08,392 - INFO - [SELL] 주문 요청: 005930, 1주, 315000원
2026-06-08 13:10:11,924 - INFO - 주문 성공! 주문번호: 0000023432
2026-06-08 13:10:11,987 - INFO - 자가 최적화 기록 완료: C:\Users\witpo\OneDrive\바탕 화면\YONSEI\26-1\ECO4126 인공지능과금융공학\open-trading-api\self_optimization_history
2026-06-08 13:10:12,019 - INFO - 60초 후 다음 확인을 진행합니다. (현재 상태: SELLING)
2026-06-08 13:11:12,128 - INFO - [005930] 현재가: 310000, 고가: 315500, 저가: 292500
2026-06-08 13:11:12,129 - WARNING - ⚠️ 주문 고착 감지: 가격 이탈 (현재가:310,000, 목표가:315,000, 차이:5,000). 주문 취소를 시도합니다.
2026-06-08 13:11:12,129 - INFO - [CANCEL] 주문 취소 요청: 005930, 주문번호: 0000023432
2026-06-08 13:11:12,691 - INFO - 주문 취소 성공! (원주문: 0000023432)
2026-06-08 13:11:12,743 - INFO - 상태 전환 완료: HOLDING
2026-06-08 13:11:17,054 - INFO - 계좌 예수금: 9580209원
2026-06-08 13:11:17,054 - INFO - [005930] 보유: 1주, 매도 가능: 1주, 평단가: 312,500원
2026-06-08 13:11:17,071 - INFO - 미실현 손익: -2,500원 (-0.80%), 최고 수익률: 0.32%
2026-06-08 13:11:17,096 - INFO - 매도 조건 충족: 평단가(312,500), 현재가(310,000) -> 목표가(314,500원) (보수적 상향 보정)
2026-06-08 13:11:17,097 - INFO - [SELL] 주문 요청: 005930, 1주, 314500원
2026-06-08 13:11:17,241 - INFO - 주문 성공! 주문번호: 0000023505
2026-06-08 13:11:17,283 - INFO - 60초 후 다음 확인을 진행합니다. (현재 상태: SELLING)
2026-06-08 13:12:18,087 - INFO - [005930] 현재가: 310250, 고가: 315500, 저가: 292500
2026-06-08 13:12:18,088 - WARNING - ⚠️ 주문 고착 감지: 가격 이탈 (현재가:310,250, 목표가:314,500, 차이:4,250). 주문 취소를 시도합니다.
2026-06-08 13:12:18,088 - INFO - [CANCEL] 주문 취소 요청: 005930, 주문번호: 0000023505
2026-06-08 13:12:18,666 - INFO - 주문 취소 성공! (원주문: 0000023505)
2026-06-08 13:12:18,714 - INFO - 상태 전환 완료: HOLDING
2026-06-08 13:12:25,153 - INFO - 계좌 예수금: 9580209원
2026-06-08 13:12:25,154 - INFO - [005930] 보유: 1주, 매도 가능: 1주, 평단가: 312,500원
2026-06-08 13:12:25,171 - INFO - 미실현 손익: -2,250원 (-0.72%), 최고 수익률: 0.32%
2026-06-08 13:12:25,199 - INFO - 매도 조건 충족: 평단가(312,500), 현재가(310,250) -> 목표가(314,500원) (보수적 상향 보정)
2026-06-08 13:12:25,199 - INFO - [SELL] 주문 요청: 005930, 1주, 314500원
2026-06-08 13:12:28,020 - INFO - 주문 성공! 주문번호: 0000023596
2026-06-08 13:12:28,066 - INFO - 60초 후 다음 확인을 진행합니다. (현재 상태: SELLING)
2026-06-08 13:13:29,396 - INFO - [005930] 현재가: 310000, 고가: 315500, 저가: 292500
2026-06-08 13:13:29,397 - WARNING - ⚠️ 주문 고착 감지: 가격 이탈 (현재가:310,000, 목표가:314,500, 차이:4,500). 주문 취소를 시도합니다.
2026-06-08 13:13:29,397 - INFO - [CANCEL] 주문 취소 요청: 005930, 주문번호: 0000023596
2026-06-08 13:13:30,281 - ERROR - POST 요청 실패 (VTTC0013U): 500 Server Error: Internal Server Error for url: https://openapivts.koreainvestment.com:29443/uapi/domestic-stock/v1/trading/order-rvsecncl
2026-06-08 13:13:30,282 - ERROR - 상세 에러: {"rt_cd":"1","msg1":"초당 거래건수를 초과하였습니다.","msg_cd":"EGW00201","message":"EGW00201"}
2026-06-08 13:13:30,284 - ERROR - 주문 취소 실패: 응답 없음
2026-06-08 13:13:30,284 - ERROR - 주문 취소 실패. 다음 루프에서 재시도합니다.
2026-06-08 13:13:36,121 - INFO - 계좌 예수금: 9580209원
2026-06-08 13:13:36,122 - INFO - [005930] 보유: 1주, 매도 가능: 0주, 평단가: 312,500원
2026-06-08 13:13:36,139 - INFO - 미실현 손익: -2,500원 (-0.80%), 최고 수익률: 0.32%
2026-06-08 13:13:36,169 - INFO - 보유 수량(1)에 대해 매도 주문(0000023596)이 진행 중입니다.
2026-06-08 13:13:36,169 - INFO - 60초 후 다음 확인을 진행합니다. (현재 상태: SELLING)
2026-06-08 13:14:36,613 - INFO - [005930] 현재가: 310250, 고가: 315500, 저가: 292500
2026-06-08 13:14:36,614 - WARNING - ⚠️ 주문 고착 감지: 가격 이탈 (현재가:310,250, 목표가:314,500, 차이:4,250). 주문 취소를 시도합니다.
2026-06-08 13:14:36,614 - INFO - [CANCEL] 주문 취소 요청: 005930, 주문번호: 0000023596
2026-06-08 13:14:36,864 - INFO - 주문 취소 성공! (원주문: 0000023596)
2026-06-08 13:14:36,912 - INFO - 상태 전환 완료: HOLDING
2026-06-08 13:14:42,172 - INFO - 계좌 예수금: 9580209원
2026-06-08 13:14:42,173 - INFO - [005930] 보유: 1주, 매도 가능: 1주, 평단가: 312,500원
2026-06-08 13:14:42,189 - INFO - 미실현 손익: -2,250원 (-0.72%), 최고 수익률: 0.32%
2026-06-08 13:14:42,218 - INFO - 매도 조건 충족: 평단가(312,500), 현재가(310,250) -> 목표가(314,500원) (보수적 상향 보정)
2026-06-08 13:14:42,218 - INFO - [SELL] 주문 요청: 005930, 1주, 314500원
2026-06-08 13:14:42,582 - INFO - 주문 성공! 주문번호: 0000023791
2026-06-08 13:14:42,627 - INFO - 60초 후 다음 확인을 진행합니다. (현재 상태: SELLING)
2026-06-08 13:15:43,930 - INFO - [005930] 현재가: 309500, 고가: 315500, 저가: 292500
2026-06-08 13:15:43,931 - WARNING - ⚠️ 주문 고착 감지: 가격 이탈 (현재가:309,500, 목표가:314,500, 차이:5,000). 주문 취소를 시도합니다.
2026-06-08 13:15:43,931 - INFO - [CANCEL] 주문 취소 요청: 005930, 주문번호: 0000023791
2026-06-08 13:15:45,663 - INFO - 주문 취소 성공! (원주문: 0000023791)
2026-06-08 13:15:45,706 - INFO - 상태 전환 완료: HOLDING
2026-06-08 13:15:51,747 - INFO - 계좌 예수금: 9580209원
2026-06-08 13:15:51,748 - INFO - [005930] 보유: 1주, 매도 가능: 1주, 평단가: 312,500원
2026-06-08 13:15:51,766 - INFO - 미실현 손익: -3,000원 (-0.96%), 최고 수익률: 0.32%
2026-06-08 13:15:51,794 - INFO - 매도 조건 충족: 평단가(312,500), 현재가(309,500) -> 목표가(314,500원) (보수적 상향 보정)
2026-06-08 13:15:51,795 - INFO - [SELL] 주문 요청: 005930, 1주, 314500원
2026-06-08 13:15:53,343 - INFO - 주문 성공! 주문번호: 0000023877
2026-06-08 13:15:53,397 - INFO - 60초 후 다음 확인을 진행합니다. (현재 상태: SELLING)
2026-06-08 13:16:55,812 - INFO - [005930] 현재가: 310500, 고가: 315500, 저가: 292500
2026-06-08 13:16:55,812 - WARNING - ⚠️ 주문 고착 감지: 가격 이탈 (현재가:310,500, 목표가:314,500, 차이:4,000). 주문 취소를 시도합니다.
2026-06-08 13:16:55,813 - INFO - [CANCEL] 주문 취소 요청: 005930, 주문번호: 0000023877
2026-06-08 13:16:58,475 - INFO - 주문 취소 성공! (원주문: 0000023877)
2026-06-08 13:16:58,521 - INFO - 상태 전환 완료: HOLDING
2026-06-08 13:17:02,775 - INFO - 계좌 예수금: 9580209원
2026-06-08 13:17:02,776 - INFO - [005930] 보유: 1주, 매도 가능: 1주, 평단가: 312,500원
2026-06-08 13:17:02,794 - INFO - 미실현 손익: -2,000원 (-0.64%), 최고 수익률: 0.32%
2026-06-08 13:17:02,823 - INFO - 매도 조건 충족: 평단가(312,500), 현재가(310,500) -> 목표가(314,500원) (보수적 상향 보정)
2026-06-08 13:17:02,824 - INFO - [SELL] 주문 요청: 005930, 1주, 314500원
2026-06-08 13:17:02,939 - INFO - 주문 성공! 주문번호: 0000023980
2026-06-08 13:17:02,984 - INFO - 60초 후 다음 확인을 진행합니다. (현재 상태: SELLING)
2026-06-08 13:18:04,832 - INFO - [005930] 현재가: 310000, 고가: 315500, 저가: 292500
2026-06-08 13:18:04,833 - WARNING - ⚠️ 주문 고착 감지: 가격 이탈 (현재가:310,000, 목표가:314,500, 차이:4,500). 주문 취소를 시도합니다.
2026-06-08 13:18:04,833 - INFO - [CANCEL] 주문 취소 요청: 005930, 주문번호: 0000023980
2026-06-08 13:18:06,474 - INFO - 주문 취소 성공! (원주문: 0000023980)
2026-06-08 13:18:06,528 - INFO - 상태 전환 완료: HOLDING
2026-06-08 13:18:12,308 - INFO - 계좌 예수금: 9580209원
2026-06-08 13:18:12,308 - INFO - [005930] 보유: 1주, 매도 가능: 1주, 평단가: 312,500원
2026-06-08 13:18:12,325 - INFO - 미실현 손익: -2,500원 (-0.80%), 최고 수익률: 0.32%
2026-06-08 13:18:12,353 - INFO - 매도 조건 충족: 평단가(312,500), 현재가(310,000) -> 목표가(314,500원) (보수적 상향 보정)
2026-06-08 13:18:12,353 - INFO - [SELL] 주문 요청: 005930, 1주, 314500원
2026-06-08 13:18:13,435 - INFO - 주문 성공! 주문번호: 0000024126
2026-06-08 13:18:13,482 - INFO - 60초 후 다음 확인을 진행합니다. (현재 상태: SELLING)
2026-06-08 13:19:15,902 - INFO - [005930] 현재가: 309250, 고가: 315500, 저가: 292500
2026-06-08 13:19:15,903 - WARNING - ⚠️ 주문 고착 감지: 가격 이탈 (현재가:309,250, 목표가:314,500, 차이:5,250). 주문 취소를 시도합니다.
2026-06-08 13:19:15,903 - INFO - [CANCEL] 주문 취소 요청: 005930, 주문번호: 0000024126
2026-06-08 13:19:16,054 - INFO - 주문 취소 성공! (원주문: 0000024126)
2026-06-08 13:19:16,096 - INFO - 상태 전환 완료: HOLDING
2026-06-08 13:19:23,480 - INFO - 계좌 예수금: 9580209원
2026-06-08 13:19:23,480 - INFO - [005930] 보유: 1주, 매도 가능: 1주, 평단가: 312,500원
2026-06-08 13:19:23,498 - INFO - 미실현 손익: -3,250원 (-1.04%), 최고 수익률: 0.32%
2026-06-08 13:19:23,528 - INFO - 매도 조건 충족: 평단가(312,500), 현재가(309,250) -> 목표가(314,500원) (보수적 상향 보정)
2026-06-08 13:19:23,528 - INFO - [SELL] 주문 요청: 005930, 1주, 314500원
2026-06-08 13:19:25,630 - INFO - 주문 성공! 주문번호: 0000024238
2026-06-08 13:19:25,677 - INFO - 60초 후 다음 확인을 진행합니다. (현재 상태: SELLING)
2026-06-08 13:20:28,098 - INFO - [005930] 현재가: 308250, 고가: 315500, 저가: 292500
2026-06-08 13:20:28,099 - WARNING - ⚠️ 주문 고착 감지: 가격 이탈 (현재가:308,250, 목표가:314,500, 차이:6,250). 주문 취소를 시도합니다.
2026-06-08 13:20:28,099 - INFO - [CANCEL] 주문 취소 요청: 005930, 주문번호: 0000024238
2026-06-08 13:20:30,453 - INFO - 주문 취소 성공! (원주문: 0000024238)
2026-06-08 13:20:30,504 - INFO - 상태 전환 완료: HOLDING
2026-06-08 13:20:33,015 - INFO - 계좌 예수금: 9580209원
2026-06-08 13:20:33,016 - INFO - [005930] 보유: 1주, 매도 가능: 1주, 평단가: 312,500원
2026-06-08 13:20:33,035 - INFO - 미실현 손익: -4,250원 (-1.36%), 최고 수익률: 0.32%
2026-06-08 13:20:33,064 - INFO - 매도 조건 충족: 평단가(312,500), 현재가(308,250) -> 목표가(314,500원) (보수적 상향 보정)
2026-06-08 13:20:33,065 - INFO - [SELL] 주문 요청: 005930, 1주, 314500원
2026-06-08 13:20:35,284 - INFO - 주문 성공! 주문번호: 0000024363
2026-06-08 13:20:35,331 - INFO - 60초 후 다음 확인을 진행합니다. (현재 상태: SELLING)
2026-06-08 13:21:35,549 - INFO - [005930] 현재가: 308500, 고가: 315500, 저가: 292500
2026-06-08 13:21:35,550 - WARNING - ⚠️ 주문 고착 감지: 가격 이탈 (현재가:308,500, 목표가:314,500, 차이:6,000). 주문 취소를 시도합니다.
2026-06-08 13:21:35,550 - INFO - [CANCEL] 주문 취소 요청: 005930, 주문번호: 0000024363
2026-06-08 13:21:37,631 - INFO - 주문 취소 성공! (원주문: 0000024363)
2026-06-08 13:21:37,677 - INFO - 상태 전환 완료: HOLDING
2026-06-08 13:21:44,901 - INFO - 계좌 예수금: 9580209원
2026-06-08 13:21:44,902 - INFO - [005930] 보유: 1주, 매도 가능: 1주, 평단가: 312,500원
2026-06-08 13:21:44,922 - INFO - 미실현 손익: -4,000원 (-1.28%), 최고 수익률: 0.32%
2026-06-08 13:21:44,950 - INFO - 매도 조건 충족: 평단가(312,500), 현재가(308,500) -> 목표가(314,500원) (보수적 상향 보정)
2026-06-08 13:21:44,951 - INFO - [SELL] 주문 요청: 005930, 1주, 314500원
2026-06-08 13:21:45,080 - INFO - 주문 성공! 주문번호: 0000024489
2026-06-08 13:21:45,125 - INFO - 60초 후 다음 확인을 진행합니다. (현재 상태: SELLING)
2026-06-08 13:22:45,627 - INFO - [005930] 현재가: 308500, 고가: 315500, 저가: 292500
2026-06-08 13:22:45,628 - WARNING - ⚠️ 주문 고착 감지: 가격 이탈 (현재가:308,500, 목표가:314,500, 차이:6,000). 주문 취소를 시도합니다.
2026-06-08 13:22:45,628 - INFO - [CANCEL] 주문 취소 요청: 005930, 주문번호: 0000024489
2026-06-08 13:22:46,241 - ERROR - POST 요청 실패 (VTTC0013U): 500 Server Error: Internal Server Error for url: https://openapivts.koreainvestment.com:29443/uapi/domestic-stock/v1/trading/order-rvsecncl
2026-06-08 13:22:46,242 - ERROR - 상세 에러: {"rt_cd":"1","msg1":"초당 거래건수를 초과하였습니다.","msg_cd":"EGW00201","message":"EGW00201"}
2026-06-08 13:22:46,244 - ERROR - 주문 취소 실패: 응답 없음
2026-06-08 13:22:46,245 - ERROR - 주문 취소 실패. 다음 루프에서 재시도합니다.
2026-06-08 13:22:52,080 - INFO - 계좌 예수금: 9580209원
2026-06-08 13:22:52,080 - INFO - [005930] 보유: 1주, 매도 가능: 0주, 평단가: 312,500원
2026-06-08 13:22:52,098 - INFO - 미실현 손익: -4,000원 (-1.28%), 최고 수익률: 0.32%
2026-06-08 13:22:52,128 - INFO - 보유 수량(1)에 대해 매도 주문(0000024489)이 진행 중입니다.
2026-06-08 13:22:52,128 - INFO - 60초 후 다음 확인을 진행합니다. (현재 상태: SELLING)
2026-06-08 13:23:52,807 - INFO - [005930] 현재가: 308250, 고가: 315500, 저가: 292500
2026-06-08 13:23:52,808 - WARNING - ⚠️ 주문 고착 감지: 가격 이탈 (현재가:308,250, 목표가:314,500, 차이:6,250). 주문 취소를 시도합니다.
2026-06-08 13:23:52,808 - INFO - [CANCEL] 주문 취소 요청: 005930, 주문번호: 0000024489
2026-06-08 13:23:52,988 - ERROR - POST 요청 실패 (VTTC0013U): 500 Server Error: Internal Server Error for url: https://openapivts.koreainvestment.com:29443/uapi/domestic-stock/v1/trading/order-rvsecncl
2026-06-08 13:23:52,989 - ERROR - 상세 에러: {"rt_cd":"1","msg1":"초당 거래건수를 초과하였습니다.","msg_cd":"EGW00201","message":"EGW00201"}
2026-06-08 13:23:52,992 - ERROR - 주문 취소 실패: 응답 없음
2026-06-08 13:23:52,993 - ERROR - 주문 취소 실패. 다음 루프에서 재시도합니다.
2026-06-08 13:23:59,770 - INFO - 계좌 예수금: 9580209원
2026-06-08 13:23:59,771 - INFO - [005930] 보유: 1주, 매도 가능: 0주, 평단가: 312,500원
2026-06-08 13:23:59,789 - INFO - 미실현 손익: -4,250원 (-1.36%), 최고 수익률: 0.32%
2026-06-08 13:23:59,819 - INFO - 보유 수량(1)에 대해 매도 주문(0000024489)이 진행 중입니다.
2026-06-08 13:23:59,819 - INFO - 60초 후 다음 확인을 진행합니다. (현재 상태: SELLING)
2026-06-08 13:25:01,521 - INFO - [005930] 현재가: 308000, 고가: 315500, 저가: 292500
2026-06-08 13:25:01,521 - WARNING - ⚠️ 주문 고착 감지: 가격 이탈 (현재가:308,000, 목표가:314,500, 차이:6,500). 주문 취소를 시도합니다.
2026-06-08 13:25:01,522 - INFO - [CANCEL] 주문 취소 요청: 005930, 주문번호: 0000024489
2026-06-08 13:25:03,466 - INFO - 주문 취소 성공! (원주문: 0000024489)
2026-06-08 13:25:03,516 - INFO - 상태 전환 완료: HOLDING
2026-06-08 13:25:10,921 - INFO - 계좌 예수금: 9580209원
2026-06-08 13:25:10,921 - INFO - [005930] 보유: 1주, 매도 가능: 1주, 평단가: 312,500원
2026-06-08 13:25:10,939 - INFO - 미실현 손익: -4,500원 (-1.44%), 최고 수익률: 0.32%
2026-06-08 13:25:10,971 - INFO - 매도 조건 충족: 평단가(312,500), 현재가(308,000) -> 목표가(314,500원) (보수적 상향 보정)
2026-06-08 13:25:10,972 - INFO - [SELL] 주문 요청: 005930, 1주, 314500원
2026-06-08 13:25:13,603 - INFO - 주문 성공! 주문번호: 0000024805
2026-06-08 13:25:13,648 - INFO - 60초 후 다음 확인을 진행합니다. (현재 상태: SELLING)
2026-06-08 13:26:14,330 - INFO - [005930] 현재가: 308250, 고가: 315500, 저가: 292500
2026-06-08 13:26:14,331 - WARNING - ⚠️ 주문 고착 감지: 가격 이탈 (현재가:308,250, 목표가:314,500, 차이:6,250). 주문 취소를 시도합니다.
2026-06-08 13:26:14,331 - INFO - [CANCEL] 주문 취소 요청: 005930, 주문번호: 0000024805
2026-06-08 13:26:17,096 - INFO - 주문 취소 성공! (원주문: 0000024805)
2026-06-08 13:26:17,152 - INFO - 상태 전환 완료: HOLDING
2026-06-08 13:26:22,421 - INFO - 계좌 예수금: 9580209원
2026-06-08 13:26:22,422 - INFO - [005930] 보유: 1주, 매도 가능: 1주, 평단가: 312,500원
2026-06-08 13:26:22,440 - INFO - 미실현 손익: -4,250원 (-1.36%), 최고 수익률: 0.32%
2026-06-08 13:26:22,467 - INFO - 매도 조건 충족: 평단가(312,500), 현재가(308,250) -> 목표가(314,500원) (보수적 상향 보정)
2026-06-08 13:26:22,468 - INFO - [SELL] 주문 요청: 005930, 1주, 314500원
2026-06-08 13:26:22,600 - INFO - 주문 성공! 주문번호: 0000024891
2026-06-08 13:26:22,645 - INFO - 60초 후 다음 확인을 진행합니다. (현재 상태: SELLING)
2026-06-08 13:27:23,761 - INFO - [005930] 현재가: 308000, 고가: 315500, 저가: 292500
2026-06-08 13:27:23,762 - WARNING - ⚠️ 주문 고착 감지: 가격 이탈 (현재가:308,000, 목표가:314,500, 차이:6,500). 주문 취소를 시도합니다.
2026-06-08 13:27:23,762 - INFO - [CANCEL] 주문 취소 요청: 005930, 주문번호: 0000024891
2026-06-08 13:27:25,912 - INFO - 주문 취소 성공! (원주문: 0000024891)
2026-06-08 13:27:25,969 - INFO - 상태 전환 완료: HOLDING
2026-06-08 13:27:32,774 - INFO - 계좌 예수금: 9580209원
2026-06-08 13:27:32,774 - INFO - [005930] 보유: 1주, 매도 가능: 1주, 평단가: 312,500원
2026-06-08 13:27:32,793 - INFO - 미실현 손익: -4,500원 (-1.44%), 최고 수익률: 0.32%
2026-06-08 13:27:32,820 - INFO - 매도 조건 충족: 평단가(312,500), 현재가(308,000) -> 목표가(314,500원) (보수적 상향 보정)
2026-06-08 13:27:32,821 - INFO - [SELL] 주문 요청: 005930, 1주, 314500원
2026-06-08 13:27:34,310 - INFO - 주문 성공! 주문번호: 0000024982
2026-06-08 13:27:34,356 - INFO - 60초 후 다음 확인을 진행합니다. (현재 상태: SELLING)
2026-06-08 13:28:35,344 - INFO - [005930] 현재가: 309000, 고가: 315500, 저가: 292500
2026-06-08 13:28:35,344 - WARNING - ⚠️ 주문 고착 감지: 가격 이탈 (현재가:309,000, 목표가:314,500, 차이:5,500). 주문 취소를 시도합니다.
2026-06-08 13:28:35,345 - INFO - [CANCEL] 주문 취소 요청: 005930, 주문번호: 0000024982
2026-06-08 13:28:36,060 - INFO - 주문 취소 성공! (원주문: 0000024982)
2026-06-08 13:28:36,114 - INFO - 상태 전환 완료: HOLDING
2026-06-08 13:28:41,180 - INFO - 계좌 예수금: 9580209원
2026-06-08 13:28:41,181 - INFO - [005930] 보유: 1주, 매도 가능: 1주, 평단가: 312,500원
2026-06-08 13:28:41,198 - INFO - 미실현 손익: -3,500원 (-1.12%), 최고 수익률: 0.32%
2026-06-08 13:28:41,229 - INFO - 매도 조건 충족: 평단가(312,500), 현재가(309,000) -> 목표가(314,500원) (보수적 상향 보정)
2026-06-08 13:28:41,229 - INFO - [SELL] 주문 요청: 005930, 1주, 314500원
2026-06-08 13:28:41,349 - INFO - 주문 성공! 주문번호: 0000025078
2026-06-08 13:28:41,393 - INFO - 60초 후 다음 확인을 진행합니다. (현재 상태: SELLING)
2026-06-08 13:29:41,501 - INFO - [005930] 현재가: 308500, 고가: 315500, 저가: 292500
2026-06-08 13:29:41,501 - WARNING - ⚠️ 주문 고착 감지: 가격 이탈 (현재가:308,500, 목표가:314,500, 차이:6,000). 주문 취소를 시도합니다.
2026-06-08 13:29:41,502 - INFO - [CANCEL] 주문 취소 요청: 005930, 주문번호: 0000025078
2026-06-08 13:29:41,988 - ERROR - POST 요청 실패 (VTTC0013U): 500 Server Error: Internal Server Error for url: https://openapivts.koreainvestment.com:29443/uapi/domestic-stock/v1/trading/order-rvsecncl
2026-06-08 13:29:41,988 - ERROR - 상세 에러: {"rt_cd":"1","msg1":"초당 거래건수를 초과하였습니다.","msg_cd":"EGW00201","message":"EGW00201"}
2026-06-08 13:29:41,991 - ERROR - 주문 취소 실패: 응답 없음
2026-06-08 13:29:41,991 - ERROR - 주문 취소 실패. 다음 루프에서 재시도합니다.
2026-06-08 13:29:46,442 - INFO - 계좌 예수금: 9580209원
2026-06-08 13:29:46,442 - INFO - [005930] 보유: 1주, 매도 가능: 0주, 평단가: 312,500원
2026-06-08 13:29:46,460 - INFO - 미실현 손익: -4,000원 (-1.28%), 최고 수익률: 0.32%
2026-06-08 13:29:46,500 - INFO - 보유 수량(1)에 대해 매도 주문(0000025078)이 진행 중입니다.
2026-06-08 13:29:46,501 - INFO - 60초 후 다음 확인을 진행합니다. (현재 상태: SELLING)
2026-06-08 13:30:49,904 - INFO - [005930] 현재가: 308750, 고가: 315500, 저가: 292500
2026-06-08 13:30:49,905 - WARNING - ⚠️ 주문 고착 감지: 가격 이탈 (현재가:308,750, 목표가:314,500, 차이:5,750). 주문 취소를 시도합니다.
2026-06-08 13:30:49,905 - INFO - [CANCEL] 주문 취소 요청: 005930, 주문번호: 0000025078
2026-06-08 13:30:52,770 - INFO - 주문 취소 성공! (원주문: 0000025078)
2026-06-08 13:30:52,819 - INFO - 상태 전환 완료: HOLDING
2026-06-08 13:30:59,837 - INFO - 계좌 예수금: 9580209원
2026-06-08 13:30:59,838 - INFO - [005930] 보유: 1주, 매도 가능: 1주, 평단가: 312,500원
2026-06-08 13:30:59,855 - INFO - 미실현 손익: -3,750원 (-1.20%), 최고 수익률: 0.32%
2026-06-08 13:30:59,903 - INFO - 자가 최적화 기록 완료: C:\Users\witpo\OneDrive\바탕 화면\YONSEI\26-1\ECO4126 인공지능과금융공학\open-trading-api\self_optimization_history
2026-06-08 13:30:59,904 - INFO - 매도 조건 충족: 평단가(312,500), 현재가(308,750) -> 목표가(314,500원) (보수적 상향 보정)
2026-06-08 13:30:59,904 - INFO - [SELL] 주문 요청: 005930, 1주, 314500원
2026-06-08 13:31:01,066 - INFO - 주문 성공! 주문번호: 0000025261
2026-06-08 13:31:01,132 - INFO - 60초 후 다음 확인을 진행합니다. (현재 상태: SELLING)
2026-06-08 13:32:03,968 - INFO - [005930] 현재가: 308500, 고가: 315500, 저가: 292500
2026-06-08 13:32:03,969 - WARNING - ⚠️ 주문 고착 감지: 가격 이탈 (현재가:308,500, 목표가:314,500, 차이:6,000). 주문 취소를 시도합니다.
2026-06-08 13:32:03,969 - INFO - [CANCEL] 주문 취소 요청: 005930, 주문번호: 0000025261
2026-06-08 13:32:07,141 - INFO - 주문 취소 성공! (원주문: 0000025261)
2026-06-08 13:32:07,188 - INFO - 상태 전환 완료: HOLDING
2026-06-08 13:32:12,981 - INFO - 계좌 예수금: 9580209원
2026-06-08 13:32:12,981 - INFO - [005930] 보유: 1주, 매도 가능: 1주, 평단가: 312,500원
2026-06-08 13:32:12,999 - INFO - 미실현 손익: -4,000원 (-1.28%), 최고 수익률: 0.32%
2026-06-08 13:32:13,030 - INFO - 매도 조건 충족: 평단가(312,500), 현재가(308,500) -> 목표가(315,000원) (보수적 상향 보정)
2026-06-08 13:32:13,031 - INFO - [SELL] 주문 요청: 005930, 1주, 315000원
2026-06-08 13:32:16,769 - INFO - 주문 성공! 주문번호: 0000025351
2026-06-08 13:32:16,817 - INFO - 60초 후 다음 확인을 진행합니다. (현재 상태: SELLING)
2026-06-08 13:33:17,225 - INFO - [005930] 현재가: 309500, 고가: 315500, 저가: 292500
2026-06-08 13:33:17,226 - WARNING - ⚠️ 주문 고착 감지: 가격 이탈 (현재가:309,500, 목표가:315,000, 차이:5,500). 주문 취소를 시도합니다.
2026-06-08 13:33:17,226 - INFO - [CANCEL] 주문 취소 요청: 005930, 주문번호: 0000025351
2026-06-08 13:33:21,487 - INFO - 주문 취소 성공! (원주문: 0000025351)
2026-06-08 13:33:21,537 - INFO - 상태 전환 완료: HOLDING
2026-06-08 13:33:25,172 - INFO - 계좌 예수금: 9580209원
2026-06-08 13:33:25,173 - INFO - [005930] 보유: 1주, 매도 가능: 1주, 평단가: 312,500원
2026-06-08 13:33:25,191 - INFO - 미실현 손익: -3,000원 (-0.96%), 최고 수익률: 0.32%
2026-06-08 13:33:25,220 - INFO - 매도 조건 충족: 평단가(312,500), 현재가(309,500) -> 목표가(315,000원) (보수적 상향 보정)
2026-06-08 13:33:25,220 - INFO - [SELL] 주문 요청: 005930, 1주, 315000원
2026-06-08 13:33:29,677 - INFO - 주문 성공! 주문번호: 0000025438
2026-06-08 13:33:29,728 - INFO - 60초 후 다음 확인을 진행합니다. (현재 상태: SELLING)
2026-06-08 13:34:29,839 - INFO - [005930] 현재가: 308500, 고가: 315500, 저가: 292500
2026-06-08 13:34:29,840 - WARNING - ⚠️ 주문 고착 감지: 가격 이탈 (현재가:308,500, 목표가:315,000, 차이:6,500). 주문 취소를 시도합니다.
2026-06-08 13:34:29,840 - INFO - [CANCEL] 주문 취소 요청: 005930, 주문번호: 0000025438
2026-06-08 13:34:33,170 - INFO - 주문 취소 성공! (원주문: 0000025438)
2026-06-08 13:34:33,215 - INFO - 상태 전환 완료: HOLDING
2026-06-08 13:34:37,882 - INFO - 계좌 예수금: 9580209원
2026-06-08 13:34:37,883 - INFO - [005930] 보유: 1주, 매도 가능: 1주, 평단가: 312,500원
2026-06-08 13:34:37,901 - INFO - 미실현 손익: -4,000원 (-1.28%), 최고 수익률: 0.32%
2026-06-08 13:34:37,930 - INFO - 매도 조건 충족: 평단가(312,500), 현재가(308,500) -> 목표가(315,000원) (보수적 상향 보정)
2026-06-08 13:34:37,930 - INFO - [SELL] 주문 요청: 005930, 1주, 315000원
2026-06-08 13:34:40,544 - INFO - 주문 성공! 주문번호: 0000025540
2026-06-08 13:34:40,592 - INFO - 60초 후 다음 확인을 진행합니다. (현재 상태: SELLING)
2026-06-08 13:35:44,514 - INFO - [005930] 현재가: 309000, 고가: 315500, 저가: 292500
2026-06-08 13:35:44,515 - WARNING - ⚠️ 주문 고착 감지: 가격 이탈 (현재가:309,000, 목표가:315,000, 차이:6,000). 주문 취소를 시도합니다.
2026-06-08 13:35:44,515 - INFO - [CANCEL] 주문 취소 요청: 005930, 주문번호: 0000025540
2026-06-08 13:35:48,130 - INFO - 주문 취소 성공! (원주문: 0000025540)
2026-06-08 13:35:48,171 - INFO - 상태 전환 완료: HOLDING
2026-06-08 13:35:52,740 - INFO - 계좌 예수금: 9580209원
2026-06-08 13:35:52,741 - INFO - [005930] 보유: 1주, 매도 가능: 1주, 평단가: 312,500원
2026-06-08 13:35:52,759 - INFO - 미실현 손익: -3,500원 (-1.12%), 최고 수익률: 0.32%
2026-06-08 13:35:52,787 - INFO - 매도 조건 충족: 평단가(312,500), 현재가(309,000) -> 목표가(315,000원) (보수적 상향 보정)
2026-06-08 13:35:52,787 - INFO - [SELL] 주문 요청: 005930, 1주, 315000원
2026-06-08 13:35:52,913 - INFO - 주문 성공! 주문번호: 0000025622
2026-06-08 13:35:52,957 - INFO - 60초 후 다음 확인을 진행합니다. (현재 상태: SELLING)
2026-06-08 13:36:53,067 - INFO - [005930] 현재가: 309250, 고가: 315500, 저가: 292500
2026-06-08 13:36:53,067 - WARNING - ⚠️ 주문 고착 감지: 가격 이탈 (현재가:309,250, 목표가:315,000, 차이:5,750). 주문 취소를 시도합니다.
2026-06-08 13:36:53,068 - INFO - [CANCEL] 주문 취소 요청: 005930, 주문번호: 0000025622
2026-06-08 13:36:53,592 - INFO - 주문 취소 성공! (원주문: 0000025622)
2026-06-08 13:36:53,638 - INFO - 상태 전환 완료: HOLDING
2026-06-08 13:36:57,154 - INFO - 계좌 예수금: 9580209원
2026-06-08 13:36:57,154 - INFO - [005930] 보유: 1주, 매도 가능: 1주, 평단가: 312,500원
2026-06-08 13:36:57,172 - INFO - 미실현 손익: -3,250원 (-1.04%), 최고 수익률: 0.32%
2026-06-08 13:36:57,201 - INFO - 매도 조건 충족: 평단가(312,500), 현재가(309,250) -> 목표가(315,000원) (보수적 상향 보정)
2026-06-08 13:36:57,201 - INFO - [SELL] 주문 요청: 005930, 1주, 315000원
2026-06-08 13:36:57,343 - INFO - 주문 성공! 주문번호: 0000025733
2026-06-08 13:36:57,388 - INFO - 60초 후 다음 확인을 진행합니다. (현재 상태: SELLING)
2026-06-08 13:37:57,504 - INFO - [005930] 현재가: 310000, 고가: 315500, 저가: 292500
2026-06-08 13:37:57,505 - WARNING - ⚠️ 주문 고착 감지: 가격 이탈 (현재가:310,000, 목표가:315,000, 차이:5,000). 주문 취소를 시도합니다.
2026-06-08 13:37:57,505 - INFO - [CANCEL] 주문 취소 요청: 005930, 주문번호: 0000025733
2026-06-08 13:38:00,237 - INFO - 주문 취소 성공! (원주문: 0000025733)
2026-06-08 13:38:00,286 - INFO - 상태 전환 완료: HOLDING
2026-06-08 13:38:07,097 - INFO - 계좌 예수금: 9580209원
2026-06-08 13:38:07,098 - INFO - [005930] 보유: 1주, 매도 가능: 1주, 평단가: 312,500원
2026-06-08 13:38:07,115 - INFO - 미실현 손익: -2,500원 (-0.80%), 최고 수익률: 0.32%
2026-06-08 13:38:07,146 - INFO - 매도 조건 충족: 평단가(312,500), 현재가(310,000) -> 목표가(315,000원) (보수적 상향 보정)
2026-06-08 13:38:07,147 - INFO - [SELL] 주문 요청: 005930, 1주, 315000원
2026-06-08 13:38:09,349 - INFO - 주문 성공! 주문번호: 0000025835
2026-06-08 13:38:09,396 - INFO - 60초 후 다음 확인을 진행합니다. (현재 상태: SELLING)
2026-06-08 13:39:11,816 - INFO - [005930] 현재가: 308750, 고가: 315500, 저가: 292500
2026-06-08 13:39:11,817 - WARNING - ⚠️ 주문 고착 감지: 가격 이탈 (현재가:308,750, 목표가:315,000, 차이:6,250). 주문 취소를 시도합니다.
2026-06-08 13:39:11,817 - INFO - [CANCEL] 주문 취소 요청: 005930, 주문번호: 0000025835
2026-06-08 13:39:13,561 - INFO - 주문 취소 성공! (원주문: 0000025835)
2026-06-08 13:39:13,609 - INFO - 상태 전환 완료: HOLDING
2026-06-08 13:39:18,883 - INFO - 계좌 예수금: 9580209원
2026-06-08 13:39:18,884 - INFO - [005930] 보유: 1주, 매도 가능: 1주, 평단가: 312,500원
2026-06-08 13:39:18,901 - INFO - 미실현 손익: -3,750원 (-1.20%), 최고 수익률: 0.32%
2026-06-08 13:39:18,930 - INFO - 매도 조건 충족: 평단가(312,500), 현재가(308,750) -> 목표가(315,000원) (보수적 상향 보정)
2026-06-08 13:39:18,931 - INFO - [SELL] 주문 요청: 005930, 1주, 315000원
2026-06-08 13:39:19,056 - INFO - 주문 성공! 주문번호: 0000025942
2026-06-08 13:39:19,099 - INFO - 60초 후 다음 확인을 진행합니다. (현재 상태: SELLING)
2026-06-08 13:40:20,328 - INFO - [005930] 현재가: 307750, 고가: 315500, 저가: 292500
2026-06-08 13:40:20,329 - WARNING - ⚠️ 주문 고착 감지: 가격 이탈 (현재가:307,750, 목표가:315,000, 차이:7,250). 주문 취소를 시도합니다.
2026-06-08 13:40:20,329 - INFO - [CANCEL] 주문 취소 요청: 005930, 주문번호: 0000025942
2026-06-08 13:40:23,810 - INFO - 주문 취소 성공! (원주문: 0000025942)
2026-06-08 13:40:23,862 - INFO - 상태 전환 완료: HOLDING
2026-06-08 13:40:30,569 - INFO - 계좌 예수금: 9580209원
2026-06-08 13:40:30,570 - INFO - [005930] 보유: 1주, 매도 가능: 1주, 평단가: 312,500원
2026-06-08 13:40:30,588 - INFO - 미실현 손익: -4,750원 (-1.52%), 최고 수익률: 0.32%
2026-06-08 13:40:30,617 - INFO - 매도 조건 충족: 평단가(312,500), 현재가(307,750) -> 목표가(315,000원) (보수적 상향 보정)
2026-06-08 13:40:30,617 - INFO - [SELL] 주문 요청: 005930, 1주, 315000원
2026-06-08 13:40:33,437 - INFO - 주문 성공! 주문번호: 0000026060
2026-06-08 13:40:33,485 - INFO - 60초 후 다음 확인을 진행합니다. (현재 상태: SELLING)
2026-06-08 13:41:33,602 - INFO - [005930] 현재가: 307250, 고가: 315500, 저가: 292500
2026-06-08 13:41:33,603 - WARNING - ⚠️ 주문 고착 감지: 가격 이탈 (현재가:307,250, 목표가:315,000, 차이:7,750). 주문 취소를 시도합니다.
2026-06-08 13:41:33,603 - INFO - [CANCEL] 주문 취소 요청: 005930, 주문번호: 0000026060
2026-06-08 13:41:36,310 - INFO - 주문 취소 성공! (원주문: 0000026060)
2026-06-08 13:41:36,357 - INFO - 상태 전환 완료: HOLDING
2026-06-08 13:41:41,741 - INFO - 계좌 예수금: 9580209원
2026-06-08 13:41:41,741 - INFO - [005930] 보유: 1주, 매도 가능: 1주, 평단가: 312,500원
2026-06-08 13:41:41,759 - INFO - 미실현 손익: -5,250원 (-1.68%), 최고 수익률: 0.32%
2026-06-08 13:41:41,787 - INFO - 매도 조건 충족: 평단가(312,500), 현재가(307,250) -> 목표가(315,000원) (보수적 상향 보정)
2026-06-08 13:41:41,787 - INFO - [SELL] 주문 요청: 005930, 1주, 315000원
2026-06-08 13:41:42,252 - INFO - 주문 성공! 주문번호: 0000026193
2026-06-08 13:41:42,297 - INFO - 60초 후 다음 확인을 진행합니다. (현재 상태: SELLING)
2026-06-08 13:42:42,403 - INFO - [005930] 현재가: 307000, 고가: 315500, 저가: 292500
2026-06-08 13:42:42,404 - WARNING - ⚠️ 주문 고착 감지: 가격 이탈 (현재가:307,000, 목표가:315,000, 차이:8,000). 주문 취소를 시도합니다.
2026-06-08 13:42:42,404 - INFO - [CANCEL] 주문 취소 요청: 005930, 주문번호: 0000026193
2026-06-08 13:42:46,460 - INFO - 주문 취소 성공! (원주문: 0000026193)
2026-06-08 13:42:46,509 - INFO - 상태 전환 완료: HOLDING
2026-06-08 13:42:55,471 - INFO - 계좌 예수금: 9580209원
2026-06-08 13:42:55,472 - INFO - [005930] 보유: 1주, 매도 가능: 1주, 평단가: 312,500원
2026-06-08 13:42:55,490 - INFO - 미실현 손익: -5,500원 (-1.76%), 최고 수익률: 0.32%
2026-06-08 13:42:55,517 - INFO - 매도 조건 충족: 평단가(312,500), 현재가(307,000) -> 목표가(315,000원) (보수적 상향 보정)
2026-06-08 13:42:55,518 - INFO - [SELL] 주문 요청: 005930, 1주, 315000원
2026-06-08 13:42:55,643 - INFO - 주문 성공! 주문번호: 0000026311
2026-06-08 13:42:55,686 - INFO - 60초 후 다음 확인을 진행합니다. (현재 상태: SELLING)
2026-06-08 13:43:55,994 - INFO - [005930] 현재가: 306000, 고가: 315500, 저가: 292500
2026-06-08 13:43:55,995 - WARNING - ⚠️ 주문 고착 감지: 가격 이탈 (현재가:306,000, 목표가:315,000, 차이:9,000). 주문 취소를 시도합니다.
2026-06-08 13:43:55,995 - INFO - [CANCEL] 주문 취소 요청: 005930, 주문번호: 0000026311
2026-06-08 13:43:56,334 - ERROR - POST 요청 실패 (VTTC0013U): 500 Server Error: Internal Server Error for url: https://openapivts.koreainvestment.com:29443/uapi/domestic-stock/v1/trading/order-rvsecncl
2026-06-08 13:43:56,335 - ERROR - 상세 에러: {"rt_cd":"1","msg1":"초당 거래건수를 초과하였습니다.","msg_cd":"EGW00201","message":"EGW00201"}
2026-06-08 13:43:56,337 - ERROR - 주문 취소 실패: 응답 없음
2026-06-08 13:43:56,338 - ERROR - 주문 취소 실패. 다음 루프에서 재시도합니다.
2026-06-08 13:44:04,737 - INFO - 계좌 예수금: 9580209원
2026-06-08 13:44:04,737 - INFO - [005930] 보유: 1주, 매도 가능: 0주, 평단가: 312,500원
2026-06-08 13:44:04,755 - INFO - 미실현 손익: -6,500원 (-2.08%), 최고 수익률: 0.32%
2026-06-08 13:44:04,788 - INFO - 보유 수량(1)에 대해 매도 주문(0000026311)이 진행 중입니다.
2026-06-08 13:44:04,789 - INFO - 60초 후 다음 확인을 진행합니다. (현재 상태: SELLING)
2026-06-08 13:45:09,111 - INFO - [005930] 현재가: 305750, 고가: 315500, 저가: 292500
2026-06-08 13:45:09,112 - WARNING - ⚠️ 주문 고착 감지: 가격 이탈 (현재가:305,750, 목표가:315,000, 차이:9,250). 주문 취소를 시도합니다.
2026-06-08 13:45:09,112 - INFO - [CANCEL] 주문 취소 요청: 005930, 주문번호: 0000026311
2026-06-08 13:45:12,493 - INFO - 주문 취소 성공! (원주문: 0000026311)
2026-06-08 13:45:12,541 - INFO - 상태 전환 완료: HOLDING
2026-06-08 13:45:20,992 - INFO - 계좌 예수금: 9580209원
2026-06-08 13:45:20,993 - INFO - [005930] 보유: 1주, 매도 가능: 1주, 평단가: 312,500원
2026-06-08 13:45:21,013 - INFO - 미실현 손익: -6,750원 (-2.16%), 최고 수익률: 0.32%
2026-06-08 13:45:21,045 - INFO - 매도 조건 충족: 평단가(312,500), 현재가(305,750) -> 목표가(315,000원) (보수적 상향 보정)
2026-06-08 13:45:21,045 - INFO - [SELL] 주문 요청: 005930, 1주, 315000원
2026-06-08 13:45:23,756 - INFO - 주문 성공! 주문번호: 0000026526
2026-06-08 13:45:23,806 - INFO - 60초 후 다음 확인을 진행합니다. (현재 상태: SELLING)
2026-06-08 13:46:25,098 - INFO - [005930] 현재가: 306000, 고가: 315500, 저가: 292500
2026-06-08 13:46:25,099 - WARNING - ⚠️ 주문 고착 감지: 가격 이탈 (현재가:306,000, 목표가:315,000, 차이:9,000). 주문 취소를 시도합니다.
2026-06-08 13:46:25,099 - INFO - [CANCEL] 주문 취소 요청: 005930, 주문번호: 0000026526
2026-06-08 13:46:27,554 - INFO - 주문 취소 성공! (원주문: 0000026526)
2026-06-08 13:46:27,600 - INFO - 상태 전환 완료: HOLDING
2026-06-08 13:46:35,131 - INFO - 계좌 예수금: 9580209원
2026-06-08 13:46:35,132 - INFO - [005930] 보유: 1주, 매도 가능: 1주, 평단가: 312,500원
2026-06-08 13:46:35,151 - INFO - 미실현 손익: -6,500원 (-2.08%), 최고 수익률: 0.32%
2026-06-08 13:46:35,185 - INFO - 매도 조건 충족: 평단가(312,500), 현재가(306,000) -> 목표가(315,000원) (보수적 상향 보정)
2026-06-08 13:46:35,185 - INFO - [SELL] 주문 요청: 005930, 1주, 315000원
2026-06-08 13:46:37,770 - INFO - 주문 성공! 주문번호: 0000026646
2026-06-08 13:46:37,817 - INFO - 60초 후 다음 확인을 진행합니다. (현재 상태: SELLING)
2026-06-08 13:47:40,878 - INFO - [005930] 현재가: 305500, 고가: 315500, 저가: 292500
2026-06-08 13:47:40,879 - WARNING - ⚠️ 주문 고착 감지: 가격 이탈 (현재가:305,500, 목표가:315,000, 차이:9,500). 주문 취소를 시도합니다.
2026-06-08 13:47:40,879 - INFO - [CANCEL] 주문 취소 요청: 005930, 주문번호: 0000026646
2026-06-08 13:47:45,075 - INFO - 주문 취소 성공! (원주문: 0000026646)
2026-06-08 13:47:45,121 - INFO - 상태 전환 완료: HOLDING
2026-06-08 13:47:49,992 - INFO - 계좌 예수금: 9580209원
2026-06-08 13:47:49,992 - INFO - [005930] 보유: 1주, 매도 가능: 1주, 평단가: 312,500원
2026-06-08 13:47:50,012 - INFO - 미실현 손익: -7,000원 (-2.24%), 최고 수익률: 0.32%
2026-06-08 13:47:50,042 - INFO - 매도 조건 충족: 평단가(312,500), 현재가(305,500) -> 목표가(315,000원) (보수적 상향 보정)
2026-06-08 13:47:50,043 - INFO - [SELL] 주문 요청: 005930, 1주, 315000원
2026-06-08 13:47:53,575 - INFO - 주문 성공! 주문번호: 0000026738
2026-06-08 13:47:53,621 - INFO - 60초 후 다음 확인을 진행합니다. (현재 상태: SELLING)
2026-06-08 13:48:55,735 - INFO - [005930] 현재가: 305500, 고가: 315500, 저가: 292500
2026-06-08 13:48:55,736 - WARNING - ⚠️ 주문 고착 감지: 가격 이탈 (현재가:305,500, 목표가:315,000, 차이:9,500). 주문 취소를 시도합니다.
2026-06-08 13:48:55,737 - INFO - [CANCEL] 주문 취소 요청: 005930, 주문번호: 0000026738
2026-06-08 13:48:56,659 - INFO - 주문 취소 성공! (원주문: 0000026738)
2026-06-08 13:48:56,703 - INFO - 상태 전환 완료: HOLDING
2026-06-08 13:49:04,135 - INFO - 계좌 예수금: 9580209원
2026-06-08 13:49:04,135 - INFO - [005930] 보유: 1주, 매도 가능: 1주, 평단가: 312,500원
2026-06-08 13:49:04,157 - INFO - 미실현 손익: -7,000원 (-2.24%), 최고 수익률: 0.32%
2026-06-08 13:49:04,186 - INFO - 매도 조건 충족: 평단가(312,500), 현재가(305,500) -> 목표가(315,000원) (보수적 상향 보정)
2026-06-08 13:49:04,187 - INFO - [SELL] 주문 요청: 005930, 1주, 315000원
2026-06-08 13:49:07,616 - INFO - 주문 성공! 주문번호: 0000026846
2026-06-08 13:49:07,669 - INFO - 60초 후 다음 확인을 진행합니다. (현재 상태: SELLING)
2026-06-08 13:50:13,770 - INFO - [005930] 현재가: 305500, 고가: 315500, 저가: 292500
2026-06-08 13:50:13,770 - WARNING - ⚠️ 주문 고착 감지: 가격 이탈 (현재가:305,500, 목표가:315,000, 차이:9,500). 주문 취소를 시도합니다.
2026-06-08 13:50:13,771 - INFO - [CANCEL] 주문 취소 요청: 005930, 주문번호: 0000026846
2026-06-08 13:50:15,919 - INFO - 주문 취소 성공! (원주문: 0000026846)
2026-06-08 13:50:15,969 - INFO - 상태 전환 완료: HOLDING
2026-06-08 13:50:19,607 - INFO - 계좌 예수금: 9580209원
2026-06-08 13:50:19,608 - INFO - [005930] 보유: 1주, 매도 가능: 1주, 평단가: 312,500원
2026-06-08 13:50:19,627 - INFO - 미실현 손익: -7,000원 (-2.24%), 최고 수익률: 0.32%
2026-06-08 13:50:19,656 - INFO - 매도 조건 충족: 평단가(312,500), 현재가(305,500) -> 목표가(315,000원) (보수적 상향 보정)
2026-06-08 13:50:19,657 - INFO - [SELL] 주문 요청: 005930, 1주, 315000원
2026-06-08 13:50:22,371 - INFO - 주문 성공! 주문번호: 0000026945
2026-06-08 13:50:22,418 - INFO - 60초 후 다음 확인을 진행합니다. (현재 상태: SELLING)
2026-06-08 13:51:22,532 - INFO - [005930] 현재가: 306000, 고가: 315500, 저가: 292500
2026-06-08 13:51:22,533 - WARNING - ⚠️ 주문 고착 감지: 가격 이탈 (현재가:306,000, 목표가:315,000, 차이:9,000). 주문 취소를 시도합니다.
2026-06-08 13:51:22,533 - INFO - [CANCEL] 주문 취소 요청: 005930, 주문번호: 0000026945
2026-06-08 13:51:24,430 - INFO - 주문 취소 성공! (원주문: 0000026945)
2026-06-08 13:51:24,479 - INFO - 상태 전환 완료: HOLDING
2026-06-08 13:51:29,652 - INFO - 계좌 예수금: 9580209원
2026-06-08 13:51:29,653 - INFO - [005930] 보유: 1주, 매도 가능: 1주, 평단가: 312,500원
2026-06-08 13:51:29,670 - INFO - 미실현 손익: -6,500원 (-2.08%), 최고 수익률: 0.32%
2026-06-08 13:51:29,718 - INFO - 자가 최적화 기록 완료: C:\Users\witpo\OneDrive\바탕 화면\YONSEI\26-1\ECO4126 인공지능과금융공학\open-trading-api\self_optimization_history
2026-06-08 13:51:29,720 - INFO - 매도 조건 충족: 평단가(312,500), 현재가(306,000) -> 목표가(315,000원) (보수적 상향 보정)
2026-06-08 13:51:29,721 - INFO - [SELL] 주문 요청: 005930, 1주, 315000원
2026-06-08 13:51:30,063 - INFO - 주문 성공! 주문번호: 0000027049
2026-06-08 13:51:30,130 - INFO - 60초 후 다음 확인을 진행합니다. (현재 상태: SELLING)
2026-06-08 13:52:30,240 - INFO - [005930] 현재가: 306250, 고가: 315500, 저가: 292500
2026-06-08 13:52:30,241 - WARNING - ⚠️ 주문 고착 감지: 가격 이탈 (현재가:306,250, 목표가:315,000, 차이:8,750). 주문 취소를 시도합니다.
2026-06-08 13:52:30,241 - INFO - [CANCEL] 주문 취소 요청: 005930, 주문번호: 0000027049
2026-06-08 13:52:33,145 - INFO - 주문 취소 성공! (원주문: 0000027049)
2026-06-08 13:52:33,193 - INFO - 상태 전환 완료: HOLDING
2026-06-08 13:52:38,162 - INFO - 계좌 예수금: 9580209원
2026-06-08 13:52:38,163 - INFO - [005930] 보유: 1주, 매도 가능: 1주, 평단가: 312,500원
2026-06-08 13:52:38,180 - INFO - 미실현 손익: -6,250원 (-2.00%), 최고 수익률: 0.32%
2026-06-08 13:52:38,208 - INFO - 매도 조건 충족: 평단가(312,500), 현재가(306,250) -> 목표가(315,500원) (보수적 상향 보정)
2026-06-08 13:52:38,208 - INFO - [SELL] 주문 요청: 005930, 1주, 315500원
2026-06-08 13:52:38,333 - INFO - 주문 성공! 주문번호: 0000027143
2026-06-08 13:52:38,377 - INFO - 60초 후 다음 확인을 진행합니다. (현재 상태: SELLING)
2026-06-08 13:53:39,711 - INFO - [005930] 현재가: 306000, 고가: 315500, 저가: 292500
2026-06-08 13:53:39,712 - WARNING - ⚠️ 주문 고착 감지: 가격 이탈 (현재가:306,000, 목표가:315,500, 차이:9,500). 주문 취소를 시도합니다.
2026-06-08 13:53:39,712 - INFO - [CANCEL] 주문 취소 요청: 005930, 주문번호: 0000027143
2026-06-08 13:53:40,835 - INFO - 주문 취소 성공! (원주문: 0000027143)
2026-06-08 13:53:40,880 - INFO - 상태 전환 완료: HOLDING
2026-06-08 13:53:47,593 - INFO - 계좌 예수금: 9580209원
2026-06-08 13:53:47,594 - INFO - [005930] 보유: 1주, 매도 가능: 1주, 평단가: 312,500원
2026-06-08 13:53:47,612 - INFO - 미실현 손익: -6,500원 (-2.08%), 최고 수익률: 0.32%
2026-06-08 13:53:47,640 - INFO - 매도 조건 충족: 평단가(312,500), 현재가(306,000) -> 목표가(315,500원) (보수적 상향 보정)
2026-06-08 13:53:47,640 - INFO - [SELL] 주문 요청: 005930, 1주, 315500원
2026-06-08 13:53:48,720 - INFO - 주문 성공! 주문번호: 0000027241
2026-06-08 13:53:48,768 - INFO - 60초 후 다음 확인을 진행합니다. (현재 상태: SELLING)
2026-06-08 13:54:48,875 - INFO - [005930] 현재가: 304500, 고가: 315500, 저가: 292500
2026-06-08 13:54:48,875 - WARNING - ⚠️ 주문 고착 감지: 가격 이탈 (현재가:304,500, 목표가:315,500, 차이:11,000). 주문 취소를 시도합니다.
2026-06-08 13:54:48,876 - INFO - [CANCEL] 주문 취소 요청: 005930, 주문번호: 0000027241
2026-06-08 13:54:49,360 - ERROR - POST 요청 실패 (VTTC0013U): 500 Server Error: Internal Server Error for url: https://openapivts.koreainvestment.com:29443/uapi/domestic-stock/v1/trading/order-rvsecncl
2026-06-08 13:54:49,361 - ERROR - 상세 에러: {"rt_cd":"1","msg1":"초당 거래건수를 초과하였습니다.","msg_cd":"EGW00201","message":"EGW00201"}
2026-06-08 13:54:49,363 - ERROR - 주문 취소 실패: 응답 없음
2026-06-08 13:54:49,364 - ERROR - 주문 취소 실패. 다음 루프에서 재시도합니다.
2026-06-08 13:54:50,550 - INFO - 계좌 예수금: 9580209원
2026-06-08 13:54:50,551 - INFO - [005930] 보유: 1주, 매도 가능: 0주, 평단가: 312,500원
2026-06-08 13:54:50,569 - INFO - 미실현 손익: -8,000원 (-2.56%), 최고 수익률: 0.32%
2026-06-08 13:54:50,598 - INFO - 보유 수량(1)에 대해 매도 주문(0000027241)이 진행 중입니다.
2026-06-08 13:54:50,598 - INFO - 60초 후 다음 확인을 진행합니다. (현재 상태: SELLING)
2026-06-08 13:55:53,040 - INFO - [005930] 현재가: 304000, 고가: 315500, 저가: 292500
2026-06-08 13:55:53,041 - WARNING - ⚠️ 주문 고착 감지: 가격 이탈 (현재가:304,000, 목표가:315,500, 차이:11,500). 주문 취소를 시도합니다.
2026-06-08 13:55:53,041 - INFO - [CANCEL] 주문 취소 요청: 005930, 주문번호: 0000027241
2026-06-08 13:55:55,089 - INFO - 주문 취소 성공! (원주문: 0000027241)
2026-06-08 13:55:55,136 - INFO - 상태 전환 완료: HOLDING
2026-06-08 13:56:02,770 - INFO - 계좌 예수금: 9580209원
2026-06-08 13:56:02,771 - INFO - [005930] 보유: 1주, 매도 가능: 1주, 평단가: 312,500원
2026-06-08 13:56:02,788 - INFO - 미실현 손익: -8,500원 (-2.72%), 최고 수익률: 0.32%
2026-06-08 13:56:02,817 - INFO - 매도 조건 충족: 평단가(312,500), 현재가(304,000) -> 목표가(315,500원) (보수적 상향 보정)
2026-06-08 13:56:02,818 - INFO - [SELL] 주문 요청: 005930, 1주, 315500원
2026-06-08 13:56:05,841 - INFO - 주문 성공! 주문번호: 0000027458
2026-06-08 13:56:05,895 - INFO - 60초 후 다음 확인을 진행합니다. (현재 상태: SELLING)
2026-06-08 13:57:07,388 - INFO - [005930] 현재가: 303750, 고가: 315500, 저가: 292500
2026-06-08 13:57:07,389 - WARNING - ⚠️ 주문 고착 감지: 가격 이탈 (현재가:303,750, 목표가:315,500, 차이:11,750). 주문 취소를 시도합니다.
2026-06-08 13:57:07,389 - INFO - [CANCEL] 주문 취소 요청: 005930, 주문번호: 0000027458
2026-06-08 13:57:08,617 - INFO - 주문 취소 성공! (원주문: 0000027458)
2026-06-08 13:57:08,666 - INFO - 상태 전환 완료: HOLDING
2026-06-08 13:57:16,913 - INFO - 계좌 예수금: 9580209원
2026-06-08 13:57:16,913 - INFO - [005930] 보유: 1주, 매도 가능: 1주, 평단가: 312,500원
2026-06-08 13:57:16,932 - INFO - 미실현 손익: -8,750원 (-2.80%), 최고 수익률: 0.32%
2026-06-08 13:57:16,960 - INFO - 매도 조건 충족: 평단가(312,500), 현재가(303,750) -> 목표가(315,500원) (보수적 상향 보정)
2026-06-08 13:57:16,960 - INFO - [SELL] 주문 요청: 005930, 1주, 315500원
2026-06-08 13:57:19,571 - INFO - 주문 성공! 주문번호: 0000027588
2026-06-08 13:57:19,619 - INFO - 60초 후 다음 확인을 진행합니다. (현재 상태: SELLING)
2026-06-08 13:58:19,739 - INFO - [005930] 현재가: 303000, 고가: 315500, 저가: 292500
2026-06-08 13:58:19,740 - WARNING - ⚠️ 주문 고착 감지: 가격 이탈 (현재가:303,000, 목표가:315,500, 차이:12,500). 주문 취소를 시도합니다.
2026-06-08 13:58:19,740 - INFO - [CANCEL] 주문 취소 요청: 005930, 주문번호: 0000027588
2026-06-08 13:58:20,319 - ERROR - POST 요청 실패 (VTTC0013U): 500 Server Error: Internal Server Error for url: https://openapivts.koreainvestment.com:29443/uapi/domestic-stock/v1/trading/order-rvsecncl
2026-06-08 13:58:20,320 - ERROR - 상세 에러: {"rt_cd":"1","msg1":"초당 거래건수를 초과하였습니다.","msg_cd":"EGW00201","message":"EGW00201"}
2026-06-08 13:58:20,322 - ERROR - 주문 취소 실패: 응답 없음
2026-06-08 13:58:20,323 - ERROR - 주문 취소 실패. 다음 루프에서 재시도합니다.
2026-06-08 13:58:28,595 - INFO - 계좌 예수금: 9580209원
2026-06-08 13:58:28,596 - INFO - [005930] 보유: 1주, 매도 가능: 0주, 평단가: 312,500원
2026-06-08 13:58:28,615 - INFO - 미실현 손익: -9,500원 (-3.04%), 최고 수익률: 0.32%
2026-06-08 13:58:28,616 - WARNING - 🚨 하드 손절 조건 충족 (-3.04%). 즉시 매도 프로세스 진입.
2026-06-08 13:58:28,651 - INFO - 보유 수량(1)에 대해 매도 주문(0000027588)이 진행 중입니다.
2026-06-08 13:58:28,651 - INFO - 60초 후 다음 확인을 진행합니다. (현재 상태: SELLING)
2026-06-08 13:59:30,043 - INFO - [005930] 현재가: 303000, 고가: 315500, 저가: 292500
2026-06-08 13:59:30,044 - WARNING - ⚠️ 주문 고착 감지: 가격 이탈 (현재가:303,000, 목표가:315,500, 차이:12,500). 주문 취소를 시도합니다.
2026-06-08 13:59:30,044 - INFO - [CANCEL] 주문 취소 요청: 005930, 주문번호: 0000027588
2026-06-08 13:59:30,179 - INFO - 주문 취소 성공! (원주문: 0000027588)
2026-06-08 13:59:30,223 - INFO - 상태 전환 완료: HOLDING
2026-06-08 13:59:36,489 - INFO - 계좌 예수금: 9580209원
2026-06-08 13:59:36,490 - INFO - [005930] 보유: 1주, 매도 가능: 1주, 평단가: 312,500원
2026-06-08 13:59:36,510 - INFO - 미실현 손익: -9,500원 (-3.04%), 최고 수익률: 0.32%
2026-06-08 13:59:36,511 - WARNING - 🚨 하드 손절 조건 충족 (-3.04%). 즉시 매도 프로세스 진입.
2026-06-08 13:59:36,540 - INFO - 🔥 손절(STOP_LOSS) 실행: 현재가 근처(303,000원)로 즉시 매도 주문 (공격적 하향 보정)
2026-06-08 13:59:36,541 - INFO - [SELL] 주문 요청: 005930, 1주, 303000원
2026-06-08 13:59:36,732 - INFO - 주문 성공! 주문번호: 0000027782
2026-06-08 13:59:36,781 - INFO - 60초 후 다음 확인을 진행합니다. (현재 상태: SELLING)
2026-06-08 14:00:38,293 - INFO - [005930] 현재가: 304000, 고가: 315500, 저가: 292500
2026-06-08 14:00:45,922 - INFO - 계좌 예수금: 9580209원
2026-06-08 14:00:47,676 - INFO - 매도 주문 완료 확인: 상태를 IDLE로 전환합니다.
2026-06-08 14:00:47,745 - INFO - 매수 조건 충족: 현재가(304000) - 오프셋(3250+0) = 300500원 (보수적 하향 보정)
2026-06-08 14:00:47,745 - INFO - [BUY] 주문 요청: 005930, 1주, 300500원
2026-06-08 14:00:51,220 - INFO - 주문 성공! 주문번호: 0000027885
2026-06-08 14:00:51,264 - INFO - 60초 후 다음 확인을 진행합니다. (현재 상태: BUYING)
2026-06-08 14:01:53,076 - INFO - [005930] 현재가: 304000, 고가: 315500, 저가: 292500
2026-06-08 14:01:53,077 - WARNING - ⚠️ 주문 고착 감지: 가격 이탈 (현재가:304,000, 목표가:300,500, 차이:3,500). 주문 취소를 시도합니다.
2026-06-08 14:01:53,078 - INFO - [CANCEL] 주문 취소 요청: 005930, 주문번호: 0000027885
2026-06-08 14:01:54,943 - INFO - 주문 취소 성공! (원주문: 0000027885)
2026-06-08 14:01:54,995 - INFO - 상태 전환 완료: IDLE
2026-06-08 14:02:02,012 - INFO - 계좌 예수금: 9580209원
2026-06-08 14:02:04,671 - INFO - 매수 조건 충족: 현재가(304000) - 오프셋(3250+0) = 300500원 (보수적 하향 보정)
2026-06-08 14:02:04,671 - INFO - [BUY] 주문 요청: 005930, 1주, 300500원
2026-06-08 14:02:07,541 - INFO - 주문 성공! 주문번호: 0000028015
2026-06-08 14:02:07,592 - INFO - 60초 후 다음 확인을 진행합니다. (현재 상태: BUYING)
2026-06-08 14:03:10,519 - INFO - [005930] 현재가: 305000, 고가: 315500, 저가: 292500
2026-06-08 14:03:10,520 - WARNING - ⚠️ 주문 고착 감지: 가격 이탈 (현재가:305,000, 목표가:300,500, 차이:4,500). 주문 취소를 시도합니다.
2026-06-08 14:03:10,521 - INFO - [CANCEL] 주문 취소 요청: 005930, 주문번호: 0000028015
2026-06-08 14:03:12,856 - INFO - 주문 취소 성공! (원주문: 0000028015)
2026-06-08 14:03:12,907 - INFO - 상태 전환 완료: IDLE
2026-06-08 14:03:19,981 - INFO - 계좌 예수금: 9580209원
2026-06-08 14:03:22,021 - INFO - 매수 조건 충족: 현재가(305000) - 오프셋(3250+0) = 301500원 (보수적 하향 보정)
2026-06-08 14:03:22,022 - INFO - [BUY] 주문 요청: 005930, 1주, 301500원
2026-06-08 14:03:24,344 - INFO - 주문 성공! 주문번호: 0000028127
2026-06-08 14:03:24,394 - INFO - 60초 후 다음 확인을 진행합니다. (현재 상태: BUYING)
2026-06-08 14:04:28,451 - INFO - [005930] 현재가: 305500, 고가: 315500, 저가: 292500
2026-06-08 14:04:28,451 - WARNING - ⚠️ 주문 고착 감지: 가격 이탈 (현재가:305,500, 목표가:301,500, 차이:4,000). 주문 취소를 시도합니다.
2026-06-08 14:04:28,452 - INFO - [CANCEL] 주문 취소 요청: 005930, 주문번호: 0000028127
2026-06-08 14:04:28,594 - INFO - 주문 취소 성공! (원주문: 0000028127)
2026-06-08 14:04:28,652 - INFO - 상태 전환 완료: IDLE
2026-06-08 14:04:33,366 - INFO - 계좌 예수금: 9580209원
2026-06-08 14:04:36,647 - INFO - 매수 조건 충족: 현재가(305500) - 오프셋(3250+0) = 302000원 (보수적 하향 보정)
2026-06-08 14:04:36,648 - INFO - [BUY] 주문 요청: 005930, 1주, 302000원
2026-06-08 14:04:39,512 - INFO - 주문 성공! 주문번호: 0000028215
2026-06-08 14:04:39,559 - INFO - 60초 후 다음 확인을 진행합니다. (현재 상태: BUYING)
2026-06-08 14:05:41,468 - INFO - [005930] 현재가: 305250, 고가: 315500, 저가: 292500
2026-06-08 14:05:41,469 - WARNING - ⚠️ 주문 고착 감지: 가격 이탈 (현재가:305,250, 목표가:302,000, 차이:3,250). 주문 취소를 시도합니다.
2026-06-08 14:05:41,469 - INFO - [CANCEL] 주문 취소 요청: 005930, 주문번호: 0000028215
2026-06-08 14:05:43,105 - INFO - 주문 취소 성공! (원주문: 0000028215)
2026-06-08 14:05:43,154 - INFO - 상태 전환 완료: IDLE
2026-06-08 14:05:48,843 - INFO - 계좌 예수금: 9580209원
2026-06-08 14:05:48,987 - INFO - 매수 조건 충족: 현재가(305250) - 오프셋(3250+0) = 302000원 (보수적 하향 보정)
2026-06-08 14:05:48,988 - INFO - [BUY] 주문 요청: 005930, 1주, 302000원
2026-06-08 14:05:50,172 - INFO - 주문 성공! 주문번호: 0000028331
2026-06-08 14:05:50,217 - INFO - 60초 후 다음 확인을 진행합니다. (현재 상태: BUYING)
2026-06-08 14:06:50,593 - INFO - [005930] 현재가: 304500, 고가: 315500, 저가: 292500
2026-06-08 14:06:50,593 - WARNING - ⚠️ 주문 고착 감지: 가격 이탈 (현재가:304,500, 목표가:302,000, 차이:2,500). 주문 취소를 시도합니다.
2026-06-08 14:06:50,594 - INFO - [CANCEL] 주문 취소 요청: 005930, 주문번호: 0000028331
2026-06-08 14:06:51,206 - INFO - 주문 취소 성공! (원주문: 0000028331)
2026-06-08 14:06:51,258 - INFO - 상태 전환 완료: IDLE
2026-06-08 14:06:56,223 - INFO - 계좌 예수금: 9580209원
2026-06-08 14:06:57,247 - INFO - 매수 조건 충족: 현재가(304500) - 오프셋(3250+0) = 301000원 (보수적 하향 보정)
2026-06-08 14:06:57,248 - INFO - [BUY] 주문 요청: 005930, 1주, 301000원
2026-06-08 14:06:57,901 - INFO - 주문 성공! 주문번호: 0000028436
2026-06-08 14:06:57,958 - INFO - 60초 후 다음 확인을 진행합니다. (현재 상태: BUYING)
2026-06-08 14:07:59,718 - INFO - [005930] 현재가: 304500, 고가: 315500, 저가: 292500
2026-06-08 14:07:59,719 - WARNING - ⚠️ 주문 고착 감지: 가격 이탈 (현재가:304,500, 목표가:301,000, 차이:3,500). 주문 취소를 시도합니다.
2026-06-08 14:07:59,720 - INFO - [CANCEL] 주문 취소 요청: 005930, 주문번호: 0000028436
2026-06-08 14:07:59,863 - INFO - 주문 취소 성공! (원주문: 0000028436)
2026-06-08 14:07:59,921 - INFO - 상태 전환 완료: IDLE
2026-06-08 14:08:04,835 - INFO - 계좌 예수금: 9580209원
2026-06-08 14:08:05,245 - INFO - 매수 조건 충족: 현재가(304500) - 오프셋(3250+0) = 301000원 (보수적 하향 보정)
2026-06-08 14:08:05,246 - INFO - [BUY] 주문 요청: 005930, 1주, 301000원
2026-06-08 14:08:05,962 - INFO - 주문 성공! 주문번호: 0000028527
2026-06-08 14:08:06,015 - INFO - 60초 후 다음 확인을 진행합니다. (현재 상태: BUYING)
2026-06-08 14:09:08,127 - INFO - [005930] 현재가: 303500, 고가: 315500, 저가: 292500
2026-06-08 14:09:08,127 - WARNING - ⚠️ 주문 고착 감지: 가격 이탈 (현재가:303,500, 목표가:301,000, 차이:2,500). 주문 취소를 시도합니다.
2026-06-08 14:09:08,128 - INFO - [CANCEL] 주문 취소 요청: 005930, 주문번호: 0000028527
2026-06-08 14:09:09,761 - INFO - 주문 취소 성공! (원주문: 0000028527)
2026-06-08 14:09:09,802 - INFO - 상태 전환 완료: IDLE
2026-06-08 14:09:16,521 - INFO - 계좌 예수금: 9580209원
2026-06-08 14:09:17,544 - INFO - 매수 조건 충족: 현재가(303500) - 오프셋(3250+0) = 300000원 (보수적 하향 보정)
2026-06-08 14:09:17,551 - INFO - [BUY] 주문 요청: 005930, 1주, 300000원
2026-06-08 14:09:19,220 - INFO - 주문 성공! 주문번호: 0000028607
2026-06-08 14:09:19,276 - INFO - 60초 후 다음 확인을 진행합니다. (현재 상태: BUYING)
2026-06-08 14:10:20,317 - INFO - [005930] 현재가: 303500, 고가: 315500, 저가: 292500
2026-06-08 14:10:20,318 - WARNING - ⚠️ 주문 고착 감지: 가격 이탈 (현재가:303,500, 목표가:300,000, 차이:3,500). 주문 취소를 시도합니다.
2026-06-08 14:10:20,319 - INFO - [CANCEL] 주문 취소 요청: 005930, 주문번호: 0000028607
2026-06-08 14:10:23,875 - INFO - 주문 취소 성공! (원주문: 0000028607)
2026-06-08 14:10:23,922 - INFO - 상태 전환 완료: IDLE
2026-06-08 14:10:31,031 - INFO - 계좌 예수금: 9580209원
2026-06-08 14:10:34,655 - INFO - 매수 조건 충족: 현재가(303500) - 오프셋(3250+0) = 300000원 (보수적 하향 보정)
2026-06-08 14:10:34,656 - INFO - [BUY] 주문 요청: 005930, 1주, 300000원
2026-06-08 14:10:37,287 - INFO - 주문 성공! 주문번호: 0000028720
2026-06-08 14:10:37,327 - INFO - 60초 후 다음 확인을 진행합니다. (현재 상태: BUYING)
2026-06-08 14:11:37,437 - INFO - [005930] 현재가: 303000, 고가: 315500, 저가: 292500
2026-06-08 14:11:37,437 - WARNING - ⚠️ 주문 고착 감지: 가격 이탈 (현재가:303,000, 목표가:300,000, 차이:3,000). 주문 취소를 시도합니다.
2026-06-08 14:11:37,438 - INFO - [CANCEL] 주문 취소 요청: 005930, 주문번호: 0000028720
2026-06-08 14:11:37,996 - INFO - 주문 취소 성공! (원주문: 0000028720)
2026-06-08 14:11:38,049 - INFO - 상태 전환 완료: IDLE
2026-06-08 14:11:47,772 - INFO - 계좌 예수금: 9580209원
2026-06-08 14:11:47,839 - INFO - 자가 최적화 기록 완료: C:\Users\witpo\OneDrive\바탕 화면\YONSEI\26-1\ECO4126 인공지능과금융공학\open-trading-api\self_optimization_history
2026-06-08 14:11:47,939 - INFO - 매수 조건 충족: 현재가(303000) - 오프셋(3250+0) = 299500원 (보수적 하향 보정)
2026-06-08 14:11:47,939 - INFO - [BUY] 주문 요청: 005930, 1주, 299500원
2026-06-08 14:11:48,435 - ERROR - POST 요청 실패 (VTTC0012U): 500 Server Error: Internal Server Error for url: https://openapivts.koreainvestment.com:29443/uapi/domestic-stock/v1/trading/order-cash
2026-06-08 14:11:48,436 - ERROR - 상세 에러: {"rt_cd":"1","msg1":"초당 거래건수를 초과하였습니다.","msg_cd":"EGW00201","message":"EGW00201"}
2026-06-08 14:11:48,439 - ERROR - 주문 실패: 응답 없음
2026-06-08 14:11:48,440 - INFO - 60초 후 다음 확인을 진행합니다. (현재 상태: IDLE)
2026-06-08 14:12:48,600 - INFO - [005930] 현재가: 301500, 고가: 315500, 저가: 292500
2026-06-08 14:12:53,925 - INFO - 계좌 예수금: 9580209원
2026-06-08 14:12:55,564 - INFO - 매수 조건 충족: 현재가(301500) - 오프셋(2250+0) = 299000원 (보수적 하향 보정)
2026-06-08 14:12:55,565 - INFO - [BUY] 주문 요청: 005930, 1주, 299000원
2026-06-08 14:12:55,706 - INFO - 주문 성공! 주문번호: 0000028896
2026-06-08 14:12:55,752 - INFO - 60초 후 다음 확인을 진행합니다. (현재 상태: BUYING)
2026-06-08 14:13:55,855 - INFO - [005930] 현재가: 301500, 고가: 315500, 저가: 292500
2026-06-08 14:13:55,856 - WARNING - ⚠️ 주문 고착 감지: 가격 이탈 (현재가:301,500, 목표가:299,000, 차이:2,500). 주문 취소를 시도합니다.
2026-06-08 14:13:55,856 - INFO - [CANCEL] 주문 취소 요청: 005930, 주문번호: 0000028896
2026-06-08 14:13:57,361 - INFO - 주문 취소 성공! (원주문: 0000028896)
2026-06-08 14:13:57,421 - INFO - 상태 전환 완료: IDLE
2026-06-08 14:14:01,740 - INFO - 계좌 예수금: 9580209원
2026-06-08 14:14:02,093 - INFO - 매수 조건 충족: 현재가(301500) - 오프셋(2250+0) = 299000원 (보수적 하향 보정)
2026-06-08 14:14:02,093 - INFO - [BUY] 주문 요청: 005930, 1주, 299000원
2026-06-08 14:14:02,744 - INFO - 주문 성공! 주문번호: 0000029018
2026-06-08 14:14:02,793 - INFO - 60초 후 다음 확인을 진행합니다. (현재 상태: BUYING)
2026-06-08 14:15:02,943 - INFO - [005930] 현재가: 301000, 고가: 315500, 저가: 292500
2026-06-08 14:15:07,977 - INFO - 계좌 예수금: 9580209원
2026-06-08 14:15:08,172 - INFO - 이미 매수 주문(0000029018)이 진행 중입니다. 체결을 기다립니다.
2026-06-08 14:15:08,172 - INFO - 60초 후 다음 확인을 진행합니다. (현재 상태: BUYING)
2026-06-08 14:16:08,298 - INFO - [005930] 현재가: 301500, 고가: 315500, 저가: 292500
2026-06-08 14:16:08,300 - WARNING - ⚠️ 주문 고착 감지: 가격 이탈 (현재가:301,500, 목표가:299,000, 차이:2,500). 주문 취소를 시도합니다.
2026-06-08 14:16:08,301 - INFO - [CANCEL] 주문 취소 요청: 005930, 주문번호: 0000029018
2026-06-08 14:16:10,554 - INFO - 주문 취소 성공! (원주문: 0000029018)
2026-06-08 14:16:10,617 - INFO - 상태 전환 완료: IDLE
2026-06-08 14:16:17,000 - INFO - 계좌 예수금: 9580209원
2026-06-08 14:16:19,150 - INFO - 매수 조건 충족: 현재가(301500) - 오프셋(2250+0) = 299000원 (보수적 하향 보정)
2026-06-08 14:16:19,152 - INFO - [BUY] 주문 요청: 005930, 1주, 299000원
2026-06-08 14:16:21,106 - INFO - 주문 성공! 주문번호: 0000029209
2026-06-08 14:16:21,160 - INFO - 60초 후 다음 확인을 진행합니다. (현재 상태: BUYING)
2026-06-08 14:17:23,131 - INFO - [005930] 현재가: 301500, 고가: 315500, 저가: 292500
2026-06-08 14:17:23,131 - WARNING - ⚠️ 주문 고착 감지: 가격 이탈 (현재가:301,500, 목표가:299,000, 차이:2,500). 주문 취소를 시도합니다.
2026-06-08 14:17:23,132 - INFO - [CANCEL] 주문 취소 요청: 005930, 주문번호: 0000029209
2026-06-08 14:17:24,893 - INFO - 주문 취소 성공! (원주문: 0000029209)
2026-06-08 14:17:24,952 - INFO - 상태 전환 완료: IDLE
2026-06-08 14:17:31,346 - INFO - 계좌 예수금: 9580209원
2026-06-08 14:17:33,905 - INFO - 매수 조건 충족: 현재가(301500) - 오프셋(2250+0) = 299000원 (보수적 하향 보정)
2026-06-08 14:17:33,906 - INFO - [BUY] 주문 요청: 005930, 1주, 299000원
2026-06-08 14:17:34,058 - INFO - 주문 성공! 주문번호: 0000029324
2026-06-08 14:17:34,116 - INFO - 60초 후 다음 확인을 진행합니다. (현재 상태: BUYING)
2026-06-08 14:18:34,245 - INFO - [005930] 현재가: 301250, 고가: 315500, 저가: 292500
2026-06-08 14:18:34,245 - WARNING - ⚠️ 주문 고착 감지: 가격 이탈 (현재가:301,250, 목표가:299,000, 차이:2,250). 주문 취소를 시도합니다.
2026-06-08 14:18:34,246 - INFO - [CANCEL] 주문 취소 요청: 005930, 주문번호: 0000029324
2026-06-08 14:18:34,799 - INFO - 주문 취소 성공! (원주문: 0000029324)
2026-06-08 14:18:34,855 - INFO - 상태 전환 완료: IDLE
2026-06-08 14:18:40,365 - INFO - 계좌 예수금: 9580209원
2026-06-08 14:18:41,905 - INFO - 매수 조건 충족: 현재가(301250) - 오프셋(2250+0) = 299000원 (보수적 하향 보정)
2026-06-08 14:18:41,906 - INFO - [BUY] 주문 요청: 005930, 1주, 299000원
2026-06-08 14:18:43,647 - INFO - 주문 성공! 주문번호: 0000029439
2026-06-08 14:18:43,703 - INFO - 60초 후 다음 확인을 진행합니다. (현재 상태: BUYING)
2026-06-08 14:19:44,450 - INFO - [005930] 현재가: 302500, 고가: 315500, 저가: 292500
2026-06-08 14:19:44,450 - WARNING - ⚠️ 주문 고착 감지: 가격 이탈 (현재가:302,500, 목표가:299,000, 차이:3,500). 주문 취소를 시도합니다.
2026-06-08 14:19:44,451 - INFO - [CANCEL] 주문 취소 요청: 005930, 주문번호: 0000029439
2026-06-08 14:19:44,988 - INFO - 주문 취소 성공! (원주문: 0000029439)
2026-06-08 14:19:45,052 - INFO - 상태 전환 완료: IDLE
2026-06-08 14:19:49,699 - INFO - 계좌 예수금: 9580209원
2026-06-08 14:19:49,896 - INFO - 매수 조건 충족: 현재가(302500) - 오프셋(2250+0) = 300000원 (보수적 하향 보정)
2026-06-08 14:19:49,897 - INFO - [BUY] 주문 요청: 005930, 1주, 300000원
2026-06-08 14:19:50,391 - INFO - 주문 성공! 주문번호: 0000029525
2026-06-08 14:19:50,446 - INFO - 60초 후 다음 확인을 진행합니다. (현재 상태: BUYING)
2026-06-08 14:20:50,585 - INFO - [005930] 현재가: 303000, 고가: 315500, 저가: 292500
2026-06-08 14:20:50,586 - WARNING - ⚠️ 주문 고착 감지: 가격 이탈 (현재가:303,000, 목표가:300,000, 차이:3,000). 주문 취소를 시도합니다.
2026-06-08 14:20:50,587 - INFO - [CANCEL] 주문 취소 요청: 005930, 주문번호: 0000029525
2026-06-08 14:20:51,069 - ERROR - POST 요청 실패 (VTTC0013U): 500 Server Error: Internal Server Error for url: https://openapivts.koreainvestment.com:29443/uapi/domestic-stock/v1/trading/order-rvsecncl
2026-06-08 14:20:51,069 - ERROR - 상세 에러: {"rt_cd":"1","msg1":"초당 거래건수를 초과하였습니다.","msg_cd":"EGW00201","message":"EGW00201"}
2026-06-08 14:20:51,072 - ERROR - 주문 취소 실패: 응답 없음
2026-06-08 14:20:51,073 - ERROR - 주문 취소 실패. 다음 루프에서 재시도합니다.
2026-06-08 14:20:53,085 - INFO - 계좌 예수금: 9580209원
2026-06-08 14:20:55,956 - INFO - 이미 매수 주문(0000029525)이 진행 중입니다. 체결을 기다립니다.
2026-06-08 14:20:55,956 - INFO - 60초 후 다음 확인을 진행합니다. (현재 상태: BUYING)
2026-06-08 14:21:56,173 - INFO - [005930] 현재가: 303000, 고가: 315500, 저가: 292500
2026-06-08 14:21:56,173 - WARNING - ⚠️ 주문 고착 감지: 가격 이탈 (현재가:303,000, 목표가:300,000, 차이:3,000). 주문 취소를 시도합니다.
2026-06-08 14:21:56,174 - INFO - [CANCEL] 주문 취소 요청: 005930, 주문번호: 0000029525
2026-06-08 14:21:57,292 - INFO - 주문 취소 성공! (원주문: 0000029525)
2026-06-08 14:21:57,339 - INFO - 상태 전환 완료: IDLE
2026-06-08 14:22:02,821 - INFO - 계좌 예수금: 9580209원
2026-06-08 14:22:05,689 - INFO - 매수 조건 충족: 현재가(303000) - 오프셋(2250+0) = 300500원 (보수적 하향 보정)
2026-06-08 14:22:05,690 - INFO - [BUY] 주문 요청: 005930, 1주, 300500원
2026-06-08 14:22:06,815 - INFO - 주문 성공! 주문번호: 0000029678
2026-06-08 14:22:06,864 - INFO - 60초 후 다음 확인을 진행합니다. (현재 상태: BUYING)
2026-06-08 14:23:06,977 - INFO - [005930] 현재가: 303000, 고가: 315500, 저가: 292500
2026-06-08 14:23:06,978 - WARNING - ⚠️ 주문 고착 감지: 가격 이탈 (현재가:303,000, 목표가:300,500, 차이:2,500). 주문 취소를 시도합니다.
2026-06-08 14:23:06,978 - INFO - [CANCEL] 주문 취소 요청: 005930, 주문번호: 0000029678
2026-06-08 14:23:07,472 - ERROR - POST 요청 실패 (VTTC0013U): 500 Server Error: Internal Server Error for url: https://openapivts.koreainvestment.com:29443/uapi/domestic-stock/v1/trading/order-rvsecncl
2026-06-08 14:23:07,473 - ERROR - 상세 에러: {"rt_cd":"1","msg1":"초당 거래건수를 초과하였습니다.","msg_cd":"EGW00201","message":"EGW00201"}
2026-06-08 14:23:07,477 - ERROR - 주문 취소 실패: 응답 없음
2026-06-08 14:23:07,477 - ERROR - 주문 취소 실패. 다음 루프에서 재시도합니다.
2026-06-08 14:23:14,304 - INFO - 계좌 예수금: 9580209원
2026-06-08 14:23:15,429 - INFO - 이미 매수 주문(0000029678)이 진행 중입니다. 체결을 기다립니다.
2026-06-08 14:23:15,430 - INFO - 60초 후 다음 확인을 진행합니다. (현재 상태: BUYING)
2026-06-08 14:24:16,564 - INFO - [005930] 현재가: 303000, 고가: 315500, 저가: 292500
2026-06-08 14:24:16,564 - WARNING - ⚠️ 주문 고착 감지: 가격 이탈 (현재가:303,000, 목표가:300,500, 차이:2,500). 주문 취소를 시도합니다.
2026-06-08 14:24:16,565 - INFO - [CANCEL] 주문 취소 요청: 005930, 주문번호: 0000029678
2026-06-08 14:24:18,099 - INFO - 주문 취소 성공! (원주문: 0000029678)
2026-06-08 14:24:18,148 - INFO - 상태 전환 완료: IDLE
2026-06-08 14:24:23,936 - INFO - 계좌 예수금: 9580209원
2026-06-08 14:24:24,858 - INFO - 매수 조건 충족: 현재가(303000) - 오프셋(2250+0) = 300500원 (보수적 하향 보정)
2026-06-08 14:24:24,858 - INFO - [BUY] 주문 요청: 005930, 1주, 300500원
2026-06-08 14:24:25,469 - ERROR - POST 요청 실패 (VTTC0012U): 500 Server Error: Internal Server Error for url: https://openapivts.koreainvestment.com:29443/uapi/domestic-stock/v1/trading/order-cash
2026-06-08 14:24:25,470 - ERROR - 상세 에러: {"rt_cd":"1","msg1":"초당 거래건수를 초과하였습니다.","msg_cd":"EGW00201","message":"EGW00201"}
2026-06-08 14:24:25,472 - ERROR - 주문 실패: 응답 없음
2026-06-08 14:24:25,473 - INFO - 60초 후 다음 확인을 진행합니다. (현재 상태: IDLE)
2026-06-08 14:25:26,609 - INFO - [005930] 현재가: 302500, 고가: 315500, 저가: 292500
2026-06-08 14:25:32,651 - INFO - 계좌 예수금: 9580209원
2026-06-08 14:25:33,779 - INFO - 매수 조건 충족: 현재가(302500) - 오프셋(2250+0) = 300000원 (보수적 하향 보정)
2026-06-08 14:25:33,780 - INFO - [BUY] 주문 요청: 005930, 1주, 300000원
2026-06-08 14:25:35,008 - INFO - 주문 성공! 주문번호: 0000029906
2026-06-08 14:25:35,053 - INFO - 60초 후 다음 확인을 진행합니다. (현재 상태: BUYING)
2026-06-08 14:26:36,247 - INFO - [005930] 현재가: 301750, 고가: 315500, 저가: 292500
2026-06-08 14:26:41,162 - INFO - 계좌 예수금: 9580209원
2026-06-08 14:26:42,085 - INFO - 이미 매수 주문(0000029906)이 진행 중입니다. 체결을 기다립니다.
2026-06-08 14:26:42,086 - INFO - 60초 후 다음 확인을 진행합니다. (현재 상태: BUYING)
2026-06-08 14:27:43,116 - INFO - [005930] 현재가: 302000, 고가: 315500, 저가: 292500
2026-06-08 14:27:47,009 - INFO - 계좌 예수금: 9580209원
2026-06-08 14:27:47,828 - INFO - 이미 매수 주문(0000029906)이 진행 중입니다. 체결을 기다립니다.
2026-06-08 14:27:47,828 - INFO - 60초 후 다음 확인을 진행합니다. (현재 상태: BUYING)
2026-06-08 14:28:49,066 - INFO - [005930] 현재가: 302250, 고가: 315500, 저가: 292500
2026-06-08 14:28:49,067 - WARNING - ⚠️ 주문 고착 감지: 가격 이탈 (현재가:302,250, 목표가:300,000, 차이:2,250). 주문 취소를 시도합니다.
2026-06-08 14:28:49,067 - INFO - [CANCEL] 주문 취소 요청: 005930, 주문번호: 0000029906
2026-06-08 14:28:50,602 - INFO - 주문 취소 성공! (원주문: 0000029906)
2026-06-08 14:28:50,649 - INFO - 상태 전환 완료: IDLE
2026-06-08 14:28:55,311 - INFO - 계좌 예수금: 9580209원
2026-06-08 14:28:55,458 - INFO - 매수 조건 충족: 현재가(302250) - 오프셋(2250+0) = 300000원 (보수적 하향 보정)
2026-06-08 14:28:55,459 - INFO - [BUY] 주문 요청: 005930, 1주, 300000원
2026-06-08 14:28:56,439 - INFO - 주문 성공! 주문번호: 0000030138
2026-06-08 14:28:56,483 - INFO - 60초 후 다음 확인을 진행합니다. (현재 상태: BUYING)
2026-06-08 14:29:59,733 - INFO - [005930] 현재가: 302000, 고가: 315500, 저가: 292500
2026-06-08 14:30:07,612 - INFO - 계좌 예수금: 9580209원
2026-06-08 14:30:11,912 - INFO - 이미 매수 주문(0000030138)이 진행 중입니다. 체결을 기다립니다.
2026-06-08 14:30:11,913 - INFO - 60초 후 다음 확인을 진행합니다. (현재 상태: BUYING)
2026-06-08 14:31:13,358 - INFO - [005930] 현재가: 301500, 고가: 315500, 저가: 292500
2026-06-08 14:31:17,862 - INFO - 계좌 예수금: 9580209원
2026-06-08 14:31:18,285 - INFO - 이미 매수 주문(0000030138)이 진행 중입니다. 체결을 기다립니다.
2026-06-08 14:31:18,285 - INFO - 60초 후 다음 확인을 진행합니다. (현재 상태: BUYING)
2026-06-08 14:32:20,330 - INFO - [005930] 현재가: 301750, 고가: 315500, 저가: 292500
2026-06-08 14:32:25,449 - INFO - 계좌 예수금: 9580209원
2026-06-08 14:32:27,702 - INFO - 이미 매수 주문(0000030138)이 진행 중입니다. 체결을 기다립니다.
2026-06-08 14:32:27,703 - INFO - 60초 후 다음 확인을 진행합니다. (현재 상태: BUYING)
2026-06-08 14:33:30,581 - INFO - [005930] 현재가: 301750, 고가: 315500, 저가: 292500
2026-06-08 14:33:38,174 - INFO - 계좌 예수금: 9580209원
2026-06-08 14:33:38,343 - INFO - 이미 매수 주문(0000030138)이 진행 중입니다. 체결을 기다립니다.
2026-06-08 14:33:38,343 - INFO - 60초 후 다음 확인을 진행합니다. (현재 상태: BUYING)
2026-06-08 14:34:38,742 - INFO - [005930] 현재가: 301000, 고가: 315500, 저가: 292500
2026-06-08 14:34:41,853 - INFO - 계좌 예수금: 9580209원
2026-06-08 14:34:45,234 - INFO - 이미 매수 주문(0000030138)이 진행 중입니다. 체결을 기다립니다.
2026-06-08 14:34:45,235 - INFO - 60초 후 다음 확인을 진행합니다. (현재 상태: BUYING)
2026-06-08 14:35:45,347 - INFO - [005930] 현재가: 301000, 고가: 315500, 저가: 292500
2026-06-08 14:35:49,596 - INFO - 계좌 예수금: 9580209원
2026-06-08 14:35:49,733 - INFO - 이미 매수 주문(0000030138)이 진행 중입니다. 체결을 기다립니다.
2026-06-08 14:35:49,733 - INFO - 60초 후 다음 확인을 진행합니다. (현재 상태: BUYING)
2026-06-08 14:36:50,375 - INFO - [005930] 현재가: 300500, 고가: 315500, 저가: 292500
2026-06-08 14:36:55,801 - INFO - 계좌 예수금: 9580209원
2026-06-08 14:36:56,722 - INFO - 이미 매수 주문(0000030138)이 진행 중입니다. 체결을 기다립니다.
2026-06-08 14:36:56,722 - INFO - 60초 후 다음 확인을 진행합니다. (현재 상태: BUYING)
2026-06-08 14:37:58,781 - INFO - [005930] 현재가: 300250, 고가: 315500, 저가: 292500
2026-06-08 14:38:06,359 - INFO - 계좌 예수금: 9580209원
2026-06-08 14:38:06,360 - INFO - [005930] 보유: 1주, 매도 가능: 1주, 평단가: 300,000원
2026-06-08 14:38:06,379 - INFO - 미실현 손익: 250원 (0.08%), 최고 수익률: 0.08%
2026-06-08 14:38:06,420 - INFO - 매수 체결 확인 (평단가: 300,000원). 히스토리에 기록합니다.
2026-06-08 14:38:06,479 - INFO - 매도 조건 충족: 평단가(300,000), 현재가(300,250) -> 목표가(302,500원) (보수적 상향 보정)
2026-06-08 14:38:06,479 - INFO - [SELL] 주문 요청: 005930, 1주, 302500원
2026-06-08 14:38:09,635 - INFO - 주문 성공! 주문번호: 0000030754
2026-06-08 14:38:09,697 - INFO - 자가 최적화 기록 완료: C:\Users\witpo\OneDrive\바탕 화면\YONSEI\26-1\ECO4126 인공지능과금융공학\open-trading-api\self_optimization_history
2026-06-08 14:38:09,724 - INFO - 60초 후 다음 확인을 진행합니다. (현재 상태: SELLING)
2026-06-08 14:39:15,485 - INFO - [005930] 현재가: 300250, 고가: 315500, 저가: 292500
2026-06-08 14:39:15,486 - WARNING - ⚠️ 주문 고착 감지: 가격 이탈 (현재가:300,250, 목표가:302,500, 차이:2,250). 주문 취소를 시도합니다.
2026-06-08 14:39:15,486 - INFO - [CANCEL] 주문 취소 요청: 005930, 주문번호: 0000030754
2026-06-08 14:39:18,247 - INFO - 주문 취소 성공! (원주문: 0000030754)
2026-06-08 14:39:18,296 - INFO - 상태 전환 완료: HOLDING
2026-06-08 14:39:26,851 - INFO - 계좌 예수금: 9580209원
2026-06-08 14:39:26,852 - INFO - [005930] 보유: 1주, 매도 가능: 1주, 평단가: 300,000원
2026-06-08 14:39:26,870 - INFO - 미실현 손익: 250원 (0.08%), 최고 수익률: 0.08%
2026-06-08 14:39:26,900 - INFO - 매도 조건 충족: 평단가(300,000), 현재가(300,250) -> 목표가(302,000원) (보수적 상향 보정)
2026-06-08 14:39:26,901 - INFO - [SELL] 주문 요청: 005930, 1주, 302000원
2026-06-08 14:39:30,378 - INFO - 주문 성공! 주문번호: 0000030866
2026-06-08 14:39:30,430 - INFO - 60초 후 다음 확인을 진행합니다. (현재 상태: SELLING)
2026-06-08 14:40:34,131 - INFO - [005930] 현재가: 299750, 고가: 315500, 저가: 292500
2026-06-08 14:40:34,132 - WARNING - ⚠️ 주문 고착 감지: 가격 이탈 (현재가:299,750, 목표가:302,000, 차이:2,250). 주문 취소를 시도합니다.
2026-06-08 14:40:34,132 - INFO - [CANCEL] 주문 취소 요청: 005930, 주문번호: 0000030866
2026-06-08 14:40:34,850 - INFO - 주문 취소 성공! (원주문: 0000030866)
2026-06-08 14:40:34,897 - INFO - 상태 전환 완료: HOLDING
2026-06-08 14:40:43,245 - INFO - 계좌 예수금: 9580209원
2026-06-08 14:40:43,246 - INFO - [005930] 보유: 1주, 매도 가능: 1주, 평단가: 300,000원
2026-06-08 14:40:43,264 - INFO - 미실현 손익: -250원 (-0.08%), 최고 수익률: 0.08%
2026-06-08 14:40:43,295 - INFO - 매도 조건 충족: 평단가(300,000), 현재가(299,750) -> 목표가(302,000원) (보수적 상향 보정)
2026-06-08 14:40:43,295 - INFO - [SELL] 주문 요청: 005930, 1주, 302000원
2026-06-08 14:40:45,907 - INFO - 주문 성공! 주문번호: 0000030964
2026-06-08 14:40:45,956 - INFO - 60초 후 다음 확인을 진행합니다. (현재 상태: SELLING)
2026-06-08 14:41:46,943 - INFO - [005930] 현재가: 299500, 고가: 315500, 저가: 292500
2026-06-08 14:41:46,943 - WARNING - ⚠️ 주문 고착 감지: 가격 이탈 (현재가:299,500, 목표가:302,000, 차이:2,500). 주문 취소를 시도합니다.
2026-06-08 14:41:46,944 - INFO - [CANCEL] 주문 취소 요청: 005930, 주문번호: 0000030964
2026-06-08 14:41:48,069 - INFO - 주문 취소 성공! (원주문: 0000030964)
2026-06-08 14:41:48,120 - INFO - 상태 전환 완료: HOLDING
2026-06-08 14:41:50,524 - ERROR - GET 요청 실패 (VTTC8434R): 500 Server Error: Internal Server Error for url: https://openapivts.koreainvestment.com:29443/uapi/domestic-stock/v1/trading/inquire-balance?CANO=50174003&ACNT_PRDT_CD=01&AFHR_FLPR_YN=N&OFL_YN=&INQR_DVSN=02&UNPR_DVSN=01&FUND_STTL_ICLD_YN=N&FNCG_AMT_AUTO_RDPT_YN=N&PRCS_DVSN=00&CTX_AREA_FK100=&CTX_AREA_NK100=
2026-06-08 14:41:50,525 - ERROR - 상세 에러: {"rt_cd":"1","msg1":"원장에서 허용 가능한 초당 거래건수를 초과하였습니다.","msg_cd":"EGW00201"}
2026-06-08 14:41:50,527 - ERROR - 잔고 조회 실패
2026-06-08 14:41:50,758 - WARNING - 예수금 부족으로 매수 불가 (예수금: 0원, 필요: 298000원)
2026-06-08 14:41:50,759 - INFO - 60초 후 다음 확인을 진행합니다. (현재 상태: IDLE)
2026-06-08 14:42:52,687 - INFO - [005930] 현재가: 299750, 고가: 315500, 저가: 292500
2026-06-08 14:42:56,885 - INFO - 계좌 예수금: 9580209원
2026-06-08 14:42:56,885 - INFO - [005930] 보유: 1주, 매도 가능: 1주, 평단가: 300,000원
2026-06-08 14:42:56,904 - INFO - 미실현 손익: -250원 (-0.08%), 최고 수익률: 0.00%
2026-06-08 14:42:56,937 - INFO - 매도 조건 충족: 평단가(300,000), 현재가(299,750) -> 목표가(302,000원) (보수적 상향 보정)
2026-06-08 14:42:56,938 - INFO - [SELL] 주문 요청: 005930, 1주, 302000원
2026-06-08 14:42:57,073 - INFO - 주문 성공! 주문번호: 0000031128
2026-06-08 14:42:57,119 - INFO - 60초 후 다음 확인을 진행합니다. (현재 상태: SELLING)
2026-06-08 14:43:57,232 - INFO - [005930] 현재가: 300000, 고가: 315500, 저가: 292500
2026-06-08 14:44:03,654 - INFO - 계좌 예수금: 9580209원
2026-06-08 14:44:03,655 - INFO - [005930] 보유: 1주, 매도 가능: 0주, 평단가: 300,000원
2026-06-08 14:44:03,675 - INFO - 미실현 손익: 0원 (0.00%), 최고 수익률: 0.00%
2026-06-08 14:44:03,704 - INFO - 보유 수량(1)에 대해 매도 주문(0000031128)이 진행 중입니다.
2026-06-08 14:44:03,704 - INFO - 60초 후 다음 확인을 진행합니다. (현재 상태: SELLING)
2026-06-08 14:45:08,481 - INFO - [005930] 현재가: 299000, 고가: 315500, 저가: 292500
2026-06-08 14:45:08,482 - WARNING - ⚠️ 주문 고착 감지: 가격 이탈 (현재가:299,000, 목표가:302,000, 차이:3,000). 주문 취소를 시도합니다.
2026-06-08 14:45:08,482 - INFO - [CANCEL] 주문 취소 요청: 005930, 주문번호: 0000031128
2026-06-08 14:45:12,986 - INFO - 주문 취소 성공! (원주문: 0000031128)
2026-06-08 14:45:13,032 - INFO - 상태 전환 완료: HOLDING
2026-06-08 14:45:22,336 - INFO - 계좌 예수금: 9580209원
2026-06-08 14:45:22,337 - INFO - [005930] 보유: 1주, 매도 가능: 1주, 평단가: 300,000원
2026-06-08 14:45:22,355 - INFO - 미실현 손익: -1,000원 (-0.33%), 최고 수익률: 0.00%
2026-06-08 14:45:22,386 - INFO - 매도 조건 충족: 평단가(300,000), 현재가(299,000) -> 목표가(302,000원) (보수적 상향 보정)
2026-06-08 14:45:22,386 - INFO - [SELL] 주문 요청: 005930, 1주, 302000원
2026-06-08 14:45:25,785 - INFO - 주문 성공! 주문번호: 0000031289
2026-06-08 14:45:25,833 - INFO - 60초 후 다음 확인을 진행합니다. (현재 상태: SELLING)
2026-06-08 14:46:29,172 - INFO - [005930] 현재가: 298750, 고가: 315500, 저가: 292500
2026-06-08 14:46:29,173 - WARNING - ⚠️ 주문 고착 감지: 가격 이탈 (현재가:298,750, 목표가:302,000, 차이:3,250). 주문 취소를 시도합니다.
2026-06-08 14:46:29,174 - INFO - [CANCEL] 주문 취소 요청: 005930, 주문번호: 0000031289
2026-06-08 14:46:32,247 - INFO - 주문 취소 성공! (원주문: 0000031289)
2026-06-08 14:46:32,295 - INFO - 상태 전환 완료: HOLDING
2026-06-08 14:46:39,620 - INFO - 계좌 예수금: 9580209원
2026-06-08 14:46:39,621 - INFO - [005930] 보유: 1주, 매도 가능: 1주, 평단가: 300,000원
2026-06-08 14:46:39,644 - INFO - 미실현 손익: -1,250원 (-0.42%), 최고 수익률: 0.00%
2026-06-08 14:46:39,679 - INFO - 매도 조건 충족: 평단가(300,000), 현재가(298,750) -> 목표가(302,000원) (보수적 상향 보정)
2026-06-08 14:46:39,680 - INFO - [SELL] 주문 요청: 005930, 1주, 302000원
2026-06-08 14:46:39,838 - INFO - 주문 성공! 주문번호: 0000031399
2026-06-08 14:46:39,901 - INFO - 60초 후 다음 확인을 진행합니다. (현재 상태: SELLING)
2026-06-08 14:47:40,552 - INFO - [005930] 현재가: 298000, 고가: 315500, 저가: 292500
2026-06-08 14:47:40,553 - WARNING - ⚠️ 주문 고착 감지: 가격 이탈 (현재가:298,000, 목표가:302,000, 차이:4,000). 주문 취소를 시도합니다.
2026-06-08 14:47:40,553 - INFO - [CANCEL] 주문 취소 요청: 005930, 주문번호: 0000031399
2026-06-08 14:47:41,255 - INFO - 주문 취소 성공! (원주문: 0000031399)
2026-06-08 14:47:41,308 - INFO - 상태 전환 완료: HOLDING
2026-06-08 14:47:46,490 - INFO - 계좌 예수금: 9580209원
2026-06-08 14:47:46,491 - INFO - [005930] 보유: 1주, 매도 가능: 1주, 평단가: 300,000원
2026-06-08 14:47:46,510 - INFO - 미실현 손익: -2,000원 (-0.67%), 최고 수익률: 0.00%
2026-06-08 14:47:46,540 - INFO - 매도 조건 충족: 평단가(300,000), 현재가(298,000) -> 목표가(302,000원) (보수적 상향 보정)
2026-06-08 14:47:46,541 - INFO - [SELL] 주문 요청: 005930, 1주, 302000원
2026-06-08 14:47:46,708 - INFO - 주문 성공! 주문번호: 0000031503
2026-06-08 14:47:46,775 - INFO - 60초 후 다음 확인을 진행합니다. (현재 상태: SELLING)
2026-06-08 14:48:46,911 - INFO - [005930] 현재가: 297750, 고가: 315500, 저가: 292500
2026-06-08 14:48:46,912 - WARNING - ⚠️ 주문 고착 감지: 가격 이탈 (현재가:297,750, 목표가:302,000, 차이:4,250). 주문 취소를 시도합니다.
2026-06-08 14:48:46,913 - INFO - [CANCEL] 주문 취소 요청: 005930, 주문번호: 0000031503
2026-06-08 14:48:47,382 - ERROR - POST 요청 실패 (VTTC0013U): 500 Server Error: Internal Server Error for url: https://openapivts.koreainvestment.com:29443/uapi/domestic-stock/v1/trading/order-rvsecncl
2026-06-08 14:48:47,383 - ERROR - 상세 에러: {"rt_cd":"1","msg1":"초당 거래건수를 초과하였습니다.","msg_cd":"EGW00201","message":"EGW00201"}
2026-06-08 14:48:47,386 - ERROR - 주문 취소 실패: 응답 없음
2026-06-08 14:48:47,387 - ERROR - 주문 취소 실패. 다음 루프에서 재시도합니다.
2026-06-08 14:48:48,534 - INFO - 계좌 예수금: 9580209원
2026-06-08 14:48:48,535 - INFO - [005930] 보유: 1주, 매도 가능: 0주, 평단가: 300,000원
2026-06-08 14:48:48,555 - INFO - 미실현 손익: -2,250원 (-0.75%), 최고 수익률: 0.00%
2026-06-08 14:48:48,587 - INFO - 보유 수량(1)에 대해 매도 주문(0000031503)이 진행 중입니다.
2026-06-08 14:48:48,587 - INFO - 60초 후 다음 확인을 진행합니다. (현재 상태: SELLING)
2026-06-08 14:49:48,717 - INFO - [005930] 현재가: 297500, 고가: 315500, 저가: 292500
2026-06-08 14:49:48,717 - WARNING - ⚠️ 주문 고착 감지: 가격 이탈 (현재가:297,500, 목표가:302,000, 차이:4,500). 주문 취소를 시도합니다.
2026-06-08 14:49:48,717 - INFO - [CANCEL] 주문 취소 요청: 005930, 주문번호: 0000031503
2026-06-08 14:49:49,185 - ERROR - POST 요청 실패 (VTTC0013U): 500 Server Error: Internal Server Error for url: https://openapivts.koreainvestment.com:29443/uapi/domestic-stock/v1/trading/order-rvsecncl
2026-06-08 14:49:49,185 - ERROR - 상세 에러: {"rt_cd":"1","msg1":"초당 거래건수를 초과하였습니다.","msg_cd":"EGW00201","message":"EGW00201"}
2026-06-08 14:49:49,188 - ERROR - 주문 취소 실패: 응답 없음
2026-06-08 14:49:49,189 - ERROR - 주문 취소 실패. 다음 루프에서 재시도합니다.
2026-06-08 14:49:51,631 - INFO - 계좌 예수금: 9580209원
2026-06-08 14:49:51,632 - INFO - [005930] 보유: 1주, 매도 가능: 0주, 평단가: 300,000원
2026-06-08 14:49:51,652 - INFO - 미실현 손익: -2,500원 (-0.83%), 최고 수익률: 0.00%
2026-06-08 14:49:51,686 - INFO - 보유 수량(1)에 대해 매도 주문(0000031503)이 진행 중입니다.
2026-06-08 14:49:51,686 - INFO - 60초 후 다음 확인을 진행합니다. (현재 상태: SELLING)
2026-06-08 14:50:51,849 - INFO - [005930] 현재가: 299000, 고가: 315500, 저가: 292500
2026-06-08 14:50:51,850 - WARNING - ⚠️ 주문 고착 감지: 가격 이탈 (현재가:299,000, 목표가:302,000, 차이:3,000). 주문 취소를 시도합니다.
2026-06-08 14:50:51,851 - INFO - [CANCEL] 주문 취소 요청: 005930, 주문번호: 0000031503
2026-06-08 14:50:52,294 - ERROR - POST 요청 실패 (VTTC0013U): 500 Server Error: Internal Server Error for url: https://openapivts.koreainvestment.com:29443/uapi/domestic-stock/v1/trading/order-rvsecncl
2026-06-08 14:50:52,295 - ERROR - 상세 에러: {"rt_cd":"1","msg1":"초당 거래건수를 초과하였습니다.","msg_cd":"EGW00201","message":"EGW00201"}
2026-06-08 14:50:52,298 - ERROR - 주문 취소 실패: 응답 없음
2026-06-08 14:50:52,299 - ERROR - 주문 취소 실패. 다음 루프에서 재시도합니다.
2026-06-08 14:51:00,857 - INFO - 계좌 예수금: 9580209원
2026-06-08 14:51:00,857 - INFO - [005930] 보유: 1주, 매도 가능: 0주, 평단가: 300,000원
2026-06-08 14:51:00,881 - INFO - 미실현 손익: -1,000원 (-0.33%), 최고 수익률: 0.00%
2026-06-08 14:51:00,919 - INFO - 보유 수량(1)에 대해 매도 주문(0000031503)이 진행 중입니다.
2026-06-08 14:51:00,920 - INFO - 60초 후 다음 확인을 진행합니다. (현재 상태: SELLING)
2026-06-08 14:52:01,685 - INFO - [005930] 현재가: 298500, 고가: 315500, 저가: 292500
2026-06-08 14:52:01,686 - WARNING - ⚠️ 주문 고착 감지: 가격 이탈 (현재가:298,500, 목표가:302,000, 차이:3,500). 주문 취소를 시도합니다.
2026-06-08 14:52:01,686 - INFO - [CANCEL] 주문 취소 요청: 005930, 주문번호: 0000031503
2026-06-08 14:52:03,015 - INFO - 주문 취소 성공! (원주문: 0000031503)
2026-06-08 14:52:03,061 - INFO - 상태 전환 완료: HOLDING
2026-06-08 14:52:09,265 - INFO - 계좌 예수금: 9580209원
2026-06-08 14:52:09,266 - INFO - [005930] 보유: 1주, 매도 가능: 1주, 평단가: 300,000원
2026-06-08 14:52:09,285 - INFO - 미실현 손익: -1,500원 (-0.50%), 최고 수익률: 0.00%
2026-06-08 14:52:09,322 - INFO - 매도 조건 충족: 평단가(300,000), 현재가(298,500) -> 목표가(302,000원) (보수적 상향 보정)
2026-06-08 14:52:09,322 - INFO - [SELL] 주문 요청: 005930, 1주, 302000원
2026-06-08 14:52:11,312 - INFO - 주문 성공! 주문번호: 0000031887
2026-06-08 14:52:11,362 - INFO - 60초 후 다음 확인을 진행합니다. (현재 상태: SELLING)
2026-06-08 14:53:12,039 - INFO - [005930] 현재가: 298250, 고가: 315500, 저가: 292500
2026-06-08 14:53:12,040 - WARNING - ⚠️ 주문 고착 감지: 가격 이탈 (현재가:298,250, 목표가:302,000, 차이:3,750). 주문 취소를 시도합니다.
2026-06-08 14:53:12,040 - INFO - [CANCEL] 주문 취소 요청: 005930, 주문번호: 0000031887
2026-06-08 14:53:12,236 - ERROR - POST 요청 실패 (VTTC0013U): 500 Server Error: Internal Server Error for url: https://openapivts.koreainvestment.com:29443/uapi/domestic-stock/v1/trading/order-rvsecncl
2026-06-08 14:53:12,237 - ERROR - 상세 에러: {"rt_cd":"1","msg1":"초당 거래건수를 초과하였습니다.","msg_cd":"EGW00201","message":"EGW00201"}
2026-06-08 14:53:12,240 - ERROR - 주문 취소 실패: 응답 없음
2026-06-08 14:53:12,241 - ERROR - 주문 취소 실패. 다음 루프에서 재시도합니다.
2026-06-08 14:53:20,741 - INFO - 계좌 예수금: 9580209원
2026-06-08 14:53:20,743 - INFO - [005930] 보유: 1주, 매도 가능: 0주, 평단가: 300,000원
2026-06-08 14:53:20,766 - INFO - 미실현 손익: -1,750원 (-0.58%), 최고 수익률: 0.00%
2026-06-08 14:53:20,804 - INFO - 보유 수량(1)에 대해 매도 주문(0000031887)이 진행 중입니다.
2026-06-08 14:53:20,805 - INFO - 60초 후 다음 확인을 진행합니다. (현재 상태: SELLING)
2026-06-08 14:54:22,085 - INFO - [005930] 현재가: 297000, 고가: 315500, 저가: 292500
2026-06-08 14:54:22,086 - WARNING - ⚠️ 주문 고착 감지: 가격 이탈 (현재가:297,000, 목표가:302,000, 차이:5,000). 주문 취소를 시도합니다.
2026-06-08 14:54:22,086 - INFO - [CANCEL] 주문 취소 요청: 005930, 주문번호: 0000031887
2026-06-08 14:54:23,724 - INFO - 주문 취소 성공! (원주문: 0000031887)
2026-06-08 14:54:23,778 - INFO - 상태 전환 완료: HOLDING
2026-06-08 14:54:30,786 - INFO - 계좌 예수금: 9580209원
2026-06-08 14:54:30,787 - INFO - [005930] 보유: 1주, 매도 가능: 1주, 평단가: 300,000원
2026-06-08 14:54:30,804 - INFO - 미실현 손익: -3,000원 (-1.00%), 최고 수익률: 0.00%
2026-06-08 14:54:30,831 - INFO - 매도 조건 충족: 평단가(300,000), 현재가(297,000) -> 목표가(302,000원) (보수적 상향 보정)
2026-06-08 14:54:30,831 - INFO - [SELL] 주문 요청: 005930, 1주, 302000원
2026-06-08 14:54:30,973 - INFO - 주문 성공! 주문번호: 0000032091
2026-06-08 14:54:31,018 - INFO - 60초 후 다음 확인을 진행합니다. (현재 상태: SELLING)
2026-06-08 14:55:31,618 - INFO - [005930] 현재가: 297000, 고가: 315500, 저가: 292500
2026-06-08 14:55:31,619 - WARNING - ⚠️ 주문 고착 감지: 가격 이탈 (현재가:297,000, 목표가:302,000, 차이:5,000). 주문 취소를 시도합니다.
2026-06-08 14:55:31,620 - INFO - [CANCEL] 주문 취소 요청: 005930, 주문번호: 0000032091
2026-06-08 14:55:32,542 - INFO - 주문 취소 성공! (원주문: 0000032091)
2026-06-08 14:55:32,597 - INFO - 상태 전환 완료: HOLDING
2026-06-08 14:55:38,069 - INFO - 계좌 예수금: 9580209원
2026-06-08 14:55:38,070 - INFO - [005930] 보유: 1주, 매도 가능: 1주, 평단가: 300,000원
2026-06-08 14:55:38,094 - INFO - 미실현 손익: -3,000원 (-1.00%), 최고 수익률: 0.00%
2026-06-08 14:55:38,131 - INFO - 매도 조건 충족: 평단가(300,000), 현재가(297,000) -> 목표가(302,000원) (보수적 상향 보정)
2026-06-08 14:55:38,132 - INFO - [SELL] 주문 요청: 005930, 1주, 302000원
2026-06-08 14:55:38,643 - INFO - 주문 성공! 주문번호: 0000032199
2026-06-08 14:55:38,701 - INFO - 60초 후 다음 확인을 진행합니다. (현재 상태: SELLING)
2026-06-08 14:56:38,834 - INFO - [005930] 현재가: 297000, 고가: 315500, 저가: 292500
2026-06-08 14:56:38,834 - WARNING - ⚠️ 주문 고착 감지: 가격 이탈 (현재가:297,000, 목표가:302,000, 차이:5,000). 주문 취소를 시도합니다.
2026-06-08 14:56:38,835 - INFO - [CANCEL] 주문 취소 요청: 005930, 주문번호: 0000032199
2026-06-08 14:56:39,305 - ERROR - POST 요청 실패 (VTTC0013U): 500 Server Error: Internal Server Error for url: https://openapivts.koreainvestment.com:29443/uapi/domestic-stock/v1/trading/order-rvsecncl
2026-06-08 14:56:39,305 - ERROR - 상세 에러: {"rt_cd":"1","msg1":"초당 거래건수를 초과하였습니다.","msg_cd":"EGW00201","message":"EGW00201"}
2026-06-08 14:56:39,308 - ERROR - 주문 취소 실패: 응답 없음
2026-06-08 14:56:39,309 - ERROR - 주문 취소 실패. 다음 루프에서 재시도합니다.
2026-06-08 14:56:46,375 - INFO - 계좌 예수금: 9580209원
2026-06-08 14:56:46,376 - INFO - [005930] 보유: 1주, 매도 가능: 0주, 평단가: 300,000원
2026-06-08 14:56:46,396 - INFO - 미실현 손익: -3,000원 (-1.00%), 최고 수익률: 0.00%
2026-06-08 14:56:46,426 - INFO - 보유 수량(1)에 대해 매도 주문(0000032199)이 진행 중입니다.
2026-06-08 14:56:46,427 - INFO - 60초 후 다음 확인을 진행합니다. (현재 상태: SELLING)
2026-06-08 14:57:46,635 - INFO - [005930] 현재가: 297250, 고가: 315500, 저가: 292500
2026-06-08 14:57:46,636 - WARNING - ⚠️ 주문 고착 감지: 가격 이탈 (현재가:297,250, 목표가:302,000, 차이:4,750). 주문 취소를 시도합니다.
2026-06-08 14:57:46,636 - INFO - [CANCEL] 주문 취소 요청: 005930, 주문번호: 0000032199
2026-06-08 14:57:47,119 - INFO - 주문 취소 성공! (원주문: 0000032199)
2026-06-08 14:57:47,163 - INFO - 상태 전환 완료: HOLDING
2026-06-08 14:57:51,606 - INFO - 계좌 예수금: 9580209원
2026-06-08 14:57:51,607 - INFO - [005930] 보유: 1주, 매도 가능: 1주, 평단가: 300,000원
2026-06-08 14:57:51,628 - INFO - 미실현 손익: -2,750원 (-0.92%), 최고 수익률: 0.00%
2026-06-08 14:57:51,658 - INFO - 매도 조건 충족: 평단가(300,000), 현재가(297,250) -> 목표가(302,000원) (보수적 상향 보정)
2026-06-08 14:57:51,658 - INFO - [SELL] 주문 요청: 005930, 1주, 302000원
2026-06-08 14:57:52,327 - INFO - 주문 성공! 주문번호: 0000032396
2026-06-08 14:57:52,375 - INFO - 60초 후 다음 확인을 진행합니다. (현재 상태: SELLING)
2026-06-08 14:58:53,598 - INFO - [005930] 현재가: 297500, 고가: 315500, 저가: 292500
2026-06-08 14:58:53,598 - WARNING - ⚠️ 주문 고착 감지: 가격 이탈 (현재가:297,500, 목표가:302,000, 차이:4,500). 주문 취소를 시도합니다.
2026-06-08 14:58:53,599 - INFO - [CANCEL] 주문 취소 요청: 005930, 주문번호: 0000032396
2026-06-08 14:58:54,266 - INFO - 주문 취소 성공! (원주문: 0000032396)
2026-06-08 14:58:54,314 - INFO - 상태 전환 완료: HOLDING
2026-06-08 14:59:00,099 - INFO - 계좌 예수금: 9580209원
2026-06-08 14:59:00,100 - INFO - [005930] 보유: 1주, 매도 가능: 1주, 평단가: 300,000원
2026-06-08 14:59:00,121 - INFO - 미실현 손익: -2,500원 (-0.83%), 최고 수익률: 0.00%
2026-06-08 14:59:00,174 - INFO - 자가 최적화 기록 완료: C:\Users\witpo\OneDrive\바탕 화면\YONSEI\26-1\ECO4126 인공지능과금융공학\open-trading-api\self_optimization_history
2026-06-08 14:59:00,175 - INFO - 매도 조건 충족: 평단가(300,000), 현재가(297,500) -> 목표가(302,000원) (보수적 상향 보정)
2026-06-08 14:59:00,175 - INFO - [SELL] 주문 요청: 005930, 1주, 302000원
2026-06-08 14:59:02,611 - INFO - 주문 성공! 주문번호: 0000032477
2026-06-08 14:59:02,687 - INFO - 60초 후 다음 확인을 진행합니다. (현재 상태: SELLING)
2026-06-08 15:00:06,833 - INFO - [005930] 현재가: 297000, 고가: 315500, 저가: 292500
2026-06-08 15:00:06,834 - WARNING - ⚠️ 주문 고착 감지: 가격 이탈 (현재가:297,000, 목표가:302,000, 차이:5,000). 주문 취소를 시도합니다.
2026-06-08 15:00:06,835 - INFO - [CANCEL] 주문 취소 요청: 005930, 주문번호: 0000032477
2026-06-08 15:00:10,930 - INFO - 주문 취소 성공! (원주문: 0000032477)
2026-06-08 15:00:10,977 - INFO - 상태 전환 완료: HOLDING
2026-06-08 15:00:21,066 - INFO - 계좌 예수금: 9580209원
2026-06-08 15:00:21,067 - INFO - [005930] 보유: 1주, 매도 가능: 1주, 평단가: 300,000원
2026-06-08 15:00:21,088 - INFO - 미실현 손익: -3,000원 (-1.00%), 최고 수익률: 0.00%
2026-06-08 15:00:21,117 - INFO - 매도 조건 충족: 평단가(300,000), 현재가(297,000) -> 목표가(302,500원) (보수적 상향 보정)
2026-06-08 15:00:21,118 - INFO - [SELL] 주문 요청: 005930, 1주, 302500원
2026-06-08 15:00:25,472 - INFO - 주문 성공! 주문번호: 0000032578
2026-06-08 15:00:25,522 - INFO - 60초 후 다음 확인을 진행합니다. (현재 상태: SELLING)
2026-06-08 15:01:28,656 - INFO - [005930] 현재가: 297750, 고가: 315500, 저가: 292500
2026-06-08 15:01:28,657 - WARNING - ⚠️ 주문 고착 감지: 가격 이탈 (현재가:297,750, 목표가:302,500, 차이:4,750). 주문 취소를 시도합니다.
2026-06-08 15:01:28,657 - INFO - [CANCEL] 주문 취소 요청: 005930, 주문번호: 0000032578
2026-06-08 15:01:30,911 - INFO - 주문 취소 성공! (원주문: 0000032578)
2026-06-08 15:01:30,958 - INFO - 상태 전환 완료: HOLDING
2026-06-08 15:01:38,591 - INFO - 계좌 예수금: 9580209원
2026-06-08 15:01:38,592 - INFO - [005930] 보유: 1주, 매도 가능: 1주, 평단가: 300,000원
2026-06-08 15:01:38,612 - INFO - 미실현 손익: -2,250원 (-0.75%), 최고 수익률: 0.00%
2026-06-08 15:01:38,643 - INFO - 매도 조건 충족: 평단가(300,000), 현재가(297,750) -> 목표가(302,500원) (보수적 상향 보정)
2026-06-08 15:01:38,643 - INFO - [SELL] 주문 요청: 005930, 1주, 302500원
2026-06-08 15:01:42,053 - INFO - 주문 성공! 주문번호: 0000032704
2026-06-08 15:01:42,100 - INFO - 60초 후 다음 확인을 진행합니다. (현재 상태: SELLING)
2026-06-08 15:02:42,249 - INFO - [005930] 현재가: 297750, 고가: 315500, 저가: 292500
2026-06-08 15:02:42,249 - WARNING - ⚠️ 주문 고착 감지: 가격 이탈 (현재가:297,750, 목표가:302,500, 차이:4,750). 주문 취소를 시도합니다.
2026-06-08 15:02:42,250 - INFO - [CANCEL] 주문 취소 요청: 005930, 주문번호: 0000032704
2026-06-08 15:02:46,279 - INFO - 주문 취소 성공! (원주문: 0000032704)
2026-06-08 15:02:46,325 - INFO - 상태 전환 완료: HOLDING
2026-06-08 15:02:54,778 - INFO - 계좌 예수금: 9580209원
2026-06-08 15:02:54,779 - INFO - [005930] 보유: 1주, 매도 가능: 1주, 평단가: 300,000원
2026-06-08 15:02:54,798 - INFO - 미실현 손익: -2,250원 (-0.75%), 최고 수익률: 0.00%
2026-06-08 15:02:54,827 - INFO - 매도 조건 충족: 평단가(300,000), 현재가(297,750) -> 목표가(302,500원) (보수적 상향 보정)
2026-06-08 15:02:54,827 - INFO - [SELL] 주문 요청: 005930, 1주, 302500원
2026-06-08 15:02:55,450 - INFO - 주문 성공! 주문번호: 0000032813
2026-06-08 15:02:55,499 - INFO - 60초 후 다음 확인을 진행합니다. (현재 상태: SELLING)
2026-06-08 15:03:56,941 - INFO - [005930] 현재가: 298500, 고가: 315500, 저가: 292500
2026-06-08 15:03:56,941 - WARNING - ⚠️ 주문 고착 감지: 가격 이탈 (현재가:298,500, 목표가:302,500, 차이:4,000). 주문 취소를 시도합니다.
2026-06-08 15:03:56,942 - INFO - [CANCEL] 주문 취소 요청: 005930, 주문번호: 0000032813
2026-06-08 15:03:58,631 - INFO - 주문 취소 성공! (원주문: 0000032813)
2026-06-08 15:03:58,676 - INFO - 상태 전환 완료: HOLDING
2026-06-08 15:04:06,258 - INFO - 계좌 예수금: 9580209원
2026-06-08 15:04:06,259 - INFO - [005930] 보유: 1주, 매도 가능: 1주, 평단가: 300,000원
2026-06-08 15:04:06,278 - INFO - 미실현 손익: -1,500원 (-0.50%), 최고 수익률: 0.00%
2026-06-08 15:04:06,310 - INFO - 매도 조건 충족: 평단가(300,000), 현재가(298,500) -> 목표가(302,500원) (보수적 상향 보정)
2026-06-08 15:04:06,311 - INFO - [SELL] 주문 요청: 005930, 1주, 302500원
2026-06-08 15:04:08,922 - INFO - 주문 성공! 주문번호: 0000032907
2026-06-08 15:04:08,972 - INFO - 60초 후 다음 확인을 진행합니다. (현재 상태: SELLING)
2026-06-08 15:05:12,720 - INFO - [005930] 현재가: 298500, 고가: 315500, 저가: 292500
2026-06-08 15:05:12,720 - WARNING - ⚠️ 주문 고착 감지: 가격 이탈 (현재가:298,500, 목표가:302,500, 차이:4,000). 주문 취소를 시도합니다.
2026-06-08 15:05:12,721 - INFO - [CANCEL] 주문 취소 요청: 005930, 주문번호: 0000032907
2026-06-08 15:05:15,997 - INFO - 주문 취소 성공! (원주문: 0000032907)
2026-06-08 15:05:16,049 - INFO - 상태 전환 완료: HOLDING
2026-06-08 15:05:24,396 - INFO - 계좌 예수금: 9580209원
2026-06-08 15:05:24,397 - INFO - [005930] 보유: 1주, 매도 가능: 1주, 평단가: 300,000원
2026-06-08 15:05:24,415 - INFO - 미실현 손익: -1,500원 (-0.50%), 최고 수익률: 0.00%
2026-06-08 15:05:24,445 - INFO - 매도 조건 충족: 평단가(300,000), 현재가(298,500) -> 목표가(302,500원) (보수적 상향 보정)
2026-06-08 15:05:24,445 - INFO - [SELL] 주문 요청: 005930, 1주, 302500원
2026-06-08 15:05:28,111 - INFO - 주문 성공! 주문번호: 0000033040
2026-06-08 15:05:28,159 - INFO - 60초 후 다음 확인을 진행합니다. (현재 상태: SELLING)
2026-06-08 15:06:30,142 - INFO - [005930] 현재가: 298500, 고가: 315500, 저가: 292500
2026-06-08 15:06:30,142 - WARNING - ⚠️ 주문 고착 감지: 가격 이탈 (현재가:298,500, 목표가:302,500, 차이:4,000). 주문 취소를 시도합니다.
2026-06-08 15:06:30,143 - INFO - [CANCEL] 주문 취소 요청: 005930, 주문번호: 0000033040
2026-06-08 15:06:33,108 - INFO - 주문 취소 성공! (원주문: 0000033040)
2026-06-08 15:06:33,156 - INFO - 상태 전환 완료: HOLDING
2026-06-08 15:06:41,609 - INFO - 계좌 예수금: 9580209원
2026-06-08 15:06:41,610 - INFO - [005930] 보유: 1주, 매도 가능: 1주, 평단가: 300,000원
2026-06-08 15:06:41,630 - INFO - 미실현 손익: -1,500원 (-0.50%), 최고 수익률: 0.00%
2026-06-08 15:06:41,670 - INFO - 매도 조건 충족: 평단가(300,000), 현재가(298,500) -> 목표가(302,500원) (보수적 상향 보정)
2026-06-08 15:06:41,670 - INFO - [SELL] 주문 요청: 005930, 1주, 302500원
2026-06-08 15:06:44,680 - INFO - 주문 성공! 주문번호: 0000033110
2026-06-08 15:06:44,728 - INFO - 60초 후 다음 확인을 진행합니다. (현재 상태: SELLING)
2026-06-08 15:07:46,740 - INFO - [005930] 현재가: 298750, 고가: 315500, 저가: 292500
2026-06-08 15:07:46,741 - WARNING - ⚠️ 주문 고착 감지: 가격 이탈 (현재가:298,750, 목표가:302,500, 차이:3,750). 주문 취소를 시도합니다.
2026-06-08 15:07:46,741 - INFO - [CANCEL] 주문 취소 요청: 005930, 주문번호: 0000033110
2026-06-08 15:07:49,197 - INFO - 주문 취소 성공! (원주문: 0000033110)
2026-06-08 15:07:49,249 - INFO - 상태 전환 완료: HOLDING
2026-06-08 15:07:58,210 - INFO - 계좌 예수금: 9580209원
2026-06-08 15:07:58,211 - INFO - [005930] 보유: 1주, 매도 가능: 1주, 평단가: 300,000원
2026-06-08 15:07:58,231 - INFO - 미실현 손익: -1,250원 (-0.42%), 최고 수익률: 0.00%
2026-06-08 15:07:58,260 - INFO - 매도 조건 충족: 평단가(300,000), 현재가(298,750) -> 목표가(302,500원) (보수적 상향 보정)
2026-06-08 15:07:58,261 - INFO - [SELL] 주문 요청: 005930, 1주, 302500원
2026-06-08 15:07:59,234 - INFO - 주문 성공! 주문번호: 0000033228
2026-06-08 15:07:59,281 - INFO - 60초 후 다음 확인을 진행합니다. (현재 상태: SELLING)
2026-06-08 15:09:01,935 - INFO - [005930] 현재가: 298750, 고가: 315500, 저가: 292500
2026-06-08 15:09:01,936 - WARNING - ⚠️ 주문 고착 감지: 가격 이탈 (현재가:298,750, 목표가:302,500, 차이:3,750). 주문 취소를 시도합니다.
2026-06-08 15:09:01,936 - INFO - [CANCEL] 주문 취소 요청: 005930, 주문번호: 0000033228
2026-06-08 15:09:06,309 - INFO - 주문 취소 성공! (원주문: 0000033228)
2026-06-08 15:09:06,351 - INFO - 상태 전환 완료: HOLDING
2026-06-08 15:09:15,326 - INFO - 계좌 예수금: 9580209원
2026-06-08 15:09:15,327 - INFO - [005930] 보유: 1주, 매도 가능: 1주, 평단가: 300,000원
2026-06-08 15:09:15,353 - INFO - 미실현 손익: -1,250원 (-0.42%), 최고 수익률: 0.00%
2026-06-08 15:09:15,379 - INFO - 매도 조건 충족: 평단가(300,000), 현재가(298,750) -> 목표가(302,500원) (보수적 상향 보정)
2026-06-08 15:09:15,379 - INFO - [SELL] 주문 요청: 005930, 1주, 302500원
2026-06-08 15:09:18,814 - INFO - 주문 성공! 주문번호: 0000033379
2026-06-08 15:09:18,860 - INFO - 60초 후 다음 확인을 진행합니다. (현재 상태: SELLING)
2026-06-08 15:10:24,764 - INFO - [005930] 현재가: 298750, 고가: 315500, 저가: 292500
2026-06-08 15:10:24,765 - WARNING - ⚠️ 주문 고착 감지: 가격 이탈 (현재가:298,750, 목표가:302,500, 차이:3,750). 주문 취소를 시도합니다.
2026-06-08 15:10:24,765 - INFO - [CANCEL] 주문 취소 요청: 005930, 주문번호: 0000033379
2026-06-08 15:10:30,076 - INFO - 주문 취소 성공! (원주문: 0000033379)
2026-06-08 15:10:30,123 - INFO - 상태 전환 완료: HOLDING
2026-06-08 15:10:40,421 - INFO - 계좌 예수금: 9580209원
2026-06-08 15:10:40,422 - INFO - [005930] 보유: 1주, 매도 가능: 1주, 평단가: 300,000원
2026-06-08 15:10:40,441 - INFO - 미실현 손익: -1,250원 (-0.42%), 최고 수익률: 0.00%
2026-06-08 15:10:40,471 - INFO - 매도 조건 충족: 평단가(300,000), 현재가(298,750) -> 목표가(302,500원) (보수적 상향 보정)
2026-06-08 15:10:40,472 - INFO - [SELL] 주문 요청: 005930, 1주, 302500원
2026-06-08 15:10:44,415 - INFO - 주문 성공! 주문번호: 0000033526
2026-06-08 15:10:44,463 - INFO - 60초 후 다음 확인을 진행합니다. (현재 상태: SELLING)
2026-06-08 15:11:47,601 - INFO - [005930] 현재가: 298000, 고가: 315500, 저가: 292500
2026-06-08 15:11:47,602 - WARNING - ⚠️ 주문 고착 감지: 가격 이탈 (현재가:298,000, 목표가:302,500, 차이:4,500). 주문 취소를 시도합니다.
2026-06-08 15:11:47,603 - INFO - [CANCEL] 주문 취소 요청: 005930, 주문번호: 0000033526
2026-06-08 15:11:50,058 - INFO - 주문 취소 성공! (원주문: 0000033526)
2026-06-08 15:11:50,107 - INFO - 상태 전환 완료: HOLDING
2026-06-08 15:11:59,069 - INFO - 계좌 예수금: 9580209원
2026-06-08 15:11:59,069 - INFO - [005930] 보유: 1주, 매도 가능: 1주, 평단가: 300,000원
2026-06-08 15:11:59,089 - INFO - 미실현 손익: -2,000원 (-0.67%), 최고 수익률: 0.00%
2026-06-08 15:11:59,118 - INFO - 매도 조건 충족: 평단가(300,000), 현재가(298,000) -> 목표가(302,500원) (보수적 상향 보정)
2026-06-08 15:11:59,119 - INFO - [SELL] 주문 요청: 005930, 1주, 302500원
2026-06-08 15:12:01,834 - INFO - 주문 성공! 주문번호: 0000033661
2026-06-08 15:12:01,884 - INFO - 60초 후 다음 확인을 진행합니다. (현재 상태: SELLING)
2026-06-08 15:13:03,997 - INFO - [005930] 현재가: 298000, 고가: 315500, 저가: 292500
2026-06-08 15:13:03,998 - WARNING - ⚠️ 주문 고착 감지: 가격 이탈 (현재가:298,000, 목표가:302,500, 차이:4,500). 주문 취소를 시도합니다.
2026-06-08 15:13:03,999 - INFO - [CANCEL] 주문 취소 요청: 005930, 주문번호: 0000033661
2026-06-08 15:13:05,637 - INFO - 주문 취소 성공! (원주문: 0000033661)
2026-06-08 15:13:05,690 - INFO - 상태 전환 완료: HOLDING
2026-06-08 15:13:15,463 - INFO - 계좌 예수금: 9580209원
2026-06-08 15:13:15,464 - INFO - [005930] 보유: 1주, 매도 가능: 1주, 평단가: 300,000원
2026-06-08 15:13:15,485 - INFO - 미실현 손익: -2,000원 (-0.67%), 최고 수익률: 0.00%
2026-06-08 15:13:15,521 - INFO - 매도 조건 충족: 평단가(300,000), 현재가(298,000) -> 목표가(302,500원) (보수적 상향 보정)
2026-06-08 15:13:15,522 - INFO - [SELL] 주문 요청: 005930, 1주, 302500원
2026-06-08 15:13:17,613 - INFO - 주문 성공! 주문번호: 0000033783
2026-06-08 15:13:17,670 - INFO - 60초 후 다음 확인을 진행합니다. (현재 상태: SELLING)
2026-06-08 15:14:20,503 - INFO - [005930] 현재가: 297000, 고가: 315500, 저가: 292500
2026-06-08 15:14:20,504 - WARNING - ⚠️ 주문 고착 감지: 가격 이탈 (현재가:297,000, 목표가:302,500, 차이:5,500). 주문 취소를 시도합니다.
2026-06-08 15:14:20,504 - INFO - [CANCEL] 주문 취소 요청: 005930, 주문번호: 0000033783
2026-06-08 15:14:21,618 - INFO - 주문 취소 성공! (원주문: 0000033783)
2026-06-08 15:14:21,670 - INFO - 상태 전환 완료: HOLDING
2026-06-08 15:14:29,094 - INFO - 계좌 예수금: 9580209원
2026-06-08 15:14:29,094 - INFO - [005930] 보유: 1주, 매도 가능: 1주, 평단가: 300,000원
2026-06-08 15:14:29,160 - INFO - 미실현 손익: -3,000원 (-1.00%), 최고 수익률: 0.00%
2026-06-08 15:14:29,193 - INFO - 매도 조건 충족: 평단가(300,000), 현재가(297,000) -> 목표가(302,500원) (보수적 상향 보정)
2026-06-08 15:14:29,194 - INFO - [SELL] 주문 요청: 005930, 1주, 302500원
2026-06-08 15:14:30,307 - INFO - 주문 성공! 주문번호: 0000033873
2026-06-08 15:14:30,363 - INFO - 60초 후 다음 확인을 진행합니다. (현재 상태: SELLING)
2026-06-08 15:15:34,237 - INFO - [005930] 현재가: 296000, 고가: 315500, 저가: 292500
2026-06-08 15:15:34,238 - WARNING - ⚠️ 주문 고착 감지: 가격 이탈 (현재가:296,000, 목표가:302,500, 차이:6,500). 주문 취소를 시도합니다.
2026-06-08 15:15:34,239 - INFO - [CANCEL] 주문 취소 요청: 005930, 주문번호: 0000033873
2026-06-08 15:15:37,809 - INFO - 주문 취소 성공! (원주문: 0000033873)
2026-06-08 15:15:37,860 - INFO - 상태 전환 완료: HOLDING
2026-06-08 15:15:47,536 - INFO - 계좌 예수금: 9580209원
2026-06-08 15:15:47,537 - INFO - [005930] 보유: 1주, 매도 가능: 1주, 평단가: 300,000원
2026-06-08 15:15:47,562 - INFO - 미실현 손익: -4,000원 (-1.33%), 최고 수익률: 0.00%
2026-06-08 15:15:47,598 - INFO - 매도 조건 충족: 평단가(300,000), 현재가(296,000) -> 목표가(302,500원) (보수적 상향 보정)
2026-06-08 15:15:47,599 - INFO - [SELL] 주문 요청: 005930, 1주, 302500원
2026-06-08 15:15:50,303 - INFO - 주문 성공! 주문번호: 0000034042
2026-06-08 15:15:50,358 - INFO - 60초 후 다음 확인을 진행합니다. (현재 상태: SELLING)
2026-06-08 15:16:51,951 - INFO - [005930] 현재가: 295500, 고가: 315500, 저가: 292500
2026-06-08 15:16:51,952 - WARNING - ⚠️ 주문 고착 감지: 가격 이탈 (현재가:295,500, 목표가:302,500, 차이:7,000). 주문 취소를 시도합니다.
2026-06-08 15:16:51,952 - INFO - [CANCEL] 주문 취소 요청: 005930, 주문번호: 0000034042
2026-06-08 15:16:54,204 - INFO - 주문 취소 성공! (원주문: 0000034042)
2026-06-08 15:16:54,253 - INFO - 상태 전환 완료: HOLDING
2026-06-08 15:17:01,680 - INFO - 계좌 예수금: 9580209원
2026-06-08 15:17:01,680 - INFO - [005930] 보유: 1주, 매도 가능: 1주, 평단가: 300,000원
2026-06-08 15:17:01,700 - INFO - 미실현 손익: -4,500원 (-1.50%), 최고 수익률: 0.00%
2026-06-08 15:17:01,726 - INFO - 매도 조건 충족: 평단가(300,000), 현재가(295,500) -> 목표가(302,500원) (보수적 상향 보정)
2026-06-08 15:17:01,726 - INFO - [SELL] 주문 요청: 005930, 1주, 302500원
2026-06-08 15:17:04,444 - INFO - 주문 성공! 주문번호: 0000034163
2026-06-08 15:17:04,492 - INFO - 60초 후 다음 확인을 진행합니다. (현재 상태: SELLING)
2026-06-08 15:18:07,015 - INFO - [005930] 현재가: 295500, 고가: 315500, 저가: 292500
2026-06-08 15:18:07,016 - WARNING - ⚠️ 주문 고착 감지: 가격 이탈 (현재가:295,500, 목표가:302,500, 차이:7,000). 주문 취소를 시도합니다.
2026-06-08 15:18:07,016 - INFO - [CANCEL] 주문 취소 요청: 005930, 주문번호: 0000034163
2026-06-08 15:18:12,031 - INFO - 주문 취소 성공! (원주문: 0000034163)
2026-06-08 15:18:12,079 - INFO - 상태 전환 완료: HOLDING
2026-06-08 15:18:20,532 - INFO - 계좌 예수금: 9580209원
2026-06-08 15:18:20,533 - INFO - [005930] 보유: 1주, 매도 가능: 1주, 평단가: 300,000원
2026-06-08 15:18:20,553 - INFO - 미실현 손익: -4,500원 (-1.50%), 최고 수익률: 0.00%
2026-06-08 15:18:20,580 - INFO - 매도 조건 충족: 평단가(300,000), 현재가(295,500) -> 목표가(302,500원) (보수적 상향 보정)
2026-06-08 15:18:20,581 - INFO - [SELL] 주문 요청: 005930, 1주, 302500원
2026-06-08 15:18:22,786 - INFO - 주문 성공! 주문번호: 0000034265
2026-06-08 15:18:22,835 - INFO - 60초 후 다음 확인을 진행합니다. (현재 상태: SELLING)
2026-06-08 15:19:25,561 - INFO - [005930] 현재가: 295500, 고가: 315500, 저가: 292500
2026-06-08 15:19:25,561 - WARNING - ⚠️ 주문 고착 감지: 가격 이탈 (현재가:295,500, 목표가:302,500, 차이:7,000). 주문 취소를 시도합니다.
2026-06-08 15:19:25,562 - INFO - [CANCEL] 주문 취소 요청: 005930, 주문번호: 0000034265
2026-06-08 15:19:28,429 - INFO - 주문 취소 성공! (원주문: 0000034265)
2026-06-08 15:19:28,474 - INFO - 상태 전환 완료: HOLDING
2026-06-08 15:19:36,623 - INFO - 계좌 예수금: 9580209원
2026-06-08 15:19:36,624 - INFO - [005930] 보유: 1주, 매도 가능: 1주, 평단가: 300,000원
2026-06-08 15:19:36,642 - INFO - 미실현 손익: -4,500원 (-1.50%), 최고 수익률: 0.00%
2026-06-08 15:19:36,669 - INFO - 매도 조건 충족: 평단가(300,000), 현재가(295,500) -> 목표가(302,500원) (보수적 상향 보정)
2026-06-08 15:19:36,670 - INFO - [SELL] 주문 요청: 005930, 1주, 302500원
2026-06-08 15:19:39,386 - INFO - 주문 성공! 주문번호: 0000034359
2026-06-08 15:19:39,453 - INFO - 자가 최적화 기록 완료: C:\Users\witpo\OneDrive\바탕 화면\YONSEI\26-1\ECO4126 인공지능과금융공학\open-trading-api\self_optimization_history
2026-06-08 15:19:39,481 - INFO - 60초 후 다음 확인을 진행합니다. (현재 상태: SELLING)
2026-06-08 15:20:43,224 - INFO - [005930] 현재가: 295500, 고가: 315500, 저가: 292500
2026-06-08 15:20:43,225 - WARNING - ⚠️ 주문 고착 감지: 가격 이탈 (현재가:295,500, 목표가:302,500, 차이:7,000). 주문 취소를 시도합니다.
2026-06-08 15:20:43,225 - INFO - [CANCEL] 주문 취소 요청: 005930, 주문번호: 0000034359
2026-06-08 15:20:45,028 - INFO - 주문 취소 성공! (원주문: 0000034359)
2026-06-08 15:20:45,082 - INFO - 상태 전환 완료: HOLDING
2026-06-08 15:20:53,835 - INFO - 계좌 예수금: 9580209원
2026-06-08 15:20:53,835 - INFO - [005930] 보유: 1주, 매도 가능: 1주, 평단가: 300,000원
2026-06-08 15:20:53,856 - INFO - 미실현 손익: -4,500원 (-1.50%), 최고 수익률: 0.00%
2026-06-08 15:20:53,886 - INFO - 매도 조건 충족: 평단가(300,000), 현재가(295,500) -> 목표가(302,000원) (보수적 상향 보정)
2026-06-08 15:20:53,886 - INFO - [SELL] 주문 요청: 005930, 1주, 302000원
2026-06-08 15:20:54,654 - INFO - 주문 성공! 주문번호: 0000034495
2026-06-08 15:20:54,704 - INFO - 60초 후 다음 확인을 진행합니다. (현재 상태: SELLING)
2026-06-08 15:21:57,532 - INFO - [005930] 현재가: 295500, 고가: 315500, 저가: 292500
2026-06-08 15:21:57,532 - WARNING - ⚠️ 주문 고착 감지: 가격 이탈 (현재가:295,500, 목표가:302,000, 차이:6,500). 주문 취소를 시도합니다.
2026-06-08 15:21:57,532 - INFO - [CANCEL] 주문 취소 요청: 005930, 주문번호: 0000034495
2026-06-08 15:22:00,183 - INFO - 주문 취소 성공! (원주문: 0000034495)
2026-06-08 15:22:00,227 - INFO - 상태 전환 완료: HOLDING
2026-06-08 15:22:09,615 - INFO - 계좌 예수금: 9580209원
2026-06-08 15:22:09,615 - INFO - [005930] 보유: 1주, 매도 가능: 1주, 평단가: 300,000원
2026-06-08 15:22:09,637 - INFO - 미실현 손익: -4,500원 (-1.50%), 최고 수익률: 0.00%
2026-06-08 15:22:09,668 - INFO - 매도 조건 충족: 평단가(300,000), 현재가(295,500) -> 목표가(302,000원) (보수적 상향 보정)
2026-06-08 15:22:09,668 - INFO - [SELL] 주문 요청: 005930, 1주, 302000원
2026-06-08 15:22:13,302 - INFO - 주문 성공! 주문번호: 0000034602
2026-06-08 15:22:13,349 - INFO - 60초 후 다음 확인을 진행합니다. (현재 상태: SELLING)
2026-06-08 15:23:14,234 - INFO - [005930] 현재가: 295500, 고가: 315500, 저가: 292500
2026-06-08 15:23:14,235 - WARNING - ⚠️ 주문 고착 감지: 가격 이탈 (현재가:295,500, 목표가:302,000, 차이:6,500). 주문 취소를 시도합니다.
2026-06-08 15:23:14,235 - INFO - [CANCEL] 주문 취소 요청: 005930, 주문번호: 0000034602
2026-06-08 15:23:14,950 - INFO - 주문 취소 성공! (원주문: 0000034602)
2026-06-08 15:23:14,998 - INFO - 상태 전환 완료: HOLDING
2026-06-08 15:23:20,582 - INFO - 계좌 예수금: 9580209원
2026-06-08 15:23:20,583 - INFO - [005930] 보유: 1주, 매도 가능: 1주, 평단가: 300,000원
2026-06-08 15:23:20,600 - INFO - 미실현 손익: -4,500원 (-1.50%), 최고 수익률: 0.00%
2026-06-08 15:23:20,630 - INFO - 매도 조건 충족: 평단가(300,000), 현재가(295,500) -> 목표가(302,000원) (보수적 상향 보정)
2026-06-08 15:23:20,630 - INFO - [SELL] 주문 요청: 005930, 1주, 302000원
2026-06-08 15:23:20,890 - INFO - 주문 성공! 주문번호: 0000034701
2026-06-08 15:23:20,935 - INFO - 60초 후 다음 확인을 진행합니다. (현재 상태: SELLING)
2026-06-08 15:24:23,254 - INFO - [005930] 현재가: 295500, 고가: 315500, 저가: 292500
2026-06-08 15:24:23,254 - WARNING - ⚠️ 주문 고착 감지: 가격 이탈 (현재가:295,500, 목표가:302,000, 차이:6,500). 주문 취소를 시도합니다.
2026-06-08 15:24:23,255 - INFO - [CANCEL] 주문 취소 요청: 005930, 주문번호: 0000034701
2026-06-08 15:24:24,791 - INFO - 주문 취소 성공! (원주문: 0000034701)
2026-06-08 15:24:24,837 - INFO - 상태 전환 완료: HOLDING
2026-06-08 15:24:32,485 - INFO - 계좌 예수금: 9580209원
2026-06-08 15:24:32,486 - INFO - [005930] 보유: 1주, 매도 가능: 1주, 평단가: 300,000원
2026-06-08 15:24:32,506 - INFO - 미실현 손익: -4,500원 (-1.50%), 최고 수익률: 0.00%
2026-06-08 15:24:32,533 - INFO - 매도 조건 충족: 평단가(300,000), 현재가(295,500) -> 목표가(302,000원) (보수적 상향 보정)
2026-06-08 15:24:32,534 - INFO - [SELL] 주문 요청: 005930, 1주, 302000원
2026-06-08 15:24:32,675 - INFO - 주문 성공! 주문번호: 0000034777
2026-06-08 15:24:32,719 - INFO - 60초 후 다음 확인을 진행합니다. (현재 상태: SELLING)
2026-06-08 15:25:33,096 - INFO - [005930] 현재가: 295500, 고가: 315500, 저가: 292500
2026-06-08 15:25:33,097 - WARNING - ⚠️ 주문 고착 감지: 가격 이탈 (현재가:295,500, 목표가:302,000, 차이:6,500). 주문 취소를 시도합니다.
2026-06-08 15:25:33,097 - INFO - [CANCEL] 주문 취소 요청: 005930, 주문번호: 0000034777
2026-06-08 15:25:33,605 - ERROR - POST 요청 실패 (VTTC0013U): 500 Server Error: Internal Server Error for url: https://openapivts.koreainvestment.com:29443/uapi/domestic-stock/v1/trading/order-rvsecncl
2026-06-08 15:25:33,606 - ERROR - 상세 에러: {"rt_cd":"1","msg1":"초당 거래건수를 초과하였습니다.","msg_cd":"EGW00201","message":"EGW00201"}
2026-06-08 15:25:33,609 - ERROR - 주문 취소 실패: 응답 없음
2026-06-08 15:25:33,609 - ERROR - 주문 취소 실패. 다음 루프에서 재시도합니다.
2026-06-08 15:25:40,470 - INFO - 계좌 예수금: 9580209원
2026-06-08 15:25:40,471 - INFO - [005930] 보유: 1주, 매도 가능: 0주, 평단가: 300,000원
2026-06-08 15:25:40,491 - INFO - 미실현 손익: -4,500원 (-1.50%), 최고 수익률: 0.00%
2026-06-08 15:25:40,521 - INFO - 보유 수량(1)에 대해 매도 주문(0000034777)이 진행 중입니다.
2026-06-08 15:25:40,522 - INFO - 60초 후 다음 확인을 진행합니다. (현재 상태: SELLING)
2026-06-08 15:26:40,674 - INFO - [005930] 현재가: 295500, 고가: 315500, 저가: 292500
2026-06-08 15:26:40,675 - WARNING - ⚠️ 주문 고착 감지: 가격 이탈 (현재가:295,500, 목표가:302,000, 차이:6,500). 주문 취소를 시도합니다.
2026-06-08 15:26:40,676 - INFO - [CANCEL] 주문 취소 요청: 005930, 주문번호: 0000034777
2026-06-08 15:26:41,300 - INFO - 주문 취소 성공! (원주문: 0000034777)
2026-06-08 15:26:41,343 - INFO - 상태 전환 완료: HOLDING
2026-06-08 15:26:47,852 - INFO - 계좌 예수금: 9580209원
2026-06-08 15:26:47,853 - INFO - [005930] 보유: 1주, 매도 가능: 1주, 평단가: 300,000원
2026-06-08 15:26:47,873 - INFO - 미실현 손익: -4,500원 (-1.50%), 최고 수익률: 0.00%
2026-06-08 15:26:47,901 - INFO - 매도 조건 충족: 평단가(300,000), 현재가(295,500) -> 목표가(302,000원) (보수적 상향 보정)
2026-06-08 15:26:47,902 - INFO - [SELL] 주문 요청: 005930, 1주, 302000원
2026-06-08 15:26:48,671 - INFO - 주문 성공! 주문번호: 0000034959
2026-06-08 15:26:48,719 - INFO - 60초 후 다음 확인을 진행합니다. (현재 상태: SELLING)
2026-06-08 15:27:48,942 - INFO - [005930] 현재가: 295500, 고가: 315500, 저가: 292500
2026-06-08 15:27:48,942 - WARNING - ⚠️ 주문 고착 감지: 가격 이탈 (현재가:295,500, 목표가:302,000, 차이:6,500). 주문 취소를 시도합니다.
2026-06-08 15:27:48,943 - INFO - [CANCEL] 주문 취소 요청: 005930, 주문번호: 0000034959
2026-06-08 15:27:49,605 - INFO - 주문 취소 성공! (원주문: 0000034959)
2026-06-08 15:27:49,654 - INFO - 상태 전환 완료: HOLDING
2026-06-08 15:27:55,135 - INFO - 계좌 예수금: 9580209원
2026-06-08 15:27:55,135 - INFO - [005930] 보유: 1주, 매도 가능: 1주, 평단가: 300,000원
2026-06-08 15:27:55,156 - INFO - 미실현 손익: -4,500원 (-1.50%), 최고 수익률: 0.00%
2026-06-08 15:27:55,187 - INFO - 매도 조건 충족: 평단가(300,000), 현재가(295,500) -> 목표가(302,000원) (보수적 상향 보정)
2026-06-08 15:27:55,187 - INFO - [SELL] 주문 요청: 005930, 1주, 302000원
2026-06-08 15:27:55,747 - INFO - 주문 성공! 주문번호: 0000035095
2026-06-08 15:27:55,794 - INFO - 60초 후 다음 확인을 진행합니다. (현재 상태: SELLING)
2026-06-08 15:28:55,916 - INFO - [005930] 현재가: 295500, 고가: 315500, 저가: 292500
2026-06-08 15:28:55,917 - WARNING - ⚠️ 주문 고착 감지: 가격 이탈 (현재가:295,500, 목표가:302,000, 차이:6,500). 주문 취소를 시도합니다.
2026-06-08 15:28:55,917 - INFO - [CANCEL] 주문 취소 요청: 005930, 주문번호: 0000035095
2026-06-08 15:28:56,968 - INFO - 주문 취소 성공! (원주문: 0000035095)
2026-06-08 15:28:57,017 - INFO - 상태 전환 완료: HOLDING
2026-06-08 15:29:01,976 - INFO - 계좌 예수금: 9580209원
2026-06-08 15:29:01,977 - INFO - [005930] 보유: 1주, 매도 가능: 1주, 평단가: 300,000원
2026-06-08 15:29:01,997 - INFO - 미실현 손익: -4,500원 (-1.50%), 최고 수익률: 0.00%
2026-06-08 15:29:02,030 - INFO - 매도 조건 충족: 평단가(300,000), 현재가(295,500) -> 목표가(302,000원) (보수적 상향 보정)
2026-06-08 15:29:02,030 - INFO - [SELL] 주문 요청: 005930, 1주, 302000원
2026-06-08 15:29:02,174 - INFO - 주문 성공! 주문번호: 0000035215
2026-06-08 15:29:02,218 - INFO - 60초 후 다음 확인을 진행합니다. (현재 상태: SELLING)
2026-06-08 15:30:02,220 - INFO - 현재 시간 15:30:02, 장 종료 시간이 지났습니다. 프로그램을 종료합니다.
2026-06-08 15:30:02,221 - INFO - 프로그램을 종료합니다.
