2026-06-02 09:38:54,199 - INFO - 새로운 접근 토큰을 발급받습니다...
2026-06-02 09:38:54,589 - INFO - 새로운 토큰이 발급 및 저장되었습니다. 만료 시간: 2026-06-03 09:38:52
2026-06-02 09:38:54,593 - INFO - 삼성전자 자동매매 프로그램을 시작합니다. (자가 적응형 로직 활성화)
2026-06-02 09:38:54,612 - INFO - 📅 날짜 변경 감지 (2026-06-01 -> 2026-06-02). 세션 데이터를 초기화합니다.
2026-06-02 09:38:54,612 - INFO - 이전 상태 로드 완료: BUYING (목표가: 311500원)
2026-06-02 09:38:54,614 - INFO - 📅 날짜 변경 감지 (2026-06-01 -> 2026-06-02). 세션 데이터를 초기화합니다.
2026-06-02 09:38:54,768 - INFO - [005930] 현재가: 362250, 고가: 370000, 저가: 342000
2026-06-02 09:38:56,872 - INFO - 계좌 예수금: 9934495원
2026-06-02 09:38:56,873 - INFO - 📅 날짜 변경 감지 (2026-06-01 -> 2026-06-02). 세션 데이터를 초기화합니다.
2026-06-02 09:38:57,058 - INFO - 이미 매수 주문(0000026602)이 진행 중입니다. 체결을 기다립니다.
2026-06-02 09:38:57,058 - INFO - 60초 후 다음 확인을 진행합니다. (현재 상태: BUYING)
2026-06-02 09:39:57,536 - INFO - [005930] 현재가: 360500, 고가: 370000, 저가: 342000
2026-06-02 09:39:59,577 - INFO - 계좌 예수금: 9934495원
2026-06-02 09:40:00,593 - INFO - 이미 매수 주문(0000026602)이 진행 중입니다. 체결을 기다립니다.
2026-06-02 09:40:00,593 - INFO - 60초 후 다음 확인을 진행합니다. (현재 상태: BUYING)
2026-06-02 09:41:00,790 - INFO - [005930] 현재가: 360500, 고가: 370000, 저가: 342000
2026-06-02 09:41:07,552 - INFO - 계좌 예수금: 9934495원
2026-06-02 09:41:10,595 - INFO - 이미 매수 주문(0000026602)이 진행 중입니다. 체결을 기다립니다.
2026-06-02 09:41:10,596 - INFO - 60초 후 다음 확인을 진행합니다. (현재 상태: BUYING)
2026-06-02 09:42:10,824 - INFO - [005930] 현재가: 359500, 고가: 370000, 저가: 342000
2026-06-02 09:42:16,707 - INFO - 계좌 예수금: 9934495원
2026-06-02 09:42:16,888 - INFO - 이미 매수 주문(0000026602)이 진행 중입니다. 체결을 기다립니다.
2026-06-02 09:42:16,889 - INFO - 60초 후 다음 확인을 진행합니다. (현재 상태: BUYING)
2026-06-02 09:43:18,860 - INFO - [005930] 현재가: 358500, 고가: 370000, 저가: 342000
2026-06-02 09:43:25,815 - INFO - 계좌 예수금: 9934495원
2026-06-02 09:43:25,977 - INFO - 이미 매수 주문(0000026602)이 진행 중입니다. 체결을 기다립니다.
2026-06-02 09:43:25,977 - INFO - 60초 후 다음 확인을 진행합니다. (현재 상태: BUYING)
2026-06-02 09:44:28,296 - INFO - [005930] 현재가: 360500, 고가: 370000, 저가: 342000
2026-06-02 09:44:30,332 - INFO - 계좌 예수금: 9934495원
2026-06-02 09:44:33,098 - INFO - 이미 매수 주문(0000026602)이 진행 중입니다. 체결을 기다립니다.
2026-06-02 09:44:33,098 - INFO - 60초 후 다음 확인을 진행합니다. (현재 상태: BUYING)
2026-06-02 09:45:34,439 - INFO - [005930] 현재가: 357500, 고가: 370000, 저가: 342000
2026-06-02 09:45:39,146 - INFO - 계좌 예수금: 9934495원
2026-06-02 09:45:40,278 - INFO - 이미 매수 주문(0000026602)이 진행 중입니다. 체결을 기다립니다.
2026-06-02 09:45:40,280 - INFO - 60초 후 다음 확인을 진행합니다. (현재 상태: BUYING)
2026-06-02 09:46:40,928 - INFO - [005930] 현재가: 357500, 고가: 370000, 저가: 342000
2026-06-02 09:46:45,851 - INFO - 계좌 예수금: 9934495원
2026-06-02 09:46:46,056 - INFO - 이미 매수 주문(0000026602)이 진행 중입니다. 체결을 기다립니다.
2026-06-02 09:46:46,057 - INFO - 60초 후 다음 확인을 진행합니다. (현재 상태: BUYING)
2026-06-02 09:47:47,434 - INFO - [005930] 현재가: 356500, 고가: 370000, 저가: 342000
2026-06-02 09:47:54,426 - INFO - 계좌 예수금: 9934495원
2026-06-02 09:47:54,632 - INFO - 이미 매수 주문(0000026602)이 진행 중입니다. 체결을 기다립니다.
2026-06-02 09:47:54,634 - INFO - 60초 후 다음 확인을 진행합니다. (현재 상태: BUYING)
2026-06-02 09:48:54,891 - INFO - [005930] 현재가: 356000, 고가: 370000, 저가: 342000
2026-06-02 09:49:00,158 - INFO - 계좌 예수금: 9934495원
2026-06-02 09:49:00,343 - INFO - 이미 매수 주문(0000026602)이 진행 중입니다. 체결을 기다립니다.
2026-06-02 09:49:00,343 - INFO - 60초 후 다음 확인을 진행합니다. (현재 상태: BUYING)
2026-06-02 09:50:00,516 - INFO - [005930] 현재가: 357500, 고가: 370000, 저가: 342000
2026-06-02 09:50:04,483 - INFO - 계좌 예수금: 9934495원
2026-06-02 09:50:07,348 - INFO - 이미 매수 주문(0000026602)이 진행 중입니다. 체결을 기다립니다.
2026-06-02 09:50:07,349 - INFO - 60초 후 다음 확인을 진행합니다. (현재 상태: BUYING)
2026-06-02 09:51:07,970 - INFO - [005930] 현재가: 356000, 고가: 370000, 저가: 342000
2026-06-02 09:51:12,681 - INFO - 계좌 예수금: 9934495원
2026-06-02 09:51:15,141 - INFO - 이미 매수 주문(0000026602)이 진행 중입니다. 체결을 기다립니다.
2026-06-02 09:51:15,142 - INFO - 60초 후 다음 확인을 진행합니다. (현재 상태: BUYING)
2026-06-02 09:52:17,313 - INFO - [005930] 현재가: 355500, 고가: 370000, 저가: 342000
2026-06-02 09:52:24,467 - INFO - 계좌 예수금: 9934495원
2026-06-02 09:52:26,519 - INFO - 이미 매수 주문(0000026602)이 진행 중입니다. 체결을 기다립니다.
2026-06-02 09:52:26,519 - INFO - 60초 후 다음 확인을 진행합니다. (현재 상태: BUYING)
2026-06-02 09:53:26,685 - INFO - [005930] 현재가: 354500, 고가: 370000, 저가: 342000
2026-06-02 09:53:33,697 - INFO - 계좌 예수금: 9934495원
2026-06-02 09:53:33,898 - INFO - 이미 매수 주문(0000026602)이 진행 중입니다. 체결을 기다립니다.
2026-06-02 09:53:33,899 - INFO - 60초 후 다음 확인을 진행합니다. (현재 상태: BUYING)
2026-06-02 09:54:37,186 - INFO - [005930] 현재가: 354000, 고가: 370000, 저가: 342000
2026-06-02 09:54:38,824 - INFO - 계좌 예수금: 9934495원
2026-06-02 09:54:41,187 - INFO - 이미 매수 주문(0000026602)이 진행 중입니다. 체결을 기다립니다.
2026-06-02 09:54:41,187 - INFO - 60초 후 다음 확인을 진행합니다. (현재 상태: BUYING)
2026-06-02 09:55:44,569 - INFO - [005930] 현재가: 353500, 고가: 370000, 저가: 342000
2026-06-02 09:55:45,899 - INFO - 계좌 예수금: 9934495원
2026-06-02 09:55:49,478 - INFO - 이미 매수 주문(0000026602)이 진행 중입니다. 체결을 기다립니다.
2026-06-02 09:55:49,479 - INFO - 60초 후 다음 확인을 진행합니다. (현재 상태: BUYING)
2026-06-02 09:56:50,917 - INFO - [005930] 현재가: 353500, 고가: 370000, 저가: 342000
2026-06-02 09:56:57,003 - INFO - 계좌 예수금: 9934495원
2026-06-02 09:56:57,969 - INFO - 이미 매수 주문(0000026602)이 진행 중입니다. 체결을 기다립니다.
2026-06-02 09:56:57,970 - INFO - 60초 후 다음 확인을 진행합니다. (현재 상태: BUYING)
2026-06-02 09:57:59,337 - INFO - [005930] 현재가: 351500, 고가: 370000, 저가: 342000
2026-06-02 09:58:03,841 - INFO - 계좌 예수금: 9934495원
2026-06-02 09:58:04,762 - INFO - 이미 매수 주문(0000026602)이 진행 중입니다. 체결을 기다립니다.
2026-06-02 09:58:04,763 - INFO - 60초 후 다음 확인을 진행합니다. (현재 상태: BUYING)
2026-06-02 09:59:04,985 - INFO - [005930] 현재가: 350000, 고가: 370000, 저가: 342000
2026-06-02 09:59:07,545 - INFO - 계좌 예수금: 9934495원
2026-06-02 09:59:09,690 - INFO - 이미 매수 주문(0000026602)이 진행 중입니다. 체결을 기다립니다.
2026-06-02 09:59:09,690 - INFO - 60초 후 다음 확인을 진행합니다. (현재 상태: BUYING)
2026-06-02 10:00:15,841 - INFO - [005930] 현재가: 352000, 고가: 370000, 저가: 342000
2026-06-02 10:00:26,985 - ERROR - GET 요청 실패 (VTTC8434R): HTTPSConnectionPool(host='openapivts.koreainvestment.com', port=29443): Read timed out. (read timeout=10)
2026-06-02 10:00:26,986 - ERROR - 잔고 조회 실패
2026-06-02 10:00:33,045 - INFO - 이미 매수 주문(0000026602)이 진행 중입니다. 체결을 기다립니다.
2026-06-02 10:00:33,046 - INFO - 60초 후 다음 확인을 진행합니다. (현재 상태: BUYING)
2026-06-02 10:01:35,215 - INFO - [005930] 현재가: 354500, 고가: 370000, 저가: 342000
2026-06-02 10:01:38,688 - INFO - 계좌 예수금: 9934495원
2026-06-02 10:01:41,674 - INFO - 이미 매수 주문(0000026602)이 진행 중입니다. 체결을 기다립니다.
2026-06-02 10:01:41,675 - INFO - 60초 후 다음 확인을 진행합니다. (현재 상태: BUYING)
2026-06-02 10:02:41,854 - INFO - [005930] 현재가: 353000, 고가: 370000, 저가: 342000
2026-06-02 10:02:43,206 - INFO - 계좌 예수금: 9934495원
2026-06-02 10:02:44,842 - INFO - 이미 매수 주문(0000026602)이 진행 중입니다. 체결을 기다립니다.
2026-06-02 10:02:44,843 - INFO - 60초 후 다음 확인을 진행합니다. (현재 상태: BUYING)
2026-06-02 10:03:45,085 - INFO - [005930] 현재가: 354000, 고가: 370000, 저가: 342000
2026-06-02 10:03:52,541 - INFO - 계좌 예수금: 9934495원
2026-06-02 10:03:55,195 - INFO - 이미 매수 주문(0000026602)이 진행 중입니다. 체결을 기다립니다.
2026-06-02 10:03:55,195 - INFO - 60초 후 다음 확인을 진행합니다. (현재 상태: BUYING)
2026-06-02 10:04:57,559 - INFO - [005930] 현재가: 355000, 고가: 370000, 저가: 342000
2026-06-02 10:05:03,702 - INFO - 계좌 예수금: 9934495원
2026-06-02 10:05:03,876 - INFO - 이미 매수 주문(0000026602)이 진행 중입니다. 체결을 기다립니다.
2026-06-02 10:05:03,876 - INFO - 60초 후 다음 확인을 진행합니다. (현재 상태: BUYING)
2026-06-02 10:06:05,559 - INFO - [005930] 현재가: 356500, 고가: 370000, 저가: 342000
2026-06-02 10:06:09,141 - INFO - 계좌 예수금: 9934495원
2026-06-02 10:06:10,369 - INFO - 이미 매수 주문(0000026602)이 진행 중입니다. 체결을 기다립니다.
2026-06-02 10:06:10,370 - INFO - 60초 후 다음 확인을 진행합니다. (현재 상태: BUYING)
2026-06-02 10:07:11,609 - INFO - [005930] 현재가: 358000, 고가: 370000, 저가: 342000
2026-06-02 10:07:17,753 - INFO - 계좌 예수금: 9934495원
2026-06-02 10:07:17,945 - INFO - 이미 매수 주문(0000026602)이 진행 중입니다. 체결을 기다립니다.
2026-06-02 10:07:17,946 - INFO - 60초 후 다음 확인을 진행합니다. (현재 상태: BUYING)
2026-06-02 10:08:20,014 - INFO - [005930] 현재가: 358500, 고가: 370000, 저가: 342000
2026-06-02 10:08:26,466 - INFO - 계좌 예수금: 9934495원
2026-06-02 10:08:26,659 - INFO - 이미 매수 주문(0000026602)이 진행 중입니다. 체결을 기다립니다.
2026-06-02 10:08:26,660 - INFO - 60초 후 다음 확인을 진행합니다. (현재 상태: BUYING)
2026-06-02 10:09:26,897 - INFO - [005930] 현재가: 356000, 고가: 370000, 저가: 342000
2026-06-02 10:09:31,289 - INFO - 계좌 예수금: 9934495원
2026-06-02 10:09:32,468 - INFO - 이미 매수 주문(0000026602)이 진행 중입니다. 체결을 기다립니다.
2026-06-02 10:09:32,468 - INFO - 60초 후 다음 확인을 진행합니다. (현재 상태: BUYING)
2026-06-02 10:10:32,625 - INFO - [005930] 현재가: 356500, 고가: 370000, 저가: 342000
2026-06-02 10:10:37,311 - INFO - 계좌 예수금: 9934495원
2026-06-02 10:10:40,140 - INFO - 이미 매수 주문(0000026602)이 진행 중입니다. 체결을 기다립니다.
2026-06-02 10:10:40,141 - INFO - 60초 후 다음 확인을 진행합니다. (현재 상태: BUYING)
2026-06-02 10:11:40,625 - INFO - [005930] 현재가: 354000, 고가: 370000, 저가: 342000
2026-06-02 10:11:47,182 - INFO - 계좌 예수금: 9934495원
2026-06-02 10:11:47,343 - INFO - 이미 매수 주문(0000026602)이 진행 중입니다. 체결을 기다립니다.
2026-06-02 10:11:47,344 - INFO - 60초 후 다음 확인을 진행합니다. (현재 상태: BUYING)
2026-06-02 10:12:47,826 - INFO - [005930] 현재가: 357000, 고가: 370000, 저가: 342000
2026-06-02 10:12:52,719 - INFO - 계좌 예수금: 9934495원
2026-06-02 10:12:53,126 - INFO - 이미 매수 주문(0000026602)이 진행 중입니다. 체결을 기다립니다.
2026-06-02 10:12:53,126 - INFO - 60초 후 다음 확인을 진행합니다. (현재 상태: BUYING)
2026-06-02 10:13:53,550 - INFO - [005930] 현재가: 356500, 고가: 370000, 저가: 342000
2026-06-02 10:13:54,698 - ERROR - GET 요청 실패 (VTTC8434R): 500 Server Error: Internal Server Error for url: https://openapivts.koreainvestment.com:29443/uapi/domestic-stock/v1/trading/inquire-balance?CANO=50174003&ACNT_PRDT_CD=01&AFHR_FLPR_YN=N&OFL_YN=&INQR_DVSN=02&UNPR_DVSN=01&FUND_STTL_ICLD_YN=N&FNCG_AMT_AUTO_RDPT_YN=N&PRCS_DVSN=00&CTX_AREA_FK100=&CTX_AREA_NK100=
2026-06-02 10:13:54,698 - ERROR - 상세 에러: {"rt_cd":"1","msg_cd":"EGW00201","msg1":"원장에서 허용 가능한 초당 거래건수를 초과하였습니다."}
2026-06-02 10:13:54,701 - ERROR - 잔고 조회 실패
2026-06-02 10:13:55,230 - INFO - 이미 매수 주문(0000026602)이 진행 중입니다. 체결을 기다립니다.
2026-06-02 10:13:55,231 - INFO - 60초 후 다음 확인을 진행합니다. (현재 상태: BUYING)
2026-06-02 10:14:55,433 - INFO - [005930] 현재가: 357000, 고가: 370000, 저가: 342000
2026-06-02 10:14:59,807 - INFO - 계좌 예수금: 9934495원
2026-06-02 10:15:00,083 - INFO - 이미 매수 주문(0000026602)이 진행 중입니다. 체결을 기다립니다.
2026-06-02 10:15:00,084 - INFO - 60초 후 다음 확인을 진행합니다. (현재 상태: BUYING)
2026-06-02 10:16:02,784 - INFO - [005930] 현재가: 357500, 고가: 370000, 저가: 342000
2026-06-02 10:16:05,110 - INFO - 계좌 예수금: 9934495원
2026-06-02 10:16:09,443 - INFO - 이미 매수 주문(0000026602)이 진행 중입니다. 체결을 기다립니다.
2026-06-02 10:16:09,444 - INFO - 60초 후 다음 확인을 진행합니다. (현재 상태: BUYING)
2026-06-02 10:17:09,630 - INFO - [005930] 현재가: 358500, 고가: 370000, 저가: 342000
2026-06-02 10:17:12,322 - INFO - 계좌 예수금: 9934495원
2026-06-02 10:17:12,481 - INFO - 이미 매수 주문(0000026602)이 진행 중입니다. 체결을 기다립니다.
2026-06-02 10:17:12,481 - INFO - 60초 후 다음 확인을 진행합니다. (현재 상태: BUYING)
2026-06-02 10:18:16,527 - INFO - [005930] 현재가: 358500, 고가: 370000, 저가: 342000
2026-06-02 10:18:18,371 - INFO - 계좌 예수금: 9934495원
2026-06-02 10:18:21,955 - INFO - 이미 매수 주문(0000026602)이 진행 중입니다. 체결을 기다립니다.
2026-06-02 10:18:21,955 - INFO - 60초 후 다음 확인을 진행합니다. (현재 상태: BUYING)
2026-06-02 10:19:25,855 - INFO - [005930] 현재가: 358000, 고가: 370000, 저가: 342000
2026-06-02 10:19:34,662 - INFO - 계좌 예수금: 9934495원
2026-06-02 10:19:34,842 - INFO - 이미 매수 주문(0000026602)이 진행 중입니다. 체결을 기다립니다.
2026-06-02 10:19:34,843 - INFO - 60초 후 다음 확인을 진행합니다. (현재 상태: BUYING)
2026-06-02 10:20:35,014 - INFO - [005930] 현재가: 358000, 고가: 370000, 저가: 342000
2026-06-02 10:20:43,478 - INFO - 계좌 예수금: 9934495원
2026-06-02 10:20:43,674 - INFO - 이미 매수 주문(0000026602)이 진행 중입니다. 체결을 기다립니다.
2026-06-02 10:20:43,675 - INFO - 60초 후 다음 확인을 진행합니다. (현재 상태: BUYING)
2026-06-02 10:21:43,872 - INFO - [005930] 현재가: 358500, 고가: 370000, 저가: 342000
2026-06-02 10:21:50,758 - INFO - 계좌 예수금: 9934495원
2026-06-02 10:21:50,964 - INFO - 이미 매수 주문(0000026602)이 진행 중입니다. 체결을 기다립니다.
2026-06-02 10:21:50,965 - INFO - 60초 후 다음 확인을 진행합니다. (현재 상태: BUYING)
2026-06-02 10:22:53,943 - INFO - [005930] 현재가: 358500, 고가: 370000, 저가: 342000
2026-06-02 10:23:00,909 - INFO - 계좌 예수금: 9934495원
2026-06-02 10:23:02,548 - INFO - 이미 매수 주문(0000026602)이 진행 중입니다. 체결을 기다립니다.
2026-06-02 10:23:02,548 - INFO - 60초 후 다음 확인을 진행합니다. (현재 상태: BUYING)
2026-06-02 10:24:02,739 - INFO - [005930] 현재가: 357500, 고가: 370000, 저가: 342000
2026-06-02 10:24:11,670 - INFO - 계좌 예수금: 9934495원
2026-06-02 10:24:15,152 - INFO - 이미 매수 주문(0000026602)이 진행 중입니다. 체결을 기다립니다.
2026-06-02 10:24:15,153 - INFO - 60초 후 다음 확인을 진행합니다. (현재 상태: BUYING)
2026-06-02 10:25:15,575 - INFO - [005930] 현재가: 358500, 고가: 370000, 저가: 342000
2026-06-02 10:25:23,659 - INFO - 계좌 예수금: 9934495원
2026-06-02 10:25:23,857 - INFO - 이미 매수 주문(0000026602)이 진행 중입니다. 체결을 기다립니다.
2026-06-02 10:25:23,858 - INFO - 60초 후 다음 확인을 진행합니다. (현재 상태: BUYING)
2026-06-02 10:26:28,788 - INFO - [005930] 현재가: 356000, 고가: 370000, 저가: 342000
2026-06-02 10:26:32,271 - INFO - 계좌 예수금: 9934495원
2026-06-02 10:26:36,470 - INFO - 이미 매수 주문(0000026602)이 진행 중입니다. 체결을 기다립니다.
2026-06-02 10:26:36,471 - INFO - 60초 후 다음 확인을 진행합니다. (현재 상태: BUYING)
2026-06-02 10:27:39,757 - INFO - [005930] 현재가: 356500, 고가: 370000, 저가: 342000
2026-06-02 10:27:42,829 - INFO - 계좌 예수금: 9934495원
2026-06-02 10:27:42,999 - INFO - 이미 매수 주문(0000026602)이 진행 중입니다. 체결을 기다립니다.
2026-06-02 10:27:43,000 - INFO - 60초 후 다음 확인을 진행합니다. (현재 상태: BUYING)
2026-06-02 10:28:45,081 - INFO - [005930] 현재가: 356500, 고가: 370000, 저가: 342000
2026-06-02 10:28:49,260 - INFO - 계좌 예수금: 9934495원
2026-06-02 10:28:50,687 - INFO - 이미 매수 주문(0000026602)이 진행 중입니다. 체결을 기다립니다.
2026-06-02 10:28:50,687 - INFO - 60초 후 다음 확인을 진행합니다. (현재 상태: BUYING)
2026-06-02 10:29:50,886 - INFO - [005930] 현재가: 358000, 고가: 370000, 저가: 342000
2026-06-02 10:29:55,955 - INFO - 계좌 예수금: 9934495원
2026-06-02 10:29:57,491 - INFO - 이미 매수 주문(0000026602)이 진행 중입니다. 체결을 기다립니다.
2026-06-02 10:29:57,491 - INFO - 60초 후 다음 확인을 진행합니다. (현재 상태: BUYING)
2026-06-02 10:31:01,495 - INFO - [005930] 현재가: 359000, 고가: 370000, 저가: 342000
2026-06-02 10:31:02,723 - ERROR - GET 요청 실패 (VTTC8434R): 500 Server Error: Internal Server Error for url: https://openapivts.koreainvestment.com:29443/uapi/domestic-stock/v1/trading/inquire-balance?CANO=50174003&ACNT_PRDT_CD=01&AFHR_FLPR_YN=N&OFL_YN=&INQR_DVSN=02&UNPR_DVSN=01&FUND_STTL_ICLD_YN=N&FNCG_AMT_AUTO_RDPT_YN=N&PRCS_DVSN=00&CTX_AREA_FK100=&CTX_AREA_NK100=
2026-06-02 10:31:02,724 - ERROR - 상세 에러: {"rt_cd":"1","msg1":"원장에서 허용 가능한 초당 거래건수를 초과하였습니다.","msg_cd":"EGW00201"}
2026-06-02 10:31:02,727 - ERROR - 잔고 조회 실패
2026-06-02 10:31:03,188 - INFO - 이미 매수 주문(0000026602)이 진행 중입니다. 체결을 기다립니다.
2026-06-02 10:31:03,189 - INFO - 60초 후 다음 확인을 진행합니다. (현재 상태: BUYING)
2026-06-02 10:32:03,393 - INFO - [005930] 현재가: 359500, 고가: 370000, 저가: 342000
2026-06-02 10:32:07,342 - INFO - 계좌 예수금: 9934495원
2026-06-02 10:32:07,511 - INFO - 이미 매수 주문(0000026602)이 진행 중입니다. 체결을 기다립니다.
2026-06-02 10:32:07,512 - INFO - 60초 후 다음 확인을 진행합니다. (현재 상태: BUYING)
2026-06-02 10:33:12,333 - INFO - [005930] 현재가: 360000, 고가: 370000, 저가: 342000
2026-06-02 10:33:16,775 - INFO - 계좌 예수금: 9934495원
2026-06-02 10:33:20,877 - INFO - 이미 매수 주문(0000026602)이 진행 중입니다. 체결을 기다립니다.
2026-06-02 10:33:20,878 - INFO - 60초 후 다음 확인을 진행합니다. (현재 상태: BUYING)
2026-06-02 10:34:23,460 - INFO - [005930] 현재가: 360500, 고가: 370000, 저가: 342000
2026-06-02 10:34:31,090 - INFO - 계좌 예수금: 9934495원
2026-06-02 10:34:31,752 - INFO - 이미 매수 주문(0000026602)이 진행 중입니다. 체결을 기다립니다.
2026-06-02 10:34:31,753 - INFO - 60초 후 다음 확인을 진행합니다. (현재 상태: BUYING)
2026-06-02 10:35:36,970 - INFO - [005930] 현재가: 360250, 고가: 370000, 저가: 342000
2026-06-02 10:35:41,533 - INFO - 계좌 예수금: 9934495원
2026-06-02 10:35:46,137 - INFO - 이미 매수 주문(0000026602)이 진행 중입니다. 체결을 기다립니다.
2026-06-02 10:35:46,137 - INFO - 60초 후 다음 확인을 진행합니다. (현재 상태: BUYING)
2026-06-02 10:36:46,239 - INFO - [005930] 현재가: 359500, 고가: 370000, 저가: 342000
2026-06-02 10:36:53,066 - INFO - 계좌 예수금: 9934495원
2026-06-02 10:36:56,038 - INFO - 이미 매수 주문(0000026602)이 진행 중입니다. 체결을 기다립니다.
2026-06-02 10:36:56,039 - INFO - 60초 후 다음 확인을 진행합니다. (현재 상태: BUYING)
2026-06-02 10:37:56,555 - INFO - [005930] 현재가: 358500, 고가: 370000, 저가: 342000
2026-06-02 10:38:00,731 - INFO - 계좌 예수금: 9934495원
2026-06-02 10:38:00,908 - INFO - 이미 매수 주문(0000026602)이 진행 중입니다. 체결을 기다립니다.
2026-06-02 10:38:00,908 - INFO - 60초 후 다음 확인을 진행합니다. (현재 상태: BUYING)
2026-06-02 10:39:01,005 - INFO - [005930] 현재가: 357500, 고가: 370000, 저가: 342000
2026-06-02 10:39:05,251 - INFO - 계좌 예수금: 9934495원
2026-06-02 10:39:06,794 - INFO - 이미 매수 주문(0000026602)이 진행 중입니다. 체결을 기다립니다.
2026-06-02 10:39:06,794 - INFO - 60초 후 다음 확인을 진행합니다. (현재 상태: BUYING)
2026-06-02 10:40:10,967 - INFO - [005930] 현재가: 357250, 고가: 370000, 저가: 342000
2026-06-02 10:40:20,943 - INFO - 계좌 예수금: 9934495원
2026-06-02 10:40:26,433 - INFO - 이미 매수 주문(0000026602)이 진행 중입니다. 체결을 기다립니다.
2026-06-02 10:40:26,433 - INFO - 60초 후 다음 확인을 진행합니다. (현재 상태: BUYING)
2026-06-02 10:41:26,794 - INFO - [005930] 현재가: 356000, 고가: 370000, 저가: 342000
2026-06-02 10:41:32,441 - INFO - 계좌 예수금: 9934495원
2026-06-02 10:41:33,978 - INFO - 이미 매수 주문(0000026602)이 진행 중입니다. 체결을 기다립니다.
2026-06-02 10:41:33,978 - INFO - 60초 후 다음 확인을 진행합니다. (현재 상태: BUYING)
2026-06-02 10:42:35,736 - INFO - [005930] 현재가: 355250, 고가: 370000, 저가: 342000
2026-06-02 10:42:42,588 - INFO - 계좌 예수금: 9934495원
2026-06-02 10:42:42,678 - INFO - 이미 매수 주문(0000026602)이 진행 중입니다. 체결을 기다립니다.
2026-06-02 10:42:42,679 - INFO - 60초 후 다음 확인을 진행합니다. (현재 상태: BUYING)
2026-06-02 10:43:44,690 - INFO - [005930] 현재가: 355500, 고가: 370000, 저가: 342000
2026-06-02 10:43:45,965 - INFO - 계좌 예수금: 9934495원
2026-06-02 10:43:47,978 - INFO - 이미 매수 주문(0000026602)이 진행 중입니다. 체결을 기다립니다.
2026-06-02 10:43:47,978 - INFO - 60초 후 다음 확인을 진행합니다. (현재 상태: BUYING)
2026-06-02 10:44:48,055 - INFO - [005930] 현재가: 354500, 고가: 370000, 저가: 342000
2026-06-02 10:44:49,440 - INFO - 계좌 예수금: 9934495원
2026-06-02 10:44:50,625 - INFO - 이미 매수 주문(0000026602)이 진행 중입니다. 체결을 기다립니다.
2026-06-02 10:44:50,626 - INFO - 60초 후 다음 확인을 진행합니다. (현재 상태: BUYING)
2026-06-02 10:45:53,479 - INFO - [005930] 현재가: 354000, 고가: 370000, 저가: 342000
2026-06-02 10:45:55,763 - INFO - 계좌 예수금: 9934495원
2026-06-02 10:45:55,845 - INFO - 이미 매수 주문(0000026602)이 진행 중입니다. 체결을 기다립니다.
2026-06-02 10:45:55,846 - INFO - 60초 후 다음 확인을 진행합니다. (현재 상태: BUYING)
2026-06-02 10:46:55,965 - INFO - [005930] 현재가: 355000, 고가: 370000, 저가: 342000
2026-06-02 10:46:59,884 - INFO - 계좌 예수금: 9934495원
2026-06-02 10:46:59,979 - INFO - 이미 매수 주문(0000026602)이 진행 중입니다. 체결을 기다립니다.
2026-06-02 10:46:59,979 - INFO - 60초 후 다음 확인을 진행합니다. (현재 상태: BUYING)
2026-06-02 10:48:02,582 - INFO - [005930] 현재가: 352500, 고가: 370000, 저가: 342000
2026-06-02 10:48:07,451 - INFO - 계좌 예수금: 9934495원
2026-06-02 10:48:08,322 - INFO - 이미 매수 주문(0000026602)이 진행 중입니다. 체결을 기다립니다.
2026-06-02 10:48:08,323 - INFO - 60초 후 다음 확인을 진행합니다. (현재 상태: BUYING)
2026-06-02 10:49:09,404 - INFO - [005930] 현재가: 353000, 고가: 370000, 저가: 342000
2026-06-02 10:49:15,345 - INFO - 계좌 예수금: 9934495원
2026-06-02 10:49:17,227 - INFO - 이미 매수 주문(0000026602)이 진행 중입니다. 체결을 기다립니다.
2026-06-02 10:49:17,228 - INFO - 60초 후 다음 확인을 진행합니다. (현재 상태: BUYING)
2026-06-02 10:50:17,342 - INFO - [005930] 현재가: 352750, 고가: 370000, 저가: 342000
2026-06-02 10:50:20,089 - INFO - 계좌 예수금: 9934495원
2026-06-02 10:50:25,267 - INFO - 이미 매수 주문(0000026602)이 진행 중입니다. 체결을 기다립니다.
2026-06-02 10:50:25,267 - INFO - 60초 후 다음 확인을 진행합니다. (현재 상태: BUYING)
2026-06-02 10:51:29,836 - INFO - [005930] 현재가: 352500, 고가: 370000, 저가: 342000
2026-06-02 10:51:32,967 - INFO - 계좌 예수금: 9934495원
2026-06-02 10:51:37,116 - INFO - 이미 매수 주문(0000026602)이 진행 중입니다. 체결을 기다립니다.
2026-06-02 10:51:37,117 - INFO - 60초 후 다음 확인을 진행합니다. (현재 상태: BUYING)
2026-06-02 10:52:37,233 - INFO - [005930] 현재가: 351250, 고가: 370000, 저가: 342000
2026-06-02 10:52:42,053 - INFO - 계좌 예수금: 9934495원
2026-06-02 10:52:42,174 - INFO - 이미 매수 주문(0000026602)이 진행 중입니다. 체결을 기다립니다.
2026-06-02 10:52:42,175 - INFO - 60초 후 다음 확인을 진행합니다. (현재 상태: BUYING)
2026-06-02 10:53:42,297 - INFO - [005930] 현재가: 354000, 고가: 370000, 저가: 342000
2026-06-02 10:53:48,772 - INFO - 계좌 예수금: 9934495원
2026-06-02 10:53:48,898 - INFO - 이미 매수 주문(0000026602)이 진행 중입니다. 체결을 기다립니다.
2026-06-02 10:53:48,899 - INFO - 60초 후 다음 확인을 진행합니다. (현재 상태: BUYING)
2026-06-02 10:54:49,153 - INFO - [005930] 현재가: 352500, 고가: 370000, 저가: 342000
2026-06-02 10:54:53,959 - INFO - 계좌 예수금: 9934495원
2026-06-02 10:54:54,082 - INFO - 이미 매수 주문(0000026602)이 진행 중입니다. 체결을 기다립니다.
2026-06-02 10:54:54,083 - INFO - 60초 후 다음 확인을 진행합니다. (현재 상태: BUYING)
2026-06-02 10:55:54,168 - INFO - [005930] 현재가: 353000, 고가: 370000, 저가: 342000
2026-06-02 10:55:59,846 - INFO - 계좌 예수금: 9934495원
2026-06-02 10:55:59,961 - INFO - 이미 매수 주문(0000026602)이 진행 중입니다. 체결을 기다립니다.
2026-06-02 10:55:59,961 - INFO - 60초 후 다음 확인을 진행합니다. (현재 상태: BUYING)
2026-06-02 10:57:00,065 - INFO - [005930] 현재가: 353000, 고가: 370000, 저가: 342000
2026-06-02 10:57:04,610 - INFO - 계좌 예수금: 9934495원
2026-06-02 10:57:06,962 - INFO - 이미 매수 주문(0000026602)이 진행 중입니다. 체결을 기다립니다.
2026-06-02 10:57:06,963 - INFO - 60초 후 다음 확인을 진행합니다. (현재 상태: BUYING)
2026-06-02 10:58:09,454 - INFO - [005930] 현재가: 351500, 고가: 370000, 저가: 342000
2026-06-02 10:58:15,714 - INFO - 계좌 예수금: 9934495원
2026-06-02 10:58:17,831 - INFO - 이미 매수 주문(0000026602)이 진행 중입니다. 체결을 기다립니다.
2026-06-02 10:58:17,832 - INFO - 60초 후 다음 확인을 진행합니다. (현재 상태: BUYING)
2026-06-02 10:59:19,048 - INFO - [005930] 현재가: 350500, 고가: 370000, 저가: 342000
2026-06-02 10:59:24,357 - INFO - 계좌 예수금: 9934495원
2026-06-02 10:59:24,662 - INFO - 이미 매수 주문(0000026602)이 진행 중입니다. 체결을 기다립니다.
2026-06-02 10:59:24,662 - INFO - 60초 후 다음 확인을 진행합니다. (현재 상태: BUYING)
2026-06-02 11:00:24,739 - INFO - [005930] 현재가: 350500, 고가: 370000, 저가: 342000
2026-06-02 11:00:28,819 - INFO - 계좌 예수금: 9934495원
2026-06-02 11:00:34,752 - INFO - 이미 매수 주문(0000026602)이 진행 중입니다. 체결을 기다립니다.
2026-06-02 11:00:34,752 - INFO - 60초 후 다음 확인을 진행합니다. (현재 상태: BUYING)
2026-06-02 11:01:34,880 - INFO - [005930] 현재가: 351750, 고가: 370000, 저가: 342000
2026-06-02 11:01:41,728 - INFO - 계좌 예수금: 9934495원
2026-06-02 11:01:41,859 - INFO - 이미 매수 주문(0000026602)이 진행 중입니다. 체결을 기다립니다.
2026-06-02 11:01:41,859 - INFO - 60초 후 다음 확인을 진행합니다. (현재 상태: BUYING)
2026-06-02 11:02:42,004 - INFO - [005930] 현재가: 350500, 고가: 370000, 저가: 342000
2026-06-02 11:02:45,731 - INFO - 계좌 예수금: 9934495원
2026-06-02 11:02:45,865 - INFO - 이미 매수 주문(0000026602)이 진행 중입니다. 체결을 기다립니다.
2026-06-02 11:02:45,866 - INFO - 60초 후 다음 확인을 진행합니다. (현재 상태: BUYING)
2026-06-02 11:03:46,662 - INFO - [005930] 현재가: 350500, 고가: 370000, 저가: 342000
2026-06-02 11:03:52,910 - INFO - 계좌 예수금: 9934495원
2026-06-02 11:03:53,155 - INFO - 이미 매수 주문(0000026602)이 진행 중입니다. 체결을 기다립니다.
2026-06-02 11:03:53,155 - INFO - 60초 후 다음 확인을 진행합니다. (현재 상태: BUYING)
2026-06-02 11:04:53,283 - INFO - [005930] 현재가: 350500, 고가: 370000, 저가: 342000
2026-06-02 11:04:58,385 - INFO - 계좌 예수금: 9934495원
2026-06-02 11:04:58,535 - INFO - 이미 매수 주문(0000026602)이 진행 중입니다. 체결을 기다립니다.
2026-06-02 11:04:58,536 - INFO - 60초 후 다음 확인을 진행합니다. (현재 상태: BUYING)
2026-06-02 11:05:58,663 - INFO - [005930] 현재가: 351500, 고가: 370000, 저가: 342000
2026-06-02 11:06:02,152 - INFO - 계좌 예수금: 9934495원
2026-06-02 11:06:04,192 - INFO - 이미 매수 주문(0000026602)이 진행 중입니다. 체결을 기다립니다.
2026-06-02 11:06:04,192 - INFO - 60초 후 다음 확인을 진행합니다. (현재 상태: BUYING)
2026-06-02 11:07:05,224 - INFO - [005930] 현재가: 349500, 고가: 370000, 저가: 342000
2026-06-02 11:07:12,792 - INFO - 계좌 예수금: 9934495원
2026-06-02 11:07:12,905 - INFO - 이미 매수 주문(0000026602)이 진행 중입니다. 체결을 기다립니다.
2026-06-02 11:07:12,906 - INFO - 60초 후 다음 확인을 진행합니다. (현재 상태: BUYING)
2026-06-02 11:08:14,144 - INFO - [005930] 현재가: 348000, 고가: 370000, 저가: 342000
2026-06-02 11:08:19,572 - INFO - 계좌 예수금: 9934495원
2026-06-02 11:08:20,288 - INFO - 이미 매수 주문(0000026602)이 진행 중입니다. 체결을 기다립니다.
2026-06-02 11:08:20,289 - INFO - 60초 후 다음 확인을 진행합니다. (현재 상태: BUYING)
2026-06-02 11:09:20,421 - INFO - [005930] 현재가: 347500, 고가: 370000, 저가: 342000
2026-06-02 11:09:26,442 - INFO - 계좌 예수금: 9934495원
2026-06-02 11:09:26,570 - INFO - 이미 매수 주문(0000026602)이 진행 중입니다. 체결을 기다립니다.
2026-06-02 11:09:26,570 - INFO - 60초 후 다음 확인을 진행합니다. (현재 상태: BUYING)
2026-06-02 11:10:26,691 - INFO - [005930] 현재가: 348500, 고가: 370000, 저가: 342000
2026-06-02 11:10:29,728 - INFO - 계좌 예수금: 9934495원
2026-06-02 11:10:29,866 - INFO - 이미 매수 주문(0000026602)이 진행 중입니다. 체결을 기다립니다.
2026-06-02 11:10:29,867 - INFO - 60초 후 다음 확인을 진행합니다. (현재 상태: BUYING)
2026-06-02 11:11:32,401 - INFO - [005930] 현재가: 351000, 고가: 370000, 저가: 342000
2026-06-02 11:11:35,574 - INFO - 계좌 예수금: 9934495원
2026-06-02 11:11:35,695 - INFO - 이미 매수 주문(0000026602)이 진행 중입니다. 체결을 기다립니다.
2026-06-02 11:11:35,696 - INFO - 60초 후 다음 확인을 진행합니다. (현재 상태: BUYING)
2026-06-02 11:12:38,042 - INFO - [005930] 현재가: 351500, 고가: 370000, 저가: 342000
2026-06-02 11:12:43,879 - INFO - 계좌 예수금: 9934495원
2026-06-02 11:12:44,005 - INFO - 이미 매수 주문(0000026602)이 진행 중입니다. 체결을 기다립니다.
2026-06-02 11:12:44,005 - INFO - 60초 후 다음 확인을 진행합니다. (현재 상태: BUYING)
2026-06-02 11:13:46,141 - INFO - [005930] 현재가: 351500, 고가: 370000, 저가: 342000
2026-06-02 11:13:52,490 - INFO - 계좌 예수금: 9934495원
2026-06-02 11:13:52,616 - INFO - 이미 매수 주문(0000026602)이 진행 중입니다. 체결을 기다립니다.
2026-06-02 11:13:52,616 - INFO - 60초 후 다음 확인을 진행합니다. (현재 상태: BUYING)
2026-06-02 11:14:52,752 - INFO - [005930] 현재가: 350000, 고가: 370000, 저가: 342000
2026-06-02 11:14:56,290 - INFO - 계좌 예수금: 9934495원
2026-06-02 11:14:56,430 - INFO - 이미 매수 주문(0000026602)이 진행 중입니다. 체결을 기다립니다.
2026-06-02 11:14:56,430 - INFO - 60초 후 다음 확인을 진행합니다. (현재 상태: BUYING)
2026-06-02 11:15:58,654 - INFO - [005930] 현재가: 349500, 고가: 370000, 저가: 342000
2026-06-02 11:16:05,516 - INFO - 계좌 예수금: 9934495원
2026-06-02 11:16:08,997 - INFO - 이미 매수 주문(0000026602)이 진행 중입니다. 체결을 기다립니다.
2026-06-02 11:16:08,997 - INFO - 60초 후 다음 확인을 진행합니다. (현재 상태: BUYING)
2026-06-02 11:17:09,102 - INFO - [005930] 현재가: 350500, 고가: 370000, 저가: 342000
2026-06-02 11:17:16,175 - INFO - 계좌 예수금: 9934495원
2026-06-02 11:17:16,308 - INFO - 이미 매수 주문(0000026602)이 진행 중입니다. 체결을 기다립니다.
2026-06-02 11:17:16,309 - INFO - 60초 후 다음 확인을 진행합니다. (현재 상태: BUYING)
2026-06-02 11:18:18,648 - INFO - [005930] 현재가: 351500, 고가: 370000, 저가: 342000
2026-06-02 11:18:25,708 - INFO - 계좌 예수금: 9934495원
2026-06-02 11:18:27,109 - INFO - 이미 매수 주문(0000026602)이 진행 중입니다. 체결을 기다립니다.
2026-06-02 11:18:27,109 - INFO - 60초 후 다음 확인을 진행합니다. (현재 상태: BUYING)
2026-06-02 11:19:27,230 - INFO - [005930] 현재가: 352000, 고가: 370000, 저가: 342000
2026-06-02 11:19:33,911 - INFO - 계좌 예수금: 9934495원
2026-06-02 11:19:34,025 - INFO - 이미 매수 주문(0000026602)이 진행 중입니다. 체결을 기다립니다.
2026-06-02 11:19:34,025 - INFO - 60초 후 다음 확인을 진행합니다. (현재 상태: BUYING)
2026-06-02 11:20:36,584 - INFO - [005930] 현재가: 353500, 고가: 370000, 저가: 342000
2026-06-02 11:20:42,322 - INFO - 계좌 예수금: 9934495원
2026-06-02 11:20:44,775 - INFO - 이미 매수 주문(0000026602)이 진행 중입니다. 체결을 기다립니다.
2026-06-02 11:20:44,775 - INFO - 60초 후 다음 확인을 진행합니다. (현재 상태: BUYING)
2026-06-02 11:21:45,162 - INFO - [005930] 현재가: 353000, 고가: 370000, 저가: 342000
2026-06-02 11:21:52,569 - INFO - 계좌 예수금: 9934495원
2026-06-02 11:21:52,736 - INFO - 이미 매수 주문(0000026602)이 진행 중입니다. 체결을 기다립니다.
2026-06-02 11:21:52,737 - INFO - 60초 후 다음 확인을 진행합니다. (현재 상태: BUYING)
2026-06-02 11:22:52,879 - INFO - [005930] 현재가: 353000, 고가: 370000, 저가: 342000
2026-06-02 11:22:55,752 - INFO - 계좌 예수금: 9934495원
2026-06-02 11:22:58,006 - INFO - 이미 매수 주문(0000026602)이 진행 중입니다. 체결을 기다립니다.
2026-06-02 11:22:58,007 - INFO - 60초 후 다음 확인을 진행합니다. (현재 상태: BUYING)
2026-06-02 11:23:58,133 - INFO - [005930] 현재가: 351500, 고가: 370000, 저가: 342000
2026-06-02 11:24:00,886 - INFO - 계좌 예수금: 9934495원
2026-06-02 11:24:01,056 - INFO - 이미 매수 주문(0000026602)이 진행 중입니다. 체결을 기다립니다.
2026-06-02 11:24:01,057 - INFO - 60초 후 다음 확인을 진행합니다. (현재 상태: BUYING)
2026-06-02 11:25:01,613 - INFO - [005930] 현재가: 351500, 고가: 370000, 저가: 342000
2026-06-02 11:25:02,727 - ERROR - GET 요청 실패 (VTTC8434R): 500 Server Error: Internal Server Error for url: https://openapivts.koreainvestment.com:29443/uapi/domestic-stock/v1/trading/inquire-balance?CANO=50174003&ACNT_PRDT_CD=01&AFHR_FLPR_YN=N&OFL_YN=&INQR_DVSN=02&UNPR_DVSN=01&FUND_STTL_ICLD_YN=N&FNCG_AMT_AUTO_RDPT_YN=N&PRCS_DVSN=00&CTX_AREA_FK100=&CTX_AREA_NK100=
2026-06-02 11:25:02,728 - ERROR - 상세 에러: {"rt_cd":"1","msg1":"원장에서 허용 가능한 초당 거래건수를 초과하였습니다.","msg_cd":"EGW00201"}
2026-06-02 11:25:02,731 - ERROR - 잔고 조회 실패
2026-06-02 11:25:04,790 - INFO - 이미 매수 주문(0000026602)이 진행 중입니다. 체결을 기다립니다.
2026-06-02 11:25:04,791 - INFO - 60초 후 다음 확인을 진행합니다. (현재 상태: BUYING)
2026-06-02 11:26:07,255 - INFO - [005930] 현재가: 352000, 고가: 370000, 저가: 342000
2026-06-02 11:26:10,838 - INFO - 계좌 예수금: 9934495원
2026-06-02 11:26:13,505 - INFO - 이미 매수 주문(0000026602)이 진행 중입니다. 체결을 기다립니다.
2026-06-02 11:26:13,506 - INFO - 60초 후 다음 확인을 진행합니다. (현재 상태: BUYING)
2026-06-02 11:27:13,691 - INFO - [005930] 현재가: 351500, 고가: 370000, 저가: 342000
2026-06-02 11:27:19,962 - INFO - 계좌 예수금: 9934495원
2026-06-02 11:27:20,077 - INFO - 이미 매수 주문(0000026602)이 진행 중입니다. 체결을 기다립니다.
2026-06-02 11:27:20,078 - INFO - 60초 후 다음 확인을 진행합니다. (현재 상태: BUYING)
2026-06-02 11:28:20,202 - INFO - [005930] 현재가: 352500, 고가: 370000, 저가: 342000
2026-06-02 11:28:23,353 - INFO - 계좌 예수금: 9934495원
2026-06-02 11:28:26,220 - INFO - 이미 매수 주문(0000026602)이 진행 중입니다. 체결을 기다립니다.
2026-06-02 11:28:26,220 - INFO - 60초 후 다음 확인을 진행합니다. (현재 상태: BUYING)
2026-06-02 11:29:28,261 - INFO - [005930] 현재가: 352500, 고가: 370000, 저가: 342000
2026-06-02 11:29:34,413 - INFO - 계좌 예수금: 9934495원
2026-06-02 11:29:34,612 - INFO - 이미 매수 주문(0000026602)이 진행 중입니다. 체결을 기다립니다.
2026-06-02 11:29:34,613 - INFO - 60초 후 다음 확인을 진행합니다. (현재 상태: BUYING)
2026-06-02 11:30:34,732 - INFO - [005930] 현재가: 352000, 고가: 370000, 저가: 342000
2026-06-02 11:30:44,163 - INFO - 계좌 예수금: 9934495원
2026-06-02 11:30:44,302 - INFO - 이미 매수 주문(0000026602)이 진행 중입니다. 체결을 기다립니다.
2026-06-02 11:30:44,303 - INFO - 60초 후 다음 확인을 진행합니다. (현재 상태: BUYING)
2026-06-02 11:31:44,452 - INFO - [005930] 현재가: 353500, 고가: 370000, 저가: 342000
2026-06-02 11:31:48,677 - INFO - 계좌 예수금: 9934495원
2026-06-02 11:31:48,787 - INFO - 이미 매수 주문(0000026602)이 진행 중입니다. 체결을 기다립니다.
2026-06-02 11:31:48,787 - INFO - 60초 후 다음 확인을 진행합니다. (현재 상태: BUYING)
2026-06-02 11:32:48,920 - INFO - [005930] 현재가: 353500, 고가: 370000, 저가: 342000
2026-06-02 11:32:51,554 - INFO - 계좌 예수금: 9934495원
2026-06-02 11:32:53,865 - INFO - 이미 매수 주문(0000026602)이 진행 중입니다. 체결을 기다립니다.
2026-06-02 11:32:53,866 - INFO - 60초 후 다음 확인을 진행합니다. (현재 상태: BUYING)
2026-06-02 11:33:53,979 - INFO - [005930] 현재가: 354000, 고가: 370000, 저가: 342000
2026-06-02 11:33:55,134 - INFO - 계좌 예수금: 9934495원
2026-06-02 11:33:55,577 - ERROR - GET 요청 실패 (FHKST03010200): 500 Server Error: Internal Server Error for url: https://openapivts.koreainvestment.com:29443/uapi/domestic-stock/v1/quotations/inquire-time-itemchartprice?FID_ETC_CLS_CODE=&FID_COND_MRKT_DIV_CODE=J&FID_INPUT_ISCD=005930&FID_PW_DATA_INCU_YN=N&FID_HOUR_CLS_CODE=1
2026-06-02 11:33:55,577 - ERROR - 상세 에러: {"rt_cd":"1","msg1":"초당 거래건수를 초과하였습니다.","msg_cd":"EGW00201","message":"EGW00201"}
2026-06-02 11:33:55,581 - INFO - 이미 매수 주문(0000026602)이 진행 중입니다. 체결을 기다립니다.
2026-06-02 11:33:55,582 - INFO - 60초 후 다음 확인을 진행합니다. (현재 상태: BUYING)
2026-06-02 11:34:55,683 - INFO - [005930] 현재가: 354500, 고가: 370000, 저가: 342000
2026-06-02 11:34:58,491 - INFO - 계좌 예수금: 9934495원
2026-06-02 11:34:58,602 - INFO - 이미 매수 주문(0000026602)이 진행 중입니다. 체결을 기다립니다.
2026-06-02 11:34:58,602 - INFO - 60초 후 다음 확인을 진행합니다. (현재 상태: BUYING)
2026-06-02 11:35:59,749 - INFO - [005930] 현재가: 355000, 고가: 370000, 저가: 342000
2026-06-02 11:36:05,399 - INFO - 계좌 예수금: 9934495원
2026-06-02 11:36:05,602 - INFO - 이미 매수 주문(0000026602)이 진행 중입니다. 체결을 기다립니다.
2026-06-02 11:36:05,602 - INFO - 60초 후 다음 확인을 진행합니다. (현재 상태: BUYING)
2026-06-02 11:37:07,770 - INFO - [005930] 현재가: 354500, 고가: 370000, 저가: 342000
2026-06-02 11:37:14,688 - INFO - 계좌 예수금: 9934495원
2026-06-02 11:37:15,197 - INFO - 이미 매수 주문(0000026602)이 진행 중입니다. 체결을 기다립니다.
2026-06-02 11:37:15,197 - INFO - 60초 후 다음 확인을 진행합니다. (현재 상태: BUYING)
2026-06-02 11:37:15,446 - INFO - 기존 유효한 토큰을 캐시에서 로드했습니다.
2026-06-02 11:37:15,446 - INFO - 삼성전자 자동매매 프로그램을 시작합니다. (자가 적응형 로직 활성화)
2026-06-02 11:37:15,448 - INFO - 이전 상태 로드 완료: BUYING (목표가: 311500원)
2026-06-02 11:37:16,335 - INFO - [005930] 현재가: 355000, 고가: 370000, 저가: 342000
2026-06-02 11:37:16,336 - WARNING - ⚠️ 주문 고착 감지: 가격 이탈 (현재가:355,000, 목표가:311,500, 차이:43,500). 주문 취소를 시도합니다.
2026-06-02 11:37:16,337 - INFO - [CANCEL] 주문 취소 요청: 005930, 주문번호: 0000026602
2026-06-02 11:37:16,992 - ERROR - POST 요청 실패 (VTTC0013U): 500 Server Error: Internal Server Error for url: https://openapivts.koreainvestment.com:29443/uapi/domestic-stock/v1/trading/order-rvsecncl
2026-06-02 11:37:16,993 - ERROR - 상세 에러: {"rt_cd":"1","msg1":"초당 거래건수를 초과하였습니다.","msg_cd":"EGW00201","message":"EGW00201"}
2026-06-02 11:37:16,996 - ERROR - 주문 취소 실패: 응답 없음
2026-06-02 11:37:16,997 - ERROR - 주문 취소 실패. 다음 루프에서 재시도합니다.
2026-06-02 11:37:23,035 - INFO - 계좌 예수금: 9934495원
2026-06-02 11:37:23,792 - INFO - 이미 매수 주문(0000026602)이 진행 중입니다. 체결을 기다립니다.
2026-06-02 11:37:23,793 - INFO - 60초 후 다음 확인을 진행합니다. (현재 상태: BUYING)
2026-06-02 11:38:15,365 - INFO - [005930] 현재가: 354500, 고가: 370000, 저가: 342000
2026-06-02 11:38:21,501 - INFO - 계좌 예수금: 9934495원
2026-06-02 11:38:22,324 - INFO - 이미 매수 주문(0000026602)이 진행 중입니다. 체결을 기다립니다.
2026-06-02 11:38:22,324 - INFO - 60초 후 다음 확인을 진행합니다. (현재 상태: BUYING)
2026-06-02 11:38:24,280 - INFO - [005930] 현재가: 354500, 고가: 370000, 저가: 342000
2026-06-02 11:38:24,281 - WARNING - ⚠️ 주문 고착 감지: 가격 이탈 (현재가:354,500, 목표가:311,500, 차이:43,000). 주문 취소를 시도합니다.
2026-06-02 11:38:24,282 - INFO - [CANCEL] 주문 취소 요청: 005930, 주문번호: 0000026602
2026-06-02 11:38:24,930 - ERROR - POST 요청 실패 (VTTC0013U): 500 Server Error: Internal Server Error for url: https://openapivts.koreainvestment.com:29443/uapi/domestic-stock/v1/trading/order-rvsecncl
2026-06-02 11:38:24,931 - ERROR - 상세 에러: {"rt_cd":"1","msg1":"초당 거래건수를 초과하였습니다.","msg_cd":"EGW00201","message":"EGW00201"}
2026-06-02 11:38:24,933 - ERROR - 주문 취소 실패: 응답 없음
2026-06-02 11:38:24,934 - ERROR - 주문 취소 실패. 다음 루프에서 재시도합니다.
2026-06-02 11:38:29,695 - INFO - 계좌 예수금: 9934495원
2026-06-02 11:38:29,777 - INFO - 이미 매수 주문(0000026602)이 진행 중입니다. 체결을 기다립니다.
2026-06-02 11:38:29,778 - INFO - 60초 후 다음 확인을 진행합니다. (현재 상태: BUYING)
2026-06-02 11:39:22,742 - INFO - [005930] 현재가: 354250, 고가: 370000, 저가: 342000
2026-06-02 11:39:27,656 - INFO - 계좌 예수금: 9934495원
2026-06-02 11:39:28,373 - INFO - 이미 매수 주문(0000026602)이 진행 중입니다. 체결을 기다립니다.
2026-06-02 11:39:28,374 - INFO - 60초 후 다음 확인을 진행합니다. (현재 상태: BUYING)
2026-06-02 11:39:30,730 - INFO - [005930] 현재가: 355000, 고가: 370000, 저가: 342000
2026-06-02 11:39:30,731 - WARNING - ⚠️ 주문 고착 감지: 가격 이탈 (현재가:355,000, 목표가:311,500, 차이:43,500). 주문 취소를 시도합니다.
2026-06-02 11:39:30,732 - INFO - [CANCEL] 주문 취소 요청: 005930, 주문번호: 0000026602
2026-06-02 11:39:31,857 - ERROR - 주문 취소 실패: 모의투자 원주문번호가 존재하지 않습니다.
2026-06-02 11:39:31,858 - ERROR - 주문 취소 실패. 다음 루프에서 재시도합니다.
2026-06-02 11:39:35,738 - INFO - 계좌 예수금: 9934495원
2026-06-02 11:39:37,758 - INFO - 이미 매수 주문(0000026602)이 진행 중입니다. 체결을 기다립니다.
2026-06-02 11:39:37,759 - INFO - 60초 후 다음 확인을 진행합니다. (현재 상태: BUYING)
2026-06-02 11:40:28,995 - INFO - [005930] 현재가: 355000, 고가: 370000, 저가: 342000
2026-06-02 11:40:35,152 - INFO - 계좌 예수금: 9934495원
2026-06-02 11:40:37,934 - INFO - 이미 매수 주문(0000026602)이 진행 중입니다. 체결을 기다립니다.
2026-06-02 11:40:37,934 - INFO - 60초 후 다음 확인을 진행합니다. (현재 상태: BUYING)
2026-06-02 11:40:40,569 - INFO - [005930] 현재가: 354500, 고가: 370000, 저가: 342000
2026-06-02 11:40:40,569 - WARNING - ⚠️ 주문 고착 감지: 가격 이탈 (현재가:354,500, 목표가:311,500, 차이:43,000). 주문 취소를 시도합니다.
2026-06-02 11:40:40,570 - INFO - [CANCEL] 주문 취소 요청: 005930, 주문번호: 0000026602
2026-06-02 11:40:43,540 - ERROR - 주문 취소 실패: 모의투자 원주문번호가 존재하지 않습니다.
2026-06-02 11:40:43,541 - ERROR - 주문 취소 실패. 다음 루프에서 재시도합니다.
2026-06-02 11:40:50,553 - INFO - 계좌 예수금: 9934495원
2026-06-02 11:40:52,035 - INFO - 이미 매수 주문(0000026602)이 진행 중입니다. 체결을 기다립니다.
2026-06-02 11:40:52,036 - INFO - 60초 후 다음 확인을 진행합니다. (현재 상태: BUYING)
2026-06-02 11:41:20,710 - INFO - 기존 유효한 토큰을 캐시에서 로드했습니다.
2026-06-02 11:41:20,711 - INFO - 삼성전자 자동매매 프로그램을 시작합니다. (자가 적응형 로직 활성화)
2026-06-02 11:41:20,712 - INFO - 이전 상태 로드 완료: BUYING (목표가: 311500원)
2026-06-02 11:41:21,329 - INFO - [005930] 현재가: 355000, 고가: 370000, 저가: 342000
2026-06-02 11:41:21,329 - WARNING - ⚠️ 주문 고착 감지: 가격 이탈 (현재가:355,000, 목표가:311,500, 차이:43,500). 주문 취소를 시도합니다.
2026-06-02 11:41:21,330 - INFO - [CANCEL] 주문 취소 요청: 005930, 주문번호: 0000026602
2026-06-02 11:41:21,953 - ERROR - POST 요청 실패 (VTTC0013U): 500 Server Error: Internal Server Error for url: https://openapivts.koreainvestment.com:29443/uapi/domestic-stock/v1/trading/order-rvsecncl
2026-06-02 11:41:21,954 - ERROR - 상세 에러: {"rt_cd":"1","msg1":"초당 거래건수를 초과하였습니다.","msg_cd":"EGW00201","message":"EGW00201"}
2026-06-02 11:41:21,959 - ERROR - 주문 취소 실패: 응답 없음
2026-06-02 11:41:21,960 - ERROR - 주문 취소 실패. 다음 루프에서 재시도합니다.
2026-06-02 11:41:26,856 - INFO - 계좌 예수금: 9934495원
2026-06-02 11:41:26,974 - INFO - 이미 매수 주문(0000026602)이 진행 중입니다. 체결을 기다립니다.
2026-06-02 11:41:26,975 - INFO - 60초 후 다음 확인을 진행합니다. (현재 상태: BUYING)
2026-06-02 11:41:38,066 - INFO - [005930] 현재가: 354500, 고가: 370000, 저가: 342000
2026-06-02 11:41:41,615 - INFO - 기존 유효한 토큰을 캐시에서 로드했습니다.
2026-06-02 11:41:41,616 - INFO - 삼성전자 자동매매 프로그램을 시작합니다. (자가 적응형 로직 활성화)
2026-06-02 11:41:41,617 - INFO - 이전 상태 로드 완료: BUYING (목표가: 311500원)
2026-06-02 11:41:41,678 - INFO - 계좌 예수금: 9934495원
2026-06-02 11:41:41,738 - INFO - [005930] 현재가: 354500, 고가: 370000, 저가: 342000
2026-06-02 11:41:41,738 - WARNING - ⚠️ 주문 고착 감지: 가격 이탈 (현재가:354,500, 목표가:311,500, 차이:43,000). 주문 취소를 시도합니다.
2026-06-02 11:41:41,739 - INFO - [CANCEL] 주문 취소 요청: 005930, 주문번호: 0000026602
2026-06-02 11:41:41,800 - ERROR - GET 요청 실패 (FHKST03010200): 500 Server Error: Internal Server Error for url: https://openapivts.koreainvestment.com:29443/uapi/domestic-stock/v1/quotations/inquire-time-itemchartprice?FID_ETC_CLS_CODE=&FID_COND_MRKT_DIV_CODE=J&FID_INPUT_ISCD=005930&FID_PW_DATA_INCU_YN=N&FID_HOUR_CLS_CODE=1
2026-06-02 11:41:41,800 - ERROR - 상세 에러: {"rt_cd":"1","msg1":"초당 거래건수를 초과하였습니다.","msg_cd":"EGW00201","message":"EGW00201"}
2026-06-02 11:41:41,802 - INFO - 이미 매수 주문(0000026602)이 진행 중입니다. 체결을 기다립니다.
2026-06-02 11:41:41,803 - INFO - 60초 후 다음 확인을 진행합니다. (현재 상태: BUYING)
2026-06-02 11:41:42,237 - ERROR - 주문 취소 실패: 모의투자 원주문번호가 존재하지 않습니다.
2026-06-02 11:41:42,238 - INFO - 유령 주문 감지 (모의투자 원주문번호가 존재하지 않습니다.). 로컬 상태를 강제 리셋합니다.
2026-06-02 11:41:42,266 - INFO - 상태 전환 완료: IDLE
2026-06-02 11:41:49,077 - INFO - 계좌 예수금: 9934495원
2026-06-02 11:41:51,023 - INFO - 매수 조건 충족: 현재가(354500) - 오프셋(2750+0) = 351500원 (보수적 하향 보정)
2026-06-02 11:41:51,023 - INFO - [BUY] 주문 요청: 005930, 1주, 351500원
2026-06-02 11:41:51,173 - INFO - 주문 성공! 주문번호: 0000020644
2026-06-02 11:41:51,204 - INFO - 60초 후 다음 확인을 진행합니다. (현재 상태: BUYING)
2026-06-02 11:42:41,929 - INFO - [005930] 현재가: 354500, 고가: 370000, 저가: 342000
2026-06-02 11:42:44,583 - INFO - 계좌 예수금: 9934495원
2026-06-02 11:42:46,222 - INFO - 이미 매수 주문(0000020644)이 진행 중입니다. 체결을 기다립니다.
2026-06-02 11:42:46,222 - INFO - 60초 후 다음 확인을 진행합니다. (현재 상태: BUYING)
2026-06-02 11:42:51,333 - INFO - [005930] 현재가: 354000, 고가: 370000, 저가: 342000
2026-06-02 11:42:51,334 - WARNING - ⚠️ 주문 고착 감지: 가격 이탈 (현재가:354,000, 목표가:351,500, 차이:2,500). 주문 취소를 시도합니다.
2026-06-02 11:42:51,335 - INFO - [CANCEL] 주문 취소 요청: 005930, 주문번호: 0000020644
2026-06-02 11:42:51,818 - ERROR - POST 요청 실패 (VTTC0013U): 500 Server Error: Internal Server Error for url: https://openapivts.koreainvestment.com:29443/uapi/domestic-stock/v1/trading/order-rvsecncl
2026-06-02 11:42:51,819 - ERROR - 상세 에러: {"rt_cd":"1","msg1":"초당 거래건수를 초과하였습니다.","msg_cd":"EGW00201","message":"EGW00201"}
2026-06-02 11:42:51,821 - ERROR - 주문 취소 실패: 응답 없음
2026-06-02 11:42:51,822 - ERROR - 주문 취소 실패. 다음 루프에서 재시도합니다.
2026-06-02 11:42:55,233 - INFO - 계좌 예수금: 9934495원
2026-06-02 11:42:55,847 - INFO - 이미 매수 주문(0000020644)이 진행 중입니다. 체결을 기다립니다.
2026-06-02 11:42:55,848 - INFO - 60초 후 다음 확인을 진행합니다. (현재 상태: BUYING)
2026-06-02 11:43:47,460 - INFO - [005930] 현재가: 355000, 고가: 370000, 저가: 342000
2026-06-02 11:43:50,119 - INFO - 계좌 예수금: 9934495원
2026-06-02 11:43:50,321 - INFO - 이미 매수 주문(0000020644)이 진행 중입니다. 체결을 기다립니다.
2026-06-02 11:43:50,321 - INFO - 60초 후 다음 확인을 진행합니다. (현재 상태: BUYING)
2026-06-02 11:43:55,957 - INFO - [005930] 현재가: 355000, 고가: 370000, 저가: 342000
2026-06-02 11:43:55,958 - WARNING - ⚠️ 주문 고착 감지: 가격 이탈 (현재가:355,000, 목표가:351,500, 차이:3,500). 주문 취소를 시도합니다.
2026-06-02 11:43:55,959 - INFO - [CANCEL] 주문 취소 요청: 005930, 주문번호: 0000020644
2026-06-02 11:43:56,879 - INFO - 주문 취소 성공! (원주문: 0000020644)
2026-06-02 11:43:56,904 - INFO - 상태 전환 완료: IDLE
2026-06-02 11:44:01,895 - INFO - 계좌 예수금: 9934495원
2026-06-02 11:44:02,016 - INFO - 매수 조건 충족: 현재가(355000) - 오프셋(2750+0) = 352000원 (보수적 하향 보정)
2026-06-02 11:44:02,017 - INFO - [BUY] 주문 요청: 005930, 1주, 352000원
2026-06-02 11:44:02,543 - INFO - 주문 성공! 주문번호: 0000020795
2026-06-02 11:44:02,566 - INFO - 60초 후 다음 확인을 진행합니다. (현재 상태: BUYING)
2026-06-02 11:44:50,419 - INFO - [005930] 현재가: 355500, 고가: 370000, 저가: 342000
2026-06-02 11:44:56,480 - INFO - 계좌 예수금: 9934495원
2026-06-02 11:44:56,586 - INFO - 이미 매수 주문(0000020795)이 진행 중입니다. 체결을 기다립니다.
2026-06-02 11:44:56,587 - INFO - 60초 후 다음 확인을 진행합니다. (현재 상태: BUYING)
2026-06-02 11:45:04,262 - INFO - [005930] 현재가: 355500, 고가: 370000, 저가: 342000
2026-06-02 11:45:04,263 - WARNING - ⚠️ 주문 고착 감지: 가격 이탈 (현재가:355,500, 목표가:352,000, 차이:3,500). 주문 취소를 시도합니다.
2026-06-02 11:45:04,263 - INFO - [CANCEL] 주문 취소 요청: 005930, 주문번호: 0000020795
2026-06-02 11:45:06,192 - INFO - 주문 취소 성공! (원주문: 0000020795)
2026-06-02 11:45:06,220 - INFO - 상태 전환 완료: IDLE
2026-06-02 11:45:11,625 - INFO - 계좌 예수금: 9934495원
2026-06-02 11:45:15,014 - INFO - 매수 조건 충족: 현재가(355500) - 오프셋(2750+0) = 352500원 (보수적 하향 보정)
2026-06-02 11:45:15,015 - INFO - [BUY] 주문 요청: 005930, 1주, 352500원
2026-06-02 11:45:18,294 - INFO - 주문 성공! 주문번호: 0000020857
2026-06-02 11:45:18,321 - INFO - 60초 후 다음 확인을 진행합니다. (현재 상태: BUYING)
2026-06-02 11:45:57,719 - INFO - [005930] 현재가: 355500, 고가: 370000, 저가: 342000
2026-06-02 11:46:00,383 - INFO - 계좌 예수금: 9934495원
2026-06-02 11:46:00,519 - INFO - 이미 매수 주문(0000020857)이 진행 중입니다. 체결을 기다립니다.
2026-06-02 11:46:00,520 - INFO - 60초 후 다음 확인을 진행합니다. (현재 상태: BUYING)
2026-06-02 11:46:18,486 - INFO - [005930] 현재가: 356000, 고가: 370000, 저가: 342000
2026-06-02 11:46:18,488 - WARNING - ⚠️ 주문 고착 감지: 가격 이탈 (현재가:356,000, 목표가:352,500, 차이:3,500). 주문 취소를 시도합니다.
2026-06-02 11:46:18,488 - INFO - [CANCEL] 주문 취소 요청: 005930, 주문번호: 0000020857
2026-06-02 11:46:19,840 - INFO - 주문 취소 성공! (원주문: 0000020857)
2026-06-02 11:46:19,867 - INFO - 상태 전환 완료: IDLE
2026-06-02 11:46:25,681 - INFO - 계좌 예수금: 9934495원
2026-06-02 11:46:26,188 - INFO - 매수 조건 충족: 현재가(356000) - 오프셋(2750+0) = 353000원 (보수적 하향 보정)
2026-06-02 11:46:26,189 - INFO - [BUY] 주문 요청: 005930, 1주, 353000원
2026-06-02 11:46:26,593 - ERROR - POST 요청 실패 (VTTC0012U): 500 Server Error: Internal Server Error for url: https://openapivts.koreainvestment.com:29443/uapi/domestic-stock/v1/trading/order-cash
2026-06-02 11:46:26,593 - ERROR - 상세 에러: {"rt_cd":"1","msg1":"초당 거래건수를 초과하였습니다.","msg_cd":"EGW00201","message":"EGW00201"}
2026-06-02 11:46:26,598 - ERROR - 주문 실패: 응답 없음
2026-06-02 11:46:26,599 - INFO - 60초 후 다음 확인을 진행합니다. (현재 상태: IDLE)
2026-06-02 11:47:00,661 - INFO - [005930] 현재가: 355000, 고가: 370000, 저가: 342000
2026-06-02 11:47:05,117 - INFO - 계좌 예수금: 9934495원
2026-06-02 11:47:05,242 - INFO - 매수 조건 충족: 현재가(355000) - 오프셋(2750+0) = 352000원 (보수적 하향 보정)
2026-06-02 11:47:05,243 - INFO - [BUY] 주문 요청: 005930, 1주, 352000원
2026-06-02 11:47:05,752 - ERROR - POST 요청 실패 (VTTC0012U): 500 Server Error: Internal Server Error for url: https://openapivts.koreainvestment.com:29443/uapi/domestic-stock/v1/trading/order-cash
2026-06-02 11:47:05,752 - ERROR - 상세 에러: {"rt_cd":"1","msg1":"초당 거래건수를 초과하였습니다.","msg_cd":"EGW00201","message":"EGW00201"}
2026-06-02 11:47:05,755 - ERROR - 주문 실패: 응답 없음
2026-06-02 11:47:05,756 - INFO - 60초 후 다음 확인을 진행합니다. (현재 상태: IDLE)
2026-06-02 11:47:26,735 - INFO - [005930] 현재가: 355000, 고가: 370000, 저가: 342000
2026-06-02 11:47:31,932 - INFO - 계좌 예수금: 9934495원
2026-06-02 11:47:32,342 - INFO - 매수 조건 충족: 현재가(355000) - 오프셋(2750+0) = 352000원 (보수적 하향 보정)
2026-06-02 11:47:32,343 - INFO - [BUY] 주문 요청: 005930, 1주, 352000원
2026-06-02 11:47:32,587 - INFO - 주문 성공! 주문번호: 0000021025
2026-06-02 11:47:32,619 - INFO - 60초 후 다음 확인을 진행합니다. (현재 상태: BUYING)
2026-06-02 11:48:05,880 - INFO - [005930] 현재가: 355250, 고가: 370000, 저가: 342000
2026-06-02 11:48:09,263 - INFO - 계좌 예수금: 9934495원
2026-06-02 11:48:09,724 - INFO - 이미 매수 주문(0000021025)이 진행 중입니다. 체결을 기다립니다.
2026-06-02 11:48:09,724 - INFO - 60초 후 다음 확인을 진행합니다. (현재 상태: BUYING)
2026-06-02 11:48:34,400 - INFO - [005930] 현재가: 355000, 고가: 370000, 저가: 342000
2026-06-02 11:48:34,401 - WARNING - ⚠️ 주문 고착 감지: 가격 이탈 (현재가:355,000, 목표가:352,000, 차이:3,000). 주문 취소를 시도합니다.
2026-06-02 11:48:34,402 - INFO - [CANCEL] 주문 취소 요청: 005930, 주문번호: 0000021025
2026-06-02 11:48:36,040 - INFO - 주문 취소 성공! (원주문: 0000021025)
2026-06-02 11:48:36,068 - INFO - 상태 전환 완료: IDLE
2026-06-02 11:48:42,079 - INFO - 계좌 예수금: 9934495원
2026-06-02 11:48:42,180 - INFO - 매수 조건 충족: 현재가(355000) - 오프셋(2750+0) = 352000원 (보수적 하향 보정)
2026-06-02 11:48:42,181 - INFO - [BUY] 주문 요청: 005930, 1주, 352000원
2026-06-02 11:48:42,680 - ERROR - POST 요청 실패 (VTTC0012U): 500 Server Error: Internal Server Error for url: https://openapivts.koreainvestment.com:29443/uapi/domestic-stock/v1/trading/order-cash
2026-06-02 11:48:42,681 - ERROR - 상세 에러: {"rt_cd":"1","msg1":"초당 거래건수를 초과하였습니다.","msg_cd":"EGW00201","message":"EGW00201"}
2026-06-02 11:48:42,684 - ERROR - 주문 실패: 응답 없음
2026-06-02 11:48:42,685 - INFO - 60초 후 다음 확인을 진행합니다. (현재 상태: IDLE)
2026-06-02 11:49:12,153 - INFO - [005930] 현재가: 355000, 고가: 370000, 저가: 342000
2026-06-02 11:49:16,299 - INFO - 계좌 예수금: 9934495원
2026-06-02 11:49:18,364 - INFO - 매수 조건 충족: 현재가(355000) - 오프셋(2750+0) = 352000원 (보수적 하향 보정)
2026-06-02 11:49:18,365 - INFO - [BUY] 주문 요청: 005930, 1주, 352000원
2026-06-02 11:49:18,502 - INFO - 주문 성공! 주문번호: 0000021156
2026-06-02 11:49:18,528 - INFO - 60초 후 다음 확인을 진행합니다. (현재 상태: BUYING)
2026-06-02 11:49:42,804 - INFO - [005930] 현재가: 355000, 고가: 370000, 저가: 342000
2026-06-02 11:49:42,805 - WARNING - ⚠️ 주문 고착 감지: 가격 이탈 (현재가:355,000, 목표가:352,000, 차이:3,000). 주문 취소를 시도합니다.
2026-06-02 11:49:42,806 - INFO - [CANCEL] 주문 취소 요청: 005930, 주문번호: 0000021156
2026-06-02 11:49:44,750 - INFO - 주문 취소 성공! (원주문: 0000021156)
2026-06-02 11:49:44,784 - INFO - 상태 전환 완료: IDLE
2026-06-02 11:49:51,243 - INFO - 계좌 예수금: 9934495원
2026-06-02 11:49:51,917 - INFO - 매수 조건 충족: 현재가(355000) - 오프셋(2750+0) = 352000원 (보수적 하향 보정)
2026-06-02 11:49:51,918 - INFO - [BUY] 주문 요청: 005930, 1주, 352000원
2026-06-02 11:49:52,392 - INFO - 주문 성공! 주문번호: 0000021205
2026-06-02 11:49:52,416 - INFO - 60초 후 다음 확인을 진행합니다. (현재 상태: BUYING)
2026-06-02 11:50:18,680 - INFO - [005930] 현재가: 354500, 고가: 370000, 저가: 342000
2026-06-02 11:50:23,357 - INFO - 계좌 예수금: 9934495원
2026-06-02 11:50:27,046 - INFO - 이미 매수 주문(0000021205)이 진행 중입니다. 체결을 기다립니다.
2026-06-02 11:50:27,047 - INFO - 60초 후 다음 확인을 진행합니다. (현재 상태: BUYING)
2026-06-02 11:50:52,557 - INFO - [005930] 현재가: 353500, 고가: 370000, 저가: 342000
2026-06-02 11:50:57,398 - INFO - 계좌 예수금: 9934495원
2026-06-02 11:50:57,762 - INFO - 이미 매수 주문(0000021205)이 진행 중입니다. 체결을 기다립니다.
2026-06-02 11:50:57,764 - INFO - 60초 후 다음 확인을 진행합니다. (현재 상태: BUYING)
2026-06-02 11:51:27,143 - INFO - [005930] 현재가: 353500, 고가: 370000, 저가: 342000
2026-06-02 11:51:32,175 - INFO - 계좌 예수금: 9934495원
2026-06-02 11:51:33,710 - INFO - 이미 매수 주문(0000021205)이 진행 중입니다. 체결을 기다립니다.
2026-06-02 11:51:33,710 - INFO - 60초 후 다음 확인을 진행합니다. (현재 상태: BUYING)
2026-06-02 11:51:57,871 - INFO - [005930] 현재가: 353500, 고가: 370000, 저가: 342000
2026-06-02 11:52:02,689 - INFO - 계좌 예수금: 9934495원
2026-06-02 11:52:02,821 - INFO - 이미 매수 주문(0000021205)이 진행 중입니다. 체결을 기다립니다.
2026-06-02 11:52:02,822 - INFO - 60초 후 다음 확인을 진행합니다. (현재 상태: BUYING)
2026-06-02 11:52:33,846 - INFO - [005930] 현재가: 353000, 고가: 370000, 저가: 342000
2026-06-02 11:52:40,376 - INFO - 계좌 예수금: 9934495원
2026-06-02 11:52:41,606 - INFO - 이미 매수 주문(0000021205)이 진행 중입니다. 체결을 기다립니다.
2026-06-02 11:52:41,611 - INFO - 60초 후 다음 확인을 진행합니다. (현재 상태: BUYING)
2026-06-02 11:53:02,924 - INFO - [005930] 현재가: 352500, 고가: 370000, 저가: 342000
2026-06-02 11:53:09,048 - INFO - 계좌 예수금: 9934495원
2026-06-02 11:53:09,049 - INFO - [005930] 보유: 1주, 매도 가능: 1주, 평단가: 352,000원
2026-06-02 11:53:09,052 - INFO - 미실현 손익: 500원 (0.14%), 최고 수익률: 0.14%
2026-06-02 11:53:09,075 - INFO - 매수 체결 확인 (평단가: 352,000원). 히스토리에 기록합니다.
2026-06-02 11:53:09,099 - INFO - 매도 조건 충족: 평단가(352,000), 현재가(352,500) -> 목표가(355,000원) (보수적 상향 보정)
2026-06-02 11:53:09,100 - INFO - [SELL] 주문 요청: 005930, 1주, 355000원
2026-06-02 11:53:09,969 - INFO - 주문 성공! 주문번호: 0000021472
2026-06-02 11:53:09,999 - INFO - 자가 최적화 기록 완료: C:\Users\witpo\OneDrive\바탕 화면\YONSEI\26-1\ECO4126 인공지능과금융공학\open-trading-api\self_optimization_history
2026-06-02 11:53:10,018 - INFO - 60초 후 다음 확인을 진행합니다. (현재 상태: SELLING)
2026-06-02 11:53:43,559 - INFO - [005930] 현재가: 352000, 고가: 370000, 저가: 342000
2026-06-02 11:53:50,421 - INFO - 계좌 예수금: 9934495원
2026-06-02 11:53:50,422 - INFO - [005930] 보유: 1주, 매도 가능: 0주, 평단가: 352,000원
2026-06-02 11:53:50,427 - INFO - 미실현 손익: 0원 (0.00%), 최고 수익률: 0.14%
2026-06-02 11:53:50,455 - INFO - 보유 수량(1)에 대해 매도 주문(0000021472)이 진행 중입니다.
2026-06-02 11:53:50,456 - INFO - 60초 후 다음 확인을 진행합니다. (현재 상태: SELLING)
2026-06-02 11:54:13,667 - INFO - [005930] 현재가: 352000, 고가: 370000, 저가: 342000
2026-06-02 11:54:13,667 - WARNING - ⚠️ 주문 고착 감지: 가격 이탈 (현재가:352,000, 목표가:355,000, 차이:3,000). 주문 취소를 시도합니다.
2026-06-02 11:54:13,668 - INFO - [CANCEL] 주문 취소 요청: 005930, 주문번호: 0000021472
2026-06-02 11:54:14,001 - INFO - 주문 취소 성공! (원주문: 0000021472)
2026-06-02 11:54:14,024 - INFO - 상태 전환 완료: HOLDING
2026-06-02 11:54:22,065 - INFO - 계좌 예수금: 9934495원
2026-06-02 11:54:22,066 - INFO - [005930] 보유: 1주, 매도 가능: 1주, 평단가: 352,000원
2026-06-02 11:54:22,071 - INFO - 미실현 손익: 0원 (0.00%), 최고 수익률: 0.14%
2026-06-02 11:54:22,076 - INFO - 매도 조건 충족: 평단가(352,000), 현재가(352,000) -> 목표가(354,000원) (보수적 상향 보정)
2026-06-02 11:54:22,076 - INFO - [SELL] 주문 요청: 005930, 1주, 354000원
2026-06-02 11:54:22,463 - INFO - 주문 성공! 주문번호: 0000021573
2026-06-02 11:54:22,487 - INFO - 60초 후 다음 확인을 진행합니다. (현재 상태: SELLING)
2026-06-02 11:54:52,582 - INFO - [005930] 현재가: 352500, 고가: 370000, 저가: 342000
2026-06-02 11:54:59,752 - INFO - 계좌 예수금: 9934495원
2026-06-02 11:54:59,753 - INFO - [005930] 보유: 1주, 매도 가능: 0주, 평단가: 352,000원
2026-06-02 11:54:59,760 - INFO - 미실현 손익: 500원 (0.14%), 최고 수익률: 0.14%
2026-06-02 11:54:59,797 - INFO - 보유 수량(1)에 대해 매도 주문(0000021573)이 진행 중입니다.
2026-06-02 11:54:59,798 - INFO - 60초 후 다음 확인을 진행합니다. (현재 상태: SELLING)
2026-06-02 11:55:22,591 - INFO - [005930] 현재가: 352000, 고가: 370000, 저가: 342000
2026-06-02 11:55:29,946 - INFO - 계좌 예수금: 9934495원
2026-06-02 11:55:29,947 - INFO - [005930] 보유: 1주, 매도 가능: 0주, 평단가: 352,000원
2026-06-02 11:55:29,952 - INFO - 미실현 손익: 0원 (0.00%), 최고 수익률: 0.14%
2026-06-02 11:55:29,957 - INFO - 보유 수량(1)에 대해 매도 주문(0000021573)이 진행 중입니다.
2026-06-02 11:55:29,958 - INFO - 60초 후 다음 확인을 진행합니다. (현재 상태: SELLING)
2026-06-02 11:55:59,920 - INFO - [005930] 현재가: 352000, 고가: 370000, 저가: 342000
2026-06-02 11:56:05,126 - INFO - 계좌 예수금: 9934495원
2026-06-02 11:56:05,127 - INFO - [005930] 보유: 1주, 매도 가능: 0주, 평단가: 352,000원
2026-06-02 11:56:05,133 - INFO - 미실현 손익: 0원 (0.00%), 최고 수익률: 0.14%
2026-06-02 11:56:05,139 - INFO - 보유 수량(1)에 대해 매도 주문(0000021573)이 진행 중입니다.
2026-06-02 11:56:05,140 - INFO - 60초 후 다음 확인을 진행합니다. (현재 상태: SELLING)
2026-06-02 11:56:31,882 - INFO - [005930] 현재가: 351500, 고가: 370000, 저가: 342000
2026-06-02 11:56:31,883 - WARNING - ⚠️ 주문 고착 감지: 가격 이탈 (현재가:351,500, 목표가:354,000, 차이:2,500). 주문 취소를 시도합니다.
2026-06-02 11:56:31,884 - INFO - [CANCEL] 주문 취소 요청: 005930, 주문번호: 0000021573
2026-06-02 11:56:32,729 - INFO - 주문 취소 성공! (원주문: 0000021573)
2026-06-02 11:56:32,763 - INFO - 상태 전환 완료: HOLDING
2026-06-02 11:56:38,735 - INFO - 계좌 예수금: 9934495원
2026-06-02 11:56:38,735 - INFO - [005930] 보유: 1주, 매도 가능: 1주, 평단가: 352,000원
2026-06-02 11:56:38,741 - INFO - 미실현 손익: -500원 (-0.14%), 최고 수익률: 0.14%
2026-06-02 11:56:38,766 - INFO - 매도 조건 충족: 평단가(352,000), 현재가(351,500) -> 목표가(354,000원) (보수적 상향 보정)
2026-06-02 11:56:38,767 - INFO - [SELL] 주문 요청: 005930, 1주, 354000원
2026-06-02 11:56:39,797 - INFO - 주문 성공! 주문번호: 0000021712
2026-06-02 11:56:39,823 - INFO - 60초 후 다음 확인을 진행합니다. (현재 상태: SELLING)
2026-06-02 11:57:05,531 - INFO - [005930] 현재가: 352000, 고가: 370000, 저가: 342000
2026-06-02 11:57:09,574 - INFO - 계좌 예수금: 9934495원
2026-06-02 11:57:09,574 - INFO - [005930] 보유: 1주, 매도 가능: 0주, 평단가: 352,000원
2026-06-02 11:57:09,579 - INFO - 미실현 손익: 0원 (0.00%), 최고 수익률: 0.14%
2026-06-02 11:57:09,604 - INFO - 보유 수량(1)에 대해 매도 주문(0000021712)이 진행 중입니다.
2026-06-02 11:57:09,604 - INFO - 60초 후 다음 확인을 진행합니다. (현재 상태: SELLING)
2026-06-02 11:57:39,973 - INFO - [005930] 현재가: 353000, 고가: 370000, 저가: 342000
2026-06-02 11:57:45,848 - INFO - 계좌 예수금: 9934495원
2026-06-02 11:57:45,849 - INFO - [005930] 보유: 1주, 매도 가능: 0주, 평단가: 352,000원
2026-06-02 11:57:45,853 - INFO - 미실현 손익: 1,000원 (0.28%), 최고 수익률: 0.28%
2026-06-02 11:57:45,875 - INFO - 보유 수량(1)에 대해 매도 주문(0000021712)이 진행 중입니다.
2026-06-02 11:57:45,876 - INFO - 60초 후 다음 확인을 진행합니다. (현재 상태: SELLING)
2026-06-02 11:58:10,800 - INFO - [005930] 현재가: 353250, 고가: 370000, 저가: 342000
2026-06-02 11:58:17,277 - INFO - 계좌 예수금: 9934495원
2026-06-02 11:58:17,278 - INFO - [005930] 보유: 1주, 매도 가능: 0주, 평단가: 352,000원
2026-06-02 11:58:17,284 - INFO - 미실현 손익: 1,250원 (0.36%), 최고 수익률: 0.36%
2026-06-02 11:58:17,309 - INFO - 보유 수량(1)에 대해 매도 주문(0000021712)이 진행 중입니다.
2026-06-02 11:58:17,310 - INFO - 60초 후 다음 확인을 진행합니다. (현재 상태: SELLING)
2026-06-02 11:58:45,996 - INFO - [005930] 현재가: 353250, 고가: 370000, 저가: 342000
2026-06-02 11:58:49,648 - INFO - 계좌 예수금: 9934495원
2026-06-02 11:58:49,649 - INFO - [005930] 보유: 1주, 매도 가능: 0주, 평단가: 352,000원
2026-06-02 11:58:49,656 - INFO - 미실현 손익: 1,250원 (0.36%), 최고 수익률: 0.36%
2026-06-02 11:58:49,661 - INFO - 보유 수량(1)에 대해 매도 주문(0000021712)이 진행 중입니다.
2026-06-02 11:58:49,661 - INFO - 60초 후 다음 확인을 진행합니다. (현재 상태: SELLING)
2026-06-02 11:59:17,480 - INFO - [005930] 현재가: 352000, 고가: 370000, 저가: 342000
2026-06-02 11:59:22,317 - INFO - 계좌 예수금: 9934495원
2026-06-02 11:59:22,469 - INFO - 매도 주문 완료 확인: 상태를 IDLE로 전환합니다.
2026-06-02 11:59:22,501 - INFO - 매수 조건 충족: 현재가(352000) - 오프셋(1500+0) = 350500원 (보수적 하향 보정)
2026-06-02 11:59:22,502 - INFO - [BUY] 주문 요청: 005930, 1주, 350500원
2026-06-02 11:59:22,980 - ERROR - POST 요청 실패 (VTTC0012U): 500 Server Error: Internal Server Error for url: https://openapivts.koreainvestment.com:29443/uapi/domestic-stock/v1/trading/order-cash
2026-06-02 11:59:22,981 - ERROR - 상세 에러: {"rt_cd":"1","msg1":"초당 거래건수를 초과하였습니다.","msg_cd":"EGW00201","message":"EGW00201"}
2026-06-02 11:59:22,984 - ERROR - 주문 실패: 응답 없음
2026-06-02 11:59:22,985 - INFO - 60초 후 다음 확인을 진행합니다. (현재 상태: IDLE)
2026-06-02 11:59:49,773 - INFO - [005930] 현재가: 353000, 고가: 370000, 저가: 342000
2026-06-02 11:59:52,886 - INFO - 계좌 예수금: 9934495원
2026-06-02 11:59:53,786 - INFO - 매수 조건 충족: 현재가(353000) - 오프셋(1500+0) = 351500원 (보수적 하향 보정)
2026-06-02 11:59:53,787 - INFO - [BUY] 주문 요청: 005930, 1주, 351500원
2026-06-02 11:59:54,574 - INFO - 주문 성공! 주문번호: 0000022005
2026-06-02 11:59:54,615 - INFO - 60초 후 다음 확인을 진행합니다. (현재 상태: BUYING)
2026-06-02 12:00:24,372 - INFO - [005930] 현재가: 353000, 고가: 370000, 저가: 342000
2026-06-02 12:00:30,900 - INFO - 계좌 예수금: 9934495원
2026-06-02 12:00:35,646 - INFO - 이미 매수 주문(0000022005)이 진행 중입니다. 체결을 기다립니다.
2026-06-02 12:00:35,647 - INFO - 60초 후 다음 확인을 진행합니다. (현재 상태: BUYING)
2026-06-02 12:00:56,781 - INFO - [005930] 현재가: 353500, 고가: 370000, 저가: 342000
2026-06-02 12:01:03,341 - INFO - 계좌 예수금: 9934495원
2026-06-02 12:01:05,598 - INFO - 이미 매수 주문(0000022005)이 진행 중입니다. 체결을 기다립니다.
2026-06-02 12:01:05,599 - INFO - 60초 후 다음 확인을 진행합니다. (현재 상태: BUYING)
2026-06-02 12:01:38,005 - INFO - [005930] 현재가: 353000, 고가: 370000, 저가: 342000
2026-06-02 12:01:42,714 - INFO - 계좌 예수금: 9934495원
2026-06-02 12:01:44,967 - INFO - 이미 매수 주문(0000022005)이 진행 중입니다. 체결을 기다립니다.
2026-06-02 12:01:44,967 - INFO - 60초 후 다음 확인을 진행합니다. (현재 상태: BUYING)
2026-06-02 12:02:08,519 - INFO - [005930] 현재가: 352500, 고가: 370000, 저가: 342000
2026-06-02 12:02:13,539 - INFO - 계좌 예수금: 9934495원
2026-06-02 12:02:13,668 - INFO - 이미 매수 주문(0000022005)이 진행 중입니다. 체결을 기다립니다.
2026-06-02 12:02:13,669 - INFO - 60초 후 다음 확인을 진행합니다. (현재 상태: BUYING)
2026-06-02 12:02:46,001 - INFO - [005930] 현재가: 352000, 고가: 370000, 저가: 342000
2026-06-02 12:02:50,715 - INFO - 계좌 예수금: 9934495원
2026-06-02 12:02:50,716 - INFO - [005930] 보유: 1주, 매도 가능: 1주, 평단가: 351,500원
2026-06-02 12:02:50,721 - INFO - 미실현 손익: 500원 (0.14%), 최고 수익률: 0.14%
2026-06-02 12:02:50,753 - INFO - 매수 체결 확인 (평단가: 351,500원). 히스토리에 기록합니다.
2026-06-02 12:02:50,784 - INFO - 매도 조건 충족: 평단가(351,500), 현재가(352,000) -> 목표가(354,000원) (보수적 상향 보정)
2026-06-02 12:02:50,785 - INFO - [SELL] 주문 요청: 005930, 1주, 354000원
2026-06-02 12:02:50,936 - INFO - 주문 성공! 주문번호: 0000022238
2026-06-02 12:02:50,965 - INFO - 60초 후 다음 확인을 진행합니다. (현재 상태: SELLING)
2026-06-02 12:03:15,030 - INFO - [005930] 현재가: 352000, 고가: 370000, 저가: 342000
2026-06-02 12:03:21,446 - INFO - 계좌 예수금: 9934495원
2026-06-02 12:03:21,447 - INFO - [005930] 보유: 1주, 매도 가능: 0주, 평단가: 351,500원
2026-06-02 12:03:21,453 - INFO - 미실현 손익: 500원 (0.14%), 최고 수익률: 0.14%
2026-06-02 12:03:21,458 - INFO - 보유 수량(1)에 대해 매도 주문(0000022238)이 진행 중입니다.
2026-06-02 12:03:21,459 - INFO - 60초 후 다음 확인을 진행합니다. (현재 상태: SELLING)
2026-06-02 12:03:51,148 - INFO - [005930] 현재가: 351750, 고가: 370000, 저가: 342000
2026-06-02 12:03:55,186 - INFO - 계좌 예수금: 9934495원
2026-06-02 12:03:55,187 - INFO - [005930] 보유: 1주, 매도 가능: 0주, 평단가: 351,500원
2026-06-02 12:03:55,191 - INFO - 미실현 손익: 250원 (0.07%), 최고 수익률: 0.14%
2026-06-02 12:03:55,221 - INFO - 보유 수량(1)에 대해 매도 주문(0000022238)이 진행 중입니다.
2026-06-02 12:03:55,222 - INFO - 60초 후 다음 확인을 진행합니다. (현재 상태: SELLING)
2026-06-02 12:04:22,062 - INFO - [005930] 현재가: 351750, 고가: 370000, 저가: 342000
2026-06-02 12:04:22,063 - WARNING - ⚠️ 주문 고착 감지: 가격 이탈 (현재가:351,750, 목표가:354,000, 차이:2,250). 주문 취소를 시도합니다.
2026-06-02 12:04:22,064 - INFO - [CANCEL] 주문 취소 요청: 005930, 주문번호: 0000022238
2026-06-02 12:04:22,816 - INFO - 주문 취소 성공! (원주문: 0000022238)
2026-06-02 12:04:22,843 - INFO - 상태 전환 완료: HOLDING
2026-06-02 12:04:29,327 - INFO - 계좌 예수금: 9934495원
2026-06-02 12:04:29,328 - INFO - [005930] 보유: 1주, 매도 가능: 1주, 평단가: 351,500원
2026-06-02 12:04:29,333 - INFO - 미실현 손익: 250원 (0.07%), 최고 수익률: 0.14%
2026-06-02 12:04:29,338 - INFO - 매도 조건 충족: 평단가(351,500), 현재가(351,750) -> 목표가(353,500원) (보수적 상향 보정)
2026-06-02 12:04:29,339 - INFO - [SELL] 주문 요청: 005930, 1주, 353500원
2026-06-02 12:04:30,887 - INFO - 주문 성공! 주문번호: 0000022349
2026-06-02 12:04:30,917 - INFO - 60초 후 다음 확인을 진행합니다. (현재 상태: SELLING)
2026-06-02 12:04:55,348 - INFO - [005930] 현재가: 351500, 고가: 370000, 저가: 342000
2026-06-02 12:04:59,403 - INFO - 계좌 예수금: 9934495원
2026-06-02 12:04:59,404 - INFO - [005930] 보유: 1주, 매도 가능: 0주, 평단가: 351,500원
2026-06-02 12:04:59,409 - INFO - 미실현 손익: 0원 (0.00%), 최고 수익률: 0.14%
2026-06-02 12:04:59,437 - INFO - 보유 수량(1)에 대해 매도 주문(0000022349)이 진행 중입니다.
2026-06-02 12:04:59,438 - INFO - 60초 후 다음 확인을 진행합니다. (현재 상태: SELLING)
2026-06-02 12:05:31,073 - INFO - [005930] 현재가: 351500, 고가: 370000, 저가: 342000
2026-06-02 12:05:36,803 - INFO - 계좌 예수금: 9934495원
2026-06-02 12:05:36,804 - INFO - [005930] 보유: 1주, 매도 가능: 0주, 평단가: 351,500원
2026-06-02 12:05:36,808 - INFO - 미실현 손익: 0원 (0.00%), 최고 수익률: 0.14%
2026-06-02 12:05:36,812 - INFO - 보유 수량(1)에 대해 매도 주문(0000022349)이 진행 중입니다.
2026-06-02 12:05:36,813 - INFO - 60초 후 다음 확인을 진행합니다. (현재 상태: SELLING)
2026-06-02 12:05:59,563 - INFO - [005930] 현재가: 351500, 고가: 370000, 저가: 342000
2026-06-02 12:06:03,475 - INFO - 계좌 예수금: 9934495원
2026-06-02 12:06:03,476 - INFO - [005930] 보유: 1주, 매도 가능: 0주, 평단가: 351,500원
2026-06-02 12:06:03,480 - INFO - 미실현 손익: 0원 (0.00%), 최고 수익률: 0.14%
2026-06-02 12:06:03,484 - INFO - 보유 수량(1)에 대해 매도 주문(0000022349)이 진행 중입니다.
2026-06-02 12:06:03,485 - INFO - 60초 후 다음 확인을 진행합니다. (현재 상태: SELLING)
2026-06-02 12:06:36,963 - INFO - [005930] 현재가: 351750, 고가: 370000, 저가: 342000
2026-06-02 12:06:41,649 - INFO - 계좌 예수금: 9934495원
2026-06-02 12:06:41,650 - INFO - [005930] 보유: 1주, 매도 가능: 0주, 평단가: 351,500원
2026-06-02 12:06:41,654 - INFO - 미실현 손익: 250원 (0.07%), 최고 수익률: 0.14%
2026-06-02 12:06:41,677 - INFO - 보유 수량(1)에 대해 매도 주문(0000022349)이 진행 중입니다.
2026-06-02 12:06:41,677 - INFO - 60초 후 다음 확인을 진행합니다. (현재 상태: SELLING)
2026-06-02 12:07:03,621 - INFO - [005930] 현재가: 352000, 고가: 370000, 저가: 342000
2026-06-02 12:07:08,573 - INFO - 계좌 예수금: 9934495원
2026-06-02 12:07:08,573 - INFO - [005930] 보유: 1주, 매도 가능: 0주, 평단가: 351,500원
2026-06-02 12:07:08,578 - INFO - 미실현 손익: 500원 (0.14%), 최고 수익률: 0.14%
2026-06-02 12:07:08,601 - INFO - 보유 수량(1)에 대해 매도 주문(0000022349)이 진행 중입니다.
2026-06-02 12:07:08,602 - INFO - 60초 후 다음 확인을 진행합니다. (현재 상태: SELLING)
2026-06-02 12:07:42,114 - INFO - [005930] 현재가: 351500, 고가: 370000, 저가: 342000
2026-06-02 12:07:47,102 - INFO - 계좌 예수금: 9934495원
2026-06-02 12:07:47,103 - INFO - [005930] 보유: 1주, 매도 가능: 0주, 평단가: 351,500원
2026-06-02 12:07:47,106 - INFO - 미실현 손익: 0원 (0.00%), 최고 수익률: 0.14%
2026-06-02 12:07:47,109 - INFO - 보유 수량(1)에 대해 매도 주문(0000022349)이 진행 중입니다.
2026-06-02 12:07:47,110 - INFO - 60초 후 다음 확인을 진행합니다. (현재 상태: SELLING)
2026-06-02 12:08:08,729 - INFO - [005930] 현재가: 351500, 고가: 370000, 저가: 342000
2026-06-02 12:08:12,944 - INFO - 계좌 예수금: 9934495원
2026-06-02 12:08:12,945 - INFO - [005930] 보유: 1주, 매도 가능: 0주, 평단가: 351,500원
2026-06-02 12:08:12,950 - INFO - 미실현 손익: 0원 (0.00%), 최고 수익률: 0.14%
2026-06-02 12:08:12,954 - INFO - 보유 수량(1)에 대해 매도 주문(0000022349)이 진행 중입니다.
2026-06-02 12:08:12,955 - INFO - 60초 후 다음 확인을 진행합니다. (현재 상태: SELLING)
2026-06-02 12:08:48,115 - INFO - [005930] 현재가: 351000, 고가: 370000, 저가: 342000
2026-06-02 12:08:48,117 - WARNING - ⚠️ 주문 고착 감지: 가격 이탈 (현재가:351,000, 목표가:353,500, 차이:2,500). 주문 취소를 시도합니다.
2026-06-02 12:08:48,117 - INFO - [CANCEL] 주문 취소 요청: 005930, 주문번호: 0000022349
2026-06-02 12:08:48,824 - INFO - 주문 취소 성공! (원주문: 0000022349)
2026-06-02 12:08:48,849 - INFO - 상태 전환 완료: HOLDING
2026-06-02 12:08:52,800 - INFO - 계좌 예수금: 9934495원
2026-06-02 12:08:52,801 - INFO - [005930] 보유: 1주, 매도 가능: 1주, 평단가: 351,500원
2026-06-02 12:08:52,806 - INFO - 미실현 손익: -500원 (-0.14%), 최고 수익률: 0.14%
2026-06-02 12:08:52,832 - INFO - 매도 조건 충족: 평단가(351,500), 현재가(351,000) -> 목표가(353,500원) (보수적 상향 보정)
2026-06-02 12:08:52,833 - INFO - [SELL] 주문 요청: 005930, 1주, 353500원
2026-06-02 12:08:54,169 - INFO - 주문 성공! 주문번호: 0000022665
2026-06-02 12:08:54,196 - INFO - 60초 후 다음 확인을 진행합니다. (현재 상태: SELLING)
2026-06-02 12:09:13,091 - INFO - [005930] 현재가: 350750, 고가: 370000, 저가: 342000
2026-06-02 12:09:20,828 - INFO - 계좌 예수금: 9934495원
2026-06-02 12:09:20,828 - INFO - [005930] 보유: 1주, 매도 가능: 0주, 평단가: 351,500원
2026-06-02 12:09:20,833 - INFO - 미실현 손익: -750원 (-0.21%), 최고 수익률: 0.14%
2026-06-02 12:09:20,857 - INFO - 보유 수량(1)에 대해 매도 주문(0000022665)이 진행 중입니다.
2026-06-02 12:09:20,858 - INFO - 60초 후 다음 확인을 진행합니다. (현재 상태: SELLING)
2026-06-02 12:09:56,623 - INFO - [005930] 현재가: 350500, 고가: 370000, 저가: 342000
2026-06-02 12:09:56,624 - WARNING - ⚠️ 주문 고착 감지: 가격 이탈 (현재가:350,500, 목표가:353,500, 차이:3,000). 주문 취소를 시도합니다.
2026-06-02 12:09:56,624 - INFO - [CANCEL] 주문 취소 요청: 005930, 주문번호: 0000022665
2026-06-02 12:09:56,773 - INFO - 주문 취소 성공! (원주문: 0000022665)
2026-06-02 12:09:56,805 - INFO - 상태 전환 완료: HOLDING
2026-06-02 12:09:59,663 - INFO - 계좌 예수금: 9934495원
2026-06-02 12:09:59,664 - INFO - [005930] 보유: 1주, 매도 가능: 1주, 평단가: 351,500원
2026-06-02 12:09:59,668 - INFO - 미실현 손익: -1,000원 (-0.28%), 최고 수익률: 0.14%
2026-06-02 12:09:59,690 - INFO - 매도 조건 충족: 평단가(351,500), 현재가(350,500) -> 목표가(353,500원) (보수적 상향 보정)
2026-06-02 12:09:59,690 - INFO - [SELL] 주문 요청: 005930, 1주, 353500원
2026-06-02 12:10:01,925 - INFO - 주문 성공! 주문번호: 0000022763
2026-06-02 12:10:01,953 - INFO - 60초 후 다음 확인을 진행합니다. (현재 상태: SELLING)
2026-06-02 12:10:24,985 - INFO - [005930] 현재가: 350750, 고가: 370000, 저가: 342000
2026-06-02 12:10:34,507 - INFO - 계좌 예수금: 9934495원
2026-06-02 12:10:34,507 - INFO - [005930] 보유: 1주, 매도 가능: 0주, 평단가: 351,500원
2026-06-02 12:10:34,513 - INFO - 미실현 손익: -750원 (-0.21%), 최고 수익률: 0.14%
2026-06-02 12:10:34,546 - INFO - 보유 수량(1)에 대해 매도 주문(0000022763)이 진행 중입니다.
2026-06-02 12:10:34,547 - INFO - 60초 후 다음 확인을 진행합니다. (현재 상태: SELLING)
2026-06-02 12:11:02,075 - INFO - [005930] 현재가: 351000, 고가: 370000, 저가: 342000
2026-06-02 12:11:02,076 - WARNING - ⚠️ 주문 고착 감지: 가격 이탈 (현재가:351,000, 목표가:353,500, 차이:2,500). 주문 취소를 시도합니다.
2026-06-02 12:11:02,077 - INFO - [CANCEL] 주문 취소 요청: 005930, 주문번호: 0000022763
2026-06-02 12:11:04,410 - INFO - 주문 취소 성공! (원주문: 0000022763)
2026-06-02 12:11:04,438 - INFO - 상태 전환 완료: HOLDING
2026-06-02 12:11:10,557 - INFO - 계좌 예수금: 9934495원
2026-06-02 12:11:10,558 - INFO - [005930] 보유: 1주, 매도 가능: 1주, 평단가: 351,500원
2026-06-02 12:11:10,563 - INFO - 미실현 손익: -500원 (-0.14%), 최고 수익률: 0.14%
2026-06-02 12:11:10,584 - INFO - 매도 조건 충족: 평단가(351,500), 현재가(351,000) -> 목표가(353,500원) (보수적 상향 보정)
2026-06-02 12:11:10,585 - INFO - [SELL] 주문 요청: 005930, 1주, 353500원
2026-06-02 12:11:11,255 - INFO - 주문 성공! 주문번호: 0000022858
2026-06-02 12:11:11,279 - INFO - 60초 후 다음 확인을 진행합니다. (현재 상태: SELLING)
2026-06-02 12:11:36,872 - INFO - [005930] 현재가: 351000, 고가: 370000, 저가: 342000
2026-06-02 12:11:39,745 - INFO - 계좌 예수금: 9934495원
2026-06-02 12:11:39,745 - INFO - [005930] 보유: 1주, 매도 가능: 0주, 평단가: 351,500원
2026-06-02 12:11:39,750 - INFO - 미실현 손익: -500원 (-0.14%), 최고 수익률: 0.14%
2026-06-02 12:11:39,756 - INFO - 보유 수량(1)에 대해 매도 주문(0000022858)이 진행 중입니다.
2026-06-02 12:11:39,756 - INFO - 60초 후 다음 확인을 진행합니다. (현재 상태: SELLING)
2026-06-02 12:12:12,112 - INFO - [005930] 현재가: 351000, 고가: 370000, 저가: 342000
2026-06-02 12:12:12,113 - WARNING - ⚠️ 주문 고착 감지: 가격 이탈 (현재가:351,000, 목표가:353,500, 차이:2,500). 주문 취소를 시도합니다.
2026-06-02 12:12:12,114 - INFO - [CANCEL] 주문 취소 요청: 005930, 주문번호: 0000022858
2026-06-02 12:12:14,973 - INFO - 주문 취소 성공! (원주문: 0000022858)
2026-06-02 12:12:15,000 - INFO - 상태 전환 완료: HOLDING
2026-06-02 12:12:22,034 - INFO - 계좌 예수금: 9934495원
2026-06-02 12:12:22,034 - INFO - [005930] 보유: 1주, 매도 가능: 1주, 평단가: 351,500원
2026-06-02 12:12:22,037 - INFO - 미실현 손익: -500원 (-0.14%), 최고 수익률: 0.14%
2026-06-02 12:12:22,041 - INFO - 매도 조건 충족: 평단가(351,500), 현재가(351,000) -> 목표가(353,500원) (보수적 상향 보정)
2026-06-02 12:12:22,041 - INFO - [SELL] 주문 요청: 005930, 1주, 353500원
2026-06-02 12:12:23,085 - INFO - 주문 성공! 주문번호: 0000022925
2026-06-02 12:12:23,108 - INFO - 60초 후 다음 확인을 진행합니다. (현재 상태: SELLING)
2026-06-02 12:12:41,592 - INFO - [005930] 현재가: 350500, 고가: 370000, 저가: 342000
2026-06-02 12:12:47,530 - INFO - 계좌 예수금: 9934495원
2026-06-02 12:12:47,531 - INFO - [005930] 보유: 1주, 매도 가능: 0주, 평단가: 351,500원
2026-06-02 12:12:47,536 - INFO - 미실현 손익: -1,000원 (-0.28%), 최고 수익률: 0.14%
2026-06-02 12:12:47,565 - INFO - 보유 수량(1)에 대해 매도 주문(0000022925)이 진행 중입니다.
2026-06-02 12:12:47,566 - INFO - 60초 후 다음 확인을 진행합니다. (현재 상태: SELLING)
2026-06-02 12:13:24,117 - INFO - [005930] 현재가: 350500, 고가: 370000, 저가: 342000
2026-06-02 12:13:24,117 - WARNING - ⚠️ 주문 고착 감지: 가격 이탈 (현재가:350,500, 목표가:353,500, 차이:3,000). 주문 취소를 시도합니다.
2026-06-02 12:13:24,118 - INFO - [CANCEL] 주문 취소 요청: 005930, 주문번호: 0000022925
2026-06-02 12:13:25,391 - INFO - 주문 취소 성공! (원주문: 0000022925)
2026-06-02 12:13:25,431 - INFO - 상태 전환 완료: HOLDING
2026-06-02 12:13:30,620 - INFO - 계좌 예수금: 9934495원
2026-06-02 12:13:30,621 - INFO - [005930] 보유: 1주, 매도 가능: 1주, 평단가: 351,500원
2026-06-02 12:13:30,624 - INFO - 미실현 손익: -1,000원 (-0.28%), 최고 수익률: 0.14%
2026-06-02 12:13:30,633 - INFO - 자가 최적화 기록 완료: C:\Users\witpo\OneDrive\바탕 화면\YONSEI\26-1\ECO4126 인공지능과금융공학\open-trading-api\self_optimization_history
2026-06-02 12:13:30,634 - INFO - 매도 조건 충족: 평단가(351,500), 현재가(350,500) -> 목표가(353,500원) (보수적 상향 보정)
2026-06-02 12:13:30,634 - INFO - [SELL] 주문 요청: 005930, 1주, 353500원
2026-06-02 12:13:31,462 - INFO - 주문 성공! 주문번호: 0000022993
2026-06-02 12:13:31,497 - INFO - 60초 후 다음 확인을 진행합니다. (현재 상태: SELLING)
2026-06-02 12:13:47,850 - INFO - [005930] 현재가: 350000, 고가: 370000, 저가: 342000
2026-06-02 12:13:52,920 - INFO - 계좌 예수금: 9934495원
2026-06-02 12:13:52,921 - INFO - [005930] 보유: 1주, 매도 가능: 0주, 평단가: 351,500원
2026-06-02 12:13:52,925 - INFO - 미실현 손익: -1,500원 (-0.43%), 최고 수익률: 0.14%
2026-06-02 12:13:52,952 - INFO - 보유 수량(1)에 대해 매도 주문(0000022993)이 진행 중입니다.
2026-06-02 12:13:52,953 - INFO - 60초 후 다음 확인을 진행합니다. (현재 상태: SELLING)
2026-06-02 12:14:32,257 - INFO - [005930] 현재가: 351000, 고가: 370000, 저가: 342000
2026-06-02 12:14:32,258 - WARNING - ⚠️ 주문 고착 감지: 가격 이탈 (현재가:351,000, 목표가:353,500, 차이:2,500). 주문 취소를 시도합니다.
2026-06-02 12:14:32,258 - INFO - [CANCEL] 주문 취소 요청: 005930, 주문번호: 0000022993
2026-06-02 12:14:33,250 - INFO - 주문 취소 성공! (원주문: 0000022993)
2026-06-02 12:14:33,373 - INFO - 상태 전환 완료: HOLDING
2026-06-02 12:14:38,800 - INFO - 계좌 예수금: 9934495원
2026-06-02 12:14:38,802 - INFO - [005930] 보유: 1주, 매도 가능: 1주, 평단가: 351,500원
2026-06-02 12:14:38,809 - INFO - 미실현 손익: -500원 (-0.14%), 최고 수익률: 0.14%
2026-06-02 12:14:38,853 - INFO - 매도 조건 충족: 평단가(351,500), 현재가(351,000) -> 목표가(354,000원) (보수적 상향 보정)
2026-06-02 12:14:38,853 - INFO - [SELL] 주문 요청: 005930, 1주, 354000원
2026-06-02 12:14:39,236 - INFO - 주문 성공! 주문번호: 0000023064
2026-06-02 12:14:39,261 - INFO - 60초 후 다음 확인을 진행합니다. (현재 상태: SELLING)
2026-06-02 12:14:53,079 - INFO - [005930] 현재가: 350500, 고가: 370000, 저가: 342000
2026-06-02 12:14:58,812 - INFO - 계좌 예수금: 9934495원
2026-06-02 12:14:58,812 - INFO - [005930] 보유: 1주, 매도 가능: 0주, 평단가: 351,500원
2026-06-02 12:14:58,817 - INFO - 미실현 손익: -1,000원 (-0.28%), 최고 수익률: 0.14%
2026-06-02 12:14:58,841 - INFO - 보유 수량(1)에 대해 매도 주문(0000023064)이 진행 중입니다.
2026-06-02 12:14:58,841 - INFO - 60초 후 다음 확인을 진행합니다. (현재 상태: SELLING)
2026-06-02 12:15:39,412 - INFO - [005930] 현재가: 350500, 고가: 370000, 저가: 342000
2026-06-02 12:15:39,413 - WARNING - ⚠️ 주문 고착 감지: 가격 이탈 (현재가:350,500, 목표가:354,000, 차이:3,500). 주문 취소를 시도합니다.
2026-06-02 12:15:39,414 - INFO - [CANCEL] 주문 취소 요청: 005930, 주문번호: 0000023064
2026-06-02 12:15:41,858 - INFO - 주문 취소 성공! (원주문: 0000023064)
2026-06-02 12:15:41,884 - INFO - 상태 전환 완료: HOLDING
2026-06-02 12:15:43,978 - INFO - 계좌 예수금: 9934495원
2026-06-02 12:15:43,979 - INFO - [005930] 보유: 1주, 매도 가능: 1주, 평단가: 351,500원
2026-06-02 12:15:43,987 - INFO - 미실현 손익: -1,000원 (-0.28%), 최고 수익률: 0.14%
2026-06-02 12:15:43,992 - INFO - 매도 조건 충족: 평단가(351,500), 현재가(350,500) -> 목표가(354,000원) (보수적 상향 보정)
2026-06-02 12:15:43,993 - INFO - [SELL] 주문 요청: 005930, 1주, 354000원
2026-06-02 12:15:45,779 - INFO - 주문 성공! 주문번호: 0000023146
2026-06-02 12:15:45,804 - INFO - 60초 후 다음 확인을 진행합니다. (현재 상태: SELLING)
2026-06-02 12:15:58,949 - INFO - [005930] 현재가: 350500, 고가: 370000, 저가: 342000
2026-06-02 12:16:05,853 - INFO - 계좌 예수금: 9934495원
2026-06-02 12:16:05,853 - INFO - [005930] 보유: 1주, 매도 가능: 0주, 평단가: 351,500원
2026-06-02 12:16:05,859 - INFO - 미실현 손익: -1,000원 (-0.28%), 최고 수익률: 0.14%
2026-06-02 12:16:05,865 - INFO - 보유 수량(1)에 대해 매도 주문(0000023146)이 진행 중입니다.
2026-06-02 12:16:05,865 - INFO - 60초 후 다음 확인을 진행합니다. (현재 상태: SELLING)
2026-06-02 12:16:45,961 - INFO - [005930] 현재가: 350000, 고가: 370000, 저가: 342000
2026-06-02 12:16:45,962 - WARNING - ⚠️ 주문 고착 감지: 가격 이탈 (현재가:350,000, 목표가:354,000, 차이:4,000). 주문 취소를 시도합니다.
2026-06-02 12:16:45,963 - INFO - [CANCEL] 주문 취소 요청: 005930, 주문번호: 0000023146
2026-06-02 12:16:46,474 - INFO - 주문 취소 성공! (원주문: 0000023146)
2026-06-02 12:16:46,501 - INFO - 상태 전환 완료: HOLDING
2026-06-02 12:16:51,363 - INFO - 계좌 예수금: 9934495원
2026-06-02 12:16:51,364 - INFO - [005930] 보유: 1주, 매도 가능: 1주, 평단가: 351,500원
2026-06-02 12:16:51,370 - INFO - 미실현 손익: -1,500원 (-0.43%), 최고 수익률: 0.14%
2026-06-02 12:16:51,392 - INFO - 매도 조건 충족: 평단가(351,500), 현재가(350,000) -> 목표가(354,000원) (보수적 상향 보정)
2026-06-02 12:16:51,393 - INFO - [SELL] 주문 요청: 005930, 1주, 354000원
2026-06-02 12:16:51,587 - INFO - 주문 성공! 주문번호: 0000023219
2026-06-02 12:16:51,611 - INFO - 60초 후 다음 확인을 진행합니다. (현재 상태: SELLING)
2026-06-02 12:17:07,242 - INFO - [005930] 현재가: 350500, 고가: 370000, 저가: 342000
2026-06-02 12:17:13,224 - INFO - 계좌 예수금: 9934495원
2026-06-02 12:17:13,225 - INFO - [005930] 보유: 1주, 매도 가능: 0주, 평단가: 351,500원
2026-06-02 12:17:13,231 - INFO - 미실현 손익: -1,000원 (-0.28%), 최고 수익률: 0.14%
2026-06-02 12:17:13,257 - INFO - 보유 수량(1)에 대해 매도 주문(0000023219)이 진행 중입니다.
2026-06-02 12:17:13,258 - INFO - 60초 후 다음 확인을 진행합니다. (현재 상태: SELLING)
2026-06-02 12:17:51,722 - INFO - [005930] 현재가: 350750, 고가: 370000, 저가: 342000
2026-06-02 12:17:51,723 - WARNING - ⚠️ 주문 고착 감지: 가격 이탈 (현재가:350,750, 목표가:354,000, 차이:3,250). 주문 취소를 시도합니다.
2026-06-02 12:17:51,725 - INFO - [CANCEL] 주문 취소 요청: 005930, 주문번호: 0000023219
2026-06-02 12:17:52,545 - INFO - 주문 취소 성공! (원주문: 0000023219)
2026-06-02 12:17:52,576 - INFO - 상태 전환 완료: HOLDING
2026-06-02 12:17:57,981 - INFO - 계좌 예수금: 9934495원
2026-06-02 12:17:57,982 - INFO - [005930] 보유: 1주, 매도 가능: 1주, 평단가: 351,500원
2026-06-02 12:17:57,986 - INFO - 미실현 손익: -750원 (-0.21%), 최고 수익률: 0.14%
2026-06-02 12:17:58,009 - INFO - 매도 조건 충족: 평단가(351,500), 현재가(350,750) -> 목표가(354,000원) (보수적 상향 보정)
2026-06-02 12:17:58,010 - INFO - [SELL] 주문 요청: 005930, 1주, 354000원
2026-06-02 12:17:58,505 - INFO - 주문 성공! 주문번호: 0000023302
2026-06-02 12:17:58,529 - INFO - 60초 후 다음 확인을 진행합니다. (현재 상태: SELLING)
2026-06-02 12:18:14,107 - INFO - [005930] 현재가: 350500, 고가: 370000, 저가: 342000
2026-06-02 12:18:19,433 - INFO - 계좌 예수금: 9934495원
2026-06-02 12:18:19,434 - INFO - [005930] 보유: 1주, 매도 가능: 0주, 평단가: 351,500원
2026-06-02 12:18:19,440 - INFO - 미실현 손익: -1,000원 (-0.28%), 최고 수익률: 0.14%
2026-06-02 12:18:19,470 - INFO - 보유 수량(1)에 대해 매도 주문(0000023302)이 진행 중입니다.
2026-06-02 12:18:19,471 - INFO - 60초 후 다음 확인을 진행합니다. (현재 상태: SELLING)
2026-06-02 12:19:00,699 - INFO - [005930] 현재가: 350500, 고가: 370000, 저가: 342000
2026-06-02 12:19:00,700 - WARNING - ⚠️ 주문 고착 감지: 가격 이탈 (현재가:350,500, 목표가:354,000, 차이:3,500). 주문 취소를 시도합니다.
2026-06-02 12:19:00,700 - INFO - [CANCEL] 주문 취소 요청: 005930, 주문번호: 0000023302
2026-06-02 12:19:00,874 - INFO - 주문 취소 성공! (원주문: 0000023302)
2026-06-02 12:19:00,900 - INFO - 상태 전환 완료: HOLDING
2026-06-02 12:19:07,559 - INFO - 계좌 예수금: 9934495원
2026-06-02 12:19:07,561 - INFO - [005930] 보유: 1주, 매도 가능: 1주, 평단가: 351,500원
2026-06-02 12:19:07,566 - INFO - 미실현 손익: -1,000원 (-0.28%), 최고 수익률: 0.14%
2026-06-02 12:19:07,570 - INFO - 매도 조건 충족: 평단가(351,500), 현재가(350,500) -> 목표가(354,000원) (보수적 상향 보정)
2026-06-02 12:19:07,571 - INFO - [SELL] 주문 요청: 005930, 1주, 354000원
2026-06-02 12:19:11,348 - INFO - 주문 성공! 주문번호: 0000023378
2026-06-02 12:19:11,374 - INFO - 60초 후 다음 확인을 진행합니다. (현재 상태: SELLING)
2026-06-02 12:19:19,580 - INFO - [005930] 현재가: 349750, 고가: 370000, 저가: 342000
2026-06-02 12:19:21,814 - INFO - 계좌 예수금: 9934495원
2026-06-02 12:19:21,814 - INFO - [005930] 보유: 1주, 매도 가능: 0주, 평단가: 351,500원
2026-06-02 12:19:21,822 - INFO - 미실현 손익: -1,750원 (-0.50%), 최고 수익률: 0.14%
2026-06-02 12:19:21,853 - INFO - 보유 수량(1)에 대해 매도 주문(0000023378)이 진행 중입니다.
2026-06-02 12:19:21,853 - INFO - 60초 후 다음 확인을 진행합니다. (현재 상태: SELLING)
2026-06-02 12:20:16,889 - INFO - [005930] 현재가: 349500, 고가: 370000, 저가: 342000
2026-06-02 12:20:16,890 - WARNING - ⚠️ 주문 고착 감지: 가격 이탈 (현재가:349,500, 목표가:354,000, 차이:4,500). 주문 취소를 시도합니다.
2026-06-02 12:20:16,891 - INFO - [CANCEL] 주문 취소 요청: 005930, 주문번호: 0000023378
2026-06-02 12:20:17,033 - INFO - 주문 취소 성공! (원주문: 0000023378)
2026-06-02 12:20:17,066 - INFO - 상태 전환 완료: HOLDING
2026-06-02 12:20:26,563 - INFO - [005930] 현재가: 349250, 고가: 370000, 저가: 342000
2026-06-02 12:20:27,032 - INFO - 계좌 예수금: 9934495원
2026-06-02 12:20:27,033 - INFO - [005930] 보유: 1주, 매도 가능: 1주, 평단가: 351,500원
2026-06-02 12:20:27,038 - INFO - 미실현 손익: -2,000원 (-0.57%), 최고 수익률: 0.14%
2026-06-02 12:20:27,074 - INFO - 매도 조건 충족: 평단가(351,500), 현재가(349,500) -> 목표가(354,000원) (보수적 상향 보정)
2026-06-02 12:20:27,075 - INFO - [SELL] 주문 요청: 005930, 1주, 354000원
2026-06-02 12:20:31,828 - INFO - 주문 성공! 주문번호: 0000023497
2026-06-02 12:20:31,858 - INFO - 60초 후 다음 확인을 진행합니다. (현재 상태: SELLING)
2026-06-02 12:20:35,928 - INFO - 계좌 예수금: 9934495원
2026-06-02 12:20:35,930 - INFO - [005930] 보유: 1주, 매도 가능: 0주, 평단가: 351,500원
2026-06-02 12:20:35,939 - INFO - 미실현 손익: -2,250원 (-0.64%), 최고 수익률: 0.14%
2026-06-02 12:20:35,988 - INFO - 보유 수량(1)에 대해 매도 주문(0000023497)이 진행 중입니다.
2026-06-02 12:20:35,989 - INFO - 60초 후 다음 확인을 진행합니다. (현재 상태: SELLING)
2026-06-02 12:21:32,006 - INFO - [005930] 현재가: 349500, 고가: 370000, 저가: 342000
2026-06-02 12:21:32,006 - WARNING - ⚠️ 주문 고착 감지: 가격 이탈 (현재가:349,500, 목표가:354,000, 차이:4,500). 주문 취소를 시도합니다.
2026-06-02 12:21:32,007 - INFO - [CANCEL] 주문 취소 요청: 005930, 주문번호: 0000023497
2026-06-02 12:21:32,544 - INFO - 주문 취소 성공! (원주문: 0000023497)
2026-06-02 12:21:32,570 - INFO - 상태 전환 완료: HOLDING
2026-06-02 12:21:39,325 - INFO - [005930] 현재가: 349250, 고가: 370000, 저가: 342000
2026-06-02 12:21:39,940 - INFO - 계좌 예수금: 9934495원
2026-06-02 12:21:39,941 - INFO - [005930] 보유: 1주, 매도 가능: 1주, 평단가: 351,500원
2026-06-02 12:21:39,946 - INFO - 미실현 손익: -2,000원 (-0.57%), 최고 수익률: 0.14%
2026-06-02 12:21:39,969 - INFO - 매도 조건 충족: 평단가(351,500), 현재가(349,500) -> 목표가(354,000원) (보수적 상향 보정)
2026-06-02 12:21:39,970 - INFO - [SELL] 주문 요청: 005930, 1주, 354000원
2026-06-02 12:21:40,132 - INFO - 주문 성공! 주문번호: 0000023584
2026-06-02 12:21:40,156 - INFO - 60초 후 다음 확인을 진행합니다. (현재 상태: SELLING)
2026-06-02 12:21:46,087 - INFO - 계좌 예수금: 9934495원
2026-06-02 12:21:46,088 - INFO - [005930] 보유: 1주, 매도 가능: 0주, 평단가: 351,500원
2026-06-02 12:21:46,094 - INFO - 미실현 손익: -2,250원 (-0.64%), 최고 수익률: 0.14%
2026-06-02 12:21:46,129 - INFO - 보유 수량(1)에 대해 매도 주문(0000023584)이 진행 중입니다.
2026-06-02 12:21:46,130 - INFO - 60초 후 다음 확인을 진행합니다. (현재 상태: SELLING)
2026-06-02 12:22:40,282 - INFO - [005930] 현재가: 350000, 고가: 370000, 저가: 342000
2026-06-02 12:22:40,283 - WARNING - ⚠️ 주문 고착 감지: 가격 이탈 (현재가:350,000, 목표가:354,000, 차이:4,000). 주문 취소를 시도합니다.
2026-06-02 12:22:40,284 - INFO - [CANCEL] 주문 취소 요청: 005930, 주문번호: 0000023584
2026-06-02 12:22:40,765 - ERROR - POST 요청 실패 (VTTC0013U): 500 Server Error: Internal Server Error for url: https://openapivts.koreainvestment.com:29443/uapi/domestic-stock/v1/trading/order-rvsecncl
2026-06-02 12:22:40,766 - ERROR - 상세 에러: {"rt_cd":"1","msg1":"초당 거래건수를 초과하였습니다.","msg_cd":"EGW00201","message":"EGW00201"}
2026-06-02 12:22:40,769 - ERROR - 주문 취소 실패: 응답 없음
2026-06-02 12:22:40,770 - ERROR - 주문 취소 실패. 다음 루프에서 재시도합니다.
2026-06-02 12:22:42,049 - INFO - 계좌 예수금: 9934495원
2026-06-02 12:22:42,050 - INFO - [005930] 보유: 1주, 매도 가능: 0주, 평단가: 351,500원
2026-06-02 12:22:42,055 - INFO - 미실현 손익: -1,500원 (-0.43%), 최고 수익률: 0.14%
2026-06-02 12:22:42,078 - INFO - 보유 수량(1)에 대해 매도 주문(0000023584)이 진행 중입니다.
2026-06-02 12:22:42,078 - INFO - 60초 후 다음 확인을 진행합니다. (현재 상태: SELLING)
2026-06-02 12:22:47,632 - INFO - [005930] 현재가: 350000, 고가: 370000, 저가: 342000
2026-06-02 12:22:53,571 - INFO - 계좌 예수금: 9934495원
2026-06-02 12:22:53,572 - INFO - [005930] 보유: 1주, 매도 가능: 0주, 평단가: 351,500원
2026-06-02 12:22:53,578 - INFO - 미실현 손익: -1,500원 (-0.43%), 최고 수익률: 0.14%
2026-06-02 12:22:53,582 - INFO - 보유 수량(1)에 대해 매도 주문(0000023584)이 진행 중입니다.
2026-06-02 12:22:53,583 - INFO - 60초 후 다음 확인을 진행합니다. (현재 상태: SELLING)
2026-06-02 12:23:42,192 - INFO - [005930] 현재가: 349500, 고가: 370000, 저가: 342000
2026-06-02 12:23:42,193 - WARNING - ⚠️ 주문 고착 감지: 가격 이탈 (현재가:349,500, 목표가:354,000, 차이:4,500). 주문 취소를 시도합니다.
2026-06-02 12:23:42,194 - INFO - [CANCEL] 주문 취소 요청: 005930, 주문번호: 0000023584
2026-06-02 12:23:43,810 - INFO - 주문 취소 성공! (원주문: 0000023584)
2026-06-02 12:23:43,835 - INFO - 상태 전환 완료: HOLDING
2026-06-02 12:23:49,480 - INFO - 계좌 예수금: 9934495원
2026-06-02 12:23:49,481 - INFO - [005930] 보유: 1주, 매도 가능: 1주, 평단가: 351,500원
2026-06-02 12:23:49,486 - INFO - 미실현 손익: -2,000원 (-0.57%), 최고 수익률: 0.14%
2026-06-02 12:23:49,508 - INFO - 매도 조건 충족: 평단가(351,500), 현재가(349,500) -> 목표가(354,000원) (보수적 상향 보정)
2026-06-02 12:23:49,508 - INFO - [SELL] 주문 요청: 005930, 1주, 354000원
2026-06-02 12:23:49,632 - INFO - 주문 성공! 주문번호: 0000023719
2026-06-02 12:23:49,656 - INFO - 60초 후 다음 확인을 진행합니다. (현재 상태: SELLING)
2026-06-02 12:23:54,219 - INFO - [005930] 현재가: 349250, 고가: 370000, 저가: 342000
2026-06-02 12:23:59,005 - INFO - 계좌 예수금: 9934495원
2026-06-02 12:23:59,006 - INFO - [005930] 보유: 1주, 매도 가능: 0주, 평단가: 351,500원
2026-06-02 12:23:59,013 - INFO - 미실현 손익: -2,250원 (-0.64%), 최고 수익률: 0.14%
2026-06-02 12:23:59,040 - INFO - 보유 수량(1)에 대해 매도 주문(0000023719)이 진행 중입니다.
2026-06-02 12:23:59,041 - INFO - 60초 후 다음 확인을 진행합니다. (현재 상태: SELLING)
2026-06-02 12:24:59,155 - INFO - [005930] 현재가: 349000, 고가: 370000, 저가: 342000
2026-06-02 12:25:04,200 - INFO - 계좌 예수금: 9934495원
2026-06-02 12:25:04,201 - INFO - [005930] 보유: 1주, 매도 가능: 0주, 평단가: 351,500원
2026-06-02 12:25:04,206 - INFO - 미실현 손익: -2,500원 (-0.71%), 최고 수익률: 0.14%
2026-06-02 12:25:04,242 - INFO - 보유 수량(1)에 대해 매도 주문(0000023719)이 진행 중입니다.
2026-06-02 12:25:04,242 - INFO - 60초 후 다음 확인을 진행합니다. (현재 상태: SELLING)
2026-06-02 12:26:07,321 - INFO - [005930] 현재가: 348750, 고가: 370000, 저가: 342000
2026-06-02 12:26:15,819 - INFO - 계좌 예수금: 9934495원
2026-06-02 12:26:15,819 - INFO - [005930] 보유: 1주, 매도 가능: 0주, 평단가: 351,500원
2026-06-02 12:26:15,825 - INFO - 미실현 손익: -2,750원 (-0.78%), 최고 수익률: 0.14%
2026-06-02 12:26:15,852 - INFO - 보유 수량(1)에 대해 매도 주문(0000023719)이 진행 중입니다.
2026-06-02 12:26:15,852 - INFO - 60초 후 다음 확인을 진행합니다. (현재 상태: SELLING)
2026-06-02 12:27:15,980 - INFO - [005930] 현재가: 348000, 고가: 370000, 저가: 342000
2026-06-02 12:27:18,084 - INFO - 계좌 예수금: 9934495원
2026-06-02 12:27:18,085 - INFO - [005930] 보유: 1주, 매도 가능: 0주, 평단가: 351,500원
2026-06-02 12:27:18,093 - INFO - 미실현 손익: -3,500원 (-1.00%), 최고 수익률: 0.14%
2026-06-02 12:27:18,127 - INFO - 보유 수량(1)에 대해 매도 주문(0000023719)이 진행 중입니다.
2026-06-02 12:27:18,128 - INFO - 60초 후 다음 확인을 진행합니다. (현재 상태: SELLING)
2026-06-02 12:28:21,981 - INFO - [005930] 현재가: 347750, 고가: 370000, 저가: 342000
2026-06-02 12:28:30,078 - INFO - 계좌 예수금: 9934495원
2026-06-02 12:28:30,078 - INFO - [005930] 보유: 1주, 매도 가능: 0주, 평단가: 351,500원
2026-06-02 12:28:30,084 - INFO - 미실현 손익: -3,750원 (-1.07%), 최고 수익률: 0.14%
2026-06-02 12:28:30,113 - INFO - 보유 수량(1)에 대해 매도 주문(0000023719)이 진행 중입니다.
2026-06-02 12:28:30,114 - INFO - 60초 후 다음 확인을 진행합니다. (현재 상태: SELLING)
2026-06-02 12:29:33,257 - INFO - [005930] 현재가: 348500, 고가: 370000, 저가: 342000
2026-06-02 12:29:34,999 - INFO - 계좌 예수금: 9934495원
2026-06-02 12:29:34,999 - INFO - [005930] 보유: 1주, 매도 가능: 0주, 평단가: 351,500원
2026-06-02 12:29:35,005 - INFO - 미실현 손익: -3,000원 (-0.85%), 최고 수익률: 0.14%
2026-06-02 12:29:35,032 - INFO - 보유 수량(1)에 대해 매도 주문(0000023719)이 진행 중입니다.
2026-06-02 12:29:35,033 - INFO - 60초 후 다음 확인을 진행합니다. (현재 상태: SELLING)
2026-06-02 12:30:35,172 - INFO - [005930] 현재가: 348500, 고가: 370000, 저가: 342000
2026-06-02 12:30:46,066 - INFO - 계좌 예수금: 9934495원
2026-06-02 12:30:46,066 - INFO - [005930] 보유: 1주, 매도 가능: 0주, 평단가: 351,500원
2026-06-02 12:30:46,071 - INFO - 미실현 손익: -3,000원 (-0.85%), 최고 수익률: 0.14%
2026-06-02 12:30:46,078 - INFO - 보유 수량(1)에 대해 매도 주문(0000023719)이 진행 중입니다.
2026-06-02 12:30:46,078 - INFO - 60초 후 다음 확인을 진행합니다. (현재 상태: SELLING)
2026-06-02 12:31:46,194 - INFO - [005930] 현재가: 347750, 고가: 370000, 저가: 342000
2026-06-02 12:31:50,891 - INFO - 계좌 예수금: 9934495원
2026-06-02 12:31:50,892 - INFO - [005930] 보유: 1주, 매도 가능: 0주, 평단가: 351,500원
2026-06-02 12:31:50,902 - INFO - 미실현 손익: -3,750원 (-1.07%), 최고 수익률: 0.14%
2026-06-02 12:31:50,909 - INFO - 보유 수량(1)에 대해 매도 주문(0000023719)이 진행 중입니다.
2026-06-02 12:31:50,909 - INFO - 60초 후 다음 확인을 진행합니다. (현재 상태: SELLING)
2026-06-02 12:32:51,619 - INFO - [005930] 현재가: 350000, 고가: 370000, 저가: 342000
2026-06-02 12:32:56,226 - INFO - 계좌 예수금: 9934495원
2026-06-02 12:32:56,227 - INFO - [005930] 보유: 1주, 매도 가능: 0주, 평단가: 351,500원
2026-06-02 12:32:56,235 - INFO - 미실현 손익: -1,500원 (-0.43%), 최고 수익률: 0.14%
2026-06-02 12:32:56,267 - INFO - 보유 수량(1)에 대해 매도 주문(0000023719)이 진행 중입니다.
2026-06-02 12:32:56,267 - INFO - 60초 후 다음 확인을 진행합니다. (현재 상태: SELLING)
2026-06-02 12:33:56,747 - INFO - [005930] 현재가: 349000, 고가: 370000, 저가: 342000
2026-06-02 12:34:01,970 - INFO - 계좌 예수금: 9934495원
2026-06-02 12:34:01,971 - INFO - [005930] 보유: 1주, 매도 가능: 0주, 평단가: 351,500원
2026-06-02 12:34:01,976 - INFO - 미실현 손익: -2,500원 (-0.71%), 최고 수익률: 0.14%
2026-06-02 12:34:01,982 - INFO - 보유 수량(1)에 대해 매도 주문(0000023719)이 진행 중입니다.
2026-06-02 12:34:01,983 - INFO - 60초 후 다음 확인을 진행합니다. (현재 상태: SELLING)
2026-06-02 12:35:03,206 - INFO - [005930] 현재가: 348000, 고가: 370000, 저가: 342000
2026-06-02 12:35:12,527 - INFO - 계좌 예수금: 9934495원
2026-06-02 12:35:12,528 - INFO - [005930] 보유: 1주, 매도 가능: 0주, 평단가: 351,500원
2026-06-02 12:35:12,536 - INFO - 미실현 손익: -3,500원 (-1.00%), 최고 수익률: 0.14%
2026-06-02 12:35:12,569 - INFO - 보유 수량(1)에 대해 매도 주문(0000023719)이 진행 중입니다.
2026-06-02 12:35:12,569 - INFO - 60초 후 다음 확인을 진행합니다. (현재 상태: SELLING)
2026-06-02 12:36:17,349 - INFO - [005930] 현재가: 348750, 고가: 370000, 저가: 342000
2026-06-02 12:36:21,279 - INFO - 계좌 예수금: 9934495원
2026-06-02 12:36:21,279 - INFO - [005930] 보유: 1주, 매도 가능: 0주, 평단가: 351,500원
2026-06-02 12:36:21,286 - INFO - 미실현 손익: -2,750원 (-0.78%), 최고 수익률: 0.14%
2026-06-02 12:36:21,291 - INFO - 보유 수량(1)에 대해 매도 주문(0000023719)이 진행 중입니다.
2026-06-02 12:36:21,292 - INFO - 60초 후 다음 확인을 진행합니다. (현재 상태: SELLING)
2026-06-02 12:37:21,498 - INFO - [005930] 현재가: 350000, 고가: 370000, 저가: 342000
2026-06-02 12:37:26,061 - INFO - 계좌 예수금: 9934495원
2026-06-02 12:37:26,061 - INFO - [005930] 보유: 1주, 매도 가능: 0주, 평단가: 351,500원
2026-06-02 12:37:26,065 - INFO - 미실현 손익: -1,500원 (-0.43%), 최고 수익률: 0.14%
2026-06-02 12:37:26,070 - INFO - 보유 수량(1)에 대해 매도 주문(0000023719)이 진행 중입니다.
2026-06-02 12:37:26,071 - INFO - 60초 후 다음 확인을 진행합니다. (현재 상태: SELLING)
2026-06-02 12:38:26,186 - INFO - [005930] 현재가: 350000, 고가: 370000, 저가: 342000
2026-06-02 12:38:32,116 - INFO - 계좌 예수금: 9934495원
2026-06-02 12:38:32,117 - INFO - [005930] 보유: 1주, 매도 가능: 0주, 평단가: 351,500원
2026-06-02 12:38:32,124 - INFO - 미실현 손익: -1,500원 (-0.43%), 최고 수익률: 0.14%
2026-06-02 12:38:32,130 - INFO - 보유 수량(1)에 대해 매도 주문(0000023719)이 진행 중입니다.
2026-06-02 12:38:32,130 - INFO - 60초 후 다음 확인을 진행합니다. (현재 상태: SELLING)
2026-06-02 12:39:32,259 - INFO - [005930] 현재가: 350000, 고가: 370000, 저가: 342000
2026-06-02 12:39:37,046 - INFO - 계좌 예수금: 9934495원
2026-06-02 12:39:37,047 - INFO - [005930] 보유: 1주, 매도 가능: 0주, 평단가: 351,500원
2026-06-02 12:39:37,055 - INFO - 미실현 손익: -1,500원 (-0.43%), 최고 수익률: 0.14%
2026-06-02 12:39:37,063 - INFO - 보유 수량(1)에 대해 매도 주문(0000023719)이 진행 중입니다.
2026-06-02 12:39:37,064 - INFO - 60초 후 다음 확인을 진행합니다. (현재 상태: SELLING)
2026-06-02 12:40:37,219 - INFO - [005930] 현재가: 350000, 고가: 370000, 저가: 342000
2026-06-02 12:40:44,848 - INFO - 계좌 예수금: 9934495원
2026-06-02 12:40:44,848 - INFO - [005930] 보유: 1주, 매도 가능: 0주, 평단가: 351,500원
2026-06-02 12:40:44,855 - INFO - 미실현 손익: -1,500원 (-0.43%), 최고 수익률: 0.14%
2026-06-02 12:40:44,864 - INFO - 보유 수량(1)에 대해 매도 주문(0000023719)이 진행 중입니다.
2026-06-02 12:40:44,865 - INFO - 60초 후 다음 확인을 진행합니다. (현재 상태: SELLING)
2026-06-02 12:41:45,018 - INFO - [005930] 현재가: 349500, 고가: 370000, 저가: 342000
2026-06-02 12:41:50,062 - INFO - 계좌 예수금: 9934495원
2026-06-02 12:41:50,063 - INFO - [005930] 보유: 1주, 매도 가능: 0주, 평단가: 351,500원
2026-06-02 12:41:50,068 - INFO - 미실현 손익: -2,000원 (-0.57%), 최고 수익률: 0.14%
2026-06-02 12:41:50,075 - INFO - 보유 수량(1)에 대해 매도 주문(0000023719)이 진행 중입니다.
2026-06-02 12:41:50,076 - INFO - 60초 후 다음 확인을 진행합니다. (현재 상태: SELLING)
2026-06-02 12:42:50,994 - INFO - [005930] 현재가: 349500, 고가: 370000, 저가: 342000
2026-06-02 12:42:57,420 - INFO - 계좌 예수금: 9934495원
2026-06-02 12:42:57,420 - INFO - [005930] 보유: 1주, 매도 가능: 0주, 평단가: 351,500원
2026-06-02 12:42:57,427 - INFO - 미실현 손익: -2,000원 (-0.57%), 최고 수익률: 0.14%
2026-06-02 12:42:57,436 - INFO - 보유 수량(1)에 대해 매도 주문(0000023719)이 진행 중입니다.
2026-06-02 12:42:57,437 - INFO - 60초 후 다음 확인을 진행합니다. (현재 상태: SELLING)
2026-06-02 12:43:58,889 - INFO - [005930] 현재가: 349500, 고가: 370000, 저가: 342000
2026-06-02 12:43:59,998 - ERROR - GET 요청 실패 (VTTC8434R): 500 Server Error: Internal Server Error for url: https://openapivts.koreainvestment.com:29443/uapi/domestic-stock/v1/trading/inquire-balance?CANO=50174003&ACNT_PRDT_CD=01&AFHR_FLPR_YN=N&OFL_YN=&INQR_DVSN=02&UNPR_DVSN=01&FUND_STTL_ICLD_YN=N&FNCG_AMT_AUTO_RDPT_YN=N&PRCS_DVSN=00&CTX_AREA_FK100=&CTX_AREA_NK100=
2026-06-02 12:43:59,999 - ERROR - 상세 에러: {"rt_cd":"1","msg1":"원장에서 허용 가능한 초당 거래건수를 초과하였습니다.","msg_cd":"EGW00201"}
2026-06-02 12:44:00,003 - ERROR - 잔고 조회 실패
2026-06-02 12:44:00,527 - INFO - 매도 주문 완료 확인: 상태를 IDLE로 전환합니다.
2026-06-02 12:44:00,563 - WARNING - 예수금 부족으로 매수 불가 (예수금: 0원, 필요: 347000원)
2026-06-02 12:44:00,564 - INFO - 60초 후 다음 확인을 진행합니다. (현재 상태: IDLE)
2026-06-02 12:45:00,701 - INFO - [005930] 현재가: 349750, 고가: 370000, 저가: 342000
2026-06-02 12:45:03,813 - INFO - 계좌 예수금: 9934495원
2026-06-02 12:45:03,814 - INFO - [005930] 보유: 1주, 매도 가능: 0주, 평단가: 351,500원
2026-06-02 12:45:03,818 - INFO - 미실현 손익: -1,750원 (-0.50%), 최고 수익률: 0.00%
2026-06-02 12:45:03,897 - INFO - 보유 수량(1)에 대해 매도 주문(0000023719)이 진행 중입니다.
2026-06-02 12:45:03,898 - INFO - 60초 후 다음 확인을 진행합니다. (현재 상태: SELLING)
2026-06-02 12:46:04,019 - INFO - [005930] 현재가: 350500, 고가: 370000, 저가: 342000
2026-06-02 12:46:07,440 - INFO - 계좌 예수금: 9934495원
2026-06-02 12:46:07,440 - INFO - [005930] 보유: 1주, 매도 가능: 0주, 평단가: 351,500원
2026-06-02 12:46:07,445 - INFO - 미실현 손익: -1,000원 (-0.28%), 최고 수익률: 0.00%
2026-06-02 12:46:07,488 - INFO - 보유 수량(1)에 대해 매도 주문(0000023719)이 진행 중입니다.
2026-06-02 12:46:07,488 - INFO - 60초 후 다음 확인을 진행합니다. (현재 상태: SELLING)
2026-06-02 12:47:07,647 - INFO - [005930] 현재가: 350500, 고가: 370000, 저가: 342000
2026-06-02 12:47:12,235 - INFO - 계좌 예수금: 9934495원
2026-06-02 12:47:12,236 - INFO - [005930] 보유: 1주, 매도 가능: 0주, 평단가: 351,500원
2026-06-02 12:47:12,242 - INFO - 미실현 손익: -1,000원 (-0.28%), 최고 수익률: 0.00%
2026-06-02 12:47:12,261 - INFO - 보유 수량(1)에 대해 매도 주문(0000023719)이 진행 중입니다.
2026-06-02 12:47:12,261 - INFO - 60초 후 다음 확인을 진행합니다. (현재 상태: SELLING)
2026-06-02 12:48:12,405 - INFO - [005930] 현재가: 350500, 고가: 370000, 저가: 342000
2026-06-02 12:48:19,374 - INFO - 계좌 예수금: 9934495원
2026-06-02 12:48:19,375 - INFO - [005930] 보유: 1주, 매도 가능: 0주, 평단가: 351,500원
2026-06-02 12:48:19,381 - INFO - 미실현 손익: -1,000원 (-0.28%), 최고 수익률: 0.00%
2026-06-02 12:48:19,388 - INFO - 보유 수량(1)에 대해 매도 주문(0000023719)이 진행 중입니다.
2026-06-02 12:48:19,389 - INFO - 60초 후 다음 확인을 진행합니다. (현재 상태: SELLING)
2026-06-02 12:49:19,532 - INFO - [005930] 현재가: 350500, 고가: 370000, 저가: 342000
2026-06-02 12:49:27,301 - INFO - 계좌 예수금: 9934495원
2026-06-02 12:49:27,302 - INFO - [005930] 보유: 1주, 매도 가능: 0주, 평단가: 351,500원
2026-06-02 12:49:27,308 - INFO - 미실현 손익: -1,000원 (-0.28%), 최고 수익률: 0.00%
2026-06-02 12:49:27,314 - INFO - 보유 수량(1)에 대해 매도 주문(0000023719)이 진행 중입니다.
2026-06-02 12:49:27,315 - INFO - 60초 후 다음 확인을 진행합니다. (현재 상태: SELLING)
2026-06-02 12:50:32,031 - INFO - [005930] 현재가: 350000, 고가: 370000, 저가: 342000
2026-06-02 12:50:34,378 - INFO - 계좌 예수금: 9934495원
2026-06-02 12:50:34,379 - INFO - [005930] 보유: 1주, 매도 가능: 0주, 평단가: 351,500원
2026-06-02 12:50:34,386 - INFO - 미실현 손익: -1,500원 (-0.43%), 최고 수익률: 0.00%
2026-06-02 12:50:34,411 - INFO - 보유 수량(1)에 대해 매도 주문(0000023719)이 진행 중입니다.
2026-06-02 12:50:34,411 - INFO - 60초 후 다음 확인을 진행합니다. (현재 상태: SELLING)
2026-06-02 12:51:34,854 - INFO - [005930] 현재가: 350250, 고가: 370000, 저가: 342000
2026-06-02 12:51:40,283 - INFO - 계좌 예수금: 9934495원
2026-06-02 12:51:40,284 - INFO - [005930] 보유: 1주, 매도 가능: 0주, 평단가: 351,500원
2026-06-02 12:51:40,293 - INFO - 미실현 손익: -1,250원 (-0.36%), 최고 수익률: 0.00%
2026-06-02 12:51:40,321 - INFO - 보유 수량(1)에 대해 매도 주문(0000023719)이 진행 중입니다.
2026-06-02 12:51:40,322 - INFO - 60초 후 다음 확인을 진행합니다. (현재 상태: SELLING)
2026-06-02 12:52:51,401 - ERROR - GET 요청 실패 (FHKST01010100): HTTPSConnectionPool(host='openapivts.koreainvestment.com', port=29443): Max retries exceeded with url: /uapi/domestic-stock/v1/quotations/inquire-price?FID_COND_MRKT_DIV_CODE=J&FID_INPUT_ISCD=005930 (Caused by NameResolutionError("HTTPSConnection(host='openapivts.koreainvestment.com', port=29443): Failed to resolve 'openapivts.koreainvestment.com' ([Errno 11001] getaddrinfo failed)"))
2026-06-02 12:52:51,402 - WARNING - [005930] 현재가를 가져오는데 실패했습니다. 10초 후 재시도합니다.
2026-06-02 12:53:01,646 - ERROR - GET 요청 실패 (FHKST01010100): HTTPSConnectionPool(host='openapivts.koreainvestment.com', port=29443): Max retries exceeded with url: /uapi/domestic-stock/v1/quotations/inquire-price?FID_COND_MRKT_DIV_CODE=J&FID_INPUT_ISCD=005930 (Caused by NameResolutionError("HTTPSConnection(host='openapivts.koreainvestment.com', port=29443): Failed to resolve 'openapivts.koreainvestment.com' ([Errno 11001] getaddrinfo failed)"))
2026-06-02 12:53:01,647 - WARNING - [005930] 현재가를 가져오는데 실패했습니다. 10초 후 재시도합니다.
2026-06-02 12:53:13,230 - INFO - [005930] 현재가: 350250, 고가: 370000, 저가: 342000
2026-06-02 12:53:20,021 - INFO - 계좌 예수금: 9934495원
2026-06-02 12:53:20,022 - INFO - [005930] 보유: 1주, 매도 가능: 0주, 평단가: 351,500원
2026-06-02 12:53:20,028 - INFO - 미실현 손익: -1,250원 (-0.36%), 최고 수익률: 0.00%
2026-06-02 12:53:20,033 - INFO - 보유 수량(1)에 대해 매도 주문(0000023719)이 진행 중입니다.
2026-06-02 12:53:20,034 - INFO - 60초 후 다음 확인을 진행합니다. (현재 상태: SELLING)
2026-06-02 12:54:20,521 - INFO - [005930] 현재가: 349500, 고가: 370000, 저가: 342000
2026-06-02 12:54:26,361 - INFO - 계좌 예수금: 9934495원
2026-06-02 12:54:26,362 - INFO - [005930] 보유: 1주, 매도 가능: 0주, 평단가: 351,500원
2026-06-02 12:54:26,368 - INFO - 미실현 손익: -2,000원 (-0.57%), 최고 수익률: 0.00%
2026-06-02 12:54:26,411 - INFO - 보유 수량(1)에 대해 매도 주문(0000023719)이 진행 중입니다.
2026-06-02 12:54:26,411 - INFO - 60초 후 다음 확인을 진행합니다. (현재 상태: SELLING)
2026-06-02 12:55:26,561 - INFO - [005930] 현재가: 349500, 고가: 370000, 저가: 342000
2026-06-02 12:55:35,124 - INFO - 계좌 예수금: 9934495원
2026-06-02 12:55:35,125 - INFO - [005930] 보유: 1주, 매도 가능: 0주, 평단가: 351,500원
2026-06-02 12:55:35,132 - INFO - 미실현 손익: -2,000원 (-0.57%), 최고 수익률: 0.00%
2026-06-02 12:55:35,140 - INFO - 보유 수량(1)에 대해 매도 주문(0000023719)이 진행 중입니다.
2026-06-02 12:55:35,142 - INFO - 60초 후 다음 확인을 진행합니다. (현재 상태: SELLING)
2026-06-02 12:56:35,312 - INFO - [005930] 현재가: 350000, 고가: 370000, 저가: 342000
2026-06-02 12:56:40,715 - INFO - 계좌 예수금: 9934495원
2026-06-02 12:56:40,716 - INFO - [005930] 보유: 1주, 매도 가능: 0주, 평단가: 351,500원
2026-06-02 12:56:40,722 - INFO - 미실현 손익: -1,500원 (-0.43%), 최고 수익률: 0.00%
2026-06-02 12:56:40,727 - INFO - 보유 수량(1)에 대해 매도 주문(0000023719)이 진행 중입니다.
2026-06-02 12:56:40,728 - INFO - 60초 후 다음 확인을 진행합니다. (현재 상태: SELLING)
2026-06-02 12:57:42,875 - INFO - [005930] 현재가: 349500, 고가: 370000, 저가: 342000
2026-06-02 12:57:47,791 - INFO - 계좌 예수금: 9934495원
2026-06-02 12:57:47,791 - INFO - [005930] 보유: 1주, 매도 가능: 0주, 평단가: 351,500원
2026-06-02 12:57:47,799 - INFO - 미실현 손익: -2,000원 (-0.57%), 최고 수익률: 0.00%
2026-06-02 12:57:47,807 - INFO - 보유 수량(1)에 대해 매도 주문(0000023719)이 진행 중입니다.
2026-06-02 12:57:47,808 - INFO - 60초 후 다음 확인을 진행합니다. (현재 상태: SELLING)
2026-06-02 12:58:48,414 - INFO - [005930] 현재가: 350250, 고가: 370000, 저가: 342000
2026-06-02 12:58:54,352 - INFO - 계좌 예수금: 9934495원
2026-06-02 12:58:54,354 - INFO - [005930] 보유: 1주, 매도 가능: 0주, 평단가: 351,500원
2026-06-02 12:58:54,360 - INFO - 미실현 손익: -1,250원 (-0.36%), 최고 수익률: 0.00%
2026-06-02 12:58:54,366 - INFO - 보유 수량(1)에 대해 매도 주문(0000023719)이 진행 중입니다.
2026-06-02 12:58:54,367 - INFO - 60초 후 다음 확인을 진행합니다. (현재 상태: SELLING)
2026-06-02 12:59:54,511 - INFO - [005930] 현재가: 351000, 고가: 370000, 저가: 342000
2026-06-02 12:59:59,691 - INFO - 계좌 예수금: 9934495원
2026-06-02 12:59:59,692 - INFO - [005930] 보유: 1주, 매도 가능: 0주, 평단가: 351,500원
2026-06-02 12:59:59,700 - INFO - 미실현 손익: -500원 (-0.14%), 최고 수익률: 0.00%
2026-06-02 12:59:59,741 - INFO - 보유 수량(1)에 대해 매도 주문(0000023719)이 진행 중입니다.
2026-06-02 12:59:59,741 - INFO - 60초 후 다음 확인을 진행합니다. (현재 상태: SELLING)
2026-06-02 13:01:02,910 - INFO - [005930] 현재가: 350500, 고가: 370000, 저가: 342000
2026-06-02 13:01:08,937 - INFO - 계좌 예수금: 9934495원
2026-06-02 13:01:08,938 - INFO - [005930] 보유: 1주, 매도 가능: 0주, 평단가: 351,500원
2026-06-02 13:01:08,944 - INFO - 미실현 손익: -1,000원 (-0.28%), 최고 수익률: 0.00%
2026-06-02 13:01:08,949 - INFO - 보유 수량(1)에 대해 매도 주문(0000023719)이 진행 중입니다.
2026-06-02 13:01:08,950 - INFO - 60초 후 다음 확인을 진행합니다. (현재 상태: SELLING)
2026-06-02 13:02:09,739 - INFO - [005930] 현재가: 351500, 고가: 370000, 저가: 342000
2026-06-02 13:02:15,014 - INFO - 계좌 예수금: 9934495원
2026-06-02 13:02:15,015 - INFO - [005930] 보유: 1주, 매도 가능: 0주, 평단가: 351,500원
2026-06-02 13:02:15,019 - INFO - 미실현 손익: 0원 (0.00%), 최고 수익률: 0.00%
2026-06-02 13:02:15,043 - INFO - 보유 수량(1)에 대해 매도 주문(0000023719)이 진행 중입니다.
2026-06-02 13:02:15,044 - INFO - 60초 후 다음 확인을 진행합니다. (현재 상태: SELLING)
2026-06-02 13:03:16,204 - INFO - [005930] 현재가: 352000, 고가: 370000, 저가: 342000
2026-06-02 13:03:21,936 - INFO - 계좌 예수금: 9934495원
2026-06-02 13:03:21,937 - INFO - [005930] 보유: 1주, 매도 가능: 0주, 평단가: 351,500원
2026-06-02 13:03:21,943 - INFO - 미실현 손익: 500원 (0.14%), 최고 수익률: 0.14%
2026-06-02 13:03:21,972 - INFO - 보유 수량(1)에 대해 매도 주문(0000023719)이 진행 중입니다.
2026-06-02 13:03:21,972 - INFO - 60초 후 다음 확인을 진행합니다. (현재 상태: SELLING)
2026-06-02 13:04:22,105 - INFO - [005930] 현재가: 353500, 고가: 370000, 저가: 342000
2026-06-02 13:04:27,973 - INFO - 계좌 예수금: 9934495원
2026-06-02 13:04:28,809 - INFO - 매도 주문 완료 확인: 상태를 IDLE로 전환합니다.
2026-06-02 13:04:28,822 - INFO - 매수 조건 충족: 현재가(353500) - 오프셋(2250+0) = 351000원 (보수적 하향 보정)
2026-06-02 13:04:28,822 - INFO - [BUY] 주문 요청: 005930, 1주, 351000원
2026-06-02 13:04:28,969 - INFO - 주문 성공! 주문번호: 0000026176
2026-06-02 13:04:29,011 - INFO - 60초 후 다음 확인을 진행합니다. (현재 상태: BUYING)
2026-06-02 13:05:29,164 - INFO - [005930] 현재가: 353500, 고가: 370000, 저가: 342000
2026-06-02 13:05:36,804 - INFO - 계좌 예수금: 9934495원
2026-06-02 13:05:39,776 - INFO - 이미 매수 주문(0000026176)이 진행 중입니다. 체결을 기다립니다.
2026-06-02 13:05:39,777 - INFO - 60초 후 다음 확인을 진행합니다. (현재 상태: BUYING)
2026-06-02 13:06:39,921 - INFO - [005930] 현재가: 353250, 고가: 370000, 저가: 342000
2026-06-02 13:06:43,225 - INFO - 계좌 예수금: 9934495원
2026-06-02 13:06:43,378 - INFO - 이미 매수 주문(0000026176)이 진행 중입니다. 체결을 기다립니다.
2026-06-02 13:06:43,378 - INFO - 60초 후 다음 확인을 진행합니다. (현재 상태: BUYING)
2026-06-02 13:07:43,872 - INFO - [005930] 현재가: 353750, 고가: 370000, 저가: 342000
2026-06-02 13:07:49,467 - INFO - 계좌 예수금: 9934495원
2026-06-02 13:07:49,622 - INFO - 이미 매수 주문(0000026176)이 진행 중입니다. 체결을 기다립니다.
2026-06-02 13:07:49,623 - INFO - 60초 후 다음 확인을 진행합니다. (현재 상태: BUYING)
2026-06-02 13:08:49,781 - INFO - [005930] 현재가: 354000, 고가: 370000, 저가: 342000
2026-06-02 13:08:53,488 - INFO - 계좌 예수금: 9934495원
2026-06-02 13:08:53,609 - INFO - 이미 매수 주문(0000026176)이 진행 중입니다. 체결을 기다립니다.
2026-06-02 13:08:53,610 - INFO - 60초 후 다음 확인을 진행합니다. (현재 상태: BUYING)
2026-06-02 13:09:54,460 - INFO - [005930] 현재가: 353500, 고가: 370000, 저가: 342000
2026-06-02 13:09:58,449 - INFO - 계좌 예수금: 9934495원
2026-06-02 13:09:58,856 - INFO - 이미 매수 주문(0000026176)이 진행 중입니다. 체결을 기다립니다.
2026-06-02 13:09:58,857 - INFO - 60초 후 다음 확인을 진행합니다. (현재 상태: BUYING)
2026-06-02 13:10:59,218 - INFO - [005930] 현재가: 352000, 고가: 370000, 저가: 342000
2026-06-02 13:11:05,419 - INFO - 계좌 예수금: 9934495원
2026-06-02 13:11:09,420 - INFO - 이미 매수 주문(0000026176)이 진행 중입니다. 체결을 기다립니다.
2026-06-02 13:11:09,421 - INFO - 60초 후 다음 확인을 진행합니다. (현재 상태: BUYING)
2026-06-02 13:12:09,563 - INFO - [005930] 현재가: 353500, 고가: 370000, 저가: 342000
2026-06-02 13:12:18,335 - INFO - 계좌 예수금: 9934495원
2026-06-02 13:12:20,115 - INFO - 이미 매수 주문(0000026176)이 진행 중입니다. 체결을 기다립니다.
2026-06-02 13:12:20,116 - INFO - 60초 후 다음 확인을 진행합니다. (현재 상태: BUYING)
2026-06-02 13:13:22,236 - INFO - [005930] 현재가: 352000, 고가: 370000, 저가: 342000
2026-06-02 13:13:25,741 - INFO - 계좌 예수금: 9934495원
2026-06-02 13:13:27,253 - INFO - 이미 매수 주문(0000026176)이 진행 중입니다. 체결을 기다립니다.
2026-06-02 13:13:27,254 - INFO - 60초 후 다음 확인을 진행합니다. (현재 상태: BUYING)
2026-06-02 13:14:27,977 - INFO - [005930] 현재가: 352000, 고가: 370000, 저가: 342000
2026-06-02 13:14:34,219 - INFO - 계좌 예수금: 9934495원
2026-06-02 13:14:35,062 - INFO - 이미 매수 주문(0000026176)이 진행 중입니다. 체결을 기다립니다.
2026-06-02 13:14:35,062 - INFO - 60초 후 다음 확인을 진행합니다. (현재 상태: BUYING)
2026-06-02 13:15:35,570 - INFO - [005930] 현재가: 351250, 고가: 370000, 저가: 342000
2026-06-02 13:15:42,017 - INFO - 계좌 예수금: 9934495원
2026-06-02 13:15:42,018 - INFO - [005930] 보유: 1주, 매도 가능: 1주, 평단가: 351,000원
2026-06-02 13:15:42,027 - INFO - 미실현 손익: 250원 (0.07%), 최고 수익률: 0.07%
2026-06-02 13:15:42,076 - INFO - 매수 체결 확인 (평단가: 351,000원). 히스토리에 기록합니다.
2026-06-02 13:15:42,110 - INFO - 매도 조건 충족: 평단가(351,000), 현재가(351,250) -> 목표가(353,500원) (보수적 상향 보정)
2026-06-02 13:15:42,110 - INFO - [SELL] 주문 요청: 005930, 1주, 353500원
2026-06-02 13:15:42,590 - INFO - 주문 성공! 주문번호: 0000027003
2026-06-02 13:15:42,641 - INFO - 자가 최적화 기록 완료: C:\Users\witpo\OneDrive\바탕 화면\YONSEI\26-1\ECO4126 인공지능과금융공학\open-trading-api\self_optimization_history
2026-06-02 13:15:42,672 - INFO - 60초 후 다음 확인을 진행합니다. (현재 상태: SELLING)
2026-06-02 13:16:43,872 - INFO - [005930] 현재가: 351500, 고가: 370000, 저가: 342000
2026-06-02 13:16:46,379 - INFO - 계좌 예수금: 9934495원
2026-06-02 13:16:46,379 - INFO - [005930] 보유: 1주, 매도 가능: 0주, 평단가: 351,000원
2026-06-02 13:16:46,386 - INFO - 미실현 손익: 500원 (0.14%), 최고 수익률: 0.14%
2026-06-02 13:16:46,425 - INFO - 보유 수량(1)에 대해 매도 주문(0000027003)이 진행 중입니다.
2026-06-02 13:16:46,426 - INFO - 60초 후 다음 확인을 진행합니다. (현재 상태: SELLING)
2026-06-02 13:17:46,545 - INFO - [005930] 현재가: 350750, 고가: 370000, 저가: 342000
2026-06-02 13:17:49,721 - INFO - 계좌 예수금: 9934495원
2026-06-02 13:17:49,722 - INFO - [005930] 보유: 1주, 매도 가능: 0주, 평단가: 351,000원
2026-06-02 13:17:49,728 - INFO - 미실현 손익: -250원 (-0.07%), 최고 수익률: 0.14%
2026-06-02 13:17:49,754 - INFO - 보유 수량(1)에 대해 매도 주문(0000027003)이 진행 중입니다.
2026-06-02 13:17:49,755 - INFO - 60초 후 다음 확인을 진행합니다. (현재 상태: SELLING)
2026-06-02 13:18:51,572 - INFO - [005930] 현재가: 351000, 고가: 370000, 저가: 342000
2026-06-02 13:18:52,772 - INFO - 계좌 예수금: 9934495원
2026-06-02 13:18:52,773 - INFO - [005930] 보유: 1주, 매도 가능: 0주, 평단가: 351,000원
2026-06-02 13:18:52,777 - INFO - 미실현 손익: 0원 (0.00%), 최고 수익률: 0.14%
2026-06-02 13:18:52,801 - INFO - 보유 수량(1)에 대해 매도 주문(0000027003)이 진행 중입니다.
2026-06-02 13:18:52,801 - INFO - 60초 후 다음 확인을 진행합니다. (현재 상태: SELLING)
2026-06-02 13:19:53,046 - INFO - [005930] 현재가: 351000, 고가: 370000, 저가: 342000
2026-06-02 13:19:56,699 - INFO - 계좌 예수금: 9934495원
2026-06-02 13:19:56,700 - INFO - [005930] 보유: 1주, 매도 가능: 0주, 평단가: 351,000원
2026-06-02 13:19:56,705 - INFO - 미실현 손익: 0원 (0.00%), 최고 수익률: 0.14%
2026-06-02 13:19:56,712 - INFO - 보유 수량(1)에 대해 매도 주문(0000027003)이 진행 중입니다.
2026-06-02 13:19:56,712 - INFO - 60초 후 다음 확인을 진행합니다. (현재 상태: SELLING)
2026-06-02 13:20:57,926 - INFO - [005930] 현재가: 351000, 고가: 370000, 저가: 342000
2026-06-02 13:21:03,056 - INFO - 계좌 예수금: 9934495원
2026-06-02 13:21:03,057 - INFO - [005930] 보유: 1주, 매도 가능: 0주, 평단가: 351,000원
2026-06-02 13:21:03,062 - INFO - 미실현 손익: 0원 (0.00%), 최고 수익률: 0.14%
2026-06-02 13:21:03,068 - INFO - 보유 수량(1)에 대해 매도 주문(0000027003)이 진행 중입니다.
2026-06-02 13:21:03,068 - INFO - 60초 후 다음 확인을 진행합니다. (현재 상태: SELLING)
2026-06-02 13:22:03,215 - INFO - [005930] 현재가: 351500, 고가: 370000, 저가: 342000
2026-06-02 13:22:11,156 - INFO - 계좌 예수금: 9934495원
2026-06-02 13:22:11,157 - INFO - [005930] 보유: 1주, 매도 가능: 0주, 평단가: 351,000원
2026-06-02 13:22:11,165 - INFO - 미실현 손익: 500원 (0.14%), 최고 수익률: 0.14%
2026-06-02 13:22:11,170 - INFO - 보유 수량(1)에 대해 매도 주문(0000027003)이 진행 중입니다.
2026-06-02 13:22:11,171 - INFO - 60초 후 다음 확인을 진행합니다. (현재 상태: SELLING)
2026-06-02 13:23:14,073 - INFO - [005930] 현재가: 352000, 고가: 370000, 저가: 342000
2026-06-02 13:23:22,843 - INFO - 계좌 예수금: 9934495원
2026-06-02 13:23:22,844 - INFO - [005930] 보유: 1주, 매도 가능: 0주, 평단가: 351,000원
2026-06-02 13:23:22,851 - INFO - 미실현 손익: 1,000원 (0.28%), 최고 수익률: 0.28%
2026-06-02 13:23:22,877 - INFO - 보유 수량(1)에 대해 매도 주문(0000027003)이 진행 중입니다.
2026-06-02 13:23:22,878 - INFO - 60초 후 다음 확인을 진행합니다. (현재 상태: SELLING)
2026-06-02 13:24:23,001 - INFO - [005930] 현재가: 350250, 고가: 370000, 저가: 342000
2026-06-02 13:24:25,407 - INFO - 계좌 예수금: 9934495원
2026-06-02 13:24:25,408 - INFO - [005930] 보유: 1주, 매도 가능: 0주, 평단가: 351,000원
2026-06-02 13:24:25,415 - INFO - 미실현 손익: -750원 (-0.21%), 최고 수익률: 0.28%
2026-06-02 13:24:25,444 - INFO - 보유 수량(1)에 대해 매도 주문(0000027003)이 진행 중입니다.
2026-06-02 13:24:25,445 - INFO - 60초 후 다음 확인을 진행합니다. (현재 상태: SELLING)
2026-06-02 13:25:29,535 - INFO - [005930] 현재가: 350500, 고가: 370000, 저가: 342000
2026-06-02 13:25:32,089 - INFO - 계좌 예수금: 9934495원
2026-06-02 13:25:32,090 - INFO - [005930] 보유: 1주, 매도 가능: 0주, 평단가: 351,000원
2026-06-02 13:25:32,096 - INFO - 미실현 손익: -500원 (-0.14%), 최고 수익률: 0.28%
2026-06-02 13:25:32,123 - INFO - 보유 수량(1)에 대해 매도 주문(0000027003)이 진행 중입니다.
2026-06-02 13:25:32,124 - INFO - 60초 후 다음 확인을 진행합니다. (현재 상태: SELLING)
2026-06-02 13:26:34,950 - INFO - [005930] 현재가: 350000, 고가: 370000, 저가: 342000
2026-06-02 13:26:41,945 - INFO - 계좌 예수금: 9934495원
2026-06-02 13:26:41,946 - INFO - [005930] 보유: 1주, 매도 가능: 0주, 평단가: 351,000원
2026-06-02 13:26:41,953 - INFO - 미실현 손익: -1,000원 (-0.28%), 최고 수익률: 0.28%
2026-06-02 13:26:41,981 - INFO - 보유 수량(1)에 대해 매도 주문(0000027003)이 진행 중입니다.
2026-06-02 13:26:41,981 - INFO - 60초 후 다음 확인을 진행합니다. (현재 상태: SELLING)
2026-06-02 13:27:42,435 - INFO - [005930] 현재가: 349750, 고가: 370000, 저가: 342000
2026-06-02 13:27:47,335 - INFO - 계좌 예수금: 9934495원
2026-06-02 13:27:47,337 - INFO - [005930] 보유: 1주, 매도 가능: 0주, 평단가: 351,000원
2026-06-02 13:27:47,344 - INFO - 미실현 손익: -1,250원 (-0.36%), 최고 수익률: 0.28%
2026-06-02 13:27:47,376 - INFO - 보유 수량(1)에 대해 매도 주문(0000027003)이 진행 중입니다.
2026-06-02 13:27:47,376 - INFO - 60초 후 다음 확인을 진행합니다. (현재 상태: SELLING)
2026-06-02 13:28:47,483 - INFO - [005930] 현재가: 351500, 고가: 370000, 저가: 342000
2026-06-02 13:28:51,765 - INFO - 계좌 예수금: 9934495원
2026-06-02 13:28:51,766 - INFO - [005930] 보유: 1주, 매도 가능: 0주, 평단가: 351,000원
2026-06-02 13:28:51,774 - INFO - 미실현 손익: 500원 (0.14%), 최고 수익률: 0.28%
2026-06-02 13:28:51,804 - INFO - 보유 수량(1)에 대해 매도 주문(0000027003)이 진행 중입니다.
2026-06-02 13:28:51,805 - INFO - 60초 후 다음 확인을 진행합니다. (현재 상태: SELLING)
2026-06-02 13:29:51,940 - INFO - [005930] 현재가: 351000, 고가: 370000, 저가: 342000
2026-06-02 13:29:54,845 - INFO - 계좌 예수금: 9934495원
2026-06-02 13:29:54,845 - INFO - [005930] 보유: 1주, 매도 가능: 0주, 평단가: 351,000원
2026-06-02 13:29:54,852 - INFO - 미실현 손익: 0원 (0.00%), 최고 수익률: 0.28%
2026-06-02 13:29:54,884 - INFO - 보유 수량(1)에 대해 매도 주문(0000027003)이 진행 중입니다.
2026-06-02 13:29:54,890 - INFO - 60초 후 다음 확인을 진행합니다. (현재 상태: SELLING)
2026-06-02 13:30:58,028 - INFO - [005930] 현재가: 352500, 고가: 370000, 저가: 342000
2026-06-02 13:31:02,453 - INFO - 계좌 예수금: 9934495원
2026-06-02 13:31:02,454 - INFO - [005930] 보유: 1주, 매도 가능: 0주, 평단가: 351,000원
2026-06-02 13:31:02,460 - INFO - 미실현 손익: 1,500원 (0.43%), 최고 수익률: 0.43%
2026-06-02 13:31:02,490 - INFO - 보유 수량(1)에 대해 매도 주문(0000027003)이 진행 중입니다.
2026-06-02 13:31:02,490 - INFO - 60초 후 다음 확인을 진행합니다. (현재 상태: SELLING)
2026-06-02 13:32:03,466 - INFO - [005930] 현재가: 353000, 고가: 370000, 저가: 342000
2026-06-02 13:32:08,380 - INFO - 계좌 예수금: 9934495원
2026-06-02 13:32:08,381 - INFO - [005930] 보유: 1주, 매도 가능: 0주, 평단가: 351,000원
2026-06-02 13:32:08,387 - INFO - 미실현 손익: 2,000원 (0.57%), 최고 수익률: 0.57%
2026-06-02 13:32:08,415 - INFO - 보유 수량(1)에 대해 매도 주문(0000027003)이 진행 중입니다.
2026-06-02 13:32:08,415 - INFO - 60초 후 다음 확인을 진행합니다. (현재 상태: SELLING)
2026-06-02 13:33:08,877 - INFO - [005930] 현재가: 352500, 고가: 370000, 저가: 342000
2026-06-02 13:33:13,715 - INFO - 계좌 예수금: 9934495원
2026-06-02 13:33:13,715 - INFO - [005930] 보유: 1주, 매도 가능: 0주, 평단가: 351,000원
2026-06-02 13:33:13,726 - INFO - 미실현 손익: 1,500원 (0.43%), 최고 수익률: 0.57%
2026-06-02 13:33:13,775 - INFO - 보유 수량(1)에 대해 매도 주문(0000027003)이 진행 중입니다.
2026-06-02 13:33:13,776 - INFO - 60초 후 다음 확인을 진행합니다. (현재 상태: SELLING)
2026-06-02 13:34:17,002 - INFO - [005930] 현재가: 352500, 고가: 370000, 저가: 342000
2026-06-02 13:34:20,281 - INFO - 계좌 예수금: 9934495원
2026-06-02 13:34:20,282 - INFO - [005930] 보유: 1주, 매도 가능: 0주, 평단가: 351,000원
2026-06-02 13:34:20,294 - INFO - 미실현 손익: 1,500원 (0.43%), 최고 수익률: 0.57%
2026-06-02 13:34:20,303 - INFO - 보유 수량(1)에 대해 매도 주문(0000027003)이 진행 중입니다.
2026-06-02 13:34:20,303 - INFO - 60초 후 다음 확인을 진행합니다. (현재 상태: SELLING)
2026-06-02 13:35:23,414 - INFO - [005930] 현재가: 352000, 고가: 370000, 저가: 342000
2026-06-02 13:35:27,690 - INFO - 계좌 예수금: 9934495원
2026-06-02 13:35:27,690 - INFO - [005930] 보유: 1주, 매도 가능: 0주, 평단가: 351,000원
2026-06-02 13:35:27,695 - INFO - 미실현 손익: 1,000원 (0.28%), 최고 수익률: 0.57%
2026-06-02 13:35:27,720 - INFO - 보유 수량(1)에 대해 매도 주문(0000027003)이 진행 중입니다.
2026-06-02 13:35:27,721 - INFO - 60초 후 다음 확인을 진행합니다. (현재 상태: SELLING)
2026-06-02 13:36:27,855 - INFO - [005930] 현재가: 352000, 고가: 370000, 저가: 342000
2026-06-02 13:36:31,869 - INFO - 계좌 예수금: 9934495원
2026-06-02 13:36:31,870 - INFO - [005930] 보유: 1주, 매도 가능: 0주, 평단가: 351,000원
2026-06-02 13:36:31,877 - INFO - 미실현 손익: 1,000원 (0.28%), 최고 수익률: 0.57%
2026-06-02 13:36:31,896 - INFO - 자가 최적화 기록 완료: C:\Users\witpo\OneDrive\바탕 화면\YONSEI\26-1\ECO4126 인공지능과금융공학\open-trading-api\self_optimization_history
2026-06-02 13:36:31,897 - INFO - 보유 수량(1)에 대해 매도 주문(0000027003)이 진행 중입니다.
2026-06-02 13:36:31,897 - INFO - 60초 후 다음 확인을 진행합니다. (현재 상태: SELLING)
2026-06-02 13:37:32,020 - INFO - [005930] 현재가: 351750, 고가: 370000, 저가: 342000
2026-06-02 13:37:35,593 - INFO - 계좌 예수금: 9934495원
2026-06-02 13:37:35,594 - INFO - [005930] 보유: 1주, 매도 가능: 0주, 평단가: 351,000원
2026-06-02 13:37:35,600 - INFO - 미실현 손익: 750원 (0.21%), 최고 수익률: 0.57%
2026-06-02 13:37:35,640 - INFO - 보유 수량(1)에 대해 매도 주문(0000027003)이 진행 중입니다.
2026-06-02 13:37:35,641 - INFO - 60초 후 다음 확인을 진행합니다. (현재 상태: SELLING)
2026-06-02 13:38:35,754 - INFO - [005930] 현재가: 351250, 고가: 370000, 저가: 342000
2026-06-02 13:38:41,923 - INFO - 계좌 예수금: 9934495원
2026-06-02 13:38:41,924 - INFO - [005930] 보유: 1주, 매도 가능: 0주, 평단가: 351,000원
2026-06-02 13:38:41,929 - INFO - 미실현 손익: 250원 (0.07%), 최고 수익률: 0.57%
2026-06-02 13:38:41,962 - INFO - 보유 수량(1)에 대해 매도 주문(0000027003)이 진행 중입니다.
2026-06-02 13:38:41,963 - INFO - 60초 후 다음 확인을 진행합니다. (현재 상태: SELLING)
2026-06-02 13:39:42,106 - INFO - [005930] 현재가: 352000, 고가: 370000, 저가: 342000
2026-06-02 13:39:45,721 - INFO - 계좌 예수금: 9934495원
2026-06-02 13:39:45,721 - INFO - [005930] 보유: 1주, 매도 가능: 0주, 평단가: 351,000원
2026-06-02 13:39:45,726 - INFO - 미실현 손익: 1,000원 (0.28%), 최고 수익률: 0.57%
2026-06-02 13:39:45,732 - INFO - 보유 수량(1)에 대해 매도 주문(0000027003)이 진행 중입니다.
2026-06-02 13:39:45,733 - INFO - 60초 후 다음 확인을 진행합니다. (현재 상태: SELLING)
2026-06-02 13:40:45,855 - INFO - [005930] 현재가: 352000, 고가: 370000, 저가: 342000
2026-06-02 13:40:50,134 - INFO - 계좌 예수금: 9934495원
2026-06-02 13:40:50,135 - INFO - [005930] 보유: 1주, 매도 가능: 0주, 평단가: 351,000원
2026-06-02 13:40:50,140 - INFO - 미실현 손익: 1,000원 (0.28%), 최고 수익률: 0.57%
2026-06-02 13:40:50,145 - INFO - 보유 수량(1)에 대해 매도 주문(0000027003)이 진행 중입니다.
2026-06-02 13:40:50,146 - INFO - 60초 후 다음 확인을 진행합니다. (현재 상태: SELLING)
2026-06-02 13:41:51,270 - INFO - [005930] 현재가: 351750, 고가: 370000, 저가: 342000
2026-06-02 13:41:55,262 - INFO - 계좌 예수금: 9934495원
2026-06-02 13:41:55,262 - INFO - [005930] 보유: 1주, 매도 가능: 0주, 평단가: 351,000원
2026-06-02 13:41:55,269 - INFO - 미실현 손익: 750원 (0.21%), 최고 수익률: 0.57%
2026-06-02 13:41:55,276 - INFO - 보유 수량(1)에 대해 매도 주문(0000027003)이 진행 중입니다.
2026-06-02 13:41:55,277 - INFO - 60초 후 다음 확인을 진행합니다. (현재 상태: SELLING)
2026-06-02 13:42:55,401 - INFO - [005930] 현재가: 351250, 고가: 370000, 저가: 342000
2026-06-02 13:43:00,494 - INFO - 계좌 예수금: 9934495원
2026-06-02 13:43:00,495 - INFO - [005930] 보유: 1주, 매도 가능: 0주, 평단가: 351,000원
2026-06-02 13:43:00,500 - INFO - 미실현 손익: 250원 (0.07%), 최고 수익률: 0.57%
2026-06-02 13:43:00,505 - INFO - 보유 수량(1)에 대해 매도 주문(0000027003)이 진행 중입니다.
2026-06-02 13:43:00,506 - INFO - 60초 후 다음 확인을 진행합니다. (현재 상태: SELLING)
2026-06-02 13:44:00,653 - INFO - [005930] 현재가: 351500, 고가: 370000, 저가: 342000
2026-06-02 13:44:05,936 - INFO - 계좌 예수금: 9934495원
2026-06-02 13:44:05,936 - INFO - [005930] 보유: 1주, 매도 가능: 0주, 평단가: 351,000원
2026-06-02 13:44:05,943 - INFO - 미실현 손익: 500원 (0.14%), 최고 수익률: 0.57%
2026-06-02 13:44:05,971 - INFO - 보유 수량(1)에 대해 매도 주문(0000027003)이 진행 중입니다.
2026-06-02 13:44:05,971 - INFO - 60초 후 다음 확인을 진행합니다. (현재 상태: SELLING)
2026-06-02 13:45:07,066 - INFO - [005930] 현재가: 350500, 고가: 370000, 저가: 342000
2026-06-02 13:45:15,463 - INFO - 계좌 예수금: 9934495원
2026-06-02 13:45:15,464 - INFO - [005930] 보유: 1주, 매도 가능: 0주, 평단가: 351,000원
2026-06-02 13:45:15,469 - INFO - 미실현 손익: -500원 (-0.14%), 최고 수익률: 0.57%
2026-06-02 13:45:15,492 - INFO - 보유 수량(1)에 대해 매도 주문(0000027003)이 진행 중입니다.
2026-06-02 13:45:15,492 - INFO - 60초 후 다음 확인을 진행합니다. (현재 상태: SELLING)
2026-06-02 13:46:15,888 - INFO - [005930] 현재가: 351500, 고가: 370000, 저가: 342000
2026-06-02 13:46:23,869 - INFO - 계좌 예수금: 9934495원
2026-06-02 13:46:23,869 - INFO - [005930] 보유: 1주, 매도 가능: 0주, 평단가: 351,000원
2026-06-02 13:46:23,873 - INFO - 미실현 손익: 500원 (0.14%), 최고 수익률: 0.57%
2026-06-02 13:46:23,878 - INFO - 보유 수량(1)에 대해 매도 주문(0000027003)이 진행 중입니다.
2026-06-02 13:46:23,878 - INFO - 60초 후 다음 확인을 진행합니다. (현재 상태: SELLING)
2026-06-02 13:47:24,114 - INFO - [005930] 현재가: 352000, 고가: 370000, 저가: 342000
2026-06-02 13:47:28,915 - INFO - 계좌 예수금: 9934495원
2026-06-02 13:47:28,915 - INFO - [005930] 보유: 1주, 매도 가능: 0주, 평단가: 351,000원
2026-06-02 13:47:28,923 - INFO - 미실현 손익: 1,000원 (0.28%), 최고 수익률: 0.57%
2026-06-02 13:47:28,929 - INFO - 보유 수량(1)에 대해 매도 주문(0000027003)이 진행 중입니다.
2026-06-02 13:47:28,929 - INFO - 60초 후 다음 확인을 진행합니다. (현재 상태: SELLING)
2026-06-02 13:48:29,828 - INFO - [005930] 현재가: 352500, 고가: 370000, 저가: 342000
2026-06-02 13:48:34,524 - INFO - 계좌 예수금: 9934495원
2026-06-02 13:48:34,524 - INFO - [005930] 보유: 1주, 매도 가능: 0주, 평단가: 351,000원
2026-06-02 13:48:34,531 - INFO - 미실현 손익: 1,500원 (0.43%), 최고 수익률: 0.57%
2026-06-02 13:48:34,562 - INFO - 보유 수량(1)에 대해 매도 주문(0000027003)이 진행 중입니다.
2026-06-02 13:48:34,562 - INFO - 60초 후 다음 확인을 진행합니다. (현재 상태: SELLING)
2026-06-02 13:49:34,680 - INFO - [005930] 현재가: 352750, 고가: 370000, 저가: 342000
2026-06-02 13:49:39,258 - INFO - 계좌 예수금: 9934495원
2026-06-02 13:49:39,460 - INFO - 매도 주문 완료 확인: 상태를 IDLE로 전환합니다.
2026-06-02 13:49:39,489 - INFO - 매수 조건 충족: 현재가(352750) - 오프셋(2250+0) = 350500원 (보수적 하향 보정)
2026-06-02 13:49:39,489 - INFO - [BUY] 주문 요청: 005930, 1주, 350500원
2026-06-02 13:49:39,946 - ERROR - POST 요청 실패 (VTTC0012U): 500 Server Error: Internal Server Error for url: https://openapivts.koreainvestment.com:29443/uapi/domestic-stock/v1/trading/order-cash
2026-06-02 13:49:39,947 - ERROR - 상세 에러: {"rt_cd":"1","msg1":"초당 거래건수를 초과하였습니다.","msg_cd":"EGW00201","message":"EGW00201"}
2026-06-02 13:49:39,950 - ERROR - 주문 실패: 응답 없음
2026-06-02 13:49:39,951 - INFO - 60초 후 다음 확인을 진행합니다. (현재 상태: IDLE)
2026-06-02 13:50:41,265 - INFO - [005930] 현재가: 353250, 고가: 370000, 저가: 342000
2026-06-02 13:50:47,871 - INFO - 계좌 예수금: 9934495원
2026-06-02 13:50:49,904 - INFO - 매수 조건 충족: 현재가(353250) - 오프셋(2250+0) = 351000원 (보수적 하향 보정)
2026-06-02 13:50:49,904 - INFO - [BUY] 주문 요청: 005930, 1주, 351000원
2026-06-02 13:50:51,556 - INFO - 주문 성공! 주문번호: 0000029519
2026-06-02 13:50:51,593 - INFO - 60초 후 다음 확인을 진행합니다. (현재 상태: BUYING)
2026-06-02 13:51:52,898 - INFO - [005930] 현재가: 353500, 고가: 370000, 저가: 342000
2026-06-02 13:51:58,426 - INFO - 계좌 예수금: 9934495원
2026-06-02 13:51:59,452 - INFO - 이미 매수 주문(0000029519)이 진행 중입니다. 체결을 기다립니다.
2026-06-02 13:51:59,453 - INFO - 60초 후 다음 확인을 진행합니다. (현재 상태: BUYING)
2026-06-02 13:52:59,568 - INFO - [005930] 현재가: 353500, 고가: 370000, 저가: 342000
2026-06-02 13:53:05,196 - INFO - 계좌 예수금: 9934495원
2026-06-02 13:53:05,310 - INFO - 이미 매수 주문(0000029519)이 진행 중입니다. 체결을 기다립니다.
2026-06-02 13:53:05,311 - INFO - 60초 후 다음 확인을 진행합니다. (현재 상태: BUYING)
2026-06-02 13:54:07,656 - INFO - [005930] 현재가: 353500, 고가: 370000, 저가: 342000
2026-06-02 13:54:13,397 - INFO - 계좌 예수금: 9934495원
2026-06-02 13:54:13,796 - INFO - 이미 매수 주문(0000029519)이 진행 중입니다. 체결을 기다립니다.
2026-06-02 13:54:13,796 - INFO - 60초 후 다음 확인을 진행합니다. (현재 상태: BUYING)
2026-06-02 13:55:14,124 - INFO - [005930] 현재가: 352500, 고가: 370000, 저가: 342000
2026-06-02 13:55:23,751 - INFO - 계좌 예수금: 9934495원
2026-06-02 13:55:23,867 - INFO - 이미 매수 주문(0000029519)이 진행 중입니다. 체결을 기다립니다.
2026-06-02 13:55:23,868 - INFO - 60초 후 다음 확인을 진행합니다. (현재 상태: BUYING)
2026-06-02 13:56:23,985 - INFO - [005930] 현재가: 354000, 고가: 370000, 저가: 342000
2026-06-02 13:56:32,349 - INFO - 계좌 예수금: 9934495원
2026-06-02 13:56:35,955 - INFO - 이미 매수 주문(0000029519)이 진행 중입니다. 체결을 기다립니다.
2026-06-02 13:56:35,956 - INFO - 60초 후 다음 확인을 진행합니다. (현재 상태: BUYING)
2026-06-02 13:57:38,893 - INFO - [005930] 현재가: 354500, 고가: 370000, 저가: 342000
2026-06-02 13:57:41,329 - INFO - 계좌 예수금: 9934495원
2026-06-02 13:57:43,147 - INFO - 이미 매수 주문(0000029519)이 진행 중입니다. 체결을 기다립니다.
2026-06-02 13:57:43,148 - INFO - 60초 후 다음 확인을 진행합니다. (현재 상태: BUYING)
2026-06-02 13:58:45,740 - INFO - [005930] 현재가: 354750, 고가: 370000, 저가: 342000
2026-06-02 13:58:52,930 - INFO - 계좌 예수금: 9934495원
2026-06-02 13:58:54,780 - INFO - 이미 매수 주문(0000029519)이 진행 중입니다. 체결을 기다립니다.
2026-06-02 13:58:54,781 - INFO - 60초 후 다음 확인을 진행합니다. (현재 상태: BUYING)
2026-06-02 13:59:56,044 - INFO - [005930] 현재가: 356500, 고가: 370000, 저가: 342000
2026-06-02 13:59:57,211 - INFO - 계좌 예수금: 9934495원
2026-06-02 13:59:57,644 - INFO - 이미 매수 주문(0000029519)이 진행 중입니다. 체결을 기다립니다.
2026-06-02 13:59:57,645 - INFO - 60초 후 다음 확인을 진행합니다. (현재 상태: BUYING)
2026-06-02 14:00:59,639 - INFO - [005930] 현재가: 355500, 고가: 370000, 저가: 342000
2026-06-02 14:01:06,707 - INFO - 계좌 예수금: 9934495원
2026-06-02 14:01:08,456 - INFO - 이미 매수 주문(0000029519)이 진행 중입니다. 체결을 기다립니다.
2026-06-02 14:01:08,457 - INFO - 60초 후 다음 확인을 진행합니다. (현재 상태: BUYING)
2026-06-02 14:02:08,570 - INFO - [005930] 현재가: 355500, 고가: 370000, 저가: 342000
2026-06-02 14:02:16,749 - INFO - 계좌 예수금: 9934495원
2026-06-02 14:02:19,104 - INFO - 이미 매수 주문(0000029519)이 진행 중입니다. 체결을 기다립니다.
2026-06-02 14:02:19,105 - INFO - 60초 후 다음 확인을 진행합니다. (현재 상태: BUYING)
2026-06-02 14:03:21,059 - INFO - [005930] 현재가: 355250, 고가: 370000, 저가: 342000
2026-06-02 14:03:28,124 - INFO - 계좌 예수금: 9934495원
2026-06-02 14:03:28,321 - INFO - 이미 매수 주문(0000029519)이 진행 중입니다. 체결을 기다립니다.
2026-06-02 14:03:28,322 - INFO - 60초 후 다음 확인을 진행합니다. (현재 상태: BUYING)
2026-06-02 14:04:29,435 - INFO - [005930] 현재가: 356000, 고가: 370000, 저가: 342000
2026-06-02 14:04:36,441 - INFO - 계좌 예수금: 9934495원
2026-06-02 14:04:36,839 - INFO - 이미 매수 주문(0000029519)이 진행 중입니다. 체결을 기다립니다.
2026-06-02 14:04:36,840 - INFO - 60초 후 다음 확인을 진행합니다. (현재 상태: BUYING)
2026-06-02 14:05:37,941 - INFO - [005930] 현재가: 356000, 고가: 370000, 저가: 342000
2026-06-02 14:05:43,573 - INFO - 계좌 예수금: 9934495원
2026-06-02 14:05:44,905 - INFO - 이미 매수 주문(0000029519)이 진행 중입니다. 체결을 기다립니다.
2026-06-02 14:05:44,905 - INFO - 60초 후 다음 확인을 진행합니다. (현재 상태: BUYING)
2026-06-02 14:06:45,080 - INFO - [005930] 현재가: 355000, 고가: 370000, 저가: 342000
2026-06-02 14:06:52,082 - INFO - 계좌 예수금: 9934495원
2026-06-02 14:06:52,221 - INFO - 이미 매수 주문(0000029519)이 진행 중입니다. 체결을 기다립니다.
2026-06-02 14:06:52,221 - INFO - 60초 후 다음 확인을 진행합니다. (현재 상태: BUYING)
2026-06-02 14:07:52,348 - INFO - [005930] 현재가: 355500, 고가: 370000, 저가: 342000
2026-06-02 14:07:58,134 - INFO - 계좌 예수금: 9934495원
2026-06-02 14:07:59,363 - INFO - 이미 매수 주문(0000029519)이 진행 중입니다. 체결을 기다립니다.
2026-06-02 14:07:59,364 - INFO - 60초 후 다음 확인을 진행합니다. (현재 상태: BUYING)
2026-06-02 14:08:59,500 - INFO - [005930] 현재가: 356000, 고가: 370000, 저가: 342000
2026-06-02 14:09:07,258 - INFO - 계좌 예수금: 9934495원
2026-06-02 14:09:11,458 - INFO - 이미 매수 주문(0000029519)이 진행 중입니다. 체결을 기다립니다.
2026-06-02 14:09:11,459 - INFO - 60초 후 다음 확인을 진행합니다. (현재 상태: BUYING)
2026-06-02 14:10:13,202 - INFO - [005930] 현재가: 355500, 고가: 370000, 저가: 342000
2026-06-02 14:10:21,810 - INFO - 계좌 예수금: 9934495원
2026-06-02 14:10:22,155 - INFO - 이미 매수 주문(0000029519)이 진행 중입니다. 체결을 기다립니다.
2026-06-02 14:10:22,155 - INFO - 60초 후 다음 확인을 진행합니다. (현재 상태: BUYING)
2026-06-02 14:11:22,322 - INFO - [005930] 현재가: 355500, 고가: 370000, 저가: 342000
2026-06-02 14:11:25,392 - INFO - 계좌 예수금: 9934495원
2026-06-02 14:11:25,502 - INFO - 이미 매수 주문(0000029519)이 진행 중입니다. 체결을 기다립니다.
2026-06-02 14:11:25,503 - INFO - 60초 후 다음 확인을 진행합니다. (현재 상태: BUYING)
2026-06-02 14:12:28,892 - INFO - [005930] 현재가: 356000, 고가: 370000, 저가: 342000
2026-06-02 14:12:32,988 - INFO - 계좌 예수금: 9934495원
2026-06-02 14:12:35,422 - INFO - 이미 매수 주문(0000029519)이 진행 중입니다. 체결을 기다립니다.
2026-06-02 14:12:35,422 - INFO - 60초 후 다음 확인을 진행합니다. (현재 상태: BUYING)
2026-06-02 14:13:35,562 - INFO - [005930] 현재가: 356000, 고가: 370000, 저가: 342000
2026-06-02 14:13:40,166 - INFO - 계좌 예수금: 9934495원
2026-06-02 14:13:40,321 - INFO - 이미 매수 주문(0000029519)이 진행 중입니다. 체결을 기다립니다.
2026-06-02 14:13:40,322 - INFO - 60초 후 다음 확인을 진행합니다. (현재 상태: BUYING)
2026-06-02 14:14:40,994 - INFO - [005930] 현재가: 355500, 고가: 370000, 저가: 342000
2026-06-02 14:14:46,028 - INFO - 계좌 예수금: 9934495원
2026-06-02 14:14:46,357 - INFO - 이미 매수 주문(0000029519)이 진행 중입니다. 체결을 기다립니다.
2026-06-02 14:14:46,357 - INFO - 60초 후 다음 확인을 진행합니다. (현재 상태: BUYING)
2026-06-02 14:15:47,251 - INFO - [005930] 현재가: 355750, 고가: 370000, 저가: 342000
2026-06-02 14:15:53,094 - INFO - 계좌 예수금: 9934495원
2026-06-02 14:15:54,936 - INFO - 이미 매수 주문(0000029519)이 진행 중입니다. 체결을 기다립니다.
2026-06-02 14:15:54,937 - INFO - 60초 후 다음 확인을 진행합니다. (현재 상태: BUYING)
2026-06-02 14:16:55,065 - INFO - [005930] 현재가: 356500, 고가: 370000, 저가: 342000
2026-06-02 14:16:58,934 - INFO - 계좌 예수금: 9934495원
2026-06-02 14:16:59,039 - INFO - 이미 매수 주문(0000029519)이 진행 중입니다. 체결을 기다립니다.
2026-06-02 14:16:59,039 - INFO - 60초 후 다음 확인을 진행합니다. (현재 상태: BUYING)
2026-06-02 14:18:01,404 - INFO - [005930] 현재가: 356250, 고가: 370000, 저가: 342000
2026-06-02 14:18:08,057 - INFO - 계좌 예수금: 9934495원
2026-06-02 14:18:08,197 - INFO - 이미 매수 주문(0000029519)이 진행 중입니다. 체결을 기다립니다.
2026-06-02 14:18:08,198 - INFO - 60초 후 다음 확인을 진행합니다. (현재 상태: BUYING)
2026-06-02 14:19:11,142 - INFO - [005930] 현재가: 356250, 고가: 370000, 저가: 342000
2026-06-02 14:19:13,794 - INFO - 계좌 예수금: 9934495원
2026-06-02 14:19:17,183 - INFO - 이미 매수 주문(0000029519)이 진행 중입니다. 체결을 기다립니다.
2026-06-02 14:19:17,184 - INFO - 60초 후 다음 확인을 진행합니다. (현재 상태: BUYING)
2026-06-02 14:20:21,493 - INFO - [005930] 현재가: 356000, 고가: 370000, 저가: 342000
2026-06-02 14:20:30,200 - INFO - 계좌 예수금: 9934495원
2026-06-02 14:20:30,342 - INFO - 이미 매수 주문(0000029519)이 진행 중입니다. 체결을 기다립니다.
2026-06-02 14:20:30,343 - INFO - 60초 후 다음 확인을 진행합니다. (현재 상태: BUYING)
2026-06-02 14:21:30,468 - INFO - [005930] 현재가: 356500, 고가: 370000, 저가: 342000
2026-06-02 14:21:37,992 - INFO - 계좌 예수금: 9934495원
2026-06-02 14:21:40,512 - INFO - 이미 매수 주문(0000029519)이 진행 중입니다. 체결을 기다립니다.
2026-06-02 14:21:40,512 - INFO - 60초 후 다음 확인을 진행합니다. (현재 상태: BUYING)
2026-06-02 14:22:41,225 - INFO - [005930] 현재가: 356500, 고가: 370000, 저가: 342000
2026-06-02 14:22:45,610 - INFO - 계좌 예수금: 9934495원
2026-06-02 14:22:45,783 - INFO - 이미 매수 주문(0000029519)이 진행 중입니다. 체결을 기다립니다.
2026-06-02 14:22:45,783 - INFO - 60초 후 다음 확인을 진행합니다. (현재 상태: BUYING)
2026-06-02 14:23:47,338 - INFO - [005930] 현재가: 356500, 고가: 370000, 저가: 342000
2026-06-02 14:23:52,529 - INFO - 계좌 예수금: 9934495원
2026-06-02 14:23:55,323 - INFO - 이미 매수 주문(0000029519)이 진행 중입니다. 체결을 기다립니다.
2026-06-02 14:23:55,324 - INFO - 60초 후 다음 확인을 진행합니다. (현재 상태: BUYING)
2026-06-02 14:24:55,724 - INFO - [005930] 현재가: 356500, 고가: 370000, 저가: 342000
2026-06-02 14:25:02,849 - INFO - 계좌 예수금: 9934495원
2026-06-02 14:25:04,390 - INFO - 이미 매수 주문(0000029519)이 진행 중입니다. 체결을 기다립니다.
2026-06-02 14:25:04,391 - INFO - 60초 후 다음 확인을 진행합니다. (현재 상태: BUYING)
2026-06-02 14:26:05,913 - INFO - [005930] 현재가: 356000, 고가: 370000, 저가: 342000
2026-06-02 14:26:12,370 - INFO - 계좌 예수금: 9934495원
2026-06-02 14:26:16,659 - INFO - 이미 매수 주문(0000029519)이 진행 중입니다. 체결을 기다립니다.
2026-06-02 14:26:16,660 - INFO - 60초 후 다음 확인을 진행합니다. (현재 상태: BUYING)
2026-06-02 14:27:17,197 - INFO - [005930] 현재가: 356000, 고가: 370000, 저가: 342000
2026-06-02 14:27:22,777 - INFO - 계좌 예수금: 9934495원
2026-06-02 14:27:22,903 - INFO - 이미 매수 주문(0000029519)이 진행 중입니다. 체결을 기다립니다.
2026-06-02 14:27:22,904 - INFO - 60초 후 다음 확인을 진행합니다. (현재 상태: BUYING)
2026-06-02 14:28:23,869 - INFO - [005930] 현재가: 356000, 고가: 370000, 저가: 342000
2026-06-02 14:28:27,077 - INFO - 계좌 예수금: 9934495원
2026-06-02 14:28:28,738 - INFO - 이미 매수 주문(0000029519)이 진행 중입니다. 체결을 기다립니다.
2026-06-02 14:28:28,739 - INFO - 60초 후 다음 확인을 진행합니다. (현재 상태: BUYING)
2026-06-02 14:29:29,154 - INFO - [005930] 현재가: 356500, 고가: 370000, 저가: 342000
2026-06-02 14:29:33,866 - INFO - 계좌 예수금: 9934495원
2026-06-02 14:29:34,583 - INFO - 이미 매수 주문(0000029519)이 진행 중입니다. 체결을 기다립니다.
2026-06-02 14:29:34,584 - INFO - 60초 후 다음 확인을 진행합니다. (현재 상태: BUYING)
2026-06-02 14:30:36,247 - INFO - [005930] 현재가: 357000, 고가: 370000, 저가: 342000
2026-06-02 14:30:45,143 - INFO - 계좌 예수금: 9934495원
2026-06-02 14:30:48,107 - INFO - 이미 매수 주문(0000029519)이 진행 중입니다. 체결을 기다립니다.
2026-06-02 14:30:48,107 - INFO - 60초 후 다음 확인을 진행합니다. (현재 상태: BUYING)
2026-06-02 14:31:51,141 - INFO - [005930] 현재가: 358000, 고가: 370000, 저가: 342000
2026-06-02 14:31:53,067 - INFO - 계좌 예수금: 9934495원
2026-06-02 14:31:53,322 - INFO - 이미 매수 주문(0000029519)이 진행 중입니다. 체결을 기다립니다.
2026-06-02 14:31:53,322 - INFO - 60초 후 다음 확인을 진행합니다. (현재 상태: BUYING)
2026-06-02 14:32:53,430 - INFO - [005930] 현재가: 359000, 고가: 370000, 저가: 342000
2026-06-02 14:32:55,099 - INFO - 계좌 예수금: 9934495원
2026-06-02 14:32:57,228 - INFO - 이미 매수 주문(0000029519)이 진행 중입니다. 체결을 기다립니다.
2026-06-02 14:32:57,229 - INFO - 60초 후 다음 확인을 진행합니다. (현재 상태: BUYING)
2026-06-02 14:33:57,348 - INFO - [005930] 현재가: 359250, 고가: 370000, 저가: 342000
2026-06-02 14:34:05,448 - INFO - 계좌 예수금: 9934495원
2026-06-02 14:34:09,749 - INFO - 이미 매수 주문(0000029519)이 진행 중입니다. 체결을 기다립니다.
2026-06-02 14:34:09,750 - INFO - 60초 후 다음 확인을 진행합니다. (현재 상태: BUYING)
2026-06-02 14:35:13,853 - INFO - [005930] 현재가: 360000, 고가: 370000, 저가: 342000
2026-06-02 14:35:22,454 - INFO - 계좌 예수금: 9934495원
2026-06-02 14:35:22,571 - INFO - 이미 매수 주문(0000029519)이 진행 중입니다. 체결을 기다립니다.
2026-06-02 14:35:22,572 - INFO - 60초 후 다음 확인을 진행합니다. (현재 상태: BUYING)
2026-06-02 14:36:22,735 - INFO - [005930] 현재가: 360500, 고가: 370000, 저가: 342000
2026-06-02 14:36:26,693 - INFO - 계좌 예수금: 9934495원
2026-06-02 14:36:26,861 - INFO - 이미 매수 주문(0000029519)이 진행 중입니다. 체결을 기다립니다.
2026-06-02 14:36:26,862 - INFO - 60초 후 다음 확인을 진행합니다. (현재 상태: BUYING)
2026-06-02 14:37:26,993 - INFO - [005930] 현재가: 360500, 고가: 370000, 저가: 342000
2026-06-02 14:37:33,434 - INFO - 계좌 예수금: 9934495원
2026-06-02 14:37:33,569 - INFO - 이미 매수 주문(0000029519)이 진행 중입니다. 체결을 기다립니다.
2026-06-02 14:37:33,570 - INFO - 60초 후 다음 확인을 진행합니다. (현재 상태: BUYING)
2026-06-02 14:38:33,710 - INFO - [005930] 현재가: 359750, 고가: 370000, 저가: 342000
2026-06-02 14:38:38,049 - INFO - 계좌 예수금: 9934495원
2026-06-02 14:38:38,191 - INFO - 이미 매수 주문(0000029519)이 진행 중입니다. 체결을 기다립니다.
2026-06-02 14:38:38,192 - INFO - 60초 후 다음 확인을 진행합니다. (현재 상태: BUYING)
2026-06-02 14:39:39,698 - INFO - [005930] 현재가: 361500, 고가: 370000, 저가: 342000
2026-06-02 14:39:45,282 - INFO - 계좌 예수금: 9934495원
2026-06-02 14:39:45,493 - INFO - 이미 매수 주문(0000029519)이 진행 중입니다. 체결을 기다립니다.
2026-06-02 14:39:45,493 - INFO - 60초 후 다음 확인을 진행합니다. (현재 상태: BUYING)
2026-06-02 14:40:48,102 - INFO - [005930] 현재가: 361500, 고가: 370000, 저가: 342000
2026-06-02 14:40:55,888 - INFO - 계좌 예수금: 9934495원
2026-06-02 14:40:56,013 - INFO - 이미 매수 주문(0000029519)이 진행 중입니다. 체결을 기다립니다.
2026-06-02 14:40:56,013 - INFO - 60초 후 다음 확인을 진행합니다. (현재 상태: BUYING)
2026-06-02 14:41:56,147 - INFO - [005930] 현재가: 361750, 고가: 370000, 저가: 342000
2026-06-02 14:42:03,373 - INFO - 계좌 예수금: 9934495원
2026-06-02 14:42:03,501 - INFO - 이미 매수 주문(0000029519)이 진행 중입니다. 체결을 기다립니다.
2026-06-02 14:42:03,502 - INFO - 60초 후 다음 확인을 진행합니다. (현재 상태: BUYING)
2026-06-02 14:43:04,915 - INFO - [005930] 현재가: 362500, 고가: 370000, 저가: 342000
2026-06-02 14:43:11,926 - INFO - 계좌 예수금: 9934495원
2026-06-02 14:43:13,727 - INFO - 이미 매수 주문(0000029519)이 진행 중입니다. 체결을 기다립니다.
2026-06-02 14:43:13,728 - INFO - 60초 후 다음 확인을 진행합니다. (현재 상태: BUYING)
2026-06-02 14:44:14,099 - INFO - [005930] 현재가: 363000, 고가: 370000, 저가: 342000
2026-06-02 14:44:19,403 - INFO - 계좌 예수금: 9934495원
2026-06-02 14:44:23,217 - INFO - 이미 매수 주문(0000029519)이 진행 중입니다. 체결을 기다립니다.
2026-06-02 14:44:23,218 - INFO - 60초 후 다음 확인을 진행합니다. (현재 상태: BUYING)
2026-06-02 14:45:24,504 - INFO - [005930] 현재가: 364500, 고가: 370000, 저가: 342000
2026-06-02 14:45:30,355 - INFO - 계좌 예수금: 9934495원
2026-06-02 14:45:31,117 - INFO - 이미 매수 주문(0000029519)이 진행 중입니다. 체결을 기다립니다.
2026-06-02 14:45:31,117 - INFO - 60초 후 다음 확인을 진행합니다. (현재 상태: BUYING)
2026-06-02 14:46:31,220 - INFO - [005930] 현재가: 365000, 고가: 370000, 저가: 342000
2026-06-02 14:46:38,385 - INFO - 계좌 예수금: 9934495원
2026-06-02 14:46:41,068 - INFO - 이미 매수 주문(0000029519)이 진행 중입니다. 체결을 기다립니다.
2026-06-02 14:46:41,069 - INFO - 60초 후 다음 확인을 진행합니다. (현재 상태: BUYING)
2026-06-02 14:47:41,168 - INFO - [005930] 현재가: 365500, 고가: 370000, 저가: 342000
2026-06-02 14:47:43,130 - INFO - 계좌 예수금: 9934495원
2026-06-02 14:47:45,328 - INFO - 이미 매수 주문(0000029519)이 진행 중입니다. 체결을 기다립니다.
2026-06-02 14:47:45,328 - INFO - 60초 후 다음 확인을 진행합니다. (현재 상태: BUYING)
2026-06-02 14:48:45,420 - INFO - [005930] 현재가: 364000, 고가: 370000, 저가: 342000
2026-06-02 14:48:49,448 - INFO - 계좌 예수금: 9934495원
2026-06-02 14:48:51,457 - INFO - 이미 매수 주문(0000029519)이 진행 중입니다. 체결을 기다립니다.
2026-06-02 14:48:51,457 - INFO - 60초 후 다음 확인을 진행합니다. (현재 상태: BUYING)
2026-06-02 14:49:51,572 - INFO - [005930] 현재가: 365000, 고가: 370000, 저가: 342000
2026-06-02 14:49:55,232 - INFO - 계좌 예수금: 9934495원
2026-06-02 14:49:55,328 - INFO - 이미 매수 주문(0000029519)이 진행 중입니다. 체결을 기다립니다.
2026-06-02 14:49:55,329 - INFO - 60초 후 다음 확인을 진행합니다. (현재 상태: BUYING)
2026-06-02 14:50:57,504 - INFO - [005930] 현재가: 364500, 고가: 370000, 저가: 342000
2026-06-02 14:51:02,498 - INFO - 계좌 예수금: 9934495원
2026-06-02 14:51:04,899 - INFO - 이미 매수 주문(0000029519)이 진행 중입니다. 체결을 기다립니다.
2026-06-02 14:51:04,899 - INFO - 60초 후 다음 확인을 진행합니다. (현재 상태: BUYING)
2026-06-02 14:52:06,022 - INFO - [005930] 현재가: 363500, 고가: 370000, 저가: 342000
2026-06-02 14:52:13,144 - INFO - 계좌 예수금: 9934495원
2026-06-02 14:52:16,045 - INFO - 이미 매수 주문(0000029519)이 진행 중입니다. 체결을 기다립니다.
2026-06-02 14:52:16,045 - INFO - 60초 후 다음 확인을 진행합니다. (현재 상태: BUYING)
2026-06-02 14:53:16,338 - INFO - [005930] 현재가: 362000, 고가: 370000, 저가: 342000
2026-06-02 14:53:24,579 - INFO - 계좌 예수금: 9934495원
2026-06-02 14:53:24,673 - INFO - 이미 매수 주문(0000029519)이 진행 중입니다. 체결을 기다립니다.
2026-06-02 14:53:24,674 - INFO - 60초 후 다음 확인을 진행합니다. (현재 상태: BUYING)
2026-06-02 14:54:25,606 - INFO - [005930] 현재가: 362000, 고가: 370000, 저가: 342000
2026-06-02 14:54:32,025 - INFO - 계좌 예수금: 9934495원
2026-06-02 14:54:33,357 - INFO - 이미 매수 주문(0000029519)이 진행 중입니다. 체결을 기다립니다.
2026-06-02 14:54:33,357 - INFO - 60초 후 다음 확인을 진행합니다. (현재 상태: BUYING)
2026-06-02 14:55:37,630 - INFO - [005930] 현재가: 360000, 고가: 370000, 저가: 342000
2026-06-02 14:55:46,680 - INFO - 계좌 예수금: 9934495원
2026-06-02 14:55:46,802 - INFO - 이미 매수 주문(0000029519)이 진행 중입니다. 체결을 기다립니다.
2026-06-02 14:55:46,803 - INFO - 60초 후 다음 확인을 진행합니다. (현재 상태: BUYING)
2026-06-02 14:56:47,123 - INFO - [005930] 현재가: 361500, 고가: 370000, 저가: 342000
2026-06-02 14:56:54,891 - INFO - 계좌 예수금: 9934495원
2026-06-02 14:56:57,361 - INFO - 이미 매수 주문(0000029519)이 진행 중입니다. 체결을 기다립니다.
2026-06-02 14:56:57,361 - INFO - 60초 후 다음 확인을 진행합니다. (현재 상태: BUYING)
2026-06-02 14:57:58,056 - INFO - [005930] 현재가: 362000, 고가: 370000, 저가: 342000
2026-06-02 14:58:01,531 - INFO - 계좌 예수금: 9934495원
2026-06-02 14:58:02,527 - INFO - 이미 매수 주문(0000029519)이 진행 중입니다. 체결을 기다립니다.
2026-06-02 14:58:02,527 - INFO - 60초 후 다음 확인을 진행합니다. (현재 상태: BUYING)
2026-06-02 14:59:04,283 - INFO - [005930] 현재가: 363000, 고가: 370000, 저가: 342000
2026-06-02 14:59:10,066 - INFO - 계좌 예수금: 9934495원
2026-06-02 14:59:10,160 - INFO - 이미 매수 주문(0000029519)이 진행 중입니다. 체결을 기다립니다.
2026-06-02 14:59:10,160 - INFO - 60초 후 다음 확인을 진행합니다. (현재 상태: BUYING)
2026-06-02 15:00:17,232 - INFO - [005930] 현재가: 361000, 고가: 370000, 저가: 342000
2026-06-02 15:00:24,223 - INFO - 계좌 예수금: 9934495원
2026-06-02 15:00:32,081 - INFO - 이미 매수 주문(0000029519)이 진행 중입니다. 체결을 기다립니다.
2026-06-02 15:00:32,082 - INFO - 60초 후 다음 확인을 진행합니다. (현재 상태: BUYING)
2026-06-02 15:01:32,527 - INFO - [005930] 현재가: 361000, 고가: 370000, 저가: 342000
2026-06-02 15:01:38,059 - INFO - 계좌 예수금: 9934495원
2026-06-02 15:01:38,198 - INFO - 이미 매수 주문(0000029519)이 진행 중입니다. 체결을 기다립니다.
2026-06-02 15:01:38,198 - INFO - 60초 후 다음 확인을 진행합니다. (현재 상태: BUYING)
2026-06-02 15:02:41,504 - INFO - [005930] 현재가: 359500, 고가: 370000, 저가: 342000
2026-06-02 15:02:45,405 - INFO - 계좌 예수금: 9934495원
2026-06-02 15:02:45,553 - INFO - 이미 매수 주문(0000029519)이 진행 중입니다. 체결을 기다립니다.
2026-06-02 15:02:45,553 - INFO - 60초 후 다음 확인을 진행합니다. (현재 상태: BUYING)
2026-06-02 15:03:47,532 - INFO - [005930] 현재가: 359500, 고가: 370000, 저가: 342000
2026-06-02 15:03:50,510 - INFO - 계좌 예수금: 9934495원
2026-06-02 15:03:53,066 - INFO - 이미 매수 주문(0000029519)이 진행 중입니다. 체결을 기다립니다.
2026-06-02 15:03:53,067 - INFO - 60초 후 다음 확인을 진행합니다. (현재 상태: BUYING)
2026-06-02 15:04:53,159 - INFO - [005930] 현재가: 358500, 고가: 370000, 저가: 342000
2026-06-02 15:04:58,123 - INFO - 계좌 예수금: 9934495원
2026-06-02 15:05:00,198 - INFO - 이미 매수 주문(0000029519)이 진행 중입니다. 체결을 기다립니다.
2026-06-02 15:05:00,199 - INFO - 60초 후 다음 확인을 진행합니다. (현재 상태: BUYING)
2026-06-02 15:06:00,297 - INFO - [005930] 현재가: 359250, 고가: 370000, 저가: 342000
2026-06-02 15:06:02,541 - INFO - 계좌 예수금: 9934495원
2026-06-02 15:06:04,421 - INFO - 이미 매수 주문(0000029519)이 진행 중입니다. 체결을 기다립니다.
2026-06-02 15:06:04,422 - INFO - 60초 후 다음 확인을 진행합니다. (현재 상태: BUYING)
2026-06-02 15:07:07,066 - INFO - [005930] 현재가: 359250, 고가: 370000, 저가: 342000
2026-06-02 15:07:15,552 - INFO - 계좌 예수금: 9934495원
2026-06-02 15:07:15,661 - INFO - 이미 매수 주문(0000029519)이 진행 중입니다. 체결을 기다립니다.
2026-06-02 15:07:15,662 - INFO - 60초 후 다음 확인을 진행합니다. (현재 상태: BUYING)
2026-06-02 15:08:15,772 - INFO - [005930] 현재가: 359500, 고가: 370000, 저가: 342000
2026-06-02 15:08:22,469 - INFO - 계좌 예수금: 9934495원
2026-06-02 15:08:22,565 - INFO - 이미 매수 주문(0000029519)이 진행 중입니다. 체결을 기다립니다.
2026-06-02 15:08:22,566 - INFO - 60초 후 다음 확인을 진행합니다. (현재 상태: BUYING)
2026-06-02 15:09:23,257 - INFO - [005930] 현재가: 359000, 고가: 370000, 저가: 342000
2026-06-02 15:09:29,588 - INFO - 계좌 예수금: 9934495원
2026-06-02 15:09:31,210 - INFO - 이미 매수 주문(0000029519)이 진행 중입니다. 체결을 기다립니다.
2026-06-02 15:09:31,210 - INFO - 60초 후 다음 확인을 진행합니다. (현재 상태: BUYING)
2026-06-02 15:10:34,764 - INFO - [005930] 현재가: 358500, 고가: 370000, 저가: 342000
2026-06-02 15:10:39,860 - INFO - 계좌 예수금: 9934495원
2026-06-02 15:10:39,956 - INFO - 이미 매수 주문(0000029519)이 진행 중입니다. 체결을 기다립니다.
2026-06-02 15:10:39,957 - INFO - 60초 후 다음 확인을 진행합니다. (현재 상태: BUYING)
2026-06-02 15:11:40,597 - INFO - [005930] 현재가: 358000, 고가: 370000, 저가: 342000
2026-06-02 15:11:45,428 - INFO - 계좌 예수금: 9934495원
2026-06-02 15:11:46,524 - INFO - 이미 매수 주문(0000029519)이 진행 중입니다. 체결을 기다립니다.
2026-06-02 15:11:46,525 - INFO - 60초 후 다음 확인을 진행합니다. (현재 상태: BUYING)
2026-06-02 15:12:46,619 - INFO - [005930] 현재가: 359500, 고가: 370000, 저가: 342000
2026-06-02 15:12:52,821 - INFO - 계좌 예수금: 9934495원
2026-06-02 15:12:53,595 - INFO - 이미 매수 주문(0000029519)이 진행 중입니다. 체결을 기다립니다.
2026-06-02 15:12:53,596 - INFO - 60초 후 다음 확인을 진행합니다. (현재 상태: BUYING)
2026-06-02 15:13:55,917 - INFO - [005930] 현재가: 360000, 고가: 370000, 저가: 342000
2026-06-02 15:14:01,030 - INFO - 계좌 예수금: 9934495원
2026-06-02 15:14:04,463 - INFO - 이미 매수 주문(0000029519)이 진행 중입니다. 체결을 기다립니다.
2026-06-02 15:14:04,463 - INFO - 60초 후 다음 확인을 진행합니다. (현재 상태: BUYING)
2026-06-02 15:15:07,047 - INFO - [005930] 현재가: 360500, 고가: 370000, 저가: 342000
2026-06-02 15:15:16,538 - INFO - 계좌 예수금: 9934495원
2026-06-02 15:15:19,802 - INFO - 이미 매수 주문(0000029519)이 진행 중입니다. 체결을 기다립니다.
2026-06-02 15:15:19,803 - INFO - 60초 후 다음 확인을 진행합니다. (현재 상태: BUYING)
2026-06-02 15:16:19,934 - INFO - [005930] 현재가: 361000, 고가: 370000, 저가: 342000
2026-06-02 15:16:22,551 - INFO - 계좌 예수금: 9934495원
2026-06-02 15:16:25,519 - INFO - 이미 매수 주문(0000029519)이 진행 중입니다. 체결을 기다립니다.
2026-06-02 15:16:25,519 - INFO - 60초 후 다음 확인을 진행합니다. (현재 상태: BUYING)
2026-06-02 15:17:25,671 - INFO - [005930] 현재가: 361500, 고가: 370000, 저가: 342000
2026-06-02 15:17:32,526 - INFO - 계좌 예수금: 9934495원
2026-06-02 15:17:33,945 - INFO - 이미 매수 주문(0000029519)이 진행 중입니다. 체결을 기다립니다.
2026-06-02 15:17:33,945 - INFO - 60초 후 다음 확인을 진행합니다. (현재 상태: BUYING)
2026-06-02 15:18:34,076 - INFO - [005930] 현재가: 360500, 고가: 370000, 저가: 342000
2026-06-02 15:18:37,189 - INFO - 계좌 예수금: 9934495원
2026-06-02 15:18:37,292 - INFO - 이미 매수 주문(0000029519)이 진행 중입니다. 체결을 기다립니다.
2026-06-02 15:18:37,292 - INFO - 60초 후 다음 확인을 진행합니다. (현재 상태: BUYING)
2026-06-02 15:19:37,416 - INFO - [005930] 현재가: 360500, 고가: 370000, 저가: 342000
2026-06-02 15:19:43,432 - INFO - 계좌 예수금: 9934495원
2026-06-02 15:19:44,888 - INFO - 이미 매수 주문(0000029519)이 진행 중입니다. 체결을 기다립니다.
2026-06-02 15:19:44,889 - INFO - 60초 후 다음 확인을 진행합니다. (현재 상태: BUYING)
2026-06-02 15:20:44,983 - INFO - [005930] 현재가: 360000, 고가: 370000, 저가: 342000
2026-06-02 15:20:49,215 - INFO - 계좌 예수금: 9934495원
2026-06-02 15:20:49,315 - INFO - 이미 매수 주문(0000029519)이 진행 중입니다. 체결을 기다립니다.
2026-06-02 15:20:49,315 - INFO - 60초 후 다음 확인을 진행합니다. (현재 상태: BUYING)
2026-06-02 15:21:49,404 - INFO - [005930] 현재가: 360000, 고가: 370000, 저가: 342000
2026-06-02 15:21:51,391 - INFO - 계좌 예수금: 9934495원
2026-06-02 15:21:51,497 - INFO - 이미 매수 주문(0000029519)이 진행 중입니다. 체결을 기다립니다.
2026-06-02 15:21:51,497 - INFO - 60초 후 다음 확인을 진행합니다. (현재 상태: BUYING)
2026-06-02 15:22:51,600 - INFO - [005930] 현재가: 360000, 고가: 370000, 저가: 342000
2026-06-02 15:22:55,149 - INFO - 계좌 예수금: 9934495원
2026-06-02 15:22:55,240 - INFO - 이미 매수 주문(0000029519)이 진행 중입니다. 체결을 기다립니다.
2026-06-02 15:22:55,240 - INFO - 60초 후 다음 확인을 진행합니다. (현재 상태: BUYING)
2026-06-02 15:23:55,359 - INFO - [005930] 현재가: 360000, 고가: 370000, 저가: 342000
2026-06-02 15:23:57,009 - INFO - 계좌 예수금: 9934495원
2026-06-02 15:23:57,108 - INFO - 이미 매수 주문(0000029519)이 진행 중입니다. 체결을 기다립니다.
2026-06-02 15:23:57,109 - INFO - 60초 후 다음 확인을 진행합니다. (현재 상태: BUYING)
2026-06-02 15:24:57,564 - INFO - [005930] 현재가: 360000, 고가: 370000, 저가: 342000
2026-06-02 15:25:00,133 - INFO - 계좌 예수금: 9934495원
2026-06-02 15:25:00,236 - INFO - 이미 매수 주문(0000029519)이 진행 중입니다. 체결을 기다립니다.
2026-06-02 15:25:00,237 - INFO - 60초 후 다음 확인을 진행합니다. (현재 상태: BUYING)
2026-06-02 15:26:00,335 - INFO - [005930] 현재가: 360000, 고가: 370000, 저가: 342000
2026-06-02 15:26:04,193 - INFO - 계좌 예수금: 9934495원
2026-06-02 15:26:04,299 - INFO - 이미 매수 주문(0000029519)이 진행 중입니다. 체결을 기다립니다.
2026-06-02 15:26:04,299 - INFO - 60초 후 다음 확인을 진행합니다. (현재 상태: BUYING)
2026-06-02 15:27:04,416 - INFO - [005930] 현재가: 360000, 고가: 370000, 저가: 342000
2026-06-02 15:27:08,717 - INFO - 계좌 예수금: 9934495원
2026-06-02 15:27:08,985 - INFO - 이미 매수 주문(0000029519)이 진행 중입니다. 체결을 기다립니다.
2026-06-02 15:27:08,987 - INFO - 60초 후 다음 확인을 진행합니다. (현재 상태: BUYING)
2026-06-02 15:28:09,111 - INFO - [005930] 현재가: 360000, 고가: 370000, 저가: 342000
2026-06-02 15:28:10,467 - INFO - 계좌 예수금: 9934495원
2026-06-02 15:28:10,706 - INFO - 이미 매수 주문(0000029519)이 진행 중입니다. 체결을 기다립니다.
2026-06-02 15:28:10,707 - INFO - 60초 후 다음 확인을 진행합니다. (현재 상태: BUYING)
2026-06-02 15:29:10,830 - INFO - [005930] 현재가: 360000, 고가: 370000, 저가: 342000
2026-06-02 15:29:15,389 - INFO - 계좌 예수금: 9934495원
2026-06-02 15:29:15,517 - INFO - 이미 매수 주문(0000029519)이 진행 중입니다. 체결을 기다립니다.
2026-06-02 15:29:15,517 - INFO - 60초 후 다음 확인을 진행합니다. (현재 상태: BUYING)
2026-06-02 15:30:15,518 - INFO - 현재 시간 15:30:15, 장 종료 시간이 지났습니다. 프로그램을 종료합니다.
2026-06-02 15:30:15,519 - INFO - 프로그램을 종료합니다.
