2026-06-11 11:00:42,545 - INFO - 새로운 접근 토큰을 발급받습니다... (사유: 토큰 만료 또는 없음)
2026-06-11 11:00:45,412 - INFO - 새로운 토큰이 발급 및 저장되었습니다. 만료 시간: 2026-06-12 11:00:44
2026-06-11 11:00:45,416 - INFO - 삼성전자 자동매매 프로그램을 시작합니다. (자가 적응형 로직 활성화)
2026-06-11 11:00:45,434 - INFO - 📅 날짜 변경 감지 (2026-06-10 -> 2026-06-11). 세션 데이터를 초기화합니다.
2026-06-11 11:00:45,434 - INFO - 이전 상태 로드 완료: BUYING (목표가: 300500원)
2026-06-11 11:00:45,437 - INFO - 📅 날짜 변경 감지 (2026-06-10 -> 2026-06-11). 세션 데이터를 초기화합니다.
2026-06-11 11:00:48,169 - INFO - [005930] 현재가: 301000, 고가: 306500, 저가: 287500
2026-06-11 11:00:48,169 - WARNING - ⚠️ 주문 고착 감지: 타임아웃 (70300초 경과). 주문 취소를 시도합니다.
2026-06-11 11:00:48,169 - INFO - [CANCEL] 주문 취소 요청: 005930, 주문번호: 0000038761
2026-06-11 11:00:50,077 - ERROR - 주문 취소 실패: 모의투자 원주문번호가 존재하지 않습니다.
2026-06-11 11:00:50,078 - INFO - 유령 주문 감지 (모의투자 원주문번호가 존재하지 않습니다.). 로컬 상태를 강제 리셋합니다.
2026-06-11 11:00:50,082 - INFO - 📅 날짜 변경 감지 (2026-06-10 -> 2026-06-11). 세션 데이터를 초기화합니다.
2026-06-11 11:00:50,108 - INFO - 상태 전환 완료: IDLE
2026-06-11 11:00:57,725 - INFO - 계좌 예수금: 9579264원
2026-06-11 11:01:02,134 - INFO - 매수 조건 충족: 현재가(301000) - 오프셋(2250+0) = 298500원 (보수적 하향 보정)
2026-06-11 11:01:02,134 - INFO - [BUY] 주문 요청: 005930, 1주, 298500원
2026-06-11 11:01:04,974 - INFO - 주문 성공! 주문번호: 0000016941
2026-06-11 11:01:05,004 - INFO - 60초 후 다음 확인을 진행합니다. (현재 상태: BUYING)
2026-06-11 11:02:07,552 - INFO - [005930] 현재가: 301500, 고가: 306500, 저가: 287500
2026-06-11 11:02:07,552 - WARNING - ⚠️ 주문 고착 감지: 가격 이탈 (현재가:301,500, 목표가:298,500, 차이:3,000). 주문 취소를 시도합니다.
2026-06-11 11:02:07,553 - INFO - [CANCEL] 주문 취소 요청: 005930, 주문번호: 0000016941
2026-06-11 11:02:07,730 - INFO - 주문 취소 성공! (원주문: 0000016941)
2026-06-11 11:02:07,763 - INFO - 상태 전환 완료: IDLE
2026-06-11 11:02:15,631 - INFO - 계좌 예수금: 9579264원
2026-06-11 11:02:18,846 - INFO - 매수 조건 충족: 현재가(301500) - 오프셋(2250+0) = 299000원 (보수적 하향 보정)
2026-06-11 11:02:18,847 - INFO - [BUY] 주문 요청: 005930, 1주, 299000원
2026-06-11 11:02:21,019 - INFO - 주문 성공! 주문번호: 0000017061
2026-06-11 11:02:21,048 - INFO - 60초 후 다음 확인을 진행합니다. (현재 상태: BUYING)
2026-06-11 11:03:22,377 - INFO - [005930] 현재가: 300500, 고가: 306500, 저가: 287500
2026-06-11 11:03:29,940 - INFO - 계좌 예수금: 9579264원
2026-06-11 11:03:30,562 - ERROR - GET 요청 실패 (FHKST03010100): 500 Server Error: Internal Server Error for url: https://openapivts.koreainvestment.com:29443/uapi/domestic-stock/v1/quotations/inquire-daily-itemchartprice?FID_COND_MRKT_DIV_CODE=J&FID_INPUT_ISCD=005930&FID_PERIOD_DIV_CODE=D&FID_ORG_ADJ_PRC=0
2026-06-11 11:03:30,563 - ERROR - 상세 에러: {"rt_cd":"1","msg1":"초당 거래건수를 초과하였습니다.","msg_cd":"EGW00201","message":"EGW00201"}
2026-06-11 11:03:30,565 - INFO - 이미 매수 주문(0000017061)이 진행 중입니다. 체결을 기다립니다.
2026-06-11 11:03:30,565 - INFO - 60초 후 다음 확인을 진행합니다. (현재 상태: BUYING)
2026-06-11 11:04:31,598 - INFO - [005930] 현재가: 300500, 고가: 306500, 저가: 287500
2026-06-11 11:04:34,517 - INFO - 계좌 예수금: 9579264원
2026-06-11 11:04:35,464 - INFO - 이미 매수 주문(0000017061)이 진행 중입니다. 체결을 기다립니다.
2026-06-11 11:04:35,464 - INFO - 60초 후 다음 확인을 진행합니다. (현재 상태: BUYING)
2026-06-11 11:05:38,793 - INFO - [005930] 현재가: 301000, 고가: 306500, 저가: 287500
2026-06-11 11:05:42,552 - INFO - 계좌 예수금: 9579264원
2026-06-11 11:05:45,722 - INFO - 이미 매수 주문(0000017061)이 진행 중입니다. 체결을 기다립니다.
2026-06-11 11:05:45,722 - INFO - 60초 후 다음 확인을 진행합니다. (현재 상태: BUYING)
2026-06-11 11:06:45,803 - INFO - [005930] 현재가: 300500, 고가: 306500, 저가: 287500
2026-06-11 11:06:48,972 - INFO - 계좌 예수금: 9579264원
2026-06-11 11:06:51,184 - INFO - 이미 매수 주문(0000017061)이 진행 중입니다. 체결을 기다립니다.
2026-06-11 11:06:51,184 - INFO - 60초 후 다음 확인을 진행합니다. (현재 상태: BUYING)
2026-06-11 11:07:51,813 - INFO - [005930] 현재가: 300500, 고가: 306500, 저가: 287500
2026-06-11 11:07:55,672 - INFO - 계좌 예수금: 9579264원
2026-06-11 11:07:57,007 - INFO - 이미 매수 주문(0000017061)이 진행 중입니다. 체결을 기다립니다.
2026-06-11 11:07:57,008 - INFO - 60초 후 다음 확인을 진행합니다. (현재 상태: BUYING)
2026-06-11 11:08:57,095 - INFO - [005930] 현재가: 300250, 고가: 306500, 저가: 287500
2026-06-11 11:09:02,679 - INFO - 계좌 예수금: 9579264원
2026-06-11 11:09:04,584 - INFO - 이미 매수 주문(0000017061)이 진행 중입니다. 체결을 기다립니다.
2026-06-11 11:09:04,585 - INFO - 60초 후 다음 확인을 진행합니다. (현재 상태: BUYING)
2026-06-11 11:10:06,218 - INFO - [005930] 현재가: 299750, 고가: 306500, 저가: 287500
2026-06-11 11:10:12,511 - INFO - 계좌 예수금: 9579264원
2026-06-11 11:10:15,836 - INFO - 이미 매수 주문(0000017061)이 진행 중입니다. 체결을 기다립니다.
2026-06-11 11:10:15,836 - INFO - 60초 후 다음 확인을 진행합니다. (현재 상태: BUYING)
2026-06-11 11:11:18,620 - INFO - [005930] 현재가: 298250, 고가: 306500, 저가: 287500
2026-06-11 11:11:22,202 - INFO - 계좌 예수금: 9579264원
2026-06-11 11:11:22,202 - INFO - [005930] 보유: 1주, 매도 가능: 1주, 평단가: 299,000원
2026-06-11 11:11:22,216 - INFO - 미실현 손익: -750원 (-0.25%), 최고 수익률: 0.00%
2026-06-11 11:11:22,235 - INFO - 매수 체결 확인 (평단가: 299,000원). 히스토리에 기록합니다.
2026-06-11 11:11:22,259 - INFO - 매도 조건 충족: 평단가(299,000), 현재가(298,250) -> 목표가(301,500원) (보수적 상향 보정)
2026-06-11 11:11:22,260 - INFO - [SELL] 주문 요청: 005930, 1주, 301500원
2026-06-11 11:11:24,855 - INFO - 주문 성공! 주문번호: 0000017926
2026-06-11 11:11:24,898 - INFO - 자가 최적화 기록 완료: C:\Users\witpo\OneDrive\바탕 화면\YONSEI\26-1\ECO4126 인공지능과금융공학\open-trading-api\self_optimization_history
2026-06-11 11:11:24,913 - INFO - 60초 후 다음 확인을 진행합니다. (현재 상태: SELLING)
2026-06-11 11:12:28,129 - INFO - [005930] 현재가: 298500, 고가: 306500, 저가: 287500
2026-06-11 11:12:28,129 - WARNING - ⚠️ 주문 고착 감지: 가격 이탈 (현재가:298,500, 목표가:301,500, 차이:3,000). 주문 취소를 시도합니다.
2026-06-11 11:12:28,129 - INFO - [CANCEL] 주문 취소 요청: 005930, 주문번호: 0000017926
2026-06-11 11:12:31,820 - INFO - 주문 취소 성공! (원주문: 0000017926)
2026-06-11 11:12:31,848 - INFO - 상태 전환 완료: HOLDING
2026-06-11 11:12:33,659 - INFO - 계좌 예수금: 9579264원
2026-06-11 11:12:33,659 - INFO - [005930] 보유: 1주, 매도 가능: 1주, 평단가: 299,000원
2026-06-11 11:12:33,674 - INFO - 미실현 손익: -500원 (-0.17%), 최고 수익률: 0.00%
2026-06-11 11:12:33,690 - INFO - 매도 조건 충족: 평단가(299,000), 현재가(298,500) -> 목표가(301,000원) (보수적 상향 보정)
2026-06-11 11:12:33,690 - INFO - [SELL] 주문 요청: 005930, 1주, 301000원
2026-06-11 11:12:38,307 - INFO - 주문 성공! 주문번호: 0000018057
2026-06-11 11:12:38,342 - INFO - 60초 후 다음 확인을 진행합니다. (현재 상태: SELLING)
2026-06-11 11:13:40,929 - INFO - [005930] 현재가: 298500, 고가: 306500, 저가: 287500
2026-06-11 11:13:40,929 - WARNING - ⚠️ 주문 고착 감지: 가격 이탈 (현재가:298,500, 목표가:301,000, 차이:2,500). 주문 취소를 시도합니다.
2026-06-11 11:13:40,930 - INFO - [CANCEL] 주문 취소 요청: 005930, 주문번호: 0000018057
2026-06-11 11:13:41,045 - INFO - 주문 취소 성공! (원주문: 0000018057)
2026-06-11 11:13:41,072 - INFO - 상태 전환 완료: HOLDING
2026-06-11 11:13:47,841 - INFO - 계좌 예수금: 9579264원
2026-06-11 11:13:47,841 - INFO - [005930] 보유: 1주, 매도 가능: 1주, 평단가: 299,000원
2026-06-11 11:13:47,856 - INFO - 미실현 손익: -500원 (-0.17%), 최고 수익률: 0.00%
2026-06-11 11:13:47,872 - INFO - 매도 조건 충족: 평단가(299,000), 현재가(298,500) -> 목표가(301,000원) (보수적 상향 보정)
2026-06-11 11:13:47,872 - INFO - [SELL] 주문 요청: 005930, 1주, 301000원
2026-06-11 11:13:49,529 - INFO - 주문 성공! 주문번호: 0000018160
2026-06-11 11:13:49,558 - INFO - 60초 후 다음 확인을 진행합니다. (현재 상태: SELLING)
2026-06-11 11:14:53,419 - INFO - [005930] 현재가: 298500, 고가: 306500, 저가: 287500
2026-06-11 11:14:53,420 - WARNING - ⚠️ 주문 고착 감지: 가격 이탈 (현재가:298,500, 목표가:301,000, 차이:2,500). 주문 취소를 시도합니다.
2026-06-11 11:14:53,421 - INFO - [CANCEL] 주문 취소 요청: 005930, 주문번호: 0000018160
2026-06-11 11:14:53,550 - INFO - 주문 취소 성공! (원주문: 0000018160)
2026-06-11 11:14:53,579 - INFO - 상태 전환 완료: HOLDING
2026-06-11 11:14:56,528 - INFO - 계좌 예수금: 9579264원
2026-06-11 11:14:56,529 - INFO - [005930] 보유: 1주, 매도 가능: 1주, 평단가: 299,000원
2026-06-11 11:14:56,541 - INFO - 미실현 손익: -500원 (-0.17%), 최고 수익률: 0.00%
2026-06-11 11:14:56,556 - INFO - 매도 조건 충족: 평단가(299,000), 현재가(298,500) -> 목표가(301,000원) (보수적 상향 보정)
2026-06-11 11:14:56,557 - INFO - [SELL] 주문 요청: 005930, 1주, 301000원
2026-06-11 11:14:59,340 - INFO - 주문 성공! 주문번호: 0000018260
2026-06-11 11:14:59,381 - INFO - 60초 후 다음 확인을 진행합니다. (현재 상태: SELLING)
2026-06-11 11:16:02,638 - INFO - [005930] 현재가: 297500, 고가: 306500, 저가: 287500
2026-06-11 11:16:02,639 - WARNING - ⚠️ 주문 고착 감지: 가격 이탈 (현재가:297,500, 목표가:301,000, 차이:3,500). 주문 취소를 시도합니다.
2026-06-11 11:16:02,639 - INFO - [CANCEL] 주문 취소 요청: 005930, 주문번호: 0000018260
2026-06-11 11:16:06,265 - INFO - 주문 취소 성공! (원주문: 0000018260)
2026-06-11 11:16:06,294 - INFO - 상태 전환 완료: HOLDING
2026-06-11 11:16:11,781 - INFO - 계좌 예수금: 9579264원
2026-06-11 11:16:11,781 - INFO - [005930] 보유: 1주, 매도 가능: 1주, 평단가: 299,000원
2026-06-11 11:16:11,795 - INFO - 미실현 손익: -1,500원 (-0.50%), 최고 수익률: 0.00%
2026-06-11 11:16:11,809 - INFO - 매도 조건 충족: 평단가(299,000), 현재가(297,500) -> 목표가(301,000원) (보수적 상향 보정)
2026-06-11 11:16:11,809 - INFO - [SELL] 주문 요청: 005930, 1주, 301000원
2026-06-11 11:16:12,676 - INFO - 주문 성공! 주문번호: 0000018364
2026-06-11 11:16:12,708 - INFO - 60초 후 다음 확인을 진행합니다. (현재 상태: SELLING)
2026-06-11 11:17:12,823 - INFO - [005930] 현재가: 298000, 고가: 306500, 저가: 287500
2026-06-11 11:17:12,823 - WARNING - ⚠️ 주문 고착 감지: 가격 이탈 (현재가:298,000, 목표가:301,000, 차이:3,000). 주문 취소를 시도합니다.
2026-06-11 11:17:12,823 - INFO - [CANCEL] 주문 취소 요청: 005930, 주문번호: 0000018364
2026-06-11 11:17:13,300 - ERROR - POST 요청 실패 (VTTC0013U): 500 Server Error: Internal Server Error for url: https://openapivts.koreainvestment.com:29443/uapi/domestic-stock/v1/trading/order-rvsecncl
2026-06-11 11:17:13,301 - ERROR - 상세 에러: {"rt_cd":"1","msg1":"초당 거래건수를 초과하였습니다.","msg_cd":"EGW00201","message":"EGW00201"}
2026-06-11 11:17:13,303 - ERROR - 주문 취소 실패: 응답 없음
2026-06-11 11:17:13,304 - ERROR - 주문 취소 실패. 다음 루프에서 재시도합니다.
2026-06-11 11:17:17,442 - INFO - 계좌 예수금: 9579264원
2026-06-11 11:17:17,442 - INFO - [005930] 보유: 1주, 매도 가능: 0주, 평단가: 299,000원
2026-06-11 11:17:17,456 - INFO - 미실현 손익: -1,000원 (-0.33%), 최고 수익률: 0.00%
2026-06-11 11:17:17,474 - INFO - 보유 수량(1)에 대해 매도 주문(0000018364)이 진행 중입니다.
2026-06-11 11:17:17,474 - INFO - 60초 후 다음 확인을 진행합니다. (현재 상태: SELLING)
2026-06-11 11:18:19,151 - INFO - [005930] 현재가: 298000, 고가: 306500, 저가: 287500
2026-06-11 11:18:19,151 - WARNING - ⚠️ 주문 고착 감지: 가격 이탈 (현재가:298,000, 목표가:301,000, 차이:3,000). 주문 취소를 시도합니다.
2026-06-11 11:18:19,152 - INFO - [CANCEL] 주문 취소 요청: 005930, 주문번호: 0000018364
2026-06-11 11:18:19,677 - INFO - 주문 취소 성공! (원주문: 0000018364)
2026-06-11 11:18:19,706 - INFO - 상태 전환 완료: HOLDING
2026-06-11 11:18:27,542 - INFO - 계좌 예수금: 9579264원
2026-06-11 11:18:27,542 - INFO - [005930] 보유: 1주, 매도 가능: 1주, 평단가: 299,000원
2026-06-11 11:18:27,557 - INFO - 미실현 손익: -1,000원 (-0.33%), 최고 수익률: 0.00%
2026-06-11 11:18:27,611 - INFO - 매도 조건 충족: 평단가(299,000), 현재가(298,000) -> 목표가(301,000원) (보수적 상향 보정)
2026-06-11 11:18:27,611 - INFO - [SELL] 주문 요청: 005930, 1주, 301000원
2026-06-11 11:18:28,285 - INFO - 주문 성공! 주문번호: 0000018535
2026-06-11 11:18:28,360 - INFO - 60초 후 다음 확인을 진행합니다. (현재 상태: SELLING)
2026-06-11 11:19:28,488 - INFO - [005930] 현재가: 297000, 고가: 306500, 저가: 287500
2026-06-11 11:19:28,488 - WARNING - ⚠️ 주문 고착 감지: 가격 이탈 (현재가:297,000, 목표가:301,000, 차이:4,000). 주문 취소를 시도합니다.
2026-06-11 11:19:28,488 - INFO - [CANCEL] 주문 취소 요청: 005930, 주문번호: 0000018535
2026-06-11 11:19:30,505 - INFO - 주문 취소 성공! (원주문: 0000018535)
2026-06-11 11:19:30,536 - INFO - 상태 전환 완료: HOLDING
2026-06-11 11:19:34,002 - INFO - 계좌 예수금: 9579264원
2026-06-11 11:19:34,003 - INFO - [005930] 보유: 1주, 매도 가능: 1주, 평단가: 299,000원
2026-06-11 11:19:34,018 - INFO - 미실현 손익: -2,000원 (-0.67%), 최고 수익률: 0.00%
2026-06-11 11:19:34,031 - INFO - 매도 조건 충족: 평단가(299,000), 현재가(297,000) -> 목표가(301,000원) (보수적 상향 보정)
2026-06-11 11:19:34,031 - INFO - [SELL] 주문 요청: 005930, 1주, 301000원
2026-06-11 11:19:35,511 - INFO - 주문 성공! 주문번호: 0000018613
2026-06-11 11:19:35,541 - INFO - 60초 후 다음 확인을 진행합니다. (현재 상태: SELLING)
2026-06-11 11:20:38,530 - INFO - [005930] 현재가: 297500, 고가: 306500, 저가: 287500
2026-06-11 11:20:38,531 - WARNING - ⚠️ 주문 고착 감지: 가격 이탈 (현재가:297,500, 목표가:301,000, 차이:3,500). 주문 취소를 시도합니다.
2026-06-11 11:20:38,531 - INFO - [CANCEL] 주문 취소 요청: 005930, 주문번호: 0000018613
2026-06-11 11:20:40,110 - INFO - 주문 취소 성공! (원주문: 0000018613)
2026-06-11 11:20:40,138 - INFO - 상태 전환 완료: HOLDING
2026-06-11 11:20:48,085 - INFO - 계좌 예수금: 9579264원
2026-06-11 11:20:48,086 - INFO - [005930] 보유: 1주, 매도 가능: 1주, 평단가: 299,000원
2026-06-11 11:20:48,100 - INFO - 미실현 손익: -1,500원 (-0.50%), 최고 수익률: 0.00%
2026-06-11 11:20:48,119 - INFO - 매도 조건 충족: 평단가(299,000), 현재가(297,500) -> 목표가(301,000원) (보수적 상향 보정)
2026-06-11 11:20:48,120 - INFO - [SELL] 주문 요청: 005930, 1주, 301000원
2026-06-11 11:20:50,075 - INFO - 주문 성공! 주문번호: 0000018711
2026-06-11 11:20:50,104 - INFO - 60초 후 다음 확인을 진행합니다. (현재 상태: SELLING)
2026-06-11 11:21:50,197 - INFO - [005930] 현재가: 296500, 고가: 306500, 저가: 287500
2026-06-11 11:21:50,197 - WARNING - ⚠️ 주문 고착 감지: 가격 이탈 (현재가:296,500, 목표가:301,000, 차이:4,500). 주문 취소를 시도합니다.
2026-06-11 11:21:50,197 - INFO - [CANCEL] 주문 취소 요청: 005930, 주문번호: 0000018711
2026-06-11 11:21:52,334 - INFO - 주문 취소 성공! (원주문: 0000018711)
2026-06-11 11:21:52,363 - INFO - 상태 전환 완료: HOLDING
2026-06-11 11:21:56,882 - INFO - 계좌 예수금: 9579264원
2026-06-11 11:21:56,882 - INFO - [005930] 보유: 1주, 매도 가능: 1주, 평단가: 299,000원
2026-06-11 11:21:56,897 - INFO - 미실현 손익: -2,500원 (-0.84%), 최고 수익률: 0.00%
2026-06-11 11:21:56,910 - INFO - 매도 조건 충족: 평단가(299,000), 현재가(296,500) -> 목표가(301,000원) (보수적 상향 보정)
2026-06-11 11:21:56,910 - INFO - [SELL] 주문 요청: 005930, 1주, 301000원
2026-06-11 11:21:57,049 - INFO - 주문 성공! 주문번호: 0000018794
2026-06-11 11:21:57,076 - INFO - 60초 후 다음 확인을 진행합니다. (현재 상태: SELLING)
2026-06-11 11:22:59,019 - INFO - [005930] 현재가: 295500, 고가: 306500, 저가: 287500
2026-06-11 11:22:59,019 - WARNING - ⚠️ 주문 고착 감지: 가격 이탈 (현재가:295,500, 목표가:301,000, 차이:5,500). 주문 취소를 시도합니다.
2026-06-11 11:22:59,019 - INFO - [CANCEL] 주문 취소 요청: 005930, 주문번호: 0000018794
2026-06-11 11:22:59,142 - INFO - 주문 취소 성공! (원주문: 0000018794)
2026-06-11 11:22:59,172 - INFO - 상태 전환 완료: HOLDING
2026-06-11 11:23:07,133 - INFO - 계좌 예수금: 9579264원
2026-06-11 11:23:07,133 - INFO - [005930] 보유: 1주, 매도 가능: 1주, 평단가: 299,000원
2026-06-11 11:23:07,148 - INFO - 미실현 손익: -3,500원 (-1.17%), 최고 수익률: 0.00%
2026-06-11 11:23:07,170 - INFO - 매도 조건 충족: 평단가(299,000), 현재가(295,500) -> 목표가(301,000원) (보수적 상향 보정)
2026-06-11 11:23:07,171 - INFO - [SELL] 주문 요청: 005930, 1주, 301000원
2026-06-11 11:23:11,902 - INFO - 주문 성공! 주문번호: 0000018894
2026-06-11 11:23:11,931 - INFO - 60초 후 다음 확인을 진행합니다. (현재 상태: SELLING)
2026-06-11 11:24:12,585 - INFO - [005930] 현재가: 295500, 고가: 306500, 저가: 287500
2026-06-11 11:24:12,586 - WARNING - ⚠️ 주문 고착 감지: 가격 이탈 (현재가:295,500, 목표가:301,000, 차이:5,500). 주문 취소를 시도합니다.
2026-06-11 11:24:12,586 - INFO - [CANCEL] 주문 취소 요청: 005930, 주문번호: 0000018894
2026-06-11 11:24:13,149 - INFO - 주문 취소 성공! (원주문: 0000018894)
2026-06-11 11:24:13,180 - INFO - 상태 전환 완료: HOLDING
2026-06-11 11:24:18,059 - INFO - 계좌 예수금: 9579264원
2026-06-11 11:24:18,059 - INFO - [005930] 보유: 1주, 매도 가능: 1주, 평단가: 299,000원
2026-06-11 11:24:18,074 - INFO - 미실현 손익: -3,500원 (-1.17%), 최고 수익률: 0.00%
2026-06-11 11:24:18,087 - INFO - 매도 조건 충족: 평단가(299,000), 현재가(295,500) -> 목표가(301,000원) (보수적 상향 보정)
2026-06-11 11:24:18,087 - INFO - [SELL] 주문 요청: 005930, 1주, 301000원
2026-06-11 11:24:18,294 - INFO - 주문 성공! 주문번호: 0000018983
2026-06-11 11:24:18,324 - INFO - 60초 후 다음 확인을 진행합니다. (현재 상태: SELLING)
2026-06-11 11:25:22,153 - INFO - [005930] 현재가: 294500, 고가: 306500, 저가: 287500
2026-06-11 11:25:22,154 - WARNING - ⚠️ 주문 고착 감지: 가격 이탈 (현재가:294,500, 목표가:301,000, 차이:6,500). 주문 취소를 시도합니다.
2026-06-11 11:25:22,154 - INFO - [CANCEL] 주문 취소 요청: 005930, 주문번호: 0000018983
2026-06-11 11:25:26,083 - INFO - 주문 취소 성공! (원주문: 0000018983)
2026-06-11 11:25:26,113 - INFO - 상태 전환 완료: HOLDING
2026-06-11 11:25:34,889 - INFO - 계좌 예수금: 9579264원
2026-06-11 11:25:34,889 - INFO - [005930] 보유: 1주, 매도 가능: 1주, 평단가: 299,000원
2026-06-11 11:25:34,904 - INFO - 미실현 손익: -4,500원 (-1.51%), 최고 수익률: 0.00%
2026-06-11 11:25:34,918 - INFO - 매도 조건 충족: 평단가(299,000), 현재가(294,500) -> 목표가(301,000원) (보수적 상향 보정)
2026-06-11 11:25:34,919 - INFO - [SELL] 주문 요청: 005930, 1주, 301000원
2026-06-11 11:25:35,025 - INFO - 주문 성공! 주문번호: 0000019083
2026-06-11 11:25:35,059 - INFO - 60초 후 다음 확인을 진행합니다. (현재 상태: SELLING)
2026-06-11 11:26:35,160 - INFO - [005930] 현재가: 295500, 고가: 306500, 저가: 287500
2026-06-11 11:26:35,161 - WARNING - ⚠️ 주문 고착 감지: 가격 이탈 (현재가:295,500, 목표가:301,000, 차이:5,500). 주문 취소를 시도합니다.
2026-06-11 11:26:35,161 - INFO - [CANCEL] 주문 취소 요청: 005930, 주문번호: 0000019083
2026-06-11 11:26:37,891 - INFO - 주문 취소 성공! (원주문: 0000019083)
2026-06-11 11:26:37,921 - INFO - 상태 전환 완료: HOLDING
2026-06-11 11:26:41,941 - INFO - 계좌 예수금: 9579264원
2026-06-11 11:26:41,942 - INFO - [005930] 보유: 1주, 매도 가능: 1주, 평단가: 299,000원
2026-06-11 11:26:41,957 - INFO - 미실현 손익: -3,500원 (-1.17%), 최고 수익률: 0.00%
2026-06-11 11:26:41,972 - INFO - 매도 조건 충족: 평단가(299,000), 현재가(295,500) -> 목표가(301,000원) (보수적 상향 보정)
2026-06-11 11:26:41,972 - INFO - [SELL] 주문 요청: 005930, 1주, 301000원
2026-06-11 11:26:42,100 - INFO - 주문 성공! 주문번호: 0000019146
2026-06-11 11:26:42,128 - INFO - 60초 후 다음 확인을 진행합니다. (현재 상태: SELLING)
2026-06-11 11:27:42,206 - INFO - [005930] 현재가: 296500, 고가: 306500, 저가: 287500
2026-06-11 11:27:42,206 - WARNING - ⚠️ 주문 고착 감지: 가격 이탈 (현재가:296,500, 목표가:301,000, 차이:4,500). 주문 취소를 시도합니다.
2026-06-11 11:27:42,206 - INFO - [CANCEL] 주문 취소 요청: 005930, 주문번호: 0000019146
2026-06-11 11:27:42,933 - INFO - 주문 취소 성공! (원주문: 0000019146)
2026-06-11 11:27:42,963 - INFO - 상태 전환 완료: HOLDING
2026-06-11 11:27:48,425 - INFO - 계좌 예수금: 9579264원
2026-06-11 11:27:48,426 - INFO - [005930] 보유: 1주, 매도 가능: 1주, 평단가: 299,000원
2026-06-11 11:27:48,440 - INFO - 미실현 손익: -2,500원 (-0.84%), 최고 수익률: 0.00%
2026-06-11 11:27:48,456 - INFO - 매도 조건 충족: 평단가(299,000), 현재가(296,500) -> 목표가(301,000원) (보수적 상향 보정)
2026-06-11 11:27:48,456 - INFO - [SELL] 주문 요청: 005930, 1주, 301000원
2026-06-11 11:27:49,157 - INFO - 주문 성공! 주문번호: 0000019219
2026-06-11 11:27:49,192 - INFO - 60초 후 다음 확인을 진행합니다. (현재 상태: SELLING)
2026-06-11 11:28:49,329 - INFO - [005930] 현재가: 295250, 고가: 306500, 저가: 287500
2026-06-11 11:28:49,330 - WARNING - ⚠️ 주문 고착 감지: 가격 이탈 (현재가:295,250, 목표가:301,000, 차이:5,750). 주문 취소를 시도합니다.
2026-06-11 11:28:49,330 - INFO - [CANCEL] 주문 취소 요청: 005930, 주문번호: 0000019219
2026-06-11 11:28:50,470 - INFO - 주문 취소 성공! (원주문: 0000019219)
2026-06-11 11:28:50,500 - INFO - 상태 전환 완료: HOLDING
2026-06-11 11:28:54,789 - INFO - 계좌 예수금: 9579264원
2026-06-11 11:28:54,789 - INFO - [005930] 보유: 1주, 매도 가능: 1주, 평단가: 299,000원
2026-06-11 11:28:54,805 - INFO - 미실현 손익: -3,750원 (-1.25%), 최고 수익률: 0.00%
2026-06-11 11:28:54,821 - INFO - 매도 조건 충족: 평단가(299,000), 현재가(295,250) -> 목표가(301,000원) (보수적 상향 보정)
2026-06-11 11:28:54,821 - INFO - [SELL] 주문 요청: 005930, 1주, 301000원
2026-06-11 11:28:54,938 - INFO - 주문 성공! 주문번호: 0000019286
2026-06-11 11:28:54,966 - INFO - 60초 후 다음 확인을 진행합니다. (현재 상태: SELLING)
2026-06-11 11:29:55,745 - INFO - [005930] 현재가: 295500, 고가: 306500, 저가: 287500
2026-06-11 11:29:55,745 - WARNING - ⚠️ 주문 고착 감지: 가격 이탈 (현재가:295,500, 목표가:301,000, 차이:5,500). 주문 취소를 시도합니다.
2026-06-11 11:29:55,745 - INFO - [CANCEL] 주문 취소 요청: 005930, 주문번호: 0000019286
2026-06-11 11:29:55,870 - INFO - 주문 취소 성공! (원주문: 0000019286)
2026-06-11 11:29:55,901 - INFO - 상태 전환 완료: HOLDING
2026-06-11 11:30:01,665 - INFO - 계좌 예수금: 9579264원
2026-06-11 11:30:01,665 - INFO - [005930] 보유: 1주, 매도 가능: 1주, 평단가: 299,000원
2026-06-11 11:30:01,681 - INFO - 미실현 손익: -3,500원 (-1.17%), 최고 수익률: 0.00%
2026-06-11 11:30:01,695 - INFO - 매도 조건 충족: 평단가(299,000), 현재가(295,500) -> 목표가(301,000원) (보수적 상향 보정)
2026-06-11 11:30:01,695 - INFO - [SELL] 주문 요청: 005930, 1주, 301000원
2026-06-11 11:30:01,801 - INFO - 주문 성공! 주문번호: 0000019388
2026-06-11 11:30:01,830 - INFO - 60초 후 다음 확인을 진행합니다. (현재 상태: SELLING)
2026-06-11 11:31:01,977 - INFO - [005930] 현재가: 296500, 고가: 306500, 저가: 287500
2026-06-11 11:31:01,978 - WARNING - ⚠️ 주문 고착 감지: 가격 이탈 (현재가:296,500, 목표가:301,000, 차이:4,500). 주문 취소를 시도합니다.
2026-06-11 11:31:01,978 - INFO - [CANCEL] 주문 취소 요청: 005930, 주문번호: 0000019388
2026-06-11 11:31:02,499 - ERROR - POST 요청 실패 (VTTC0013U): 500 Server Error: Internal Server Error for url: https://openapivts.koreainvestment.com:29443/uapi/domestic-stock/v1/trading/order-rvsecncl
2026-06-11 11:31:02,500 - ERROR - 상세 에러: {"rt_cd":"1","msg1":"초당 거래건수를 초과하였습니다.","msg_cd":"EGW00201","message":"EGW00201"}
2026-06-11 11:31:02,501 - ERROR - 주문 취소 실패: 응답 없음
2026-06-11 11:31:02,502 - ERROR - 주문 취소 실패. 다음 루프에서 재시도합니다.
2026-06-11 11:31:10,961 - INFO - 계좌 예수금: 9579264원
2026-06-11 11:31:10,961 - INFO - [005930] 보유: 1주, 매도 가능: 0주, 평단가: 299,000원
2026-06-11 11:31:10,978 - INFO - 미실현 손익: -2,500원 (-0.84%), 최고 수익률: 0.00%
2026-06-11 11:31:10,992 - INFO - 보유 수량(1)에 대해 매도 주문(0000019388)이 진행 중입니다.
2026-06-11 11:31:10,992 - INFO - 60초 후 다음 확인을 진행합니다. (현재 상태: SELLING)
2026-06-11 11:32:14,190 - INFO - [005930] 현재가: 296000, 고가: 306500, 저가: 287500
2026-06-11 11:32:14,190 - WARNING - ⚠️ 주문 고착 감지: 가격 이탈 (현재가:296,000, 목표가:301,000, 차이:5,000). 주문 취소를 시도합니다.
2026-06-11 11:32:14,191 - INFO - [CANCEL] 주문 취소 요청: 005930, 주문번호: 0000019388
2026-06-11 11:32:17,959 - INFO - 주문 취소 성공! (원주문: 0000019388)
2026-06-11 11:32:17,991 - INFO - 상태 전환 완료: HOLDING
2026-06-11 11:32:21,566 - INFO - 계좌 예수금: 9579264원
2026-06-11 11:32:21,566 - INFO - [005930] 보유: 1주, 매도 가능: 1주, 평단가: 299,000원
2026-06-11 11:32:21,582 - INFO - 미실현 손익: -3,000원 (-1.00%), 최고 수익률: 0.00%
2026-06-11 11:32:21,607 - INFO - 자가 최적화 기록 완료: C:\Users\witpo\OneDrive\바탕 화면\YONSEI\26-1\ECO4126 인공지능과금융공학\open-trading-api\self_optimization_history
2026-06-11 11:32:21,608 - INFO - 매도 조건 충족: 평단가(299,000), 현재가(296,000) -> 목표가(301,000원) (보수적 상향 보정)
2026-06-11 11:32:21,608 - INFO - [SELL] 주문 요청: 005930, 1주, 301000원
2026-06-11 11:32:25,291 - INFO - 주문 성공! 주문번호: 0000019586
2026-06-11 11:32:25,330 - INFO - 60초 후 다음 확인을 진행합니다. (현재 상태: SELLING)
2026-06-11 11:33:27,742 - INFO - [005930] 현재가: 296000, 고가: 306500, 저가: 287500
2026-06-11 11:33:27,742 - WARNING - ⚠️ 주문 고착 감지: 가격 이탈 (현재가:296,000, 목표가:301,000, 차이:5,000). 주문 취소를 시도합니다.
2026-06-11 11:33:27,742 - INFO - [CANCEL] 주문 취소 요청: 005930, 주문번호: 0000019586
2026-06-11 11:33:30,018 - INFO - 주문 취소 성공! (원주문: 0000019586)
2026-06-11 11:33:30,046 - INFO - 상태 전환 완료: HOLDING
2026-06-11 11:33:36,499 - INFO - 계좌 예수금: 9579264원
2026-06-11 11:33:36,499 - INFO - [005930] 보유: 1주, 매도 가능: 1주, 평단가: 299,000원
2026-06-11 11:33:36,518 - INFO - 미실현 손익: -3,000원 (-1.00%), 최고 수익률: 0.00%
2026-06-11 11:33:36,533 - INFO - 매도 조건 충족: 평단가(299,000), 현재가(296,000) -> 목표가(301,500원) (보수적 상향 보정)
2026-06-11 11:33:36,533 - INFO - [SELL] 주문 요청: 005930, 1주, 301500원
2026-06-11 11:33:36,667 - INFO - 주문 성공! 주문번호: 0000019687
2026-06-11 11:33:36,698 - INFO - 60초 후 다음 확인을 진행합니다. (현재 상태: SELLING)
2026-06-11 11:34:36,782 - INFO - [005930] 현재가: 294500, 고가: 306500, 저가: 287500
2026-06-11 11:34:36,783 - WARNING - ⚠️ 주문 고착 감지: 가격 이탈 (현재가:294,500, 목표가:301,500, 차이:7,000). 주문 취소를 시도합니다.
2026-06-11 11:34:36,783 - INFO - [CANCEL] 주문 취소 요청: 005930, 주문번호: 0000019687
2026-06-11 11:34:37,314 - INFO - 주문 취소 성공! (원주문: 0000019687)
2026-06-11 11:34:37,339 - INFO - 상태 전환 완료: HOLDING
2026-06-11 11:34:43,913 - INFO - 계좌 예수금: 9579264원
2026-06-11 11:34:43,913 - INFO - [005930] 보유: 1주, 매도 가능: 1주, 평단가: 299,000원
2026-06-11 11:34:43,930 - INFO - 미실현 손익: -4,500원 (-1.51%), 최고 수익률: 0.00%
2026-06-11 11:34:43,951 - INFO - 매도 조건 충족: 평단가(299,000), 현재가(294,500) -> 목표가(301,500원) (보수적 상향 보정)
2026-06-11 11:34:43,951 - INFO - [SELL] 주문 요청: 005930, 1주, 301500원
2026-06-11 11:34:46,088 - INFO - 주문 성공! 주문번호: 0000019800
2026-06-11 11:34:46,122 - INFO - 60초 후 다음 확인을 진행합니다. (현재 상태: SELLING)
2026-06-11 11:35:48,112 - INFO - [005930] 현재가: 295500, 고가: 306500, 저가: 287500
2026-06-11 11:35:48,112 - WARNING - ⚠️ 주문 고착 감지: 가격 이탈 (현재가:295,500, 목표가:301,500, 차이:6,000). 주문 취소를 시도합니다.
2026-06-11 11:35:48,113 - INFO - [CANCEL] 주문 취소 요청: 005930, 주문번호: 0000019800
2026-06-11 11:35:49,956 - INFO - 주문 취소 성공! (원주문: 0000019800)
2026-06-11 11:35:49,986 - INFO - 상태 전환 완료: HOLDING
2026-06-11 11:35:57,000 - INFO - 계좌 예수금: 9579264원
2026-06-11 11:35:57,000 - INFO - [005930] 보유: 1주, 매도 가능: 1주, 평단가: 299,000원
2026-06-11 11:35:57,015 - INFO - 미실현 손익: -3,500원 (-1.17%), 최고 수익률: 0.00%
2026-06-11 11:35:57,035 - INFO - 매도 조건 충족: 평단가(299,000), 현재가(295,500) -> 목표가(301,500원) (보수적 상향 보정)
2026-06-11 11:35:57,035 - INFO - [SELL] 주문 요청: 005930, 1주, 301500원
2026-06-11 11:35:59,312 - INFO - 주문 성공! 주문번호: 0000019934
2026-06-11 11:35:59,344 - INFO - 60초 후 다음 확인을 진행합니다. (현재 상태: SELLING)
2026-06-11 11:37:01,811 - INFO - [005930] 현재가: 296500, 고가: 306500, 저가: 287500
2026-06-11 11:37:01,812 - WARNING - ⚠️ 주문 고착 감지: 가격 이탈 (현재가:296,500, 목표가:301,500, 차이:5,000). 주문 취소를 시도합니다.
2026-06-11 11:37:01,812 - INFO - [CANCEL] 주문 취소 요청: 005930, 주문번호: 0000019934
2026-06-11 11:37:04,210 - INFO - 주문 취소 성공! (원주문: 0000019934)
2026-06-11 11:37:04,233 - INFO - 상태 전환 완료: HOLDING
2026-06-11 11:37:12,309 - INFO - 계좌 예수금: 9579264원
2026-06-11 11:37:12,309 - INFO - [005930] 보유: 1주, 매도 가능: 1주, 평단가: 299,000원
2026-06-11 11:37:12,321 - INFO - 미실현 손익: -2,500원 (-0.84%), 최고 수익률: 0.00%
2026-06-11 11:37:12,334 - INFO - 매도 조건 충족: 평단가(299,000), 현재가(296,500) -> 목표가(301,500원) (보수적 상향 보정)
2026-06-11 11:37:12,334 - INFO - [SELL] 주문 요청: 005930, 1주, 301500원
2026-06-11 11:37:12,470 - INFO - 주문 성공! 주문번호: 0000020010
2026-06-11 11:37:12,498 - INFO - 60초 후 다음 확인을 진행합니다. (현재 상태: SELLING)
2026-06-11 11:38:15,255 - INFO - [005930] 현재가: 295500, 고가: 306500, 저가: 287500
2026-06-11 11:38:15,256 - WARNING - ⚠️ 주문 고착 감지: 가격 이탈 (현재가:295,500, 목표가:301,500, 차이:6,000). 주문 취소를 시도합니다.
2026-06-11 11:38:15,256 - INFO - [CANCEL] 주문 취소 요청: 005930, 주문번호: 0000020010
2026-06-11 11:38:15,390 - INFO - 주문 취소 성공! (원주문: 0000020010)
2026-06-11 11:38:15,422 - INFO - 상태 전환 완료: HOLDING
2026-06-11 11:38:17,613 - INFO - 계좌 예수금: 9579264원
2026-06-11 11:38:17,613 - INFO - [005930] 보유: 1주, 매도 가능: 1주, 평단가: 299,000원
2026-06-11 11:38:17,628 - INFO - 미실현 손익: -3,500원 (-1.17%), 최고 수익률: 0.00%
2026-06-11 11:38:17,647 - INFO - 매도 조건 충족: 평단가(299,000), 현재가(295,500) -> 목표가(301,500원) (보수적 상향 보정)
2026-06-11 11:38:17,648 - INFO - [SELL] 주문 요청: 005930, 1주, 301500원
2026-06-11 11:38:20,581 - INFO - 주문 성공! 주문번호: 0000020073
2026-06-11 11:38:20,611 - INFO - 60초 후 다음 확인을 진행합니다. (현재 상태: SELLING)
2026-06-11 11:39:23,390 - INFO - [005930] 현재가: 296750, 고가: 306500, 저가: 287500
2026-06-11 11:39:23,390 - WARNING - ⚠️ 주문 고착 감지: 가격 이탈 (현재가:296,750, 목표가:301,500, 차이:4,750). 주문 취소를 시도합니다.
2026-06-11 11:39:23,391 - INFO - [CANCEL] 주문 취소 요청: 005930, 주문번호: 0000020073
2026-06-11 11:39:26,125 - INFO - 주문 취소 성공! (원주문: 0000020073)
2026-06-11 11:39:26,154 - INFO - 상태 전환 완료: HOLDING
2026-06-11 11:39:32,524 - INFO - 계좌 예수금: 9579264원
2026-06-11 11:39:32,524 - INFO - [005930] 보유: 1주, 매도 가능: 1주, 평단가: 299,000원
2026-06-11 11:39:32,538 - INFO - 미실현 손익: -2,250원 (-0.75%), 최고 수익률: 0.00%
2026-06-11 11:39:32,552 - INFO - 매도 조건 충족: 평단가(299,000), 현재가(296,750) -> 목표가(301,500원) (보수적 상향 보정)
2026-06-11 11:39:32,552 - INFO - [SELL] 주문 요청: 005930, 1주, 301500원
2026-06-11 11:39:32,654 - INFO - 주문 성공! 주문번호: 0000020151
2026-06-11 11:39:32,685 - INFO - 60초 후 다음 확인을 진행합니다. (현재 상태: SELLING)
2026-06-11 11:40:37,133 - INFO - [005930] 현재가: 297000, 고가: 306500, 저가: 287500
2026-06-11 11:40:37,133 - WARNING - ⚠️ 주문 고착 감지: 가격 이탈 (현재가:297,000, 목표가:301,500, 차이:4,500). 주문 취소를 시도합니다.
2026-06-11 11:40:37,134 - INFO - [CANCEL] 주문 취소 요청: 005930, 주문번호: 0000020151
2026-06-11 11:40:39,054 - INFO - 주문 취소 성공! (원주문: 0000020151)
2026-06-11 11:40:39,082 - INFO - 상태 전환 완료: HOLDING
2026-06-11 11:40:45,637 - INFO - 계좌 예수금: 9579264원
2026-06-11 11:40:45,637 - INFO - [005930] 보유: 1주, 매도 가능: 1주, 평단가: 299,000원
2026-06-11 11:40:45,654 - INFO - 미실현 손익: -2,000원 (-0.67%), 최고 수익률: 0.00%
2026-06-11 11:40:45,668 - INFO - 매도 조건 충족: 평단가(299,000), 현재가(297,000) -> 목표가(301,500원) (보수적 상향 보정)
2026-06-11 11:40:45,669 - INFO - [SELL] 주문 요청: 005930, 1주, 301500원
2026-06-11 11:40:47,473 - INFO - 주문 성공! 주문번호: 0000020210
2026-06-11 11:40:47,504 - INFO - 60초 후 다음 확인을 진행합니다. (현재 상태: SELLING)
2026-06-11 11:41:49,569 - INFO - [005930] 현재가: 297000, 고가: 306500, 저가: 287500
2026-06-11 11:41:49,570 - WARNING - ⚠️ 주문 고착 감지: 가격 이탈 (현재가:297,000, 목표가:301,500, 차이:4,500). 주문 취소를 시도합니다.
2026-06-11 11:41:49,570 - INFO - [CANCEL] 주문 취소 요청: 005930, 주문번호: 0000020210
2026-06-11 11:41:52,361 - INFO - 주문 취소 성공! (원주문: 0000020210)
2026-06-11 11:41:52,389 - INFO - 상태 전환 완료: HOLDING
2026-06-11 11:41:55,644 - INFO - 계좌 예수금: 9579264원
2026-06-11 11:41:55,644 - INFO - [005930] 보유: 1주, 매도 가능: 1주, 평단가: 299,000원
2026-06-11 11:41:55,658 - INFO - 미실현 손익: -2,000원 (-0.67%), 최고 수익률: 0.00%
2026-06-11 11:41:55,672 - INFO - 매도 조건 충족: 평단가(299,000), 현재가(297,000) -> 목표가(301,500원) (보수적 상향 보정)
2026-06-11 11:41:55,672 - INFO - [SELL] 주문 요청: 005930, 1주, 301500원
2026-06-11 11:41:58,713 - INFO - 주문 성공! 주문번호: 0000020278
2026-06-11 11:41:58,743 - INFO - 60초 후 다음 확인을 진행합니다. (현재 상태: SELLING)
2026-06-11 11:42:58,889 - INFO - [005930] 현재가: 296500, 고가: 306500, 저가: 287500
2026-06-11 11:42:58,890 - WARNING - ⚠️ 주문 고착 감지: 가격 이탈 (현재가:296,500, 목표가:301,500, 차이:5,000). 주문 취소를 시도합니다.
2026-06-11 11:42:58,890 - INFO - [CANCEL] 주문 취소 요청: 005930, 주문번호: 0000020278
2026-06-11 11:42:59,612 - ERROR - POST 요청 실패 (VTTC0013U): 500 Server Error: Internal Server Error for url: https://openapivts.koreainvestment.com:29443/uapi/domestic-stock/v1/trading/order-rvsecncl
2026-06-11 11:42:59,613 - ERROR - 상세 에러: {"rt_cd":"1","msg1":"초당 거래건수를 초과하였습니다.","msg_cd":"EGW00201","message":"EGW00201"}
2026-06-11 11:42:59,615 - ERROR - 주문 취소 실패: 응답 없음
2026-06-11 11:42:59,616 - ERROR - 주문 취소 실패. 다음 루프에서 재시도합니다.
2026-06-11 11:43:04,497 - INFO - 계좌 예수금: 9579264원
2026-06-11 11:43:04,498 - INFO - [005930] 보유: 1주, 매도 가능: 0주, 평단가: 299,000원
2026-06-11 11:43:04,512 - INFO - 미실현 손익: -2,500원 (-0.84%), 최고 수익률: 0.00%
2026-06-11 11:43:04,532 - INFO - 보유 수량(1)에 대해 매도 주문(0000020278)이 진행 중입니다.
2026-06-11 11:43:04,532 - INFO - 60초 후 다음 확인을 진행합니다. (현재 상태: SELLING)
2026-06-11 11:44:05,063 - INFO - [005930] 현재가: 296000, 고가: 306500, 저가: 287500
2026-06-11 11:44:05,064 - WARNING - ⚠️ 주문 고착 감지: 가격 이탈 (현재가:296,000, 목표가:301,500, 차이:5,500). 주문 취소를 시도합니다.
2026-06-11 11:44:05,064 - INFO - [CANCEL] 주문 취소 요청: 005930, 주문번호: 0000020278
2026-06-11 11:44:05,660 - ERROR - POST 요청 실패 (VTTC0013U): 500 Server Error: Internal Server Error for url: https://openapivts.koreainvestment.com:29443/uapi/domestic-stock/v1/trading/order-rvsecncl
2026-06-11 11:44:05,661 - ERROR - 상세 에러: {"rt_cd":"1","msg1":"초당 거래건수를 초과하였습니다.","msg_cd":"EGW00201","message":"EGW00201"}
2026-06-11 11:44:05,664 - ERROR - 주문 취소 실패: 응답 없음
2026-06-11 11:44:05,664 - ERROR - 주문 취소 실패. 다음 루프에서 재시도합니다.
2026-06-11 11:44:10,389 - INFO - 계좌 예수금: 9579264원
2026-06-11 11:44:10,389 - INFO - [005930] 보유: 1주, 매도 가능: 0주, 평단가: 299,000원
2026-06-11 11:44:10,405 - INFO - 미실현 손익: -3,000원 (-1.00%), 최고 수익률: 0.00%
2026-06-11 11:44:10,419 - INFO - 보유 수량(1)에 대해 매도 주문(0000020278)이 진행 중입니다.
2026-06-11 11:44:10,419 - INFO - 60초 후 다음 확인을 진행합니다. (현재 상태: SELLING)
2026-06-11 11:45:11,821 - INFO - [005930] 현재가: 296000, 고가: 306500, 저가: 287500
2026-06-11 11:45:11,822 - WARNING - ⚠️ 주문 고착 감지: 가격 이탈 (현재가:296,000, 목표가:301,500, 차이:5,500). 주문 취소를 시도합니다.
2026-06-11 11:45:11,822 - INFO - [CANCEL] 주문 취소 요청: 005930, 주문번호: 0000020278
2026-06-11 11:45:13,344 - INFO - 주문 취소 성공! (원주문: 0000020278)
2026-06-11 11:45:13,373 - INFO - 상태 전환 완료: HOLDING
2026-06-11 11:45:19,525 - INFO - 계좌 예수금: 9579264원
2026-06-11 11:45:19,525 - INFO - [005930] 보유: 1주, 매도 가능: 1주, 평단가: 299,000원
2026-06-11 11:45:19,540 - INFO - 미실현 손익: -3,000원 (-1.00%), 최고 수익률: 0.00%
2026-06-11 11:45:19,555 - INFO - 매도 조건 충족: 평단가(299,000), 현재가(296,000) -> 목표가(301,500원) (보수적 상향 보정)
2026-06-11 11:45:19,555 - INFO - [SELL] 주문 요청: 005930, 1주, 301500원
2026-06-11 11:45:21,118 - INFO - 주문 성공! 주문번호: 0000020488
2026-06-11 11:45:21,148 - INFO - 60초 후 다음 확인을 진행합니다. (현재 상태: SELLING)
2026-06-11 11:46:23,378 - INFO - [005930] 현재가: 296500, 고가: 306500, 저가: 287500
2026-06-11 11:46:23,379 - WARNING - ⚠️ 주문 고착 감지: 가격 이탈 (현재가:296,500, 목표가:301,500, 차이:5,000). 주문 취소를 시도합니다.
2026-06-11 11:46:23,379 - INFO - [CANCEL] 주문 취소 요청: 005930, 주문번호: 0000020488
2026-06-11 11:46:23,490 - INFO - 주문 취소 성공! (원주문: 0000020488)
2026-06-11 11:46:23,520 - INFO - 상태 전환 완료: HOLDING
2026-06-11 11:46:27,459 - INFO - 계좌 예수금: 9579264원
2026-06-11 11:46:27,459 - INFO - [005930] 보유: 1주, 매도 가능: 1주, 평단가: 299,000원
2026-06-11 11:46:27,473 - INFO - 미실현 손익: -2,500원 (-0.84%), 최고 수익률: 0.00%
2026-06-11 11:46:27,487 - INFO - 매도 조건 충족: 평단가(299,000), 현재가(296,500) -> 목표가(301,500원) (보수적 상향 보정)
2026-06-11 11:46:27,488 - INFO - [SELL] 주문 요청: 005930, 1주, 301500원
2026-06-11 11:46:29,996 - INFO - 주문 성공! 주문번호: 0000020554
2026-06-11 11:46:30,030 - INFO - 60초 후 다음 확인을 진행합니다. (현재 상태: SELLING)
2026-06-11 11:47:30,127 - INFO - [005930] 현재가: 296000, 고가: 306500, 저가: 287500
2026-06-11 11:47:30,128 - WARNING - ⚠️ 주문 고착 감지: 가격 이탈 (현재가:296,000, 목표가:301,500, 차이:5,500). 주문 취소를 시도합니다.
2026-06-11 11:47:30,128 - INFO - [CANCEL] 주문 취소 요청: 005930, 주문번호: 0000020554
2026-06-11 11:47:30,615 - ERROR - POST 요청 실패 (VTTC0013U): 500 Server Error: Internal Server Error for url: https://openapivts.koreainvestment.com:29443/uapi/domestic-stock/v1/trading/order-rvsecncl
2026-06-11 11:47:30,616 - ERROR - 상세 에러: {"rt_cd":"1","msg1":"초당 거래건수를 초과하였습니다.","msg_cd":"EGW00201","message":"EGW00201"}
2026-06-11 11:47:30,618 - ERROR - 주문 취소 실패: 응답 없음
2026-06-11 11:47:30,618 - ERROR - 주문 취소 실패. 다음 루프에서 재시도합니다.
2026-06-11 11:47:36,290 - INFO - 계좌 예수금: 9579264원
2026-06-11 11:47:36,290 - INFO - [005930] 보유: 1주, 매도 가능: 0주, 평단가: 299,000원
2026-06-11 11:47:36,304 - INFO - 미실현 손익: -3,000원 (-1.00%), 최고 수익률: 0.00%
2026-06-11 11:47:36,317 - INFO - 보유 수량(1)에 대해 매도 주문(0000020554)이 진행 중입니다.
2026-06-11 11:47:36,318 - INFO - 60초 후 다음 확인을 진행합니다. (현재 상태: SELLING)
2026-06-11 11:48:40,930 - INFO - [005930] 현재가: 297000, 고가: 306500, 저가: 287500
2026-06-11 11:48:40,931 - WARNING - ⚠️ 주문 고착 감지: 가격 이탈 (현재가:297,000, 목표가:301,500, 차이:4,500). 주문 취소를 시도합니다.
2026-06-11 11:48:40,931 - INFO - [CANCEL] 주문 취소 요청: 005930, 주문번호: 0000020554
2026-06-11 11:48:41,054 - INFO - 주문 취소 성공! (원주문: 0000020554)
2026-06-11 11:48:41,083 - INFO - 상태 전환 완료: HOLDING
2026-06-11 11:48:43,203 - INFO - 계좌 예수금: 9579264원
2026-06-11 11:48:43,203 - INFO - [005930] 보유: 1주, 매도 가능: 1주, 평단가: 299,000원
2026-06-11 11:48:43,218 - INFO - 미실현 손익: -2,000원 (-0.67%), 최고 수익률: 0.00%
2026-06-11 11:48:43,232 - INFO - 매도 조건 충족: 평단가(299,000), 현재가(297,000) -> 목표가(301,500원) (보수적 상향 보정)
2026-06-11 11:48:43,232 - INFO - [SELL] 주문 요청: 005930, 1주, 301500원
2026-06-11 11:48:46,447 - INFO - 주문 성공! 주문번호: 0000020667
2026-06-11 11:48:46,484 - INFO - 60초 후 다음 확인을 진행합니다. (현재 상태: SELLING)
2026-06-11 11:49:46,588 - INFO - [005930] 현재가: 296500, 고가: 306500, 저가: 287500
2026-06-11 11:49:46,588 - WARNING - ⚠️ 주문 고착 감지: 가격 이탈 (현재가:296,500, 목표가:301,500, 차이:5,000). 주문 취소를 시도합니다.
2026-06-11 11:49:46,588 - INFO - [CANCEL] 주문 취소 요청: 005930, 주문번호: 0000020667
2026-06-11 11:49:47,124 - INFO - 주문 취소 성공! (원주문: 0000020667)
2026-06-11 11:49:47,153 - INFO - 상태 전환 완료: HOLDING
2026-06-11 11:49:52,967 - INFO - 계좌 예수금: 9579264원
2026-06-11 11:49:52,968 - INFO - [005930] 보유: 1주, 매도 가능: 1주, 평단가: 299,000원
2026-06-11 11:49:52,984 - INFO - 미실현 손익: -2,500원 (-0.84%), 최고 수익률: 0.00%
2026-06-11 11:49:52,999 - INFO - 매도 조건 충족: 평단가(299,000), 현재가(296,500) -> 목표가(301,500원) (보수적 상향 보정)
2026-06-11 11:49:52,999 - INFO - [SELL] 주문 요청: 005930, 1주, 301500원
2026-06-11 11:49:53,139 - INFO - 주문 성공! 주문번호: 0000020730
2026-06-11 11:49:53,169 - INFO - 60초 후 다음 확인을 진행합니다. (현재 상태: SELLING)
2026-06-11 11:50:56,816 - INFO - [005930] 현재가: 297500, 고가: 306500, 저가: 287500
2026-06-11 11:50:56,817 - WARNING - ⚠️ 주문 고착 감지: 가격 이탈 (현재가:297,500, 목표가:301,500, 차이:4,000). 주문 취소를 시도합니다.
2026-06-11 11:50:56,817 - INFO - [CANCEL] 주문 취소 요청: 005930, 주문번호: 0000020730
2026-06-11 11:50:57,236 - INFO - 주문 취소 성공! (원주문: 0000020730)
2026-06-11 11:50:57,266 - INFO - 상태 전환 완료: HOLDING
2026-06-11 11:51:02,366 - INFO - 계좌 예수금: 9579264원
2026-06-11 11:51:02,366 - INFO - [005930] 보유: 1주, 매도 가능: 1주, 평단가: 299,000원
2026-06-11 11:51:02,382 - INFO - 미실현 손익: -1,500원 (-0.50%), 최고 수익률: 0.00%
2026-06-11 11:51:02,395 - INFO - 매도 조건 충족: 평단가(299,000), 현재가(297,500) -> 목표가(301,500원) (보수적 상향 보정)
2026-06-11 11:51:02,395 - INFO - [SELL] 주문 요청: 005930, 1주, 301500원
2026-06-11 11:51:03,920 - INFO - 주문 성공! 주문번호: 0000020805
2026-06-11 11:51:03,953 - INFO - 60초 후 다음 확인을 진행합니다. (현재 상태: SELLING)
2026-06-11 11:52:05,336 - INFO - [005930] 현재가: 296500, 고가: 306500, 저가: 287500
2026-06-11 11:52:05,336 - WARNING - ⚠️ 주문 고착 감지: 가격 이탈 (현재가:296,500, 목표가:301,500, 차이:5,000). 주문 취소를 시도합니다.
2026-06-11 11:52:05,336 - INFO - [CANCEL] 주문 취소 요청: 005930, 주문번호: 0000020805
2026-06-11 11:52:05,434 - INFO - 주문 취소 성공! (원주문: 0000020805)
2026-06-11 11:52:05,463 - INFO - 상태 전환 완료: HOLDING
2026-06-11 11:52:10,410 - INFO - 계좌 예수금: 9579264원
2026-06-11 11:52:10,410 - INFO - [005930] 보유: 1주, 매도 가능: 1주, 평단가: 299,000원
2026-06-11 11:52:10,426 - INFO - 미실현 손익: -2,500원 (-0.84%), 최고 수익률: 0.00%
2026-06-11 11:52:10,442 - INFO - 매도 조건 충족: 평단가(299,000), 현재가(296,500) -> 목표가(301,500원) (보수적 상향 보정)
2026-06-11 11:52:10,442 - INFO - [SELL] 주문 요청: 005930, 1주, 301500원
2026-06-11 11:52:10,542 - INFO - 주문 성공! 주문번호: 0000020887
2026-06-11 11:52:10,571 - INFO - 60초 후 다음 확인을 진행합니다. (현재 상태: SELLING)
2026-06-11 11:53:10,828 - INFO - [005930] 현재가: 296750, 고가: 306500, 저가: 287500
2026-06-11 11:53:10,829 - WARNING - ⚠️ 주문 고착 감지: 가격 이탈 (현재가:296,750, 목표가:301,500, 차이:4,750). 주문 취소를 시도합니다.
2026-06-11 11:53:10,829 - INFO - [CANCEL] 주문 취소 요청: 005930, 주문번호: 0000020887
2026-06-11 11:53:11,203 - INFO - 주문 취소 성공! (원주문: 0000020887)
2026-06-11 11:53:11,231 - INFO - 상태 전환 완료: HOLDING
2026-06-11 11:53:19,325 - INFO - 계좌 예수금: 9579264원
2026-06-11 11:53:19,325 - INFO - [005930] 보유: 1주, 매도 가능: 1주, 평단가: 299,000원
2026-06-11 11:53:19,343 - INFO - 미실현 손익: -2,250원 (-0.75%), 최고 수익률: 0.00%
2026-06-11 11:53:19,357 - INFO - 매도 조건 충족: 평단가(299,000), 현재가(296,750) -> 목표가(301,500원) (보수적 상향 보정)
2026-06-11 11:53:19,357 - INFO - [SELL] 주문 요청: 005930, 1주, 301500원
2026-06-11 11:53:19,454 - INFO - 주문 성공! 주문번호: 0000020941
2026-06-11 11:53:19,504 - INFO - 자가 최적화 기록 완료: C:\Users\witpo\OneDrive\바탕 화면\YONSEI\26-1\ECO4126 인공지능과금융공학\open-trading-api\self_optimization_history
2026-06-11 11:53:19,518 - INFO - 60초 후 다음 확인을 진행합니다. (현재 상태: SELLING)
2026-06-11 11:54:20,753 - INFO - [005930] 현재가: 296500, 고가: 306500, 저가: 287500
2026-06-11 11:54:20,753 - WARNING - ⚠️ 주문 고착 감지: 가격 이탈 (현재가:296,500, 목표가:301,500, 차이:5,000). 주문 취소를 시도합니다.
2026-06-11 11:54:20,754 - INFO - [CANCEL] 주문 취소 요청: 005930, 주문번호: 0000020941
2026-06-11 11:54:22,185 - INFO - 주문 취소 성공! (원주문: 0000020941)
2026-06-11 11:54:22,214 - INFO - 상태 전환 완료: HOLDING
2026-06-11 11:54:25,109 - INFO - 계좌 예수금: 9579264원
2026-06-11 11:54:25,109 - INFO - [005930] 보유: 1주, 매도 가능: 1주, 평단가: 299,000원
2026-06-11 11:54:25,129 - INFO - 미실현 손익: -2,500원 (-0.84%), 최고 수익률: 0.00%
2026-06-11 11:54:25,149 - INFO - 매도 조건 충족: 평단가(299,000), 현재가(296,500) -> 목표가(301,000원) (보수적 상향 보정)
2026-06-11 11:54:25,150 - INFO - [SELL] 주문 요청: 005930, 1주, 301000원
2026-06-11 11:54:26,731 - INFO - 주문 성공! 주문번호: 0000021013
2026-06-11 11:54:26,765 - INFO - 60초 후 다음 확인을 진행합니다. (현재 상태: SELLING)
2026-06-11 11:55:29,050 - INFO - [005930] 현재가: 296500, 고가: 306500, 저가: 287500
2026-06-11 11:55:29,050 - WARNING - ⚠️ 주문 고착 감지: 가격 이탈 (현재가:296,500, 목표가:301,000, 차이:4,500). 주문 취소를 시도합니다.
2026-06-11 11:55:29,050 - INFO - [CANCEL] 주문 취소 요청: 005930, 주문번호: 0000021013
2026-06-11 11:55:29,190 - INFO - 주문 취소 성공! (원주문: 0000021013)
2026-06-11 11:55:29,219 - INFO - 상태 전환 완료: HOLDING
2026-06-11 11:55:36,320 - INFO - 계좌 예수금: 9579264원
2026-06-11 11:55:36,321 - INFO - [005930] 보유: 1주, 매도 가능: 1주, 평단가: 299,000원
2026-06-11 11:55:36,340 - INFO - 미실현 손익: -2,500원 (-0.84%), 최고 수익률: 0.00%
2026-06-11 11:55:36,355 - INFO - 매도 조건 충족: 평단가(299,000), 현재가(296,500) -> 목표가(301,000원) (보수적 상향 보정)
2026-06-11 11:55:36,356 - INFO - [SELL] 주문 요청: 005930, 1주, 301000원
2026-06-11 11:55:38,292 - INFO - 주문 성공! 주문번호: 0000021062
2026-06-11 11:55:38,325 - INFO - 60초 후 다음 확인을 진행합니다. (현재 상태: SELLING)
2026-06-11 11:56:42,127 - INFO - [005930] 현재가: 297000, 고가: 306500, 저가: 287500
2026-06-11 11:56:42,127 - WARNING - ⚠️ 주문 고착 감지: 가격 이탈 (현재가:297,000, 목표가:301,000, 차이:4,000). 주문 취소를 시도합니다.
2026-06-11 11:56:42,127 - INFO - [CANCEL] 주문 취소 요청: 005930, 주문번호: 0000021062
2026-06-11 11:56:45,965 - INFO - 주문 취소 성공! (원주문: 0000021062)
2026-06-11 11:56:46,001 - INFO - 상태 전환 완료: HOLDING
2026-06-11 11:56:49,282 - INFO - 계좌 예수금: 9579264원
2026-06-11 11:56:49,282 - INFO - [005930] 보유: 1주, 매도 가능: 1주, 평단가: 299,000원
2026-06-11 11:56:49,299 - INFO - 미실현 손익: -2,000원 (-0.67%), 최고 수익률: 0.00%
2026-06-11 11:56:49,313 - INFO - 매도 조건 충족: 평단가(299,000), 현재가(297,000) -> 목표가(301,000원) (보수적 상향 보정)
2026-06-11 11:56:49,314 - INFO - [SELL] 주문 요청: 005930, 1주, 301000원
2026-06-11 11:56:52,211 - INFO - 주문 성공! 주문번호: 0000021158
2026-06-11 11:56:52,246 - INFO - 60초 후 다음 확인을 진행합니다. (현재 상태: SELLING)
2026-06-11 11:57:52,364 - INFO - [005930] 현재가: 298000, 고가: 306500, 저가: 287500
2026-06-11 11:57:52,364 - WARNING - ⚠️ 주문 고착 감지: 가격 이탈 (현재가:298,000, 목표가:301,000, 차이:3,000). 주문 취소를 시도합니다.
2026-06-11 11:57:52,365 - INFO - [CANCEL] 주문 취소 요청: 005930, 주문번호: 0000021158
2026-06-11 11:57:55,075 - INFO - 주문 취소 성공! (원주문: 0000021158)
2026-06-11 11:57:55,106 - INFO - 상태 전환 완료: HOLDING
2026-06-11 11:57:59,134 - INFO - 계좌 예수금: 9579264원
2026-06-11 11:57:59,134 - INFO - [005930] 보유: 1주, 매도 가능: 1주, 평단가: 299,000원
2026-06-11 11:57:59,148 - INFO - 미실현 손익: -1,000원 (-0.33%), 최고 수익률: 0.00%
2026-06-11 11:57:59,167 - INFO - 매도 조건 충족: 평단가(299,000), 현재가(298,000) -> 목표가(301,000원) (보수적 상향 보정)
2026-06-11 11:57:59,168 - INFO - [SELL] 주문 요청: 005930, 1주, 301000원
2026-06-11 11:58:00,833 - INFO - 주문 성공! 주문번호: 0000021242
2026-06-11 11:58:00,863 - INFO - 60초 후 다음 확인을 진행합니다. (현재 상태: SELLING)
2026-06-11 11:59:00,940 - INFO - [005930] 현재가: 298500, 고가: 306500, 저가: 287500
2026-06-11 11:59:00,940 - WARNING - ⚠️ 주문 고착 감지: 가격 이탈 (현재가:298,500, 목표가:301,000, 차이:2,500). 주문 취소를 시도합니다.
2026-06-11 11:59:00,940 - INFO - [CANCEL] 주문 취소 요청: 005930, 주문번호: 0000021242
2026-06-11 11:59:01,452 - ERROR - POST 요청 실패 (VTTC0013U): 500 Server Error: Internal Server Error for url: https://openapivts.koreainvestment.com:29443/uapi/domestic-stock/v1/trading/order-rvsecncl
2026-06-11 11:59:01,453 - ERROR - 상세 에러: {"rt_cd":"1","msg1":"초당 거래건수를 초과하였습니다.","msg_cd":"EGW00201","message":"EGW00201"}
2026-06-11 11:59:01,457 - ERROR - 주문 취소 실패: 응답 없음
2026-06-11 11:59:01,458 - ERROR - 주문 취소 실패. 다음 루프에서 재시도합니다.
2026-06-11 11:59:06,001 - INFO - 계좌 예수금: 9579264원
2026-06-11 11:59:06,002 - INFO - [005930] 보유: 1주, 매도 가능: 0주, 평단가: 299,000원
2026-06-11 11:59:06,014 - INFO - 미실현 손익: -500원 (-0.17%), 최고 수익률: 0.00%
2026-06-11 11:59:06,040 - INFO - 보유 수량(1)에 대해 매도 주문(0000021242)이 진행 중입니다.
2026-06-11 11:59:06,040 - INFO - 60초 후 다음 확인을 진행합니다. (현재 상태: SELLING)
2026-06-11 12:00:06,147 - INFO - [005930] 현재가: 297500, 고가: 306500, 저가: 287500
2026-06-11 12:00:06,147 - WARNING - ⚠️ 주문 고착 감지: 가격 이탈 (현재가:297,500, 목표가:301,000, 차이:3,500). 주문 취소를 시도합니다.
2026-06-11 12:00:06,148 - INFO - [CANCEL] 주문 취소 요청: 005930, 주문번호: 0000021242
2026-06-11 12:00:06,775 - ERROR - POST 요청 실패 (VTTC0013U): 500 Server Error: Internal Server Error for url: https://openapivts.koreainvestment.com:29443/uapi/domestic-stock/v1/trading/order-rvsecncl
2026-06-11 12:00:06,775 - ERROR - 상세 에러: {"rt_cd":"1","msg1":"초당 거래건수를 초과하였습니다.","msg_cd":"EGW00201","message":"EGW00201"}
2026-06-11 12:00:06,777 - ERROR - 주문 취소 실패: 응답 없음
2026-06-11 12:00:06,778 - ERROR - 주문 취소 실패. 다음 루프에서 재시도합니다.
2026-06-11 12:00:17,850 - ERROR - GET 요청 실패 (VTTC8434R): HTTPSConnectionPool(host='openapivts.koreainvestment.com', port=29443): Read timed out. (read timeout=10)
2026-06-11 12:00:17,851 - ERROR - 잔고 조회 실패
2026-06-11 12:00:24,580 - INFO - 매도 주문 완료 확인: 상태를 IDLE로 전환합니다.
2026-06-11 12:00:24,614 - WARNING - 예수금 부족으로 매수 불가 (예수금: 0원, 필요: 296000원)
2026-06-11 12:00:24,615 - INFO - 60초 후 다음 확인을 진행합니다. (현재 상태: IDLE)
2026-06-11 12:01:25,594 - INFO - [005930] 현재가: 298000, 고가: 306500, 저가: 287500
2026-06-11 12:01:31,193 - INFO - 계좌 예수금: 9579264원
2026-06-11 12:01:31,194 - INFO - [005930] 보유: 1주, 매도 가능: 0주, 평단가: 299,000원
2026-06-11 12:01:31,211 - INFO - 미실현 손익: -1,000원 (-0.33%), 최고 수익률: 0.00%
2026-06-11 12:01:31,248 - INFO - 보유 수량(1)에 대해 매도 주문(0000021242)이 진행 중입니다.
2026-06-11 12:01:31,249 - INFO - 60초 후 다음 확인을 진행합니다. (현재 상태: SELLING)
2026-06-11 12:02:31,348 - INFO - [005930] 현재가: 297000, 고가: 306500, 저가: 287500
2026-06-11 12:02:31,348 - WARNING - ⚠️ 주문 고착 감지: 가격 이탈 (현재가:297,000, 목표가:301,000, 차이:4,000). 주문 취소를 시도합니다.
2026-06-11 12:02:31,349 - INFO - [CANCEL] 주문 취소 요청: 005930, 주문번호: 0000021242
2026-06-11 12:02:31,829 - ERROR - POST 요청 실패 (VTTC0013U): 500 Server Error: Internal Server Error for url: https://openapivts.koreainvestment.com:29443/uapi/domestic-stock/v1/trading/order-rvsecncl
2026-06-11 12:02:31,829 - ERROR - 상세 에러: {"rt_cd":"1","msg1":"초당 거래건수를 초과하였습니다.","msg_cd":"EGW00201","message":"EGW00201"}
2026-06-11 12:02:31,831 - ERROR - 주문 취소 실패: 응답 없음
2026-06-11 12:02:31,832 - ERROR - 주문 취소 실패. 다음 루프에서 재시도합니다.
2026-06-11 12:02:39,378 - INFO - 계좌 예수금: 9579264원
2026-06-11 12:02:39,378 - INFO - [005930] 보유: 1주, 매도 가능: 0주, 평단가: 299,000원
2026-06-11 12:02:39,397 - INFO - 미실현 손익: -2,000원 (-0.67%), 최고 수익률: 0.00%
2026-06-11 12:02:39,412 - INFO - 보유 수량(1)에 대해 매도 주문(0000021242)이 진행 중입니다.
2026-06-11 12:02:39,413 - INFO - 60초 후 다음 확인을 진행합니다. (현재 상태: SELLING)
2026-06-11 12:03:39,490 - INFO - [005930] 현재가: 297500, 고가: 306500, 저가: 287500
2026-06-11 12:03:39,491 - WARNING - ⚠️ 주문 고착 감지: 가격 이탈 (현재가:297,500, 목표가:301,000, 차이:3,500). 주문 취소를 시도합니다.
2026-06-11 12:03:39,491 - INFO - [CANCEL] 주문 취소 요청: 005930, 주문번호: 0000021242
2026-06-11 12:03:42,527 - INFO - 주문 취소 성공! (원주문: 0000021242)
2026-06-11 12:03:42,553 - INFO - 상태 전환 완료: HOLDING
2026-06-11 12:03:48,929 - INFO - 계좌 예수금: 9579264원
2026-06-11 12:03:48,930 - INFO - [005930] 보유: 1주, 매도 가능: 1주, 평단가: 299,000원
2026-06-11 12:03:48,944 - INFO - 미실현 손익: -1,500원 (-0.50%), 최고 수익률: 0.00%
2026-06-11 12:03:48,959 - INFO - 매도 조건 충족: 평단가(299,000), 현재가(297,500) -> 목표가(301,000원) (보수적 상향 보정)
2026-06-11 12:03:48,959 - INFO - [SELL] 주문 요청: 005930, 1주, 301000원
2026-06-11 12:03:49,078 - INFO - 주문 성공! 주문번호: 0000021677
2026-06-11 12:03:49,115 - INFO - 60초 후 다음 확인을 진행합니다. (현재 상태: SELLING)
2026-06-11 12:04:49,227 - INFO - [005930] 현재가: 297750, 고가: 306500, 저가: 287500
2026-06-11 12:04:49,228 - WARNING - ⚠️ 주문 고착 감지: 가격 이탈 (현재가:297,750, 목표가:301,000, 차이:3,250). 주문 취소를 시도합니다.
2026-06-11 12:04:49,228 - INFO - [CANCEL] 주문 취소 요청: 005930, 주문번호: 0000021677
2026-06-11 12:04:49,767 - INFO - 주문 취소 성공! (원주문: 0000021677)
2026-06-11 12:04:49,794 - INFO - 상태 전환 완료: HOLDING
2026-06-11 12:04:54,369 - INFO - 계좌 예수금: 9579264원
2026-06-11 12:04:54,370 - INFO - [005930] 보유: 1주, 매도 가능: 1주, 평단가: 299,000원
2026-06-11 12:04:54,387 - INFO - 미실현 손익: -1,250원 (-0.42%), 최고 수익률: 0.00%
2026-06-11 12:04:54,402 - INFO - 매도 조건 충족: 평단가(299,000), 현재가(297,750) -> 목표가(301,000원) (보수적 상향 보정)
2026-06-11 12:04:54,403 - INFO - [SELL] 주문 요청: 005930, 1주, 301000원
2026-06-11 12:04:54,849 - INFO - 주문 성공! 주문번호: 0000021731
2026-06-11 12:04:54,874 - INFO - 60초 후 다음 확인을 진행합니다. (현재 상태: SELLING)
2026-06-11 12:05:54,952 - INFO - [005930] 현재가: 297750, 고가: 306500, 저가: 287500
2026-06-11 12:05:54,953 - WARNING - ⚠️ 주문 고착 감지: 가격 이탈 (현재가:297,750, 목표가:301,000, 차이:3,250). 주문 취소를 시도합니다.
2026-06-11 12:05:54,953 - INFO - [CANCEL] 주문 취소 요청: 005930, 주문번호: 0000021731
2026-06-11 12:05:57,445 - INFO - 주문 취소 성공! (원주문: 0000021731)
2026-06-11 12:05:57,477 - INFO - 상태 전환 완료: HOLDING
2026-06-11 12:06:00,888 - INFO - 계좌 예수금: 9579264원
2026-06-11 12:06:00,889 - INFO - [005930] 보유: 1주, 매도 가능: 1주, 평단가: 299,000원
2026-06-11 12:06:00,904 - INFO - 미실현 손익: -1,250원 (-0.42%), 최고 수익률: 0.00%
2026-06-11 12:06:00,918 - INFO - 매도 조건 충족: 평단가(299,000), 현재가(297,750) -> 목표가(301,000원) (보수적 상향 보정)
2026-06-11 12:06:00,919 - INFO - [SELL] 주문 요청: 005930, 1주, 301000원
2026-06-11 12:06:01,065 - INFO - 주문 성공! 주문번호: 0000021795
2026-06-11 12:06:01,094 - INFO - 60초 후 다음 확인을 진행합니다. (현재 상태: SELLING)
2026-06-11 12:07:02,824 - INFO - [005930] 현재가: 297000, 고가: 306500, 저가: 287500
2026-06-11 12:07:02,824 - WARNING - ⚠️ 주문 고착 감지: 가격 이탈 (현재가:297,000, 목표가:301,000, 차이:4,000). 주문 취소를 시도합니다.
2026-06-11 12:07:02,824 - INFO - [CANCEL] 주문 취소 요청: 005930, 주문번호: 0000021795
2026-06-11 12:07:02,924 - INFO - 주문 취소 성공! (원주문: 0000021795)
2026-06-11 12:07:02,952 - INFO - 상태 전환 완료: HOLDING
2026-06-11 12:07:07,004 - INFO - 계좌 예수금: 9579264원
2026-06-11 12:07:07,005 - INFO - [005930] 보유: 1주, 매도 가능: 1주, 평단가: 299,000원
2026-06-11 12:07:07,022 - INFO - 미실현 손익: -2,000원 (-0.67%), 최고 수익률: 0.00%
2026-06-11 12:07:07,037 - INFO - 매도 조건 충족: 평단가(299,000), 현재가(297,000) -> 목표가(301,000원) (보수적 상향 보정)
2026-06-11 12:07:07,038 - INFO - [SELL] 주문 요청: 005930, 1주, 301000원
2026-06-11 12:07:10,003 - INFO - 주문 성공! 주문번호: 0000021877
2026-06-11 12:07:10,034 - INFO - 60초 후 다음 확인을 진행합니다. (현재 상태: SELLING)
2026-06-11 12:08:10,109 - INFO - [005930] 현재가: 297000, 고가: 306500, 저가: 287500
2026-06-11 12:08:10,109 - WARNING - ⚠️ 주문 고착 감지: 가격 이탈 (현재가:297,000, 목표가:301,000, 차이:4,000). 주문 취소를 시도합니다.
2026-06-11 12:08:10,109 - INFO - [CANCEL] 주문 취소 요청: 005930, 주문번호: 0000021877
2026-06-11 12:08:10,629 - ERROR - POST 요청 실패 (VTTC0013U): 500 Server Error: Internal Server Error for url: https://openapivts.koreainvestment.com:29443/uapi/domestic-stock/v1/trading/order-rvsecncl
2026-06-11 12:08:10,629 - ERROR - 상세 에러: {"rt_cd":"1","msg1":"초당 거래건수를 초과하였습니다.","msg_cd":"EGW00201","message":"EGW00201"}
2026-06-11 12:08:10,632 - ERROR - 주문 취소 실패: 응답 없음
2026-06-11 12:08:10,633 - ERROR - 주문 취소 실패. 다음 루프에서 재시도합니다.
2026-06-11 12:08:17,717 - INFO - 계좌 예수금: 9579264원
2026-06-11 12:08:17,717 - INFO - [005930] 보유: 1주, 매도 가능: 0주, 평단가: 299,000원
2026-06-11 12:08:17,734 - INFO - 미실현 손익: -2,000원 (-0.67%), 최고 수익률: 0.00%
2026-06-11 12:08:17,750 - INFO - 보유 수량(1)에 대해 매도 주문(0000021877)이 진행 중입니다.
2026-06-11 12:08:17,750 - INFO - 60초 후 다음 확인을 진행합니다. (현재 상태: SELLING)
2026-06-11 12:09:17,853 - INFO - [005930] 현재가: 296750, 고가: 306500, 저가: 287500
2026-06-11 12:09:17,853 - WARNING - ⚠️ 주문 고착 감지: 가격 이탈 (현재가:296,750, 목표가:301,000, 차이:4,250). 주문 취소를 시도합니다.
2026-06-11 12:09:17,854 - INFO - [CANCEL] 주문 취소 요청: 005930, 주문번호: 0000021877
2026-06-11 12:09:18,374 - INFO - 주문 취소 성공! (원주문: 0000021877)
2026-06-11 12:09:18,401 - INFO - 상태 전환 완료: HOLDING
2026-06-11 12:09:25,554 - INFO - 계좌 예수금: 9579264원
2026-06-11 12:09:25,555 - INFO - [005930] 보유: 1주, 매도 가능: 1주, 평단가: 299,000원
2026-06-11 12:09:25,572 - INFO - 미실현 손익: -2,250원 (-0.75%), 최고 수익률: 0.00%
2026-06-11 12:09:25,585 - INFO - 매도 조건 충족: 평단가(299,000), 현재가(296,750) -> 목표가(301,000원) (보수적 상향 보정)
2026-06-11 12:09:25,586 - INFO - [SELL] 주문 요청: 005930, 1주, 301000원
2026-06-11 12:09:27,812 - INFO - 주문 성공! 주문번호: 0000022002
2026-06-11 12:09:27,848 - INFO - 60초 후 다음 확인을 진행합니다. (현재 상태: SELLING)
2026-06-11 12:10:27,952 - INFO - [005930] 현재가: 296500, 고가: 306500, 저가: 287500
2026-06-11 12:10:27,953 - WARNING - ⚠️ 주문 고착 감지: 가격 이탈 (현재가:296,500, 목표가:301,000, 차이:4,500). 주문 취소를 시도합니다.
2026-06-11 12:10:27,953 - INFO - [CANCEL] 주문 취소 요청: 005930, 주문번호: 0000022002
2026-06-11 12:10:35,116 - INFO - 주문 취소 성공! (원주문: 0000022002)
2026-06-11 12:10:35,143 - INFO - 상태 전환 완료: HOLDING
2026-06-11 12:10:46,200 - ERROR - GET 요청 실패 (VTTC8434R): HTTPSConnectionPool(host='openapivts.koreainvestment.com', port=29443): Read timed out. (read timeout=10)
2026-06-11 12:10:46,201 - ERROR - 잔고 조회 실패
2026-06-11 12:10:55,476 - WARNING - 예수금 부족으로 매수 불가 (예수금: 0원, 필요: 295000원)
2026-06-11 12:10:55,477 - INFO - 60초 후 다음 확인을 진행합니다. (현재 상태: IDLE)
2026-06-11 12:11:56,052 - INFO - [005930] 현재가: 295750, 고가: 306500, 저가: 287500
2026-06-11 12:12:01,104 - INFO - 계좌 예수금: 9579264원
2026-06-11 12:12:01,104 - INFO - [005930] 보유: 1주, 매도 가능: 1주, 평단가: 299,000원
2026-06-11 12:12:01,118 - INFO - 미실현 손익: -3,250원 (-1.09%), 최고 수익률: 0.00%
2026-06-11 12:12:01,135 - INFO - 매도 조건 충족: 평단가(299,000), 현재가(295,750) -> 목표가(301,000원) (보수적 상향 보정)
2026-06-11 12:12:01,136 - INFO - [SELL] 주문 요청: 005930, 1주, 301000원
2026-06-11 12:12:01,776 - INFO - 주문 성공! 주문번호: 0000022161
2026-06-11 12:12:01,808 - INFO - 60초 후 다음 확인을 진행합니다. (현재 상태: SELLING)
2026-06-11 12:13:01,897 - INFO - [005930] 현재가: 295250, 고가: 306500, 저가: 287500
2026-06-11 12:13:01,898 - WARNING - ⚠️ 주문 고착 감지: 가격 이탈 (현재가:295,250, 목표가:301,000, 차이:5,750). 주문 취소를 시도합니다.
2026-06-11 12:13:01,898 - INFO - [CANCEL] 주문 취소 요청: 005930, 주문번호: 0000022161
2026-06-11 12:13:02,439 - INFO - 주문 취소 성공! (원주문: 0000022161)
2026-06-11 12:13:02,467 - INFO - 상태 전환 완료: HOLDING
2026-06-11 12:13:04,663 - INFO - 계좌 예수금: 9579264원
2026-06-11 12:13:04,664 - INFO - [005930] 보유: 1주, 매도 가능: 1주, 평단가: 299,000원
2026-06-11 12:13:04,681 - INFO - 미실현 손익: -3,750원 (-1.25%), 최고 수익률: 0.00%
2026-06-11 12:13:04,696 - INFO - 매도 조건 충족: 평단가(299,000), 현재가(295,250) -> 목표가(301,000원) (보수적 상향 보정)
2026-06-11 12:13:04,696 - INFO - [SELL] 주문 요청: 005930, 1주, 301000원
2026-06-11 12:13:04,823 - INFO - 주문 성공! 주문번호: 0000022245
2026-06-11 12:13:04,856 - INFO - 60초 후 다음 확인을 진행합니다. (현재 상태: SELLING)
2026-06-11 12:14:05,963 - INFO - [005930] 현재가: 295250, 고가: 306500, 저가: 287500
2026-06-11 12:14:05,964 - WARNING - ⚠️ 주문 고착 감지: 가격 이탈 (현재가:295,250, 목표가:301,000, 차이:5,750). 주문 취소를 시도합니다.
2026-06-11 12:14:05,964 - INFO - [CANCEL] 주문 취소 요청: 005930, 주문번호: 0000022245
2026-06-11 12:14:07,317 - INFO - 주문 취소 성공! (원주문: 0000022245)
2026-06-11 12:14:07,346 - INFO - 상태 전환 완료: HOLDING
2026-06-11 12:14:12,676 - INFO - 계좌 예수금: 9579264원
2026-06-11 12:14:12,676 - INFO - [005930] 보유: 1주, 매도 가능: 1주, 평단가: 299,000원
2026-06-11 12:14:12,693 - INFO - 미실현 손익: -3,750원 (-1.25%), 최고 수익률: 0.00%
2026-06-11 12:14:12,719 - INFO - 자가 최적화 기록 완료: C:\Users\witpo\OneDrive\바탕 화면\YONSEI\26-1\ECO4126 인공지능과금융공학\open-trading-api\self_optimization_history
2026-06-11 12:14:12,719 - INFO - 매도 조건 충족: 평단가(299,000), 현재가(295,250) -> 목표가(301,000원) (보수적 상향 보정)
2026-06-11 12:14:12,719 - INFO - [SELL] 주문 요청: 005930, 1주, 301000원
2026-06-11 12:14:14,295 - INFO - 주문 성공! 주문번호: 0000022317
2026-06-11 12:14:14,335 - INFO - 60초 후 다음 확인을 진행합니다. (현재 상태: SELLING)
2026-06-11 12:15:16,817 - INFO - [005930] 현재가: 296000, 고가: 306500, 저가: 287500
2026-06-11 12:15:16,817 - WARNING - ⚠️ 주문 고착 감지: 가격 이탈 (현재가:296,000, 목표가:301,000, 차이:5,000). 주문 취소를 시도합니다.
2026-06-11 12:15:16,817 - INFO - [CANCEL] 주문 취소 요청: 005930, 주문번호: 0000022317
2026-06-11 12:15:18,787 - INFO - 주문 취소 성공! (원주문: 0000022317)
2026-06-11 12:15:18,816 - INFO - 상태 전환 완료: HOLDING
2026-06-11 12:15:24,871 - INFO - 계좌 예수금: 9579264원
2026-06-11 12:15:24,872 - INFO - [005930] 보유: 1주, 매도 가능: 1주, 평단가: 299,000원
2026-06-11 12:15:24,885 - INFO - 미실현 손익: -3,000원 (-1.00%), 최고 수익률: 0.00%
2026-06-11 12:15:24,898 - INFO - 매도 조건 충족: 평단가(299,000), 현재가(296,000) -> 목표가(301,500원) (보수적 상향 보정)
2026-06-11 12:15:24,899 - INFO - [SELL] 주문 요청: 005930, 1주, 301500원
2026-06-11 12:15:26,074 - INFO - 주문 성공! 주문번호: 0000022397
2026-06-11 12:15:26,104 - INFO - 60초 후 다음 확인을 진행합니다. (현재 상태: SELLING)
2026-06-11 12:16:26,676 - INFO - [005930] 현재가: 296000, 고가: 306500, 저가: 287500
2026-06-11 12:16:26,677 - WARNING - ⚠️ 주문 고착 감지: 가격 이탈 (현재가:296,000, 목표가:301,500, 차이:5,500). 주문 취소를 시도합니다.
2026-06-11 12:16:26,677 - INFO - [CANCEL] 주문 취소 요청: 005930, 주문번호: 0000022397
2026-06-11 12:16:26,918 - ERROR - POST 요청 실패 (VTTC0013U): 500 Server Error: Internal Server Error for url: https://openapivts.koreainvestment.com:29443/uapi/domestic-stock/v1/trading/order-rvsecncl
2026-06-11 12:16:26,918 - ERROR - 상세 에러: {"rt_cd":"1","msg1":"초당 거래건수를 초과하였습니다.","msg_cd":"EGW00201","message":"EGW00201"}
2026-06-11 12:16:26,921 - ERROR - 주문 취소 실패: 응답 없음
2026-06-11 12:16:26,921 - ERROR - 주문 취소 실패. 다음 루프에서 재시도합니다.
2026-06-11 12:16:34,448 - INFO - 계좌 예수금: 9579264원
2026-06-11 12:16:34,448 - INFO - [005930] 보유: 1주, 매도 가능: 0주, 평단가: 299,000원
2026-06-11 12:16:34,465 - INFO - 미실현 손익: -3,000원 (-1.00%), 최고 수익률: 0.00%
2026-06-11 12:16:34,478 - INFO - 보유 수량(1)에 대해 매도 주문(0000022397)이 진행 중입니다.
2026-06-11 12:16:34,478 - INFO - 60초 후 다음 확인을 진행합니다. (현재 상태: SELLING)
2026-06-11 12:17:34,591 - INFO - [005930] 현재가: 295500, 고가: 306500, 저가: 287500
2026-06-11 12:17:34,592 - WARNING - ⚠️ 주문 고착 감지: 가격 이탈 (현재가:295,500, 목표가:301,500, 차이:6,000). 주문 취소를 시도합니다.
2026-06-11 12:17:34,592 - INFO - [CANCEL] 주문 취소 요청: 005930, 주문번호: 0000022397
2026-06-11 12:17:39,061 - INFO - 주문 취소 성공! (원주문: 0000022397)
2026-06-11 12:17:39,106 - INFO - 상태 전환 완료: HOLDING
2026-06-11 12:17:48,887 - INFO - 계좌 예수금: 9579264원
2026-06-11 12:17:48,887 - INFO - [005930] 보유: 1주, 매도 가능: 1주, 평단가: 299,000원
2026-06-11 12:17:48,915 - INFO - 미실현 손익: -3,500원 (-1.17%), 최고 수익률: 0.00%
2026-06-11 12:17:48,944 - INFO - 매도 조건 충족: 평단가(299,000), 현재가(295,500) -> 목표가(301,500원) (보수적 상향 보정)
2026-06-11 12:17:48,945 - INFO - [SELL] 주문 요청: 005930, 1주, 301500원
2026-06-11 12:17:52,881 - INFO - 주문 성공! 주문번호: 0000022531
2026-06-11 12:17:52,936 - INFO - 60초 후 다음 확인을 진행합니다. (현재 상태: SELLING)
2026-06-11 12:18:54,326 - INFO - [005930] 현재가: 296000, 고가: 306500, 저가: 287500
2026-06-11 12:18:54,327 - WARNING - ⚠️ 주문 고착 감지: 가격 이탈 (현재가:296,000, 목표가:301,500, 차이:5,500). 주문 취소를 시도합니다.
2026-06-11 12:18:54,328 - INFO - [CANCEL] 주문 취소 요청: 005930, 주문번호: 0000022531
2026-06-11 12:18:55,907 - INFO - 주문 취소 성공! (원주문: 0000022531)
2026-06-11 12:18:55,968 - INFO - 상태 전환 완료: HOLDING
2026-06-11 12:18:59,857 - INFO - 계좌 예수금: 9579264원
2026-06-11 12:18:59,858 - INFO - [005930] 보유: 1주, 매도 가능: 1주, 평단가: 299,000원
2026-06-11 12:18:59,888 - INFO - 미실현 손익: -3,000원 (-1.00%), 최고 수익률: 0.00%
2026-06-11 12:18:59,920 - INFO - 매도 조건 충족: 평단가(299,000), 현재가(296,000) -> 목표가(301,500원) (보수적 상향 보정)
2026-06-11 12:18:59,921 - INFO - [SELL] 주문 요청: 005930, 1주, 301500원
2026-06-11 12:19:00,087 - INFO - 주문 성공! 주문번호: 0000022596
2026-06-11 12:19:00,145 - INFO - 60초 후 다음 확인을 진행합니다. (현재 상태: SELLING)
2026-06-11 12:20:00,285 - INFO - [005930] 현재가: 295750, 고가: 306500, 저가: 287500
2026-06-11 12:20:00,285 - WARNING - ⚠️ 주문 고착 감지: 가격 이탈 (현재가:295,750, 목표가:301,500, 차이:5,750). 주문 취소를 시도합니다.
2026-06-11 12:20:00,286 - INFO - [CANCEL] 주문 취소 요청: 005930, 주문번호: 0000022596
2026-06-11 12:20:00,743 - ERROR - POST 요청 실패 (VTTC0013U): 500 Server Error: Internal Server Error for url: https://openapivts.koreainvestment.com:29443/uapi/domestic-stock/v1/trading/order-rvsecncl
2026-06-11 12:20:00,744 - ERROR - 상세 에러: {"rt_cd":"1","msg1":"초당 거래건수를 초과하였습니다.","msg_cd":"EGW00201","message":"EGW00201"}
2026-06-11 12:20:00,748 - ERROR - 주문 취소 실패: 응답 없음
2026-06-11 12:20:00,749 - ERROR - 주문 취소 실패. 다음 루프에서 재시도합니다.
2026-06-11 12:20:07,545 - INFO - 계좌 예수금: 9579264원
2026-06-11 12:20:07,546 - INFO - [005930] 보유: 1주, 매도 가능: 0주, 평단가: 299,000원
2026-06-11 12:20:07,573 - INFO - 미실현 손익: -3,250원 (-1.09%), 최고 수익률: 0.00%
2026-06-11 12:20:07,613 - INFO - 보유 수량(1)에 대해 매도 주문(0000022596)이 진행 중입니다.
2026-06-11 12:20:07,614 - INFO - 60초 후 다음 확인을 진행합니다. (현재 상태: SELLING)
2026-06-11 12:21:09,605 - INFO - [005930] 현재가: 295250, 고가: 306500, 저가: 287500
2026-06-11 12:21:09,606 - WARNING - ⚠️ 주문 고착 감지: 가격 이탈 (현재가:295,250, 목표가:301,500, 차이:6,250). 주문 취소를 시도합니다.
2026-06-11 12:21:09,607 - INFO - [CANCEL] 주문 취소 요청: 005930, 주문번호: 0000022596
2026-06-11 12:21:11,140 - INFO - 주문 취소 성공! (원주문: 0000022596)
2026-06-11 12:21:11,200 - INFO - 상태 전환 완료: HOLDING
2026-06-11 12:21:18,103 - INFO - 계좌 예수금: 9579264원
2026-06-11 12:21:18,104 - INFO - [005930] 보유: 1주, 매도 가능: 1주, 평단가: 299,000원
2026-06-11 12:21:18,135 - INFO - 미실현 손익: -3,750원 (-1.25%), 최고 수익률: 0.00%
2026-06-11 12:21:18,169 - INFO - 매도 조건 충족: 평단가(299,000), 현재가(295,250) -> 목표가(301,500원) (보수적 상향 보정)
2026-06-11 12:21:18,169 - INFO - [SELL] 주문 요청: 005930, 1주, 301500원
2026-06-11 12:21:18,926 - INFO - 주문 성공! 주문번호: 0000022722
2026-06-11 12:21:18,991 - INFO - 60초 후 다음 확인을 진행합니다. (현재 상태: SELLING)
2026-06-11 12:22:19,854 - INFO - [005930] 현재가: 295500, 고가: 306500, 저가: 287500
2026-06-11 12:22:19,854 - WARNING - ⚠️ 주문 고착 감지: 가격 이탈 (현재가:295,500, 목표가:301,500, 차이:6,000). 주문 취소를 시도합니다.
2026-06-11 12:22:19,855 - INFO - [CANCEL] 주문 취소 요청: 005930, 주문번호: 0000022722
2026-06-11 12:22:21,082 - INFO - 주문 취소 성공! (원주문: 0000022722)
2026-06-11 12:22:21,129 - INFO - 상태 전환 완료: HOLDING
2026-06-11 12:22:27,533 - INFO - 계좌 예수금: 9579264원
2026-06-11 12:22:27,534 - INFO - [005930] 보유: 1주, 매도 가능: 1주, 평단가: 299,000원
2026-06-11 12:22:27,558 - INFO - 미실현 손익: -3,500원 (-1.17%), 최고 수익률: 0.00%
2026-06-11 12:22:27,585 - INFO - 매도 조건 충족: 평단가(299,000), 현재가(295,500) -> 목표가(301,500원) (보수적 상향 보정)
2026-06-11 12:22:27,585 - INFO - [SELL] 주문 요청: 005930, 1주, 301500원
2026-06-11 12:22:28,455 - INFO - 주문 성공! 주문번호: 0000022790
2026-06-11 12:22:28,506 - INFO - 60초 후 다음 확인을 진행합니다. (현재 상태: SELLING)
2026-06-11 12:23:28,611 - INFO - [005930] 현재가: 295500, 고가: 306500, 저가: 287500
2026-06-11 12:23:28,612 - WARNING - ⚠️ 주문 고착 감지: 가격 이탈 (현재가:295,500, 목표가:301,500, 차이:6,000). 주문 취소를 시도합니다.
2026-06-11 12:23:28,612 - INFO - [CANCEL] 주문 취소 요청: 005930, 주문번호: 0000022790
2026-06-11 12:23:31,435 - INFO - 주문 취소 성공! (원주문: 0000022790)
2026-06-11 12:23:31,482 - INFO - 상태 전환 완료: HOLDING
2026-06-11 12:23:36,043 - INFO - 계좌 예수금: 9579264원
2026-06-11 12:23:36,044 - INFO - [005930] 보유: 1주, 매도 가능: 1주, 평단가: 299,000원
2026-06-11 12:23:36,069 - INFO - 미실현 손익: -3,500원 (-1.17%), 최고 수익률: 0.00%
2026-06-11 12:23:36,095 - INFO - 매도 조건 충족: 평단가(299,000), 현재가(295,500) -> 목표가(301,500원) (보수적 상향 보정)
2026-06-11 12:23:36,095 - INFO - [SELL] 주문 요청: 005930, 1주, 301500원
2026-06-11 12:23:39,423 - INFO - 주문 성공! 주문번호: 0000022852
2026-06-11 12:23:39,475 - INFO - 60초 후 다음 확인을 진행합니다. (현재 상태: SELLING)
2026-06-11 12:24:39,606 - INFO - [005930] 현재가: 296500, 고가: 306500, 저가: 287500
2026-06-11 12:24:39,607 - WARNING - ⚠️ 주문 고착 감지: 가격 이탈 (현재가:296,500, 목표가:301,500, 차이:5,000). 주문 취소를 시도합니다.
2026-06-11 12:24:39,607 - INFO - [CANCEL] 주문 취소 요청: 005930, 주문번호: 0000022852
2026-06-11 12:24:40,111 - INFO - 주문 취소 성공! (원주문: 0000022852)
2026-06-11 12:24:40,159 - INFO - 상태 전환 완료: HOLDING
2026-06-11 12:24:45,169 - INFO - 계좌 예수금: 9579264원
2026-06-11 12:24:45,169 - INFO - [005930] 보유: 1주, 매도 가능: 1주, 평단가: 299,000원
2026-06-11 12:24:45,194 - INFO - 미실현 손익: -2,500원 (-0.84%), 최고 수익률: 0.00%
2026-06-11 12:24:45,220 - INFO - 매도 조건 충족: 평단가(299,000), 현재가(296,500) -> 목표가(301,500원) (보수적 상향 보정)
2026-06-11 12:24:45,221 - INFO - [SELL] 주문 요청: 005930, 1주, 301500원
2026-06-11 12:24:45,783 - INFO - 주문 성공! 주문번호: 0000022932
2026-06-11 12:24:45,833 - INFO - 60초 후 다음 확인을 진행합니다. (현재 상태: SELLING)
2026-06-11 12:25:46,235 - INFO - [005930] 현재가: 296000, 고가: 306500, 저가: 287500
2026-06-11 12:25:46,235 - WARNING - ⚠️ 주문 고착 감지: 가격 이탈 (현재가:296,000, 목표가:301,500, 차이:5,500). 주문 취소를 시도합니다.
2026-06-11 12:25:46,236 - INFO - [CANCEL] 주문 취소 요청: 005930, 주문번호: 0000022932
2026-06-11 12:25:46,493 - INFO - 주문 취소 성공! (원주문: 0000022932)
2026-06-11 12:25:46,545 - INFO - 상태 전환 완료: HOLDING
2026-06-11 12:25:52,755 - INFO - 계좌 예수금: 9579264원
2026-06-11 12:25:52,755 - INFO - [005930] 보유: 1주, 매도 가능: 1주, 평단가: 299,000원
2026-06-11 12:25:52,782 - INFO - 미실현 손익: -3,000원 (-1.00%), 최고 수익률: 0.00%
2026-06-11 12:25:52,811 - INFO - 매도 조건 충족: 평단가(299,000), 현재가(296,000) -> 목표가(301,500원) (보수적 상향 보정)
2026-06-11 12:25:52,812 - INFO - [SELL] 주문 요청: 005930, 1주, 301500원
2026-06-11 12:25:52,977 - INFO - 주문 성공! 주문번호: 0000023004
2026-06-11 12:25:53,030 - INFO - 60초 후 다음 확인을 진행합니다. (현재 상태: SELLING)
2026-06-11 12:26:53,141 - INFO - [005930] 현재가: 296000, 고가: 306500, 저가: 287500
2026-06-11 12:26:53,142 - WARNING - ⚠️ 주문 고착 감지: 가격 이탈 (현재가:296,000, 목표가:301,500, 차이:5,500). 주문 취소를 시도합니다.
2026-06-11 12:26:53,142 - INFO - [CANCEL] 주문 취소 요청: 005930, 주문번호: 0000023004
2026-06-11 12:26:54,619 - INFO - 주문 취소 성공! (원주문: 0000023004)
2026-06-11 12:26:54,669 - INFO - 상태 전환 완료: HOLDING
2026-06-11 12:27:01,367 - INFO - 계좌 예수금: 9579264원
2026-06-11 12:27:01,367 - INFO - [005930] 보유: 1주, 매도 가능: 1주, 평단가: 299,000원
2026-06-11 12:27:01,391 - INFO - 미실현 손익: -3,000원 (-1.00%), 최고 수익률: 0.00%
2026-06-11 12:27:01,417 - INFO - 매도 조건 충족: 평단가(299,000), 현재가(296,000) -> 목표가(301,500원) (보수적 상향 보정)
2026-06-11 12:27:01,418 - INFO - [SELL] 주문 요청: 005930, 1주, 301500원
2026-06-11 12:27:03,621 - INFO - 주문 성공! 주문번호: 0000023101
2026-06-11 12:27:03,672 - INFO - 60초 후 다음 확인을 진행합니다. (현재 상태: SELLING)
2026-06-11 12:28:04,756 - INFO - [005930] 현재가: 296000, 고가: 306500, 저가: 287500
2026-06-11 12:28:04,757 - WARNING - ⚠️ 주문 고착 감지: 가격 이탈 (현재가:296,000, 목표가:301,500, 차이:5,500). 주문 취소를 시도합니다.
2026-06-11 12:28:04,757 - INFO - [CANCEL] 주문 취소 요청: 005930, 주문번호: 0000023101
2026-06-11 12:28:07,111 - INFO - 주문 취소 성공! (원주문: 0000023101)
2026-06-11 12:28:07,167 - INFO - 상태 전환 완료: HOLDING
2026-06-11 12:28:15,065 - INFO - 계좌 예수금: 9579264원
2026-06-11 12:28:15,065 - INFO - [005930] 보유: 1주, 매도 가능: 1주, 평단가: 299,000원
2026-06-11 12:28:15,099 - INFO - 미실현 손익: -3,000원 (-1.00%), 최고 수익률: 0.00%
2026-06-11 12:28:15,125 - INFO - 매도 조건 충족: 평단가(299,000), 현재가(296,000) -> 목표가(301,500원) (보수적 상향 보정)
2026-06-11 12:28:15,126 - INFO - [SELL] 주문 요청: 005930, 1주, 301500원
2026-06-11 12:28:17,863 - INFO - 주문 성공! 주문번호: 0000023159
2026-06-11 12:28:17,916 - INFO - 60초 후 다음 확인을 진행합니다. (현재 상태: SELLING)
2026-06-11 12:29:18,036 - INFO - [005930] 현재가: 295500, 고가: 306500, 저가: 287500
2026-06-11 12:29:18,037 - WARNING - ⚠️ 주문 고착 감지: 가격 이탈 (현재가:295,500, 목표가:301,500, 차이:6,000). 주문 취소를 시도합니다.
2026-06-11 12:29:18,037 - INFO - [CANCEL] 주문 취소 요청: 005930, 주문번호: 0000023159
2026-06-11 12:29:20,296 - INFO - 주문 취소 성공! (원주문: 0000023159)
2026-06-11 12:29:20,348 - INFO - 상태 전환 완료: HOLDING
2026-06-11 12:29:23,326 - INFO - 계좌 예수금: 9579264원
2026-06-11 12:29:23,327 - INFO - [005930] 보유: 1주, 매도 가능: 1주, 평단가: 299,000원
2026-06-11 12:29:23,352 - INFO - 미실현 손익: -3,500원 (-1.17%), 최고 수익률: 0.00%
2026-06-11 12:29:23,379 - INFO - 매도 조건 충족: 평단가(299,000), 현재가(295,500) -> 목표가(301,500원) (보수적 상향 보정)
2026-06-11 12:29:23,379 - INFO - [SELL] 주문 요청: 005930, 1주, 301500원
2026-06-11 12:29:24,840 - INFO - 주문 성공! 주문번호: 0000023205
2026-06-11 12:29:24,894 - INFO - 60초 후 다음 확인을 진행합니다. (현재 상태: SELLING)
2026-06-11 12:30:24,997 - INFO - [005930] 현재가: 296000, 고가: 306500, 저가: 287500
2026-06-11 12:30:24,998 - WARNING - ⚠️ 주문 고착 감지: 가격 이탈 (현재가:296,000, 목표가:301,500, 차이:5,500). 주문 취소를 시도합니다.
2026-06-11 12:30:24,998 - INFO - [CANCEL] 주문 취소 요청: 005930, 주문번호: 0000023205
2026-06-11 12:30:25,517 - ERROR - POST 요청 실패 (VTTC0013U): 500 Server Error: Internal Server Error for url: https://openapivts.koreainvestment.com:29443/uapi/domestic-stock/v1/trading/order-rvsecncl
2026-06-11 12:30:25,518 - ERROR - 상세 에러: {"rt_cd":"1","msg1":"초당 거래건수를 초과하였습니다.","msg_cd":"EGW00201","message":"EGW00201"}
2026-06-11 12:30:25,521 - ERROR - 주문 취소 실패: 응답 없음
2026-06-11 12:30:25,521 - ERROR - 주문 취소 실패. 다음 루프에서 재시도합니다.
2026-06-11 12:30:30,541 - INFO - 계좌 예수금: 9579264원
2026-06-11 12:30:30,541 - INFO - [005930] 보유: 1주, 매도 가능: 0주, 평단가: 299,000원
2026-06-11 12:30:30,566 - INFO - 미실현 손익: -3,000원 (-1.00%), 최고 수익률: 0.00%
2026-06-11 12:30:30,599 - INFO - 보유 수량(1)에 대해 매도 주문(0000023205)이 진행 중입니다.
2026-06-11 12:30:30,599 - INFO - 60초 후 다음 확인을 진행합니다. (현재 상태: SELLING)
2026-06-11 12:31:30,714 - INFO - [005930] 현재가: 296000, 고가: 306500, 저가: 287500
2026-06-11 12:31:30,714 - WARNING - ⚠️ 주문 고착 감지: 가격 이탈 (현재가:296,000, 목표가:301,500, 차이:5,500). 주문 취소를 시도합니다.
2026-06-11 12:31:30,715 - INFO - [CANCEL] 주문 취소 요청: 005930, 주문번호: 0000023205
2026-06-11 12:31:31,251 - INFO - 주문 취소 성공! (원주문: 0000023205)
2026-06-11 12:31:31,298 - INFO - 상태 전환 완료: HOLDING
2026-06-11 12:31:36,530 - INFO - 계좌 예수금: 9579264원
2026-06-11 12:31:36,531 - INFO - [005930] 보유: 1주, 매도 가능: 1주, 평단가: 299,000원
2026-06-11 12:31:36,559 - INFO - 미실현 손익: -3,000원 (-1.00%), 최고 수익률: 0.00%
2026-06-11 12:31:36,586 - INFO - 매도 조건 충족: 평단가(299,000), 현재가(296,000) -> 목표가(301,500원) (보수적 상향 보정)
2026-06-11 12:31:36,587 - INFO - [SELL] 주문 요청: 005930, 1주, 301500원
2026-06-11 12:31:38,886 - INFO - 주문 성공! 주문번호: 0000023345
2026-06-11 12:31:38,943 - INFO - 60초 후 다음 확인을 진행합니다. (현재 상태: SELLING)
2026-06-11 12:32:39,715 - INFO - [005930] 현재가: 298000, 고가: 306500, 저가: 287500
2026-06-11 12:32:39,716 - WARNING - ⚠️ 주문 고착 감지: 가격 이탈 (현재가:298,000, 목표가:301,500, 차이:3,500). 주문 취소를 시도합니다.
2026-06-11 12:32:39,717 - INFO - [CANCEL] 주문 취소 요청: 005930, 주문번호: 0000023345
2026-06-11 12:32:40,605 - INFO - 주문 취소 성공! (원주문: 0000023345)
2026-06-11 12:32:40,655 - INFO - 상태 전환 완료: HOLDING
2026-06-11 12:32:48,727 - INFO - 계좌 예수금: 9579264원
2026-06-11 12:32:48,727 - INFO - [005930] 보유: 1주, 매도 가능: 1주, 평단가: 299,000원
2026-06-11 12:32:48,755 - INFO - 미실현 손익: -1,000원 (-0.33%), 최고 수익률: 0.00%
2026-06-11 12:32:48,781 - INFO - 매도 조건 충족: 평단가(299,000), 현재가(298,000) -> 목표가(301,500원) (보수적 상향 보정)
2026-06-11 12:32:48,782 - INFO - [SELL] 주문 요청: 005930, 1주, 301500원
2026-06-11 12:32:49,447 - INFO - 주문 성공! 주문번호: 0000023442
2026-06-11 12:32:49,497 - INFO - 60초 후 다음 확인을 진행합니다. (현재 상태: SELLING)
2026-06-11 12:33:52,015 - INFO - [005930] 현재가: 298500, 고가: 306500, 저가: 287500
2026-06-11 12:33:52,015 - WARNING - ⚠️ 주문 고착 감지: 가격 이탈 (현재가:298,500, 목표가:301,500, 차이:3,000). 주문 취소를 시도합니다.
2026-06-11 12:33:52,016 - INFO - [CANCEL] 주문 취소 요청: 005930, 주문번호: 0000023442
2026-06-11 12:33:54,165 - INFO - 주문 취소 성공! (원주문: 0000023442)
2026-06-11 12:33:54,220 - INFO - 상태 전환 완료: HOLDING
2026-06-11 12:33:55,359 - INFO - 계좌 예수금: 9579264원
2026-06-11 12:33:55,359 - INFO - [005930] 보유: 1주, 매도 가능: 1주, 평단가: 299,000원
2026-06-11 12:33:55,385 - INFO - 미실현 손익: -500원 (-0.17%), 최고 수익률: 0.00%
2026-06-11 12:33:55,411 - INFO - 매도 조건 충족: 평단가(299,000), 현재가(298,500) -> 목표가(301,500원) (보수적 상향 보정)
2026-06-11 12:33:55,411 - INFO - [SELL] 주문 요청: 005930, 1주, 301500원
2026-06-11 12:33:58,157 - INFO - 주문 성공! 주문번호: 0000023545
2026-06-11 12:33:58,214 - INFO - 60초 후 다음 확인을 진행합니다. (현재 상태: SELLING)
2026-06-11 12:34:59,601 - INFO - [005930] 현재가: 298500, 고가: 306500, 저가: 287500
2026-06-11 12:34:59,601 - WARNING - ⚠️ 주문 고착 감지: 가격 이탈 (현재가:298,500, 목표가:301,500, 차이:3,000). 주문 취소를 시도합니다.
2026-06-11 12:34:59,602 - INFO - [CANCEL] 주문 취소 요청: 005930, 주문번호: 0000023545
2026-06-11 12:35:00,831 - INFO - 주문 취소 성공! (원주문: 0000023545)
2026-06-11 12:35:00,882 - INFO - 상태 전환 완료: HOLDING
2026-06-11 12:35:03,390 - INFO - 계좌 예수금: 9579264원
2026-06-11 12:35:03,391 - INFO - [005930] 보유: 1주, 매도 가능: 1주, 평단가: 299,000원
2026-06-11 12:35:03,417 - INFO - 미실현 손익: -500원 (-0.17%), 최고 수익률: 0.00%
2026-06-11 12:35:03,444 - INFO - 매도 조건 충족: 평단가(299,000), 현재가(298,500) -> 목표가(301,500원) (보수적 상향 보정)
2026-06-11 12:35:03,445 - INFO - [SELL] 주문 요청: 005930, 1주, 301500원
2026-06-11 12:35:06,462 - INFO - 주문 성공! 주문번호: 0000023623
2026-06-11 12:35:06,538 - INFO - 자가 최적화 기록 완료: C:\Users\witpo\OneDrive\바탕 화면\YONSEI\26-1\ECO4126 인공지능과금융공학\open-trading-api\self_optimization_history
2026-06-11 12:35:06,562 - INFO - 60초 후 다음 확인을 진행합니다. (현재 상태: SELLING)
2026-06-11 12:36:12,515 - INFO - [005930] 현재가: 298000, 고가: 306500, 저가: 287500
2026-06-11 12:36:12,515 - WARNING - ⚠️ 주문 고착 감지: 가격 이탈 (현재가:298,000, 목표가:301,500, 차이:3,500). 주문 취소를 시도합니다.
2026-06-11 12:36:12,516 - INFO - [CANCEL] 주문 취소 요청: 005930, 주문번호: 0000023623
2026-06-11 12:36:17,839 - INFO - 주문 취소 성공! (원주문: 0000023623)
2026-06-11 12:36:17,896 - INFO - 상태 전환 완료: HOLDING
2026-06-11 12:36:25,767 - INFO - 계좌 예수금: 9579264원
2026-06-11 12:36:25,768 - INFO - [005930] 보유: 1주, 매도 가능: 1주, 평단가: 299,000원
2026-06-11 12:36:25,795 - INFO - 미실현 손익: -1,000원 (-0.33%), 최고 수익률: 0.00%
2026-06-11 12:36:25,826 - INFO - 매도 조건 충족: 평단가(299,000), 현재가(298,000) -> 목표가(301,000원) (보수적 상향 보정)
2026-06-11 12:36:25,827 - INFO - [SELL] 주문 요청: 005930, 1주, 301000원
2026-06-11 12:36:26,851 - INFO - 주문 성공! 주문번호: 0000023700
2026-06-11 12:36:26,905 - INFO - 60초 후 다음 확인을 진행합니다. (현재 상태: SELLING)
2026-06-11 12:37:28,295 - INFO - [005930] 현재가: 297000, 고가: 306500, 저가: 287500
2026-06-11 12:37:28,295 - WARNING - ⚠️ 주문 고착 감지: 가격 이탈 (현재가:297,000, 목표가:301,000, 차이:4,000). 주문 취소를 시도합니다.
2026-06-11 12:37:28,296 - INFO - [CANCEL] 주문 취소 요청: 005930, 주문번호: 0000023700
2026-06-11 12:37:29,728 - INFO - 주문 취소 성공! (원주문: 0000023700)
2026-06-11 12:37:29,789 - INFO - 상태 전환 완료: HOLDING
2026-06-11 12:37:35,264 - INFO - 계좌 예수금: 9579264원
2026-06-11 12:37:35,264 - INFO - [005930] 보유: 1주, 매도 가능: 1주, 평단가: 299,000원
2026-06-11 12:37:35,290 - INFO - 미실현 손익: -2,000원 (-0.67%), 최고 수익률: 0.00%
2026-06-11 12:37:35,319 - INFO - 매도 조건 충족: 평단가(299,000), 현재가(297,000) -> 목표가(301,000원) (보수적 상향 보정)
2026-06-11 12:37:35,319 - INFO - [SELL] 주문 요청: 005930, 1주, 301000원
2026-06-11 12:37:36,487 - INFO - 주문 성공! 주문번호: 0000023809
2026-06-11 12:37:36,539 - INFO - 60초 후 다음 확인을 진행합니다. (현재 상태: SELLING)
2026-06-11 12:38:37,025 - INFO - [005930] 현재가: 297500, 고가: 306500, 저가: 287500
2026-06-11 12:38:37,026 - WARNING - ⚠️ 주문 고착 감지: 가격 이탈 (현재가:297,500, 목표가:301,000, 차이:3,500). 주문 취소를 시도합니다.
2026-06-11 12:38:37,026 - INFO - [CANCEL] 주문 취소 요청: 005930, 주문번호: 0000023809
2026-06-11 12:38:37,362 - ERROR - POST 요청 실패 (VTTC0013U): 500 Server Error: Internal Server Error for url: https://openapivts.koreainvestment.com:29443/uapi/domestic-stock/v1/trading/order-rvsecncl
2026-06-11 12:38:37,362 - ERROR - 상세 에러: {"rt_cd":"1","msg1":"초당 거래건수를 초과하였습니다.","msg_cd":"EGW00201","message":"EGW00201"}
2026-06-11 12:38:37,365 - ERROR - 주문 취소 실패: 응답 없음
2026-06-11 12:38:37,365 - ERROR - 주문 취소 실패. 다음 루프에서 재시도합니다.
2026-06-11 12:38:43,665 - INFO - 계좌 예수금: 9579264원
2026-06-11 12:38:43,665 - INFO - [005930] 보유: 1주, 매도 가능: 0주, 평단가: 299,000원
2026-06-11 12:38:43,692 - INFO - 미실현 손익: -1,500원 (-0.50%), 최고 수익률: 0.00%
2026-06-11 12:38:43,722 - INFO - 보유 수량(1)에 대해 매도 주문(0000023809)이 진행 중입니다.
2026-06-11 12:38:43,722 - INFO - 60초 후 다음 확인을 진행합니다. (현재 상태: SELLING)
2026-06-11 12:39:44,721 - INFO - [005930] 현재가: 298500, 고가: 306500, 저가: 287500
2026-06-11 12:39:44,722 - WARNING - ⚠️ 주문 고착 감지: 가격 이탈 (현재가:298,500, 목표가:301,000, 차이:2,500). 주문 취소를 시도합니다.
2026-06-11 12:39:44,722 - INFO - [CANCEL] 주문 취소 요청: 005930, 주문번호: 0000023809
2026-06-11 12:39:44,890 - INFO - 주문 취소 성공! (원주문: 0000023809)
2026-06-11 12:39:44,937 - INFO - 상태 전환 완료: HOLDING
2026-06-11 12:39:49,409 - INFO - 계좌 예수금: 9579264원
2026-06-11 12:39:49,410 - INFO - [005930] 보유: 1주, 매도 가능: 1주, 평단가: 299,000원
2026-06-11 12:39:49,440 - INFO - 미실현 손익: -500원 (-0.17%), 최고 수익률: 0.00%
2026-06-11 12:39:49,468 - INFO - 매도 조건 충족: 평단가(299,000), 현재가(298,500) -> 목표가(301,000원) (보수적 상향 보정)
2026-06-11 12:39:49,469 - INFO - [SELL] 주문 요청: 005930, 1주, 301000원
2026-06-11 12:39:49,902 - INFO - 주문 성공! 주문번호: 0000023976
2026-06-11 12:39:49,953 - INFO - 60초 후 다음 확인을 진행합니다. (현재 상태: SELLING)
2026-06-11 12:40:52,082 - INFO - [005930] 현재가: 298000, 고가: 306500, 저가: 287500
2026-06-11 12:40:52,082 - WARNING - ⚠️ 주문 고착 감지: 가격 이탈 (현재가:298,000, 목표가:301,000, 차이:3,000). 주문 취소를 시도합니다.
2026-06-11 12:40:52,083 - INFO - [CANCEL] 주문 취소 요청: 005930, 주문번호: 0000023976
2026-06-11 12:40:54,233 - INFO - 주문 취소 성공! (원주문: 0000023976)
2026-06-11 12:40:54,290 - INFO - 상태 전환 완료: HOLDING
2026-06-11 12:40:59,354 - INFO - 계좌 예수금: 9579264원
2026-06-11 12:40:59,354 - INFO - [005930] 보유: 1주, 매도 가능: 1주, 평단가: 299,000원
2026-06-11 12:40:59,382 - INFO - 미실현 손익: -1,000원 (-0.33%), 최고 수익률: 0.00%
2026-06-11 12:40:59,409 - INFO - 매도 조건 충족: 평단가(299,000), 현재가(298,000) -> 목표가(301,000원) (보수적 상향 보정)
2026-06-11 12:40:59,409 - INFO - [SELL] 주문 요청: 005930, 1주, 301000원
2026-06-11 12:41:00,521 - INFO - 주문 성공! 주문번호: 0000024049
2026-06-11 12:41:00,582 - INFO - 60초 후 다음 확인을 진행합니다. (현재 상태: SELLING)
2026-06-11 12:42:00,689 - INFO - [005930] 현재가: 298000, 고가: 306500, 저가: 287500
2026-06-11 12:42:00,689 - WARNING - ⚠️ 주문 고착 감지: 가격 이탈 (현재가:298,000, 목표가:301,000, 차이:3,000). 주문 취소를 시도합니다.
2026-06-11 12:42:00,690 - INFO - [CANCEL] 주문 취소 요청: 005930, 주문번호: 0000024049
2026-06-11 12:42:04,482 - INFO - 주문 취소 성공! (원주문: 0000024049)
2026-06-11 12:42:04,532 - INFO - 상태 전환 완료: HOLDING
2026-06-11 12:42:13,187 - INFO - 계좌 예수금: 9579264원
2026-06-11 12:42:13,188 - INFO - [005930] 보유: 1주, 매도 가능: 1주, 평단가: 299,000원
2026-06-11 12:42:13,213 - INFO - 미실현 손익: -1,000원 (-0.33%), 최고 수익률: 0.00%
2026-06-11 12:42:13,240 - INFO - 매도 조건 충족: 평단가(299,000), 현재가(298,000) -> 목표가(301,000원) (보수적 상향 보정)
2026-06-11 12:42:13,240 - INFO - [SELL] 주문 요청: 005930, 1주, 301000원
2026-06-11 12:42:16,669 - INFO - 주문 성공! 주문번호: 0000024145
2026-06-11 12:42:16,725 - INFO - 60초 후 다음 확인을 진행합니다. (현재 상태: SELLING)
2026-06-11 12:43:16,868 - INFO - [005930] 현재가: 298000, 고가: 306500, 저가: 287500
2026-06-11 12:43:16,869 - WARNING - ⚠️ 주문 고착 감지: 가격 이탈 (현재가:298,000, 목표가:301,000, 차이:3,000). 주문 취소를 시도합니다.
2026-06-11 12:43:16,869 - INFO - [CANCEL] 주문 취소 요청: 005930, 주문번호: 0000024145
2026-06-11 12:43:20,571 - INFO - 주문 취소 성공! (원주문: 0000024145)
2026-06-11 12:43:20,625 - INFO - 상태 전환 완료: HOLDING
2026-06-11 12:43:28,046 - INFO - 계좌 예수금: 9579264원
2026-06-11 12:43:28,046 - INFO - [005930] 보유: 1주, 매도 가능: 1주, 평단가: 299,000원
2026-06-11 12:43:28,074 - INFO - 미실현 손익: -1,000원 (-0.33%), 최고 수익률: 0.00%
2026-06-11 12:43:28,104 - INFO - 매도 조건 충족: 평단가(299,000), 현재가(298,000) -> 목표가(301,000원) (보수적 상향 보정)
2026-06-11 12:43:28,104 - INFO - [SELL] 주문 요청: 005930, 1주, 301000원
2026-06-11 12:43:28,558 - INFO - 주문 성공! 주문번호: 0000024221
2026-06-11 12:43:28,610 - INFO - 60초 후 다음 확인을 진행합니다. (현재 상태: SELLING)
2026-06-11 12:44:28,741 - INFO - [005930] 현재가: 297500, 고가: 306500, 저가: 287500
2026-06-11 12:44:28,742 - WARNING - ⚠️ 주문 고착 감지: 가격 이탈 (현재가:297,500, 목표가:301,000, 차이:3,500). 주문 취소를 시도합니다.
2026-06-11 12:44:28,742 - INFO - [CANCEL] 주문 취소 요청: 005930, 주문번호: 0000024221
2026-06-11 12:44:30,821 - INFO - 주문 취소 성공! (원주문: 0000024221)
2026-06-11 12:44:30,873 - INFO - 상태 전환 완료: HOLDING
2026-06-11 12:44:39,628 - INFO - 계좌 예수금: 9579264원
2026-06-11 12:44:39,629 - INFO - [005930] 보유: 1주, 매도 가능: 1주, 평단가: 299,000원
2026-06-11 12:44:39,656 - INFO - 미실현 손익: -1,500원 (-0.50%), 최고 수익률: 0.00%
2026-06-11 12:44:39,684 - INFO - 매도 조건 충족: 평단가(299,000), 현재가(297,500) -> 목표가(301,000원) (보수적 상향 보정)
2026-06-11 12:44:39,685 - INFO - [SELL] 주문 요청: 005930, 1주, 301000원
2026-06-11 12:44:41,983 - INFO - 주문 성공! 주문번호: 0000024302
2026-06-11 12:44:42,034 - INFO - 60초 후 다음 확인을 진행합니다. (현재 상태: SELLING)
2026-06-11 12:45:44,349 - INFO - [005930] 현재가: 297500, 고가: 306500, 저가: 287500
2026-06-11 12:45:44,350 - WARNING - ⚠️ 주문 고착 감지: 가격 이탈 (현재가:297,500, 목표가:301,000, 차이:3,500). 주문 취소를 시도합니다.
2026-06-11 12:45:44,350 - INFO - [CANCEL] 주문 취소 요청: 005930, 주문번호: 0000024302
2026-06-11 12:45:45,374 - INFO - 주문 취소 성공! (원주문: 0000024302)
2026-06-11 12:45:45,426 - INFO - 상태 전환 완료: HOLDING
2026-06-11 12:45:51,516 - INFO - 계좌 예수금: 9579264원
2026-06-11 12:45:51,517 - INFO - [005930] 보유: 1주, 매도 가능: 1주, 평단가: 299,000원
2026-06-11 12:45:51,558 - INFO - 미실현 손익: -1,500원 (-0.50%), 최고 수익률: 0.00%
2026-06-11 12:45:51,583 - INFO - 매도 조건 충족: 평단가(299,000), 현재가(297,500) -> 목표가(301,000원) (보수적 상향 보정)
2026-06-11 12:45:51,583 - INFO - [SELL] 주문 요청: 005930, 1주, 301000원
2026-06-11 12:45:54,181 - INFO - 주문 성공! 주문번호: 0000024381
2026-06-11 12:45:54,235 - INFO - 60초 후 다음 확인을 진행합니다. (현재 상태: SELLING)
2026-06-11 12:46:54,356 - INFO - [005930] 현재가: 297500, 고가: 306500, 저가: 287500
2026-06-11 12:46:54,357 - WARNING - ⚠️ 주문 고착 감지: 가격 이탈 (현재가:297,500, 목표가:301,000, 차이:3,500). 주문 취소를 시도합니다.
2026-06-11 12:46:54,357 - INFO - [CANCEL] 주문 취소 요청: 005930, 주문번호: 0000024381
2026-06-11 12:46:56,134 - INFO - 주문 취소 성공! (원주문: 0000024381)
2026-06-11 12:46:56,185 - INFO - 상태 전환 완료: HOLDING
2026-06-11 12:46:59,515 - INFO - 계좌 예수금: 9579264원
2026-06-11 12:46:59,515 - INFO - [005930] 보유: 1주, 매도 가능: 1주, 평단가: 299,000원
2026-06-11 12:46:59,541 - INFO - 미실현 손익: -1,500원 (-0.50%), 최고 수익률: 0.00%
2026-06-11 12:46:59,568 - INFO - 매도 조건 충족: 평단가(299,000), 현재가(297,500) -> 목표가(301,000원) (보수적 상향 보정)
2026-06-11 12:46:59,569 - INFO - [SELL] 주문 요청: 005930, 1주, 301000원
2026-06-11 12:46:59,707 - INFO - 주문 성공! 주문번호: 0000024454
2026-06-11 12:46:59,755 - INFO - 60초 후 다음 확인을 진행합니다. (현재 상태: SELLING)
2026-06-11 12:47:59,864 - INFO - [005930] 현재가: 298500, 고가: 306500, 저가: 287500
2026-06-11 12:47:59,864 - WARNING - ⚠️ 주문 고착 감지: 가격 이탈 (현재가:298,500, 목표가:301,000, 차이:2,500). 주문 취소를 시도합니다.
2026-06-11 12:47:59,864 - INFO - [CANCEL] 주문 취소 요청: 005930, 주문번호: 0000024454
2026-06-11 12:48:00,434 - INFO - 주문 취소 성공! (원주문: 0000024454)
2026-06-11 12:48:00,486 - INFO - 상태 전환 완료: HOLDING
2026-06-11 12:48:05,566 - INFO - 계좌 예수금: 9579264원
2026-06-11 12:48:05,567 - INFO - [005930] 보유: 1주, 매도 가능: 1주, 평단가: 299,000원
2026-06-11 12:48:05,593 - INFO - 미실현 손익: -500원 (-0.17%), 최고 수익률: 0.00%
2026-06-11 12:48:05,620 - INFO - 매도 조건 충족: 평단가(299,000), 현재가(298,500) -> 목표가(301,000원) (보수적 상향 보정)
2026-06-11 12:48:05,621 - INFO - [SELL] 주문 요청: 005930, 1주, 301000원
2026-06-11 12:48:05,796 - INFO - 주문 성공! 주문번호: 0000024547
2026-06-11 12:48:05,845 - INFO - 60초 후 다음 확인을 진행합니다. (현재 상태: SELLING)
2026-06-11 12:49:07,727 - INFO - [005930] 현재가: 298000, 고가: 306500, 저가: 287500
2026-06-11 12:49:07,727 - WARNING - ⚠️ 주문 고착 감지: 가격 이탈 (현재가:298,000, 목표가:301,000, 차이:3,000). 주문 취소를 시도합니다.
2026-06-11 12:49:07,728 - INFO - [CANCEL] 주문 취소 요청: 005930, 주문번호: 0000024547
2026-06-11 12:49:09,978 - INFO - 주문 취소 성공! (원주문: 0000024547)
2026-06-11 12:49:10,038 - INFO - 상태 전환 완료: HOLDING
2026-06-11 12:49:15,851 - INFO - 계좌 예수금: 9579264원
2026-06-11 12:49:15,852 - INFO - [005930] 보유: 1주, 매도 가능: 1주, 평단가: 299,000원
2026-06-11 12:49:15,881 - INFO - 미실현 손익: -1,000원 (-0.33%), 최고 수익률: 0.00%
2026-06-11 12:49:15,909 - INFO - 매도 조건 충족: 평단가(299,000), 현재가(298,000) -> 목표가(301,000원) (보수적 상향 보정)
2026-06-11 12:49:15,910 - INFO - [SELL] 주문 요청: 005930, 1주, 301000원
2026-06-11 12:49:16,047 - INFO - 주문 성공! 주문번호: 0000024616
2026-06-11 12:49:16,096 - INFO - 60초 후 다음 확인을 진행합니다. (현재 상태: SELLING)
2026-06-11 12:50:20,841 - INFO - [005930] 현재가: 298500, 고가: 306500, 저가: 287500
2026-06-11 12:50:20,842 - WARNING - ⚠️ 주문 고착 감지: 가격 이탈 (현재가:298,500, 목표가:301,000, 차이:2,500). 주문 취소를 시도합니다.
2026-06-11 12:50:20,842 - INFO - [CANCEL] 주문 취소 요청: 005930, 주문번호: 0000024616
2026-06-11 12:50:21,003 - INFO - 주문 취소 성공! (원주문: 0000024616)
2026-06-11 12:50:21,056 - INFO - 상태 전환 완료: HOLDING
2026-06-11 12:50:26,530 - INFO - 계좌 예수금: 9579264원
2026-06-11 12:50:26,531 - INFO - [005930] 보유: 1주, 매도 가능: 1주, 평단가: 299,000원
2026-06-11 12:50:26,563 - INFO - 미실현 손익: -500원 (-0.17%), 최고 수익률: 0.00%
2026-06-11 12:50:26,597 - INFO - 매도 조건 충족: 평단가(299,000), 현재가(298,500) -> 목표가(301,000원) (보수적 상향 보정)
2026-06-11 12:50:26,597 - INFO - [SELL] 주문 요청: 005930, 1주, 301000원
2026-06-11 12:50:27,055 - INFO - 주문 성공! 주문번호: 0000024695
2026-06-11 12:50:27,107 - INFO - 60초 후 다음 확인을 진행합니다. (현재 상태: SELLING)
2026-06-11 12:51:27,243 - INFO - [005930] 현재가: 298500, 고가: 306500, 저가: 287500
2026-06-11 12:51:27,244 - WARNING - ⚠️ 주문 고착 감지: 가격 이탈 (현재가:298,500, 목표가:301,000, 차이:2,500). 주문 취소를 시도합니다.
2026-06-11 12:51:27,244 - INFO - [CANCEL] 주문 취소 요청: 005930, 주문번호: 0000024695
2026-06-11 12:51:27,751 - ERROR - POST 요청 실패 (VTTC0013U): 500 Server Error: Internal Server Error for url: https://openapivts.koreainvestment.com:29443/uapi/domestic-stock/v1/trading/order-rvsecncl
2026-06-11 12:51:27,751 - ERROR - 상세 에러: {"rt_cd":"1","msg1":"초당 거래건수를 초과하였습니다.","msg_cd":"EGW00201","message":"EGW00201"}
2026-06-11 12:51:27,754 - ERROR - 주문 취소 실패: 응답 없음
2026-06-11 12:51:27,755 - ERROR - 주문 취소 실패. 다음 루프에서 재시도합니다.
2026-06-11 12:51:33,245 - INFO - 계좌 예수금: 9579264원
2026-06-11 12:51:33,246 - INFO - [005930] 보유: 1주, 매도 가능: 0주, 평단가: 299,000원
2026-06-11 12:51:33,275 - INFO - 미실현 손익: -500원 (-0.17%), 최고 수익률: 0.00%
2026-06-11 12:51:33,303 - INFO - 보유 수량(1)에 대해 매도 주문(0000024695)이 진행 중입니다.
2026-06-11 12:51:33,304 - INFO - 60초 후 다음 확인을 진행합니다. (현재 상태: SELLING)
2026-06-11 12:52:33,420 - INFO - [005930] 현재가: 298000, 고가: 306500, 저가: 287500
2026-06-11 12:52:33,421 - WARNING - ⚠️ 주문 고착 감지: 가격 이탈 (현재가:298,000, 목표가:301,000, 차이:3,000). 주문 취소를 시도합니다.
2026-06-11 12:52:33,421 - INFO - [CANCEL] 주문 취소 요청: 005930, 주문번호: 0000024695
2026-06-11 12:52:37,351 - INFO - 주문 취소 성공! (원주문: 0000024695)
2026-06-11 12:52:37,403 - INFO - 상태 전환 완료: HOLDING
2026-06-11 12:52:40,602 - INFO - 계좌 예수금: 9579264원
2026-06-11 12:52:40,603 - INFO - [005930] 보유: 1주, 매도 가능: 1주, 평단가: 299,000원
2026-06-11 12:52:40,630 - INFO - 미실현 손익: -1,000원 (-0.33%), 최고 수익률: 0.00%
2026-06-11 12:52:40,660 - INFO - 매도 조건 충족: 평단가(299,000), 현재가(298,000) -> 목표가(301,000원) (보수적 상향 보정)
2026-06-11 12:52:40,660 - INFO - [SELL] 주문 요청: 005930, 1주, 301000원
2026-06-11 12:52:40,808 - INFO - 주문 성공! 주문번호: 0000024829
2026-06-11 12:52:40,857 - INFO - 60초 후 다음 확인을 진행합니다. (현재 상태: SELLING)
2026-06-11 12:53:40,964 - INFO - [005930] 현재가: 298500, 고가: 306500, 저가: 287500
2026-06-11 12:53:40,964 - WARNING - ⚠️ 주문 고착 감지: 가격 이탈 (현재가:298,500, 목표가:301,000, 차이:2,500). 주문 취소를 시도합니다.
2026-06-11 12:53:40,965 - INFO - [CANCEL] 주문 취소 요청: 005930, 주문번호: 0000024829
2026-06-11 12:53:44,122 - INFO - 주문 취소 성공! (원주문: 0000024829)
2026-06-11 12:53:44,172 - INFO - 상태 전환 완료: HOLDING
2026-06-11 12:53:50,469 - INFO - 계좌 예수금: 9579264원
2026-06-11 12:53:50,470 - INFO - [005930] 보유: 1주, 매도 가능: 1주, 평단가: 299,000원
2026-06-11 12:53:50,495 - INFO - 미실현 손익: -500원 (-0.17%), 최고 수익률: 0.00%
2026-06-11 12:53:50,523 - INFO - 매도 조건 충족: 평단가(299,000), 현재가(298,500) -> 목표가(301,000원) (보수적 상향 보정)
2026-06-11 12:53:50,524 - INFO - [SELL] 주문 요청: 005930, 1주, 301000원
2026-06-11 12:53:52,006 - INFO - 주문 성공! 주문번호: 0000024910
2026-06-11 12:53:52,062 - INFO - 60초 후 다음 확인을 진행합니다. (현재 상태: SELLING)
2026-06-11 12:54:53,039 - INFO - [005930] 현재가: 298250, 고가: 306500, 저가: 287500
2026-06-11 12:54:53,040 - WARNING - ⚠️ 주문 고착 감지: 가격 이탈 (현재가:298,250, 목표가:301,000, 차이:2,750). 주문 취소를 시도합니다.
2026-06-11 12:54:53,040 - INFO - [CANCEL] 주문 취소 요청: 005930, 주문번호: 0000024910
2026-06-11 12:54:54,271 - INFO - 주문 취소 성공! (원주문: 0000024910)
2026-06-11 12:54:54,324 - INFO - 상태 전환 완료: HOLDING
2026-06-11 12:54:57,749 - INFO - 계좌 예수금: 9579264원
2026-06-11 12:54:57,750 - INFO - [005930] 보유: 1주, 매도 가능: 1주, 평단가: 299,000원
2026-06-11 12:54:57,775 - INFO - 미실현 손익: -750원 (-0.25%), 최고 수익률: 0.00%
2026-06-11 12:54:57,806 - INFO - 매도 조건 충족: 평단가(299,000), 현재가(298,250) -> 목표가(301,000원) (보수적 상향 보정)
2026-06-11 12:54:57,807 - INFO - [SELL] 주문 요청: 005930, 1주, 301000원
2026-06-11 12:54:59,184 - INFO - 주문 성공! 주문번호: 0000024971
2026-06-11 12:54:59,238 - INFO - 60초 후 다음 확인을 진행합니다. (현재 상태: SELLING)
2026-06-11 12:56:01,651 - INFO - [005930] 현재가: 299000, 고가: 306500, 저가: 287500
2026-06-11 12:56:09,946 - INFO - 계좌 예수금: 9579264원
2026-06-11 12:56:09,947 - INFO - [005930] 보유: 1주, 매도 가능: 0주, 평단가: 299,000원
2026-06-11 12:56:09,973 - INFO - 미실현 손익: 0원 (0.00%), 최고 수익률: 0.00%
2026-06-11 12:56:10,031 - INFO - 자가 최적화 기록 완료: C:\Users\witpo\OneDrive\바탕 화면\YONSEI\26-1\ECO4126 인공지능과금융공학\open-trading-api\self_optimization_history
2026-06-11 12:56:10,033 - INFO - 보유 수량(1)에 대해 매도 주문(0000024971)이 진행 중입니다.
2026-06-11 12:56:10,034 - INFO - 60초 후 다음 확인을 진행합니다. (현재 상태: SELLING)
2026-06-11 12:57:13,438 - INFO - [005930] 현재가: 299000, 고가: 306500, 저가: 287500
2026-06-11 12:57:20,605 - INFO - 계좌 예수금: 9579264원
2026-06-11 12:57:20,606 - INFO - [005930] 보유: 1주, 매도 가능: 0주, 평단가: 299,000원
2026-06-11 12:57:20,631 - INFO - 미실현 손익: 0원 (0.00%), 최고 수익률: 0.00%
2026-06-11 12:57:20,659 - INFO - 보유 수량(1)에 대해 매도 주문(0000024971)이 진행 중입니다.
2026-06-11 12:57:20,660 - INFO - 60초 후 다음 확인을 진행합니다. (현재 상태: SELLING)
2026-06-11 12:58:25,020 - INFO - [005930] 현재가: 300000, 고가: 306500, 저가: 287500
2026-06-11 12:58:29,422 - INFO - 계좌 예수금: 9579264원
2026-06-11 12:58:29,423 - INFO - [005930] 보유: 1주, 매도 가능: 0주, 평단가: 299,000원
2026-06-11 12:58:29,448 - INFO - 미실현 손익: 1,000원 (0.33%), 최고 수익률: 0.33%
2026-06-11 12:58:29,479 - INFO - 보유 수량(1)에 대해 매도 주문(0000024971)이 진행 중입니다.
2026-06-11 12:58:29,480 - INFO - 60초 후 다음 확인을 진행합니다. (현재 상태: SELLING)
2026-06-11 12:59:29,594 - INFO - [005930] 현재가: 299500, 고가: 306500, 저가: 287500
2026-06-11 12:59:37,625 - INFO - 계좌 예수금: 9579264원
2026-06-11 12:59:37,625 - INFO - [005930] 보유: 1주, 매도 가능: 0주, 평단가: 299,000원
2026-06-11 12:59:37,654 - INFO - 미실현 손익: 500원 (0.17%), 최고 수익률: 0.33%
2026-06-11 12:59:37,685 - INFO - 보유 수량(1)에 대해 매도 주문(0000024971)이 진행 중입니다.
2026-06-11 12:59:37,686 - INFO - 60초 후 다음 확인을 진행합니다. (현재 상태: SELLING)
2026-06-11 13:00:46,134 - INFO - [005930] 현재가: 300000, 고가: 306500, 저가: 287500
2026-06-11 13:00:55,248 - INFO - 계좌 예수금: 9579264원
2026-06-11 13:00:55,249 - INFO - [005930] 보유: 1주, 매도 가능: 0주, 평단가: 299,000원
2026-06-11 13:00:55,276 - INFO - 미실현 손익: 1,000원 (0.33%), 최고 수익률: 0.33%
2026-06-11 13:00:55,308 - INFO - 보유 수량(1)에 대해 매도 주문(0000024971)이 진행 중입니다.
2026-06-11 13:00:55,308 - INFO - 60초 후 다음 확인을 진행합니다. (현재 상태: SELLING)
2026-06-11 13:01:58,636 - INFO - [005930] 현재가: 301000, 고가: 306500, 저가: 287500
2026-06-11 13:02:08,058 - INFO - 계좌 예수금: 9579264원
2026-06-11 13:02:09,307 - INFO - 매도 주문 완료 확인: 상태를 IDLE로 전환합니다.
2026-06-11 13:02:09,371 - INFO - 매수 조건 충족: 현재가(301000) - 오프셋(2250+0) = 298500원 (보수적 하향 보정)
2026-06-11 13:02:09,372 - INFO - [BUY] 주문 요청: 005930, 1주, 298500원
2026-06-11 13:02:14,971 - INFO - 주문 성공! 주문번호: 0000025415
2026-06-11 13:02:15,017 - INFO - 60초 후 다음 확인을 진행합니다. (현재 상태: BUYING)
2026-06-11 13:03:16,978 - INFO - [005930] 현재가: 300000, 고가: 306500, 저가: 287500
2026-06-11 13:03:24,354 - INFO - 계좌 예수금: 9579264원
2026-06-11 13:03:29,371 - INFO - 이미 매수 주문(0000025415)이 진행 중입니다. 체결을 기다립니다.
2026-06-11 13:03:29,372 - INFO - 60초 후 다음 확인을 진행합니다. (현재 상태: BUYING)
2026-06-11 13:04:33,171 - INFO - [005930] 현재가: 299500, 고가: 306500, 저가: 287500
2026-06-11 13:04:38,107 - INFO - 계좌 예수금: 9579264원
2026-06-11 13:04:38,108 - INFO - [005930] 보유: 1주, 매도 가능: 1주, 평단가: 298,500원
2026-06-11 13:04:38,135 - INFO - 미실현 손익: 1,000원 (0.34%), 최고 수익률: 0.34%
2026-06-11 13:04:38,165 - INFO - 매수 체결 확인 (평단가: 298,500원). 히스토리에 기록합니다.
2026-06-11 13:04:38,211 - INFO - 매도 조건 충족: 평단가(298,500), 현재가(299,500) -> 목표가(302,000원) (보수적 상향 보정)
2026-06-11 13:04:38,212 - INFO - [SELL] 주문 요청: 005930, 1주, 302000원
2026-06-11 13:04:38,364 - INFO - 주문 성공! 주문번호: 0000025704
2026-06-11 13:04:38,416 - INFO - 60초 후 다음 확인을 진행합니다. (현재 상태: SELLING)
2026-06-11 13:05:41,537 - INFO - [005930] 현재가: 299500, 고가: 306500, 저가: 287500
2026-06-11 13:05:41,538 - WARNING - ⚠️ 주문 고착 감지: 가격 이탈 (현재가:299,500, 목표가:302,000, 차이:2,500). 주문 취소를 시도합니다.
2026-06-11 13:05:41,539 - INFO - [CANCEL] 주문 취소 요청: 005930, 주문번호: 0000025704
2026-06-11 13:05:44,749 - INFO - 주문 취소 성공! (원주문: 0000025704)
2026-06-11 13:05:44,800 - INFO - 상태 전환 완료: HOLDING
2026-06-11 13:05:53,361 - INFO - 계좌 예수금: 9579264원
2026-06-11 13:05:53,362 - INFO - [005930] 보유: 1주, 매도 가능: 1주, 평단가: 298,500원
2026-06-11 13:05:53,388 - INFO - 미실현 손익: 1,000원 (0.34%), 최고 수익률: 0.34%
2026-06-11 13:05:53,418 - INFO - 매도 조건 충족: 평단가(298,500), 현재가(299,500) -> 목표가(302,000원) (보수적 상향 보정)
2026-06-11 13:05:53,418 - INFO - [SELL] 주문 요청: 005930, 1주, 302000원
2026-06-11 13:05:54,991 - INFO - 주문 성공! 주문번호: 0000025790
2026-06-11 13:05:55,061 - INFO - 60초 후 다음 확인을 진행합니다. (현재 상태: SELLING)
2026-06-11 13:06:57,326 - INFO - [005930] 현재가: 299500, 고가: 306500, 저가: 287500
2026-06-11 13:06:57,327 - WARNING - ⚠️ 주문 고착 감지: 가격 이탈 (현재가:299,500, 목표가:302,000, 차이:2,500). 주문 취소를 시도합니다.
2026-06-11 13:06:57,327 - INFO - [CANCEL] 주문 취소 요청: 005930, 주문번호: 0000025790
2026-06-11 13:06:59,713 - INFO - 주문 취소 성공! (원주문: 0000025790)
2026-06-11 13:06:59,769 - INFO - 상태 전환 완료: HOLDING
2026-06-11 13:07:06,281 - INFO - 계좌 예수금: 9579264원
2026-06-11 13:07:06,281 - INFO - [005930] 보유: 1주, 매도 가능: 1주, 평단가: 298,500원
2026-06-11 13:07:06,306 - INFO - 미실현 손익: 1,000원 (0.34%), 최고 수익률: 0.34%
2026-06-11 13:07:06,336 - INFO - 매도 조건 충족: 평단가(298,500), 현재가(299,500) -> 목표가(302,000원) (보수적 상향 보정)
2026-06-11 13:07:06,336 - INFO - [SELL] 주문 요청: 005930, 1주, 302000원
2026-06-11 13:07:09,950 - INFO - 주문 성공! 주문번호: 0000025888
2026-06-11 13:07:10,000 - INFO - 60초 후 다음 확인을 진행합니다. (현재 상태: SELLING)
2026-06-11 13:08:13,239 - INFO - [005930] 현재가: 300500, 고가: 306500, 저가: 287500
2026-06-11 13:08:19,383 - INFO - 계좌 예수금: 9579264원
2026-06-11 13:08:19,383 - INFO - [005930] 보유: 1주, 매도 가능: 0주, 평단가: 298,500원
2026-06-11 13:08:19,411 - INFO - 미실현 손익: 2,000원 (0.67%), 최고 수익률: 0.67%
2026-06-11 13:08:19,441 - INFO - 보유 수량(1)에 대해 매도 주문(0000025888)이 진행 중입니다.
2026-06-11 13:08:19,441 - INFO - 60초 후 다음 확인을 진행합니다. (현재 상태: SELLING)
2026-06-11 13:09:19,621 - INFO - [005930] 현재가: 299500, 고가: 306500, 저가: 287500
2026-06-11 13:09:19,622 - WARNING - ⚠️ 주문 고착 감지: 가격 이탈 (현재가:299,500, 목표가:302,000, 차이:2,500). 주문 취소를 시도합니다.
2026-06-11 13:09:19,622 - INFO - [CANCEL] 주문 취소 요청: 005930, 주문번호: 0000025888
2026-06-11 13:09:20,035 - ERROR - POST 요청 실패 (VTTC0013U): 500 Server Error: Internal Server Error for url: https://openapivts.koreainvestment.com:29443/uapi/domestic-stock/v1/trading/order-rvsecncl
2026-06-11 13:09:20,036 - ERROR - 상세 에러: {"rt_cd":"1","msg1":"초당 거래건수를 초과하였습니다.","msg_cd":"EGW00201","message":"EGW00201"}
2026-06-11 13:09:20,039 - ERROR - 주문 취소 실패: 응답 없음
2026-06-11 13:09:20,039 - ERROR - 주문 취소 실패. 다음 루프에서 재시도합니다.
2026-06-11 13:09:24,722 - INFO - 계좌 예수금: 9579264원
2026-06-11 13:09:24,722 - INFO - [005930] 보유: 1주, 매도 가능: 0주, 평단가: 298,500원
2026-06-11 13:09:24,747 - INFO - 미실현 손익: 1,000원 (0.34%), 최고 수익률: 0.67%
2026-06-11 13:09:24,780 - INFO - 보유 수량(1)에 대해 매도 주문(0000025888)이 진행 중입니다.
2026-06-11 13:09:24,781 - INFO - 60초 후 다음 확인을 진행합니다. (현재 상태: SELLING)
2026-06-11 13:10:28,825 - INFO - [005930] 현재가: 299000, 고가: 306500, 저가: 287500
2026-06-11 13:10:28,826 - WARNING - ⚠️ 주문 고착 감지: 가격 이탈 (현재가:299,000, 목표가:302,000, 차이:3,000). 주문 취소를 시도합니다.
2026-06-11 13:10:28,826 - INFO - [CANCEL] 주문 취소 요청: 005930, 주문번호: 0000025888
2026-06-11 13:10:32,724 - INFO - 주문 취소 성공! (원주문: 0000025888)
2026-06-11 13:10:32,777 - INFO - 상태 전환 완료: HOLDING
2026-06-11 13:10:43,867 - ERROR - GET 요청 실패 (VTTC8434R): HTTPSConnectionPool(host='openapivts.koreainvestment.com', port=29443): Read timed out. (read timeout=10)
2026-06-11 13:10:43,868 - ERROR - 잔고 조회 실패
2026-06-11 13:10:51,342 - WARNING - 예수금 부족으로 매수 불가 (예수금: 0원, 필요: 296500원)
2026-06-11 13:10:51,342 - INFO - 60초 후 다음 확인을 진행합니다. (현재 상태: IDLE)
2026-06-11 13:11:51,463 - INFO - [005930] 현재가: 299500, 고가: 306500, 저가: 287500
2026-06-11 13:11:56,279 - INFO - 계좌 예수금: 9579264원
2026-06-11 13:11:56,279 - INFO - [005930] 보유: 1주, 매도 가능: 1주, 평단가: 298,500원
2026-06-11 13:11:56,307 - INFO - 미실현 손익: 1,000원 (0.34%), 최고 수익률: 0.34%
2026-06-11 13:11:56,339 - INFO - 매도 조건 충족: 평단가(298,500), 현재가(299,500) -> 목표가(302,000원) (보수적 상향 보정)
2026-06-11 13:11:56,339 - INFO - [SELL] 주문 요청: 005930, 1주, 302000원
2026-06-11 13:11:56,480 - INFO - 주문 성공! 주문번호: 0000026224
2026-06-11 13:11:56,530 - INFO - 60초 후 다음 확인을 진행합니다. (현재 상태: SELLING)
2026-06-11 13:12:57,312 - INFO - [005930] 현재가: 299500, 고가: 306500, 저가: 287500
2026-06-11 13:12:57,313 - WARNING - ⚠️ 주문 고착 감지: 가격 이탈 (현재가:299,500, 목표가:302,000, 차이:2,500). 주문 취소를 시도합니다.
2026-06-11 13:12:57,313 - INFO - [CANCEL] 주문 취소 요청: 005930, 주문번호: 0000026224
2026-06-11 13:12:59,872 - INFO - 주문 취소 성공! (원주문: 0000026224)
2026-06-11 13:12:59,928 - INFO - 상태 전환 완료: HOLDING
2026-06-11 13:13:07,424 - INFO - 계좌 예수금: 9579264원
2026-06-11 13:13:07,425 - INFO - [005930] 보유: 1주, 매도 가능: 1주, 평단가: 298,500원
2026-06-11 13:13:07,452 - INFO - 미실현 손익: 1,000원 (0.34%), 최고 수익률: 0.34%
2026-06-11 13:13:07,484 - INFO - 매도 조건 충족: 평단가(298,500), 현재가(299,500) -> 목표가(302,000원) (보수적 상향 보정)
2026-06-11 13:13:07,484 - INFO - [SELL] 주문 요청: 005930, 1주, 302000원
2026-06-11 13:13:11,239 - INFO - 주문 성공! 주문번호: 0000026307
2026-06-11 13:13:11,306 - INFO - 60초 후 다음 확인을 진행합니다. (현재 상태: SELLING)
2026-06-11 13:14:16,268 - INFO - [005930] 현재가: 299000, 고가: 306500, 저가: 287500
2026-06-11 13:14:16,268 - WARNING - ⚠️ 주문 고착 감지: 가격 이탈 (현재가:299,000, 목표가:302,000, 차이:3,000). 주문 취소를 시도합니다.
2026-06-11 13:14:16,269 - INFO - [CANCEL] 주문 취소 요청: 005930, 주문번호: 0000026307
2026-06-11 13:14:16,404 - INFO - 주문 취소 성공! (원주문: 0000026307)
2026-06-11 13:14:16,455 - INFO - 상태 전환 완료: HOLDING
2026-06-11 13:14:19,954 - INFO - 계좌 예수금: 9579264원
2026-06-11 13:14:19,954 - INFO - [005930] 보유: 1주, 매도 가능: 1주, 평단가: 298,500원
2026-06-11 13:14:19,982 - INFO - 미실현 손익: 500원 (0.17%), 최고 수익률: 0.34%
2026-06-11 13:14:20,010 - INFO - 매도 조건 충족: 평단가(298,500), 현재가(299,000) -> 목표가(301,500원) (보수적 상향 보정)
2026-06-11 13:14:20,010 - INFO - [SELL] 주문 요청: 005930, 1주, 301500원
2026-06-11 13:14:20,199 - INFO - 주문 성공! 주문번호: 0000026372
2026-06-11 13:14:20,256 - INFO - 60초 후 다음 확인을 진행합니다. (현재 상태: SELLING)
2026-06-11 13:15:20,399 - INFO - [005930] 현재가: 299000, 고가: 306500, 저가: 287500
2026-06-11 13:15:20,399 - WARNING - ⚠️ 주문 고착 감지: 가격 이탈 (현재가:299,000, 목표가:301,500, 차이:2,500). 주문 취소를 시도합니다.
2026-06-11 13:15:20,400 - INFO - [CANCEL] 주문 취소 요청: 005930, 주문번호: 0000026372
2026-06-11 13:15:26,827 - INFO - 주문 취소 성공! (원주문: 0000026372)
2026-06-11 13:15:26,879 - INFO - 상태 전환 완료: HOLDING
2026-06-11 13:15:37,168 - INFO - 계좌 예수금: 9579264원
2026-06-11 13:15:37,169 - INFO - [005930] 보유: 1주, 매도 가능: 1주, 평단가: 298,500원
2026-06-11 13:15:37,200 - INFO - 미실현 손익: 500원 (0.17%), 최고 수익률: 0.34%
2026-06-11 13:15:37,226 - INFO - 매도 조건 충족: 평단가(298,500), 현재가(299,000) -> 목표가(301,500원) (보수적 상향 보정)
2026-06-11 13:15:37,226 - INFO - [SELL] 주문 요청: 005930, 1주, 301500원
2026-06-11 13:15:37,378 - INFO - 주문 성공! 주문번호: 0000026468
2026-06-11 13:15:37,429 - INFO - 60초 후 다음 확인을 진행합니다. (현재 상태: SELLING)
2026-06-11 13:16:37,556 - INFO - [005930] 현재가: 298000, 고가: 306500, 저가: 287500
2026-06-11 13:16:37,557 - WARNING - ⚠️ 주문 고착 감지: 가격 이탈 (현재가:298,000, 목표가:301,500, 차이:3,500). 주문 취소를 시도합니다.
2026-06-11 13:16:37,557 - INFO - [CANCEL] 주문 취소 요청: 005930, 주문번호: 0000026468
2026-06-11 13:16:38,167 - INFO - 주문 취소 성공! (원주문: 0000026468)
2026-06-11 13:16:38,217 - INFO - 상태 전환 완료: HOLDING
2026-06-11 13:16:45,167 - INFO - 계좌 예수금: 9579264원
2026-06-11 13:16:45,168 - INFO - [005930] 보유: 1주, 매도 가능: 1주, 평단가: 298,500원
2026-06-11 13:16:45,194 - INFO - 미실현 손익: -500원 (-0.17%), 최고 수익률: 0.34%
2026-06-11 13:16:45,222 - INFO - 매도 조건 충족: 평단가(298,500), 현재가(298,000) -> 목표가(301,000원) (보수적 상향 보정)
2026-06-11 13:16:45,223 - INFO - [SELL] 주문 요청: 005930, 1주, 301000원
2026-06-11 13:16:46,675 - INFO - 주문 성공! 주문번호: 0000026552
2026-06-11 13:16:46,756 - INFO - 자가 최적화 기록 완료: C:\Users\witpo\OneDrive\바탕 화면\YONSEI\26-1\ECO4126 인공지능과금융공학\open-trading-api\self_optimization_history
2026-06-11 13:16:46,781 - INFO - 60초 후 다음 확인을 진행합니다. (현재 상태: SELLING)
2026-06-11 13:17:48,555 - INFO - [005930] 현재가: 297750, 고가: 306500, 저가: 287500
2026-06-11 13:17:48,555 - WARNING - ⚠️ 주문 고착 감지: 가격 이탈 (현재가:297,750, 목표가:301,000, 차이:3,250). 주문 취소를 시도합니다.
2026-06-11 13:17:48,555 - INFO - [CANCEL] 주문 취소 요청: 005930, 주문번호: 0000026552
2026-06-11 13:17:49,683 - INFO - 주문 취소 성공! (원주문: 0000026552)
2026-06-11 13:17:49,731 - INFO - 상태 전환 완료: HOLDING
2026-06-11 13:17:55,628 - INFO - 계좌 예수금: 9579264원
2026-06-11 13:17:55,628 - INFO - [005930] 보유: 1주, 매도 가능: 1주, 평단가: 298,500원
2026-06-11 13:17:55,656 - INFO - 미실현 손익: -750원 (-0.25%), 최고 수익률: 0.34%
2026-06-11 13:17:55,683 - INFO - 매도 조건 충족: 평단가(298,500), 현재가(297,750) -> 목표가(300,500원) (보수적 상향 보정)
2026-06-11 13:17:55,684 - INFO - [SELL] 주문 요청: 005930, 1주, 300500원
2026-06-11 13:17:55,923 - INFO - 주문 성공! 주문번호: 0000026651
2026-06-11 13:17:55,973 - INFO - 60초 후 다음 확인을 진행합니다. (현재 상태: SELLING)
2026-06-11 13:18:58,907 - INFO - [005930] 현재가: 298000, 고가: 306500, 저가: 287500
2026-06-11 13:18:58,908 - WARNING - ⚠️ 주문 고착 감지: 가격 이탈 (현재가:298,000, 목표가:300,500, 차이:2,500). 주문 취소를 시도합니다.
2026-06-11 13:18:58,908 - INFO - [CANCEL] 주문 취소 요청: 005930, 주문번호: 0000026651
2026-06-11 13:19:02,942 - INFO - 주문 취소 성공! (원주문: 0000026651)
2026-06-11 13:19:02,996 - INFO - 상태 전환 완료: HOLDING
2026-06-11 13:19:07,819 - INFO - 계좌 예수금: 9579264원
2026-06-11 13:19:07,819 - INFO - [005930] 보유: 1주, 매도 가능: 1주, 평단가: 298,500원
2026-06-11 13:19:07,847 - INFO - 미실현 손익: -500원 (-0.17%), 최고 수익률: 0.34%
2026-06-11 13:19:07,876 - INFO - 매도 조건 충족: 평단가(298,500), 현재가(298,000) -> 목표가(300,500원) (보수적 상향 보정)
2026-06-11 13:19:07,876 - INFO - [SELL] 주문 요청: 005930, 1주, 300500원
2026-06-11 13:19:08,020 - INFO - 주문 성공! 주문번호: 0000026759
2026-06-11 13:19:08,074 - INFO - 60초 후 다음 확인을 진행합니다. (현재 상태: SELLING)
2026-06-11 13:20:14,278 - INFO - [005930] 현재가: 298500, 고가: 306500, 저가: 287500
2026-06-11 13:20:19,501 - INFO - 계좌 예수금: 9579264원
2026-06-11 13:20:19,502 - INFO - [005930] 보유: 1주, 매도 가능: 0주, 평단가: 298,500원
2026-06-11 13:20:19,527 - INFO - 미실현 손익: 0원 (0.00%), 최고 수익률: 0.34%
2026-06-11 13:20:19,557 - INFO - 보유 수량(1)에 대해 매도 주문(0000026759)이 진행 중입니다.
2026-06-11 13:20:19,557 - INFO - 60초 후 다음 확인을 진행합니다. (현재 상태: SELLING)
2026-06-11 13:21:22,685 - INFO - [005930] 현재가: 299750, 고가: 306500, 저가: 287500
2026-06-11 13:21:30,767 - INFO - 계좌 예수금: 9579264원
2026-06-11 13:21:30,767 - INFO - [005930] 보유: 1주, 매도 가능: 0주, 평단가: 298,500원
2026-06-11 13:21:30,795 - INFO - 미실현 손익: 1,250원 (0.42%), 최고 수익률: 0.42%
2026-06-11 13:21:30,825 - INFO - 보유 수량(1)에 대해 매도 주문(0000026759)이 진행 중입니다.
2026-06-11 13:21:30,825 - INFO - 60초 후 다음 확인을 진행합니다. (현재 상태: SELLING)
2026-06-11 13:22:34,370 - INFO - [005930] 현재가: 299250, 고가: 306500, 저가: 287500
2026-06-11 13:22:41,547 - INFO - 계좌 예수금: 9579264원
2026-06-11 13:22:41,547 - INFO - [005930] 보유: 1주, 매도 가능: 0주, 평단가: 298,500원
2026-06-11 13:22:41,575 - INFO - 미실현 손익: 750원 (0.25%), 최고 수익률: 0.42%
2026-06-11 13:22:41,603 - INFO - 보유 수량(1)에 대해 매도 주문(0000026759)이 진행 중입니다.
2026-06-11 13:22:41,604 - INFO - 60초 후 다음 확인을 진행합니다. (현재 상태: SELLING)
2026-06-11 13:23:43,741 - INFO - [005930] 현재가: 299500, 고가: 306500, 저가: 287500
2026-06-11 13:23:50,969 - INFO - 계좌 예수금: 9579264원
2026-06-11 13:23:50,969 - INFO - [005930] 보유: 1주, 매도 가능: 0주, 평단가: 298,500원
2026-06-11 13:23:50,999 - INFO - 미실현 손익: 1,000원 (0.34%), 최고 수익률: 0.42%
2026-06-11 13:23:51,026 - INFO - 보유 수량(1)에 대해 매도 주문(0000026759)이 진행 중입니다.
2026-06-11 13:23:51,026 - INFO - 60초 후 다음 확인을 진행합니다. (현재 상태: SELLING)
2026-06-11 13:24:52,413 - INFO - [005930] 현재가: 299250, 고가: 306500, 저가: 287500
2026-06-11 13:24:58,133 - INFO - 계좌 예수금: 9579264원
2026-06-11 13:24:58,134 - INFO - [005930] 보유: 1주, 매도 가능: 0주, 평단가: 298,500원
2026-06-11 13:24:58,161 - INFO - 미실현 손익: 750원 (0.25%), 최고 수익률: 0.42%
2026-06-11 13:24:58,193 - INFO - 보유 수량(1)에 대해 매도 주문(0000026759)이 진행 중입니다.
2026-06-11 13:24:58,193 - INFO - 60초 후 다음 확인을 진행합니다. (현재 상태: SELLING)
2026-06-11 13:26:01,434 - INFO - [005930] 현재가: 298500, 고가: 306500, 저가: 287500
2026-06-11 13:26:07,783 - INFO - 계좌 예수금: 9579264원
2026-06-11 13:26:07,784 - INFO - [005930] 보유: 1주, 매도 가능: 0주, 평단가: 298,500원
2026-06-11 13:26:07,811 - INFO - 미실현 손익: 0원 (0.00%), 최고 수익률: 0.42%
2026-06-11 13:26:07,842 - INFO - 보유 수량(1)에 대해 매도 주문(0000026759)이 진행 중입니다.
2026-06-11 13:26:07,842 - INFO - 60초 후 다음 확인을 진행합니다. (현재 상태: SELLING)
2026-06-11 13:27:12,298 - INFO - [005930] 현재가: 298500, 고가: 306500, 저가: 287500
2026-06-11 13:27:16,090 - INFO - 계좌 예수금: 9579264원
2026-06-11 13:27:16,090 - INFO - [005930] 보유: 1주, 매도 가능: 0주, 평단가: 298,500원
2026-06-11 13:27:16,118 - INFO - 미실현 손익: 0원 (0.00%), 최고 수익률: 0.42%
2026-06-11 13:27:16,149 - INFO - 보유 수량(1)에 대해 매도 주문(0000026759)이 진행 중입니다.
2026-06-11 13:27:16,149 - INFO - 60초 후 다음 확인을 진행합니다. (현재 상태: SELLING)
2026-06-11 13:28:21,321 - INFO - [005930] 현재가: 298500, 고가: 306500, 저가: 287500
2026-06-11 13:28:31,782 - INFO - 계좌 예수금: 9579264원
2026-06-11 13:28:31,782 - INFO - [005930] 보유: 1주, 매도 가능: 0주, 평단가: 298,500원
2026-06-11 13:28:31,812 - INFO - 미실현 손익: 0원 (0.00%), 최고 수익률: 0.42%
2026-06-11 13:28:31,846 - INFO - 보유 수량(1)에 대해 매도 주문(0000026759)이 진행 중입니다.
2026-06-11 13:28:31,847 - INFO - 60초 후 다음 확인을 진행합니다. (현재 상태: SELLING)
2026-06-11 13:29:35,462 - INFO - [005930] 현재가: 298750, 고가: 306500, 저가: 287500
2026-06-11 13:29:35,463 - WARNING - ⚠️ 주문 고착 감지: 타임아웃 (627초 경과). 주문 취소를 시도합니다.
2026-06-11 13:29:35,463 - INFO - [CANCEL] 주문 취소 요청: 005930, 주문번호: 0000026759
2026-06-11 13:29:39,151 - INFO - 주문 취소 성공! (원주문: 0000026759)
2026-06-11 13:29:39,202 - INFO - 상태 전환 완료: HOLDING
2026-06-11 13:29:46,420 - INFO - 계좌 예수금: 9579264원
2026-06-11 13:29:46,420 - INFO - [005930] 보유: 1주, 매도 가능: 1주, 평단가: 298,500원
2026-06-11 13:29:46,446 - INFO - 미실현 손익: 250원 (0.08%), 최고 수익률: 0.42%
2026-06-11 13:29:46,476 - INFO - 매도 조건 충족: 평단가(298,500), 현재가(298,750) -> 목표가(300,500원) (보수적 상향 보정)
2026-06-11 13:29:46,476 - INFO - [SELL] 주문 요청: 005930, 1주, 300500원
2026-06-11 13:29:50,210 - INFO - 주문 성공! 주문번호: 0000027499
2026-06-11 13:29:50,263 - INFO - 60초 후 다음 확인을 진행합니다. (현재 상태: SELLING)
2026-06-11 13:30:57,900 - INFO - [005930] 현재가: 299500, 고가: 306500, 저가: 287500
2026-06-11 13:31:09,010 - ERROR - GET 요청 실패 (VTTC8434R): HTTPSConnectionPool(host='openapivts.koreainvestment.com', port=29443): Read timed out. (read timeout=10)
2026-06-11 13:31:09,011 - ERROR - 잔고 조회 실패
2026-06-11 13:31:24,853 - INFO - 매도 주문 완료 확인: 상태를 IDLE로 전환합니다.
2026-06-11 13:31:24,923 - WARNING - 예수금 부족으로 매수 불가 (예수금: 0원, 필요: 298000원)
2026-06-11 13:31:24,928 - INFO - 60초 후 다음 확인을 진행합니다. (현재 상태: IDLE)
2026-06-11 13:32:25,969 - INFO - [005930] 현재가: 299000, 고가: 306500, 저가: 287500
2026-06-11 13:32:32,214 - INFO - 계좌 예수금: 9579264원
2026-06-11 13:32:32,215 - INFO - [005930] 보유: 1주, 매도 가능: 0주, 평단가: 298,500원
2026-06-11 13:32:32,248 - INFO - 미실현 손익: 500원 (0.17%), 최고 수익률: 0.17%
2026-06-11 13:32:32,322 - INFO - 보유 수량(1)에 대해 매도 주문(0000027499)이 진행 중입니다.
2026-06-11 13:32:32,323 - INFO - 60초 후 다음 확인을 진행합니다. (현재 상태: SELLING)
2026-06-11 13:33:35,809 - INFO - [005930] 현재가: 299250, 고가: 306500, 저가: 287500
2026-06-11 13:33:43,080 - INFO - 계좌 예수금: 9579264원
2026-06-11 13:33:43,081 - INFO - [005930] 보유: 1주, 매도 가능: 0주, 평단가: 298,500원
2026-06-11 13:33:43,107 - INFO - 미실현 손익: 750원 (0.25%), 최고 수익률: 0.25%
2026-06-11 13:33:43,136 - INFO - 보유 수량(1)에 대해 매도 주문(0000027499)이 진행 중입니다.
2026-06-11 13:33:43,136 - INFO - 60초 후 다음 확인을 진행합니다. (현재 상태: SELLING)
2026-06-11 13:34:44,852 - INFO - [005930] 현재가: 299000, 고가: 306500, 저가: 287500
2026-06-11 13:34:52,204 - INFO - 계좌 예수금: 9579264원
2026-06-11 13:34:52,204 - INFO - [005930] 보유: 1주, 매도 가능: 0주, 평단가: 298,500원
2026-06-11 13:34:52,230 - INFO - 미실현 손익: 500원 (0.17%), 최고 수익률: 0.25%
2026-06-11 13:34:52,257 - INFO - 보유 수량(1)에 대해 매도 주문(0000027499)이 진행 중입니다.
2026-06-11 13:34:52,257 - INFO - 60초 후 다음 확인을 진행합니다. (현재 상태: SELLING)
2026-06-11 13:35:54,566 - INFO - [005930] 현재가: 298750, 고가: 306500, 저가: 287500
2026-06-11 13:36:01,637 - INFO - 계좌 예수금: 9579264원
2026-06-11 13:36:01,638 - INFO - [005930] 보유: 1주, 매도 가능: 0주, 평단가: 298,500원
2026-06-11 13:36:01,669 - INFO - 미실현 손익: 250원 (0.08%), 최고 수익률: 0.25%
2026-06-11 13:36:01,700 - INFO - 보유 수량(1)에 대해 매도 주문(0000027499)이 진행 중입니다.
2026-06-11 13:36:01,700 - INFO - 60초 후 다음 확인을 진행합니다. (현재 상태: SELLING)
2026-06-11 13:37:04,922 - INFO - [005930] 현재가: 299000, 고가: 306500, 저가: 287500
2026-06-11 13:37:11,578 - INFO - 계좌 예수금: 9579264원
2026-06-11 13:37:11,579 - INFO - [005930] 보유: 1주, 매도 가능: 0주, 평단가: 298,500원
2026-06-11 13:37:11,607 - INFO - 미실현 손익: 500원 (0.17%), 최고 수익률: 0.25%
2026-06-11 13:37:11,662 - INFO - 자가 최적화 기록 완료: C:\Users\witpo\OneDrive\바탕 화면\YONSEI\26-1\ECO4126 인공지능과금융공학\open-trading-api\self_optimization_history
2026-06-11 13:37:11,663 - INFO - 보유 수량(1)에 대해 매도 주문(0000027499)이 진행 중입니다.
2026-06-11 13:37:11,664 - INFO - 60초 후 다음 확인을 진행합니다. (현재 상태: SELLING)
2026-06-11 13:38:13,228 - INFO - [005930] 현재가: 299500, 고가: 306500, 저가: 287500
2026-06-11 13:38:19,577 - INFO - 계좌 예수금: 9579264원
2026-06-11 13:38:19,578 - INFO - [005930] 보유: 1주, 매도 가능: 0주, 평단가: 298,500원
2026-06-11 13:38:19,607 - INFO - 미실현 손익: 1,000원 (0.34%), 최고 수익률: 0.34%
2026-06-11 13:38:19,634 - INFO - 보유 수량(1)에 대해 매도 주문(0000027499)이 진행 중입니다.
2026-06-11 13:38:19,635 - INFO - 60초 후 다음 확인을 진행합니다. (현재 상태: SELLING)
2026-06-11 13:39:22,427 - INFO - [005930] 현재가: 299500, 고가: 306500, 저가: 287500
2026-06-11 13:39:27,985 - INFO - 계좌 예수금: 9579264원
2026-06-11 13:39:27,986 - INFO - [005930] 보유: 1주, 매도 가능: 0주, 평단가: 298,500원
2026-06-11 13:39:28,014 - INFO - 미실현 손익: 1,000원 (0.34%), 최고 수익률: 0.34%
2026-06-11 13:39:28,041 - INFO - 보유 수량(1)에 대해 매도 주문(0000027499)이 진행 중입니다.
2026-06-11 13:39:28,041 - INFO - 60초 후 다음 확인을 진행합니다. (현재 상태: SELLING)
2026-06-11 13:40:32,396 - INFO - [005930] 현재가: 299000, 고가: 306500, 저가: 287500
2026-06-11 13:40:32,396 - WARNING - ⚠️ 주문 고착 감지: 타임아웃 (642초 경과). 주문 취소를 시도합니다.
2026-06-11 13:40:32,397 - INFO - [CANCEL] 주문 취소 요청: 005930, 주문번호: 0000027499
2026-06-11 13:40:36,902 - INFO - 주문 취소 성공! (원주문: 0000027499)
2026-06-11 13:40:36,956 - INFO - 상태 전환 완료: HOLDING
2026-06-11 13:40:48,041 - ERROR - GET 요청 실패 (VTTC8434R): HTTPSConnectionPool(host='openapivts.koreainvestment.com', port=29443): Read timed out. (read timeout=10)
2026-06-11 13:40:48,042 - ERROR - 잔고 조회 실패
2026-06-11 13:41:02,796 - WARNING - 예수금 부족으로 매수 불가 (예수금: 0원, 필요: 296500원)
2026-06-11 13:41:02,797 - INFO - 60초 후 다음 확인을 진행합니다. (현재 상태: IDLE)
2026-06-11 13:42:05,452 - INFO - [005930] 현재가: 299250, 고가: 306500, 저가: 287500
2026-06-11 13:42:14,291 - INFO - 계좌 예수금: 9579264원
2026-06-11 13:42:14,292 - INFO - [005930] 보유: 1주, 매도 가능: 1주, 평단가: 298,500원
2026-06-11 13:42:14,327 - INFO - 미실현 손익: 750원 (0.25%), 최고 수익률: 0.25%
2026-06-11 13:42:14,358 - INFO - 매도 조건 충족: 평단가(298,500), 현재가(299,250) -> 목표가(301,500원) (보수적 상향 보정)
2026-06-11 13:42:14,358 - INFO - [SELL] 주문 요청: 005930, 1주, 301500원
2026-06-11 13:42:17,670 - INFO - 주문 성공! 주문번호: 0000028437
2026-06-11 13:42:17,729 - INFO - 60초 후 다음 확인을 진행합니다. (현재 상태: SELLING)
2026-06-11 13:43:24,131 - INFO - [005930] 현재가: 299500, 고가: 306500, 저가: 287500
2026-06-11 13:43:34,371 - INFO - 계좌 예수금: 9579264원
2026-06-11 13:43:34,372 - INFO - [005930] 보유: 1주, 매도 가능: 0주, 평단가: 298,500원
2026-06-11 13:43:34,401 - INFO - 미실현 손익: 1,000원 (0.34%), 최고 수익률: 0.34%
2026-06-11 13:43:34,429 - INFO - 보유 수량(1)에 대해 매도 주문(0000028437)이 진행 중입니다.
2026-06-11 13:43:34,430 - INFO - 60초 후 다음 확인을 진행합니다. (현재 상태: SELLING)
2026-06-11 13:44:39,502 - INFO - [005930] 현재가: 300500, 고가: 306500, 저가: 287500
2026-06-11 13:44:50,598 - ERROR - GET 요청 실패 (VTTC8434R): HTTPSConnectionPool(host='openapivts.koreainvestment.com', port=29443): Read timed out. (read timeout=10)
2026-06-11 13:44:50,598 - ERROR - 잔고 조회 실패
2026-06-11 13:44:57,033 - INFO - 매도 주문 완료 확인: 상태를 IDLE로 전환합니다.
2026-06-11 13:44:57,111 - WARNING - 예수금 부족으로 매수 불가 (예수금: 0원, 필요: 298000원)
2026-06-11 13:44:57,112 - INFO - 60초 후 다음 확인을 진행합니다. (현재 상태: IDLE)
2026-06-11 13:45:59,061 - INFO - [005930] 현재가: 300750, 고가: 306500, 저가: 287500
2026-06-11 13:46:08,390 - INFO - 계좌 예수금: 9579264원
2026-06-11 13:46:16,378 - INFO - 매수 조건 충족: 현재가(300750) - 오프셋(2250+0) = 298500원 (보수적 하향 보정)
2026-06-11 13:46:16,379 - INFO - [BUY] 주문 요청: 005930, 1주, 298500원
2026-06-11 13:46:19,348 - INFO - 주문 성공! 주문번호: 0000028717
2026-06-11 13:46:19,401 - INFO - 60초 후 다음 확인을 진행합니다. (현재 상태: BUYING)
2026-06-11 13:47:22,327 - INFO - [005930] 현재가: 300500, 고가: 306500, 저가: 287500
2026-06-11 13:47:30,110 - INFO - 계좌 예수금: 9579264원
2026-06-11 13:47:35,665 - INFO - 이미 매수 주문(0000028717)이 진행 중입니다. 체결을 기다립니다.
2026-06-11 13:47:35,666 - INFO - 60초 후 다음 확인을 진행합니다. (현재 상태: BUYING)
2026-06-11 13:48:43,331 - INFO - [005930] 현재가: 301000, 고가: 306500, 저가: 287500
2026-06-11 13:48:43,332 - WARNING - ⚠️ 주문 고착 감지: 가격 이탈 (현재가:301,000, 목표가:298,500, 차이:2,500). 주문 취소를 시도합니다.
2026-06-11 13:48:43,332 - INFO - [CANCEL] 주문 취소 요청: 005930, 주문번호: 0000028717
2026-06-11 13:48:43,741 - INFO - 주문 취소 성공! (원주문: 0000028717)
2026-06-11 13:48:43,792 - INFO - 상태 전환 완료: IDLE
2026-06-11 13:48:54,887 - ERROR - GET 요청 실패 (VTTC8434R): HTTPSConnectionPool(host='openapivts.koreainvestment.com', port=29443): Read timed out. (read timeout=10)
2026-06-11 13:48:54,887 - ERROR - 잔고 조회 실패
2026-06-11 13:49:09,238 - WARNING - 예수금 부족으로 매수 불가 (예수금: 0원, 필요: 298500원)
2026-06-11 13:49:09,239 - INFO - 60초 후 다음 확인을 진행합니다. (현재 상태: IDLE)
2026-06-11 13:50:13,857 - INFO - [005930] 현재가: 300000, 고가: 306500, 저가: 287500
2026-06-11 13:50:22,767 - INFO - 계좌 예수금: 9579264원
2026-06-11 13:50:31,456 - INFO - 매수 조건 충족: 현재가(300000) - 오프셋(2250+0) = 297500원 (보수적 하향 보정)
2026-06-11 13:50:31,457 - INFO - [BUY] 주문 요청: 005930, 1주, 297500원
2026-06-11 13:50:36,693 - INFO - 주문 성공! 주문번호: 0000029060
2026-06-11 13:50:36,745 - INFO - 60초 후 다음 확인을 진행합니다. (현재 상태: BUYING)
2026-06-11 13:51:39,675 - INFO - [005930] 현재가: 299500, 고가: 306500, 저가: 287500
2026-06-11 13:51:49,504 - INFO - 계좌 예수금: 9579264원
2026-06-11 13:51:52,492 - INFO - 이미 매수 주문(0000029060)이 진행 중입니다. 체결을 기다립니다.
2026-06-11 13:51:52,493 - INFO - 60초 후 다음 확인을 진행합니다. (현재 상태: BUYING)
2026-06-11 13:52:54,224 - INFO - [005930] 현재가: 300000, 고가: 306500, 저가: 287500
2026-06-11 13:52:54,225 - WARNING - ⚠️ 주문 고착 감지: 가격 이탈 (현재가:300,000, 목표가:297,500, 차이:2,500). 주문 취소를 시도합니다.
2026-06-11 13:52:54,225 - INFO - [CANCEL] 주문 취소 요청: 005930, 주문번호: 0000029060
2026-06-11 13:52:59,242 - INFO - 주문 취소 성공! (원주문: 0000029060)
2026-06-11 13:52:59,298 - INFO - 상태 전환 완료: IDLE
2026-06-11 13:53:08,051 - INFO - 계좌 예수금: 9579264원
2026-06-11 13:53:16,754 - INFO - 매수 조건 충족: 현재가(300000) - 오프셋(2250+0) = 297500원 (보수적 하향 보정)
2026-06-11 13:53:16,754 - INFO - [BUY] 주문 요청: 005930, 1주, 297500원
2026-06-11 13:53:19,724 - INFO - 주문 성공! 주문번호: 0000029283
2026-06-11 13:53:19,783 - INFO - 60초 후 다음 확인을 진행합니다. (현재 상태: BUYING)
2026-06-11 13:54:21,680 - INFO - [005930] 현재가: 300000, 고가: 306500, 저가: 287500
2026-06-11 13:54:21,681 - WARNING - ⚠️ 주문 고착 감지: 가격 이탈 (현재가:300,000, 목표가:297,500, 차이:2,500). 주문 취소를 시도합니다.
2026-06-11 13:54:21,681 - INFO - [CANCEL] 주문 취소 요청: 005930, 주문번호: 0000029283
2026-06-11 13:54:24,239 - INFO - 주문 취소 성공! (원주문: 0000029283)
2026-06-11 13:54:24,301 - INFO - 상태 전환 완료: IDLE
2026-06-11 13:54:32,228 - INFO - 계좌 예수금: 9579264원
2026-06-11 13:54:40,214 - INFO - 매수 조건 충족: 현재가(300000) - 오프셋(2250+0) = 297500원 (보수적 하향 보정)
2026-06-11 13:54:40,215 - INFO - [BUY] 주문 요청: 005930, 1주, 297500원
2026-06-11 13:54:45,336 - INFO - 주문 성공! 주문번호: 0000029367
2026-06-11 13:54:45,393 - INFO - 60초 후 다음 확인을 진행합니다. (현재 상태: BUYING)
2026-06-11 13:55:49,952 - INFO - [005930] 현재가: 300500, 고가: 306500, 저가: 287500
2026-06-11 13:55:49,952 - WARNING - ⚠️ 주문 고착 감지: 가격 이탈 (현재가:300,500, 목표가:297,500, 차이:3,000). 주문 취소를 시도합니다.
2026-06-11 13:55:49,953 - INFO - [CANCEL] 주문 취소 요청: 005930, 주문번호: 0000029367
2026-06-11 13:55:53,117 - INFO - 주문 취소 성공! (원주문: 0000029367)
2026-06-11 13:55:53,168 - INFO - 상태 전환 완료: IDLE
2026-06-11 13:56:01,730 - INFO - 계좌 예수금: 9579264원
2026-06-11 13:56:09,205 - INFO - 매수 조건 충족: 현재가(300500) - 오프셋(2250+0) = 298000원 (보수적 하향 보정)
2026-06-11 13:56:09,206 - INFO - [BUY] 주문 요청: 005930, 1주, 298000원
2026-06-11 13:56:12,483 - INFO - 주문 성공! 주문번호: 0000029474
2026-06-11 13:56:12,537 - INFO - 60초 후 다음 확인을 진행합니다. (현재 상태: BUYING)
2026-06-11 13:57:15,053 - INFO - [005930] 현재가: 299500, 고가: 306500, 저가: 287500
2026-06-11 13:57:24,065 - INFO - 계좌 예수금: 9579264원
2026-06-11 13:57:28,456 - INFO - 이미 매수 주문(0000029474)이 진행 중입니다. 체결을 기다립니다.
2026-06-11 13:57:28,457 - INFO - 60초 후 다음 확인을 진행합니다. (현재 상태: BUYING)
2026-06-11 13:58:31,141 - INFO - [005930] 현재가: 299750, 고가: 306500, 저가: 287500
2026-06-11 13:58:38,616 - INFO - 계좌 예수금: 9579264원
2026-06-11 13:58:42,303 - INFO - 이미 매수 주문(0000029474)이 진행 중입니다. 체결을 기다립니다.
2026-06-11 13:58:42,304 - INFO - 60초 후 다음 확인을 진행합니다. (현재 상태: BUYING)
2026-06-11 13:59:44,360 - INFO - [005930] 현재가: 300500, 고가: 306500, 저가: 287500
2026-06-11 13:59:44,361 - WARNING - ⚠️ 주문 고착 감지: 가격 이탈 (현재가:300,500, 목표가:298,000, 차이:2,500). 주문 취소를 시도합니다.
2026-06-11 13:59:44,361 - INFO - [CANCEL] 주문 취소 요청: 005930, 주문번호: 0000029474
2026-06-11 13:59:46,408 - INFO - 주문 취소 성공! (원주문: 0000029474)
2026-06-11 13:59:46,473 - INFO - 상태 전환 완료: IDLE
2026-06-11 13:59:53,065 - INFO - 계좌 예수금: 9579264원
2026-06-11 13:59:55,676 - INFO - 매수 조건 충족: 현재가(300500) - 오프셋(2250+0) = 298000원 (보수적 하향 보정)
2026-06-11 13:59:55,677 - INFO - [BUY] 주문 요청: 005930, 1주, 298000원
2026-06-11 13:59:57,571 - INFO - 주문 성공! 주문번호: 0000029768
2026-06-11 13:59:57,628 - INFO - 60초 후 다음 확인을 진행합니다. (현재 상태: BUYING)
2026-06-11 14:01:06,762 - INFO - [005930] 현재가: 299500, 고가: 306500, 저가: 287500
2026-06-11 14:01:17,871 - ERROR - GET 요청 실패 (VTTC8434R): HTTPSConnectionPool(host='openapivts.koreainvestment.com', port=29443): Read timed out. (read timeout=10)
2026-06-11 14:01:17,872 - ERROR - 잔고 조회 실패
2026-06-11 14:01:28,022 - ERROR - GET 요청 실패 (FHKST03010200): HTTPSConnectionPool(host='openapivts.koreainvestment.com', port=29443): Read timed out. (read timeout=10)
2026-06-11 14:01:35,998 - INFO - 이미 매수 주문(0000029768)이 진행 중입니다. 체결을 기다립니다.
2026-06-11 14:01:35,999 - INFO - 60초 후 다음 확인을 진행합니다. (현재 상태: BUYING)
2026-06-11 14:02:46,098 - ERROR - GET 요청 실패 (FHKST01010100): HTTPSConnectionPool(host='openapivts.koreainvestment.com', port=29443): Read timed out. (read timeout=10)
2026-06-11 14:02:46,098 - WARNING - [005930] 현재가를 가져오는데 실패했습니다. 10초 후 재시도합니다.
2026-06-11 14:03:00,981 - INFO - [005930] 현재가: 300000, 고가: 306500, 저가: 287500
2026-06-11 14:03:12,131 - ERROR - GET 요청 실패 (VTTC8434R): HTTPSConnectionPool(host='openapivts.koreainvestment.com', port=29443): Read timed out. (read timeout=10)
2026-06-11 14:03:12,132 - ERROR - 잔고 조회 실패
2026-06-11 14:03:24,057 - INFO - 이미 매수 주문(0000029768)이 진행 중입니다. 체결을 기다립니다.
2026-06-11 14:03:24,058 - INFO - 60초 후 다음 확인을 진행합니다. (현재 상태: BUYING)
2026-06-11 14:04:27,002 - INFO - [005930] 현재가: 299500, 고가: 306500, 저가: 287500
2026-06-11 14:04:33,862 - INFO - 계좌 예수금: 9579264원
2026-06-11 14:04:40,927 - INFO - 이미 매수 주문(0000029768)이 진행 중입니다. 체결을 기다립니다.
2026-06-11 14:04:40,928 - INFO - 60초 후 다음 확인을 진행합니다. (현재 상태: BUYING)
2026-06-11 14:05:46,201 - INFO - [005930] 현재가: 299500, 고가: 306500, 저가: 287500
2026-06-11 14:05:57,016 - INFO - 계좌 예수금: 9579264원
2026-06-11 14:06:02,647 - INFO - 이미 매수 주문(0000029768)이 진행 중입니다. 체결을 기다립니다.
2026-06-11 14:06:02,648 - INFO - 60초 후 다음 확인을 진행합니다. (현재 상태: BUYING)
2026-06-11 14:07:05,119 - INFO - [005930] 현재가: 298750, 고가: 306500, 저가: 287500
2026-06-11 14:07:12,283 - INFO - 계좌 예수금: 9579264원
2026-06-11 14:07:19,145 - INFO - 이미 매수 주문(0000029768)이 진행 중입니다. 체결을 기다립니다.
2026-06-11 14:07:19,145 - INFO - 60초 후 다음 확인을 진행합니다. (현재 상태: BUYING)
2026-06-11 14:08:20,794 - INFO - [005930] 현재가: 299250, 고가: 306500, 저가: 287500
2026-06-11 14:08:27,859 - INFO - 계좌 예수금: 9579264원
2026-06-11 14:08:32,980 - INFO - 이미 매수 주문(0000029768)이 진행 중입니다. 체결을 기다립니다.
2026-06-11 14:08:32,980 - INFO - 60초 후 다음 확인을 진행합니다. (현재 상태: BUYING)
2026-06-11 14:09:34,807 - INFO - [005930] 현재가: 299500, 고가: 306500, 저가: 287500
2026-06-11 14:09:41,901 - INFO - 계좌 예수금: 9579264원
2026-06-11 14:09:46,815 - INFO - 이미 매수 주문(0000029768)이 진행 중입니다. 체결을 기다립니다.
2026-06-11 14:09:46,816 - INFO - 60초 후 다음 확인을 진행합니다. (현재 상태: BUYING)
2026-06-11 14:10:52,049 - INFO - [005930] 현재가: 299500, 고가: 306500, 저가: 287500
2026-06-11 14:10:52,050 - WARNING - ⚠️ 주문 고착 감지: 타임아웃 (654초 경과). 주문 취소를 시도합니다.
2026-06-11 14:10:52,051 - INFO - [CANCEL] 주문 취소 요청: 005930, 주문번호: 0000029768
2026-06-11 14:10:56,553 - INFO - 주문 취소 성공! (원주문: 0000029768)
2026-06-11 14:10:56,621 - INFO - 상태 전환 완료: IDLE
2026-06-11 14:11:05,564 - INFO - 계좌 예수금: 9579264원
2026-06-11 14:11:10,582 - INFO - 매수 조건 충족: 현재가(299500) - 오프셋(2250+0) = 297000원 (보수적 하향 보정)
2026-06-11 14:11:10,583 - INFO - [BUY] 주문 요청: 005930, 1주, 297000원
2026-06-11 14:11:12,836 - INFO - 주문 성공! 주문번호: 0000030826
2026-06-11 14:11:12,903 - INFO - 60초 후 다음 확인을 진행합니다. (현재 상태: BUYING)
2026-06-11 14:12:15,919 - INFO - [005930] 현재가: 299000, 고가: 306500, 저가: 287500
2026-06-11 14:12:24,445 - INFO - 계좌 예수금: 9579264원
2026-06-11 14:12:28,410 - INFO - 이미 매수 주문(0000030826)이 진행 중입니다. 체결을 기다립니다.
2026-06-11 14:12:28,411 - INFO - 60초 후 다음 확인을 진행합니다. (현재 상태: BUYING)
2026-06-11 14:13:28,544 - INFO - [005930] 현재가: 299500, 고가: 306500, 저가: 287500
2026-06-11 14:13:28,544 - WARNING - ⚠️ 주문 고착 감지: 가격 이탈 (현재가:299,500, 목표가:297,000, 차이:2,500). 주문 취소를 시도합니다.
2026-06-11 14:13:28,545 - INFO - [CANCEL] 주문 취소 요청: 005930, 주문번호: 0000030826
2026-06-11 14:13:33,438 - INFO - 주문 취소 성공! (원주문: 0000030826)
2026-06-11 14:13:33,486 - INFO - 상태 전환 완료: IDLE
2026-06-11 14:13:37,228 - INFO - 계좌 예수금: 9579264원
2026-06-11 14:13:45,010 - INFO - 매수 조건 충족: 현재가(299500) - 오프셋(2250+0) = 297000원 (보수적 하향 보정)
2026-06-11 14:13:45,010 - INFO - [BUY] 주문 요청: 005930, 1주, 297000원
2026-06-11 14:13:45,139 - INFO - 주문 성공! 주문번호: 0000031006
2026-06-11 14:13:45,202 - INFO - 60초 후 다음 확인을 진행합니다. (현재 상태: BUYING)
2026-06-11 14:14:46,725 - INFO - [005930] 현재가: 299000, 고가: 306500, 저가: 287500
2026-06-11 14:14:52,803 - INFO - 계좌 예수금: 9579264원
2026-06-11 14:14:54,953 - INFO - 이미 매수 주문(0000031006)이 진행 중입니다. 체결을 기다립니다.
2026-06-11 14:14:54,954 - INFO - 60초 후 다음 확인을 진행합니다. (현재 상태: BUYING)
2026-06-11 14:15:55,063 - INFO - [005930] 현재가: 299000, 고가: 306500, 저가: 287500
2026-06-11 14:15:57,933 - INFO - 계좌 예수금: 9579264원
2026-06-11 14:16:08,891 - INFO - 이미 매수 주문(0000031006)이 진행 중입니다. 체결을 기다립니다.
2026-06-11 14:16:08,892 - INFO - 60초 후 다음 확인을 진행합니다. (현재 상태: BUYING)
2026-06-11 14:17:11,563 - INFO - [005930] 현재가: 300000, 고가: 306500, 저가: 287500
2026-06-11 14:17:11,563 - WARNING - ⚠️ 주문 고착 감지: 가격 이탈 (현재가:300,000, 목표가:297,000, 차이:3,000). 주문 취소를 시도합니다.
2026-06-11 14:17:11,564 - INFO - [CANCEL] 주문 취소 요청: 005930, 주문번호: 0000031006
2026-06-11 14:17:13,918 - INFO - 주문 취소 성공! (원주문: 0000031006)
2026-06-11 14:17:13,972 - INFO - 상태 전환 완료: IDLE
2026-06-11 14:17:22,418 - INFO - 계좌 예수금: 9579264원
2026-06-11 14:17:27,026 - INFO - 매수 조건 충족: 현재가(300000) - 오프셋(2250+0) = 297500원 (보수적 하향 보정)
2026-06-11 14:17:27,027 - INFO - [BUY] 주문 요청: 005930, 1주, 297500원
2026-06-11 14:17:28,357 - INFO - 주문 성공! 주문번호: 0000031247
2026-06-11 14:17:28,407 - INFO - 60초 후 다음 확인을 진행합니다. (현재 상태: BUYING)
2026-06-11 14:18:29,903 - INFO - [005930] 현재가: 299750, 고가: 306500, 저가: 287500
2026-06-11 14:18:29,904 - WARNING - ⚠️ 주문 고착 감지: 가격 이탈 (현재가:299,750, 목표가:297,500, 차이:2,250). 주문 취소를 시도합니다.
2026-06-11 14:18:29,904 - INFO - [CANCEL] 주문 취소 요청: 005930, 주문번호: 0000031247
2026-06-11 14:18:31,645 - INFO - 주문 취소 성공! (원주문: 0000031247)
2026-06-11 14:18:31,700 - INFO - 상태 전환 완료: IDLE
2026-06-11 14:18:37,277 - INFO - 계좌 예수금: 9579264원
2026-06-11 14:18:39,735 - INFO - 매수 조건 충족: 현재가(299750) - 오프셋(2250+0) = 297500원 (보수적 하향 보정)
2026-06-11 14:18:39,735 - INFO - [BUY] 주문 요청: 005930, 1주, 297500원
2026-06-11 14:18:41,671 - INFO - 주문 성공! 주문번호: 0000031333
2026-06-11 14:18:41,716 - INFO - 60초 후 다음 확인을 진행합니다. (현재 상태: BUYING)
2026-06-11 14:19:44,968 - INFO - [005930] 현재가: 298750, 고가: 306500, 저가: 287500
2026-06-11 14:19:48,866 - INFO - 계좌 예수금: 9579264원
2026-06-11 14:19:51,416 - INFO - 이미 매수 주문(0000031333)이 진행 중입니다. 체결을 기다립니다.
2026-06-11 14:19:51,417 - INFO - 60초 후 다음 확인을 진행합니다. (현재 상태: BUYING)
2026-06-11 14:20:56,719 - INFO - [005930] 현재가: 299000, 고가: 306500, 저가: 287500
2026-06-11 14:21:06,347 - INFO - 계좌 예수금: 9579264원
2026-06-11 14:21:13,956 - INFO - 이미 매수 주문(0000031333)이 진행 중입니다. 체결을 기다립니다.
2026-06-11 14:21:13,956 - INFO - 60초 후 다음 확인을 진행합니다. (현재 상태: BUYING)
2026-06-11 14:22:17,960 - INFO - [005930] 현재가: 300000, 고가: 306500, 저가: 287500
2026-06-11 14:22:17,960 - WARNING - ⚠️ 주문 고착 감지: 가격 이탈 (현재가:300,000, 목표가:297,500, 차이:2,500). 주문 취소를 시도합니다.
2026-06-11 14:22:17,961 - INFO - [CANCEL] 주문 취소 요청: 005930, 주문번호: 0000031333
2026-06-11 14:22:22,672 - INFO - 주문 취소 성공! (원주문: 0000031333)
2026-06-11 14:22:22,729 - INFO - 상태 전환 완료: IDLE
2026-06-11 14:22:29,327 - INFO - 계좌 예수금: 9579264원
2026-06-11 14:22:34,550 - INFO - 매수 조건 충족: 현재가(300000) - 오프셋(2250+0) = 297500원 (보수적 하향 보정)
2026-06-11 14:22:34,551 - INFO - [BUY] 주문 요청: 005930, 1주, 297500원
2026-06-11 14:22:37,724 - INFO - 주문 성공! 주문번호: 0000031599
2026-06-11 14:22:37,775 - INFO - 60초 후 다음 확인을 진행합니다. (현재 상태: BUYING)
2026-06-11 14:23:37,886 - INFO - [005930] 현재가: 299500, 고가: 306500, 저가: 287500
2026-06-11 14:23:45,825 - INFO - 계좌 예수금: 9579264원
2026-06-11 14:23:52,583 - INFO - 이미 매수 주문(0000031599)이 진행 중입니다. 체결을 기다립니다.
2026-06-11 14:23:52,584 - INFO - 60초 후 다음 확인을 진행합니다. (현재 상태: BUYING)
2026-06-11 14:24:56,076 - INFO - [005930] 현재가: 299000, 고가: 306500, 저가: 287500
2026-06-11 14:24:59,454 - INFO - 계좌 예수금: 9579264원
2026-06-11 14:25:08,159 - INFO - 이미 매수 주문(0000031599)이 진행 중입니다. 체결을 기다립니다.
2026-06-11 14:25:08,160 - INFO - 60초 후 다음 확인을 진행합니다. (현재 상태: BUYING)
2026-06-11 14:26:12,472 - INFO - [005930] 현재가: 298500, 고가: 306500, 저가: 287500
2026-06-11 14:26:16,261 - INFO - 계좌 예수금: 9579264원
2026-06-11 14:26:16,915 - ERROR - GET 요청 실패 (FHKST03010100): 500 Server Error: Internal Server Error for url: https://openapivts.koreainvestment.com:29443/uapi/domestic-stock/v1/quotations/inquire-daily-itemchartprice?FID_COND_MRKT_DIV_CODE=J&FID_INPUT_ISCD=005930&FID_PERIOD_DIV_CODE=D&FID_ORG_ADJ_PRC=0
2026-06-11 14:26:16,916 - ERROR - 상세 에러: {"rt_cd":"1","msg1":"초당 거래건수를 초과하였습니다.","msg_cd":"EGW00201","message":"EGW00201"}
2026-06-11 14:26:16,920 - INFO - 이미 매수 주문(0000031599)이 진행 중입니다. 체결을 기다립니다.
2026-06-11 14:26:16,921 - INFO - 60초 후 다음 확인을 진행합니다. (현재 상태: BUYING)
2026-06-11 14:27:20,980 - INFO - [005930] 현재가: 298000, 고가: 306500, 저가: 287500
2026-06-11 14:27:27,737 - INFO - 계좌 예수금: 9579264원
2026-06-11 14:27:33,171 - INFO - 이미 매수 주문(0000031599)이 진행 중입니다. 체결을 기다립니다.
2026-06-11 14:27:33,171 - INFO - 60초 후 다음 확인을 진행합니다. (현재 상태: BUYING)
2026-06-11 14:28:33,277 - INFO - [005930] 현재가: 298000, 고가: 306500, 저가: 287500
2026-06-11 14:28:39,319 - INFO - 계좌 예수금: 9579264원
2026-06-11 14:28:39,320 - INFO - [005930] 보유: 1주, 매도 가능: 1주, 평단가: 297,500원
2026-06-11 14:28:39,350 - INFO - 미실현 손익: 500원 (0.17%), 최고 수익률: 0.17%
2026-06-11 14:28:39,383 - INFO - 매수 체결 확인 (평단가: 297,500원). 히스토리에 기록합니다.
2026-06-11 14:28:39,433 - INFO - 매도 조건 충족: 평단가(297,500), 현재가(298,000) -> 목표가(300,500원) (보수적 상향 보정)
2026-06-11 14:28:39,434 - INFO - [SELL] 주문 요청: 005930, 1주, 300500원
2026-06-11 14:28:40,984 - INFO - 주문 성공! 주문번호: 0000031974
2026-06-11 14:28:41,064 - INFO - 자가 최적화 기록 완료: C:\Users\witpo\OneDrive\바탕 화면\YONSEI\26-1\ECO4126 인공지능과금융공학\open-trading-api\self_optimization_history
2026-06-11 14:28:41,094 - INFO - 60초 후 다음 확인을 진행합니다. (현재 상태: SELLING)
2026-06-11 14:29:41,209 - INFO - [005930] 현재가: 297750, 고가: 306500, 저가: 287500
2026-06-11 14:29:41,209 - WARNING - ⚠️ 주문 고착 감지: 가격 이탈 (현재가:297,750, 목표가:300,500, 차이:2,750). 주문 취소를 시도합니다.
2026-06-11 14:29:41,210 - INFO - [CANCEL] 주문 취소 요청: 005930, 주문번호: 0000031974
2026-06-11 14:29:43,117 - INFO - 주문 취소 성공! (원주문: 0000031974)
2026-06-11 14:29:43,168 - INFO - 상태 전환 완료: HOLDING
2026-06-11 14:29:50,286 - INFO - 계좌 예수금: 9579264원
2026-06-11 14:29:50,287 - INFO - [005930] 보유: 1주, 매도 가능: 1주, 평단가: 297,500원
2026-06-11 14:29:50,312 - INFO - 미실현 손익: 250원 (0.08%), 최고 수익률: 0.17%
2026-06-11 14:29:50,340 - INFO - 매도 조건 충족: 평단가(297,500), 현재가(297,750) -> 목표가(299,500원) (보수적 상향 보정)
2026-06-11 14:29:50,340 - INFO - [SELL] 주문 요청: 005930, 1주, 299500원
2026-06-11 14:29:50,465 - INFO - 주문 성공! 주문번호: 0000032073
2026-06-11 14:29:50,518 - INFO - 60초 후 다음 확인을 진행합니다. (현재 상태: SELLING)
2026-06-11 14:30:54,058 - INFO - [005930] 현재가: 298000, 고가: 306500, 저가: 287500
2026-06-11 14:31:01,867 - INFO - 계좌 예수금: 9579264원
2026-06-11 14:31:01,867 - INFO - [005930] 보유: 1주, 매도 가능: 0주, 평단가: 297,500원
2026-06-11 14:31:01,895 - INFO - 미실현 손익: 500원 (0.17%), 최고 수익률: 0.17%
2026-06-11 14:31:01,919 - INFO - 보유 수량(1)에 대해 매도 주문(0000032073)이 진행 중입니다.
2026-06-11 14:31:01,919 - INFO - 60초 후 다음 확인을 진행합니다. (현재 상태: SELLING)
2026-06-11 14:32:03,619 - INFO - [005930] 현재가: 297500, 고가: 306500, 저가: 287500
2026-06-11 14:32:10,950 - INFO - 계좌 예수금: 9579264원
2026-06-11 14:32:10,951 - INFO - [005930] 보유: 1주, 매도 가능: 0주, 평단가: 297,500원
2026-06-11 14:32:10,979 - INFO - 미실현 손익: 0원 (0.00%), 최고 수익률: 0.17%
2026-06-11 14:32:11,011 - INFO - 보유 수량(1)에 대해 매도 주문(0000032073)이 진행 중입니다.
2026-06-11 14:32:11,012 - INFO - 60초 후 다음 확인을 진행합니다. (현재 상태: SELLING)
2026-06-11 14:33:11,136 - INFO - [005930] 현재가: 298500, 고가: 306500, 저가: 287500
2026-06-11 14:33:16,431 - INFO - 계좌 예수금: 9579264원
2026-06-11 14:33:16,432 - INFO - [005930] 보유: 1주, 매도 가능: 0주, 평단가: 297,500원
2026-06-11 14:33:16,464 - INFO - 미실현 손익: 1,000원 (0.34%), 최고 수익률: 0.34%
2026-06-11 14:33:16,501 - INFO - 보유 수량(1)에 대해 매도 주문(0000032073)이 진행 중입니다.
2026-06-11 14:33:16,502 - INFO - 60초 후 다음 확인을 진행합니다. (현재 상태: SELLING)
2026-06-11 14:34:16,631 - INFO - [005930] 현재가: 299000, 고가: 306500, 저가: 287500
2026-06-11 14:34:19,613 - INFO - 계좌 예수금: 9579264원
2026-06-11 14:34:19,614 - INFO - [005930] 보유: 1주, 매도 가능: 0주, 평단가: 297,500원
2026-06-11 14:34:19,642 - INFO - 미실현 손익: 1,500원 (0.50%), 최고 수익률: 0.50%
2026-06-11 14:34:19,669 - INFO - 보유 수량(1)에 대해 매도 주문(0000032073)이 진행 중입니다.
2026-06-11 14:34:19,669 - INFO - 60초 후 다음 확인을 진행합니다. (현재 상태: SELLING)
2026-06-11 14:35:21,774 - INFO - [005930] 현재가: 298500, 고가: 306500, 저가: 287500
2026-06-11 14:35:29,447 - INFO - 계좌 예수금: 9579264원
2026-06-11 14:35:29,447 - INFO - [005930] 보유: 1주, 매도 가능: 0주, 평단가: 297,500원
2026-06-11 14:35:29,480 - INFO - 미실현 손익: 1,000원 (0.34%), 최고 수익률: 0.50%
2026-06-11 14:35:29,515 - INFO - 보유 수량(1)에 대해 매도 주문(0000032073)이 진행 중입니다.
2026-06-11 14:35:29,515 - INFO - 60초 후 다음 확인을 진행합니다. (현재 상태: SELLING)
2026-06-11 14:36:30,789 - INFO - [005930] 현재가: 300000, 고가: 306500, 저가: 287500
2026-06-11 14:36:37,964 - INFO - 계좌 예수금: 9579264원
2026-06-11 14:36:43,125 - INFO - 매도 주문 완료 확인: 상태를 IDLE로 전환합니다.
2026-06-11 14:36:43,186 - INFO - 매수 조건 충족: 현재가(300000) - 오프셋(1500+0) = 298500원 (보수적 하향 보정)
2026-06-11 14:36:43,186 - INFO - [BUY] 주문 요청: 005930, 1주, 298500원
2026-06-11 14:36:43,496 - INFO - 주문 성공! 주문번호: 0000032522
2026-06-11 14:36:43,541 - INFO - 60초 후 다음 확인을 진행합니다. (현재 상태: BUYING)
2026-06-11 14:37:46,985 - INFO - [005930] 현재가: 299500, 고가: 306500, 저가: 287500
2026-06-11 14:37:55,618 - INFO - 계좌 예수금: 9579264원
2026-06-11 14:37:58,534 - INFO - 이미 매수 주문(0000032522)이 진행 중입니다. 체결을 기다립니다.
2026-06-11 14:37:58,534 - INFO - 60초 후 다음 확인을 진행합니다. (현재 상태: BUYING)
2026-06-11 14:38:58,649 - INFO - [005930] 현재가: 299000, 고가: 306500, 저가: 287500
2026-06-11 14:39:06,555 - INFO - 계좌 예수금: 9579264원
2026-06-11 14:39:10,974 - INFO - 이미 매수 주문(0000032522)이 진행 중입니다. 체결을 기다립니다.
2026-06-11 14:39:10,974 - INFO - 60초 후 다음 확인을 진행합니다. (현재 상태: BUYING)
2026-06-11 14:40:14,757 - INFO - [005930] 현재가: 300000, 고가: 306500, 저가: 287500
2026-06-11 14:40:23,669 - INFO - 계좌 예수금: 9579264원
2026-06-11 14:40:23,669 - INFO - [005930] 보유: 1주, 매도 가능: 1주, 평단가: 298,500원
2026-06-11 14:40:23,702 - INFO - 미실현 손익: 1,500원 (0.50%), 최고 수익률: 0.50%
2026-06-11 14:40:23,738 - INFO - 매수 체결 확인 (평단가: 298,500원). 히스토리에 기록합니다.
2026-06-11 14:40:23,795 - INFO - 매도 조건 충족: 평단가(298,500), 현재가(300,000) -> 목표가(302,000원) (보수적 상향 보정)
2026-06-11 14:40:23,795 - INFO - [SELL] 주문 요청: 005930, 1주, 302000원
2026-06-11 14:40:26,842 - INFO - 주문 성공! 주문번호: 0000032774
2026-06-11 14:40:26,909 - INFO - 60초 후 다음 확인을 진행합니다. (현재 상태: SELLING)
2026-06-11 14:41:28,488 - INFO - [005930] 현재가: 300000, 고가: 306500, 저가: 287500
2026-06-11 14:41:35,147 - INFO - 계좌 예수금: 9579264원
2026-06-11 14:41:35,147 - INFO - [005930] 보유: 1주, 매도 가능: 0주, 평단가: 298,500원
2026-06-11 14:41:35,174 - INFO - 미실현 손익: 1,500원 (0.50%), 최고 수익률: 0.50%
2026-06-11 14:41:35,205 - INFO - 보유 수량(1)에 대해 매도 주문(0000032774)이 진행 중입니다.
2026-06-11 14:41:35,206 - INFO - 60초 후 다음 확인을 진행합니다. (현재 상태: SELLING)
2026-06-11 14:42:38,229 - INFO - [005930] 현재가: 300500, 고가: 306500, 저가: 287500
2026-06-11 14:42:45,395 - INFO - 계좌 예수금: 9579264원
2026-06-11 14:42:45,396 - INFO - [005930] 보유: 1주, 매도 가능: 0주, 평단가: 298,500원
2026-06-11 14:42:45,424 - INFO - 미실현 손익: 2,000원 (0.67%), 최고 수익률: 0.67%
2026-06-11 14:42:45,454 - INFO - 보유 수량(1)에 대해 매도 주문(0000032774)이 진행 중입니다.
2026-06-11 14:42:45,455 - INFO - 60초 후 다음 확인을 진행합니다. (현재 상태: SELLING)
2026-06-11 14:43:50,116 - INFO - [005930] 현재가: 300500, 고가: 306500, 저가: 287500
2026-06-11 14:43:58,413 - INFO - 계좌 예수금: 9579264원
2026-06-11 14:43:58,414 - INFO - [005930] 보유: 1주, 매도 가능: 0주, 평단가: 298,500원
2026-06-11 14:43:58,443 - INFO - 미실현 손익: 2,000원 (0.67%), 최고 수익률: 0.67%
2026-06-11 14:43:58,490 - INFO - 보유 수량(1)에 대해 매도 주문(0000032774)이 진행 중입니다.
2026-06-11 14:43:58,491 - INFO - 60초 후 다음 확인을 진행합니다. (현재 상태: SELLING)
2026-06-11 14:44:58,605 - INFO - [005930] 현재가: 300250, 고가: 306500, 저가: 287500
2026-06-11 14:45:03,233 - INFO - 계좌 예수금: 9579264원
2026-06-11 14:45:03,234 - INFO - [005930] 보유: 1주, 매도 가능: 0주, 평단가: 298,500원
2026-06-11 14:45:03,261 - INFO - 미실현 손익: 1,750원 (0.59%), 최고 수익률: 0.67%
2026-06-11 14:45:03,288 - INFO - 보유 수량(1)에 대해 매도 주문(0000032774)이 진행 중입니다.
2026-06-11 14:45:03,288 - INFO - 60초 후 다음 확인을 진행합니다. (현재 상태: SELLING)
2026-06-11 14:46:05,292 - INFO - [005930] 현재가: 300500, 고가: 306500, 저가: 287500
2026-06-11 14:46:12,665 - INFO - 계좌 예수금: 9579264원
2026-06-11 14:46:12,665 - INFO - [005930] 보유: 1주, 매도 가능: 0주, 평단가: 298,500원
2026-06-11 14:46:12,693 - INFO - 미실현 손익: 2,000원 (0.67%), 최고 수익률: 0.67%
2026-06-11 14:46:12,722 - INFO - 보유 수량(1)에 대해 매도 주문(0000032774)이 진행 중입니다.
2026-06-11 14:46:12,723 - INFO - 60초 후 다음 확인을 진행합니다. (현재 상태: SELLING)
2026-06-11 14:47:12,836 - INFO - [005930] 현재가: 300000, 고가: 306500, 저가: 287500
2026-06-11 14:47:16,257 - INFO - 계좌 예수금: 9579264원
2026-06-11 14:47:16,258 - INFO - [005930] 보유: 1주, 매도 가능: 0주, 평단가: 298,500원
2026-06-11 14:47:16,285 - INFO - 미실현 손익: 1,500원 (0.50%), 최고 수익률: 0.67%
2026-06-11 14:47:16,317 - INFO - 보유 수량(1)에 대해 매도 주문(0000032774)이 진행 중입니다.
2026-06-11 14:47:16,317 - INFO - 60초 후 다음 확인을 진행합니다. (현재 상태: SELLING)
2026-06-11 14:48:17,703 - INFO - [005930] 현재가: 299500, 고가: 306500, 저가: 287500
2026-06-11 14:48:17,704 - WARNING - ⚠️ 주문 고착 감지: 가격 이탈 (현재가:299,500, 목표가:302,000, 차이:2,500). 주문 취소를 시도합니다.
2026-06-11 14:48:17,704 - INFO - [CANCEL] 주문 취소 요청: 005930, 주문번호: 0000032774
2026-06-11 14:48:19,955 - INFO - 주문 취소 성공! (원주문: 0000032774)
2026-06-11 14:48:20,007 - INFO - 상태 전환 완료: HOLDING
2026-06-11 14:48:27,271 - INFO - 계좌 예수금: 9579264원
2026-06-11 14:48:27,272 - INFO - [005930] 보유: 1주, 매도 가능: 1주, 평단가: 298,500원
2026-06-11 14:48:27,303 - INFO - 미실현 손익: 1,000원 (0.34%), 최고 수익률: 0.67%
2026-06-11 14:48:27,333 - INFO - 매도 조건 충족: 평단가(298,500), 현재가(299,500) -> 목표가(301,500원) (보수적 상향 보정)
2026-06-11 14:48:27,334 - INFO - [SELL] 주문 요청: 005930, 1주, 301500원
2026-06-11 14:48:28,762 - INFO - 주문 성공! 주문번호: 0000033324
2026-06-11 14:48:28,819 - INFO - 60초 후 다음 확인을 진행합니다. (현재 상태: SELLING)
2026-06-11 14:49:30,359 - INFO - [005930] 현재가: 300000, 고가: 306500, 저가: 287500
2026-06-11 14:49:36,861 - INFO - 계좌 예수금: 9579264원
2026-06-11 14:49:36,862 - INFO - [005930] 보유: 1주, 매도 가능: 0주, 평단가: 298,500원
2026-06-11 14:49:36,889 - INFO - 미실현 손익: 1,500원 (0.50%), 최고 수익률: 0.67%
2026-06-11 14:49:36,951 - INFO - 자가 최적화 기록 완료: C:\Users\witpo\OneDrive\바탕 화면\YONSEI\26-1\ECO4126 인공지능과금융공학\open-trading-api\self_optimization_history
2026-06-11 14:49:36,953 - INFO - 보유 수량(1)에 대해 매도 주문(0000033324)이 진행 중입니다.
2026-06-11 14:49:36,953 - INFO - 60초 후 다음 확인을 진행합니다. (현재 상태: SELLING)
2026-06-11 14:50:40,867 - INFO - [005930] 현재가: 300000, 고가: 306500, 저가: 287500
2026-06-11 14:50:49,467 - INFO - 계좌 예수금: 9579264원
2026-06-11 14:50:49,468 - INFO - [005930] 보유: 1주, 매도 가능: 0주, 평단가: 298,500원
2026-06-11 14:50:49,498 - INFO - 미실현 손익: 1,500원 (0.50%), 최고 수익률: 0.67%
2026-06-11 14:50:49,528 - INFO - 보유 수량(1)에 대해 매도 주문(0000033324)이 진행 중입니다.
2026-06-11 14:50:49,529 - INFO - 60초 후 다음 확인을 진행합니다. (현재 상태: SELLING)
2026-06-11 14:51:53,064 - INFO - [005930] 현재가: 299500, 고가: 306500, 저가: 287500
2026-06-11 14:52:00,542 - INFO - 계좌 예수금: 9579264원
2026-06-11 14:52:00,543 - INFO - [005930] 보유: 1주, 매도 가능: 0주, 평단가: 298,500원
2026-06-11 14:52:00,575 - INFO - 미실현 손익: 1,000원 (0.34%), 최고 수익률: 0.67%
2026-06-11 14:52:00,612 - INFO - 보유 수량(1)에 대해 매도 주문(0000033324)이 진행 중입니다.
2026-06-11 14:52:00,613 - INFO - 60초 후 다음 확인을 진행합니다. (현재 상태: SELLING)
2026-06-11 14:53:01,879 - INFO - [005930] 현재가: 299000, 고가: 306500, 저가: 287500
2026-06-11 14:53:01,880 - WARNING - ⚠️ 주문 고착 감지: 가격 이탈 (현재가:299,000, 목표가:301,500, 차이:2,500). 주문 취소를 시도합니다.
2026-06-11 14:53:01,881 - INFO - [CANCEL] 주문 취소 요청: 005930, 주문번호: 0000033324
2026-06-11 14:53:07,099 - INFO - 주문 취소 성공! (원주문: 0000033324)
2026-06-11 14:53:07,161 - INFO - 상태 전환 완료: HOLDING
2026-06-11 14:53:18,263 - INFO - 계좌 예수금: 9579264원
2026-06-11 14:53:18,264 - INFO - [005930] 보유: 1주, 매도 가능: 1주, 평단가: 298,500원
2026-06-11 14:53:18,295 - INFO - 미실현 손익: 500원 (0.17%), 최고 수익률: 0.67%
2026-06-11 14:53:18,331 - INFO - 매도 조건 충족: 평단가(298,500), 현재가(299,000) -> 목표가(301,500원) (보수적 상향 보정)
2026-06-11 14:53:18,331 - INFO - [SELL] 주문 요청: 005930, 1주, 301500원
2026-06-11 14:53:21,727 - INFO - 주문 성공! 주문번호: 0000033688
2026-06-11 14:53:21,791 - INFO - 60초 후 다음 확인을 진행합니다. (현재 상태: SELLING)
2026-06-11 14:54:24,314 - INFO - [005930] 현재가: 299000, 고가: 306500, 저가: 287500
2026-06-11 14:54:24,315 - WARNING - ⚠️ 주문 고착 감지: 가격 이탈 (현재가:299,000, 목표가:301,500, 차이:2,500). 주문 취소를 시도합니다.
2026-06-11 14:54:24,315 - INFO - [CANCEL] 주문 취소 요청: 005930, 주문번호: 0000033688
2026-06-11 14:54:26,054 - INFO - 주문 취소 성공! (원주문: 0000033688)
2026-06-11 14:54:26,115 - INFO - 상태 전환 완료: HOLDING
2026-06-11 14:54:33,122 - INFO - 계좌 예수금: 9579264원
2026-06-11 14:54:33,122 - INFO - [005930] 보유: 1주, 매도 가능: 1주, 평단가: 298,500원
2026-06-11 14:54:33,152 - INFO - 미실현 손익: 500원 (0.17%), 최고 수익률: 0.67%
2026-06-11 14:54:33,175 - INFO - 매도 조건 충족: 평단가(298,500), 현재가(299,000) -> 목표가(301,500원) (보수적 상향 보정)
2026-06-11 14:54:33,176 - INFO - [SELL] 주문 요청: 005930, 1주, 301500원
2026-06-11 14:54:35,270 - INFO - 주문 성공! 주문번호: 0000033769
2026-06-11 14:54:35,320 - INFO - 60초 후 다음 확인을 진행합니다. (현재 상태: SELLING)
2026-06-11 14:55:39,297 - INFO - [005930] 현재가: 298500, 고가: 306500, 저가: 287500
2026-06-11 14:55:39,297 - WARNING - ⚠️ 주문 고착 감지: 가격 이탈 (현재가:298,500, 목표가:301,500, 차이:3,000). 주문 취소를 시도합니다.
2026-06-11 14:55:39,298 - INFO - [CANCEL] 주문 취소 요청: 005930, 주문번호: 0000033769
2026-06-11 14:55:42,039 - INFO - 주문 취소 성공! (원주문: 0000033769)
2026-06-11 14:55:42,092 - INFO - 상태 전환 완료: HOLDING
2026-06-11 14:55:52,732 - INFO - 계좌 예수금: 9579264원
2026-06-11 14:55:52,733 - INFO - [005930] 보유: 1주, 매도 가능: 1주, 평단가: 298,500원
2026-06-11 14:55:52,760 - INFO - 미실현 손익: 0원 (0.00%), 최고 수익률: 0.67%
2026-06-11 14:55:52,789 - INFO - 매도 조건 충족: 평단가(298,500), 현재가(298,500) -> 목표가(301,000원) (보수적 상향 보정)
2026-06-11 14:55:52,789 - INFO - [SELL] 주문 요청: 005930, 1주, 301000원
2026-06-11 14:55:56,273 - INFO - 주문 성공! 주문번호: 0000033844
2026-06-11 14:55:56,334 - INFO - 60초 후 다음 확인을 진행합니다. (현재 상태: SELLING)
2026-06-11 14:56:56,899 - INFO - [005930] 현재가: 298750, 고가: 306500, 저가: 287500
2026-06-11 14:56:56,900 - WARNING - ⚠️ 주문 고착 감지: 가격 이탈 (현재가:298,750, 목표가:301,000, 차이:2,250). 주문 취소를 시도합니다.
2026-06-11 14:56:56,901 - INFO - [CANCEL] 주문 취소 요청: 005930, 주문번호: 0000033844
2026-06-11 14:57:00,280 - INFO - 주문 취소 성공! (원주문: 0000033844)
2026-06-11 14:57:00,346 - INFO - 상태 전환 완료: HOLDING
2026-06-11 14:57:04,988 - INFO - 계좌 예수금: 9579264원
2026-06-11 14:57:04,989 - INFO - [005930] 보유: 1주, 매도 가능: 1주, 평단가: 298,500원
2026-06-11 14:57:05,021 - INFO - 미실현 손익: 250원 (0.08%), 최고 수익률: 0.67%
2026-06-11 14:57:05,054 - INFO - 매도 조건 충족: 평단가(298,500), 현재가(298,750) -> 목표가(301,000원) (보수적 상향 보정)
2026-06-11 14:57:05,055 - INFO - [SELL] 주문 요청: 005930, 1주, 301000원
2026-06-11 14:57:05,910 - INFO - 주문 성공! 주문번호: 0000033908
2026-06-11 14:57:05,967 - INFO - 60초 후 다음 확인을 진행합니다. (현재 상태: SELLING)
2026-06-11 14:58:10,931 - INFO - [005930] 현재가: 299750, 고가: 306500, 저가: 287500
2026-06-11 14:58:20,359 - INFO - 계좌 예수금: 9579264원
2026-06-11 14:58:20,359 - INFO - [005930] 보유: 1주, 매도 가능: 0주, 평단가: 298,500원
2026-06-11 14:58:20,393 - INFO - 미실현 손익: 1,250원 (0.42%), 최고 수익률: 0.67%
2026-06-11 14:58:20,425 - INFO - 보유 수량(1)에 대해 매도 주문(0000033908)이 진행 중입니다.
2026-06-11 14:58:20,425 - INFO - 60초 후 다음 확인을 진행합니다. (현재 상태: SELLING)
2026-06-11 14:59:23,646 - INFO - [005930] 현재가: 299500, 고가: 306500, 저가: 287500
2026-06-11 14:59:28,971 - INFO - 계좌 예수금: 9579264원
2026-06-11 14:59:28,971 - INFO - [005930] 보유: 1주, 매도 가능: 0주, 평단가: 298,500원
2026-06-11 14:59:29,000 - INFO - 미실현 손익: 1,000원 (0.34%), 최고 수익률: 0.67%
2026-06-11 14:59:29,033 - INFO - 보유 수량(1)에 대해 매도 주문(0000033908)이 진행 중입니다.
2026-06-11 14:59:29,034 - INFO - 60초 후 다음 확인을 진행합니다. (현재 상태: SELLING)
2026-06-11 15:00:36,149 - INFO - [005930] 현재가: 299000, 고가: 306500, 저가: 287500
2026-06-11 15:00:47,242 - ERROR - GET 요청 실패 (VTTC8434R): HTTPSConnectionPool(host='openapivts.koreainvestment.com', port=29443): Read timed out. (read timeout=10)
2026-06-11 15:00:47,242 - ERROR - 잔고 조회 실패
2026-06-11 15:01:04,474 - ERROR - GET 요청 실패 (FHKST03010100): HTTPSConnectionPool(host='openapivts.koreainvestment.com', port=29443): Read timed out. (read timeout=10)
2026-06-11 15:01:04,499 - INFO - 매도 주문 완료 확인: 상태를 IDLE로 전환합니다.
2026-06-11 15:01:04,573 - WARNING - 예수금 부족으로 매수 불가 (예수금: 0원, 필요: 296500원)
2026-06-11 15:01:04,574 - INFO - 60초 후 다음 확인을 진행합니다. (현재 상태: IDLE)
2026-06-11 15:02:09,032 - INFO - [005930] 현재가: 298000, 고가: 306500, 저가: 287500
2026-06-11 15:02:20,123 - ERROR - GET 요청 실패 (VTTC8434R): HTTPSConnectionPool(host='openapivts.koreainvestment.com', port=29443): Read timed out. (read timeout=10)
2026-06-11 15:02:20,124 - ERROR - 잔고 조회 실패
2026-06-11 15:02:32,381 - WARNING - 예수금 부족으로 매수 불가 (예수금: 0원, 필요: 295500원)
2026-06-11 15:02:32,381 - INFO - 60초 후 다음 확인을 진행합니다. (현재 상태: IDLE)
2026-06-11 15:03:35,189 - INFO - [005930] 현재가: 298000, 고가: 306500, 저가: 287500
2026-06-11 15:03:42,733 - INFO - 계좌 예수금: 9579264원
2026-06-11 15:03:42,734 - INFO - [005930] 보유: 1주, 매도 가능: 0주, 평단가: 298,500원
2026-06-11 15:03:42,776 - INFO - 미실현 손익: -500원 (-0.17%), 최고 수익률: 0.00%
2026-06-11 15:03:42,860 - INFO - 보유 수량(1)에 대해 매도 주문(0000033908)이 진행 중입니다.
2026-06-11 15:03:42,860 - INFO - 60초 후 다음 확인을 진행합니다. (현재 상태: SELLING)
2026-06-11 15:04:49,140 - INFO - [005930] 현재가: 297500, 고가: 306500, 저가: 287500
2026-06-11 15:04:49,141 - WARNING - ⚠️ 주문 고착 감지: 가격 이탈 (현재가:297,500, 목표가:301,000, 차이:3,500). 주문 취소를 시도합니다.
2026-06-11 15:04:49,141 - INFO - [CANCEL] 주문 취소 요청: 005930, 주문번호: 0000033908
2026-06-11 15:04:54,724 - INFO - 주문 취소 성공! (원주문: 0000033908)
2026-06-11 15:04:54,770 - INFO - 상태 전환 완료: HOLDING
2026-06-11 15:04:56,494 - INFO - 계좌 예수금: 9579264원
2026-06-11 15:04:56,494 - INFO - [005930] 보유: 1주, 매도 가능: 1주, 평단가: 298,500원
2026-06-11 15:04:56,517 - INFO - 미실현 손익: -1,000원 (-0.34%), 최고 수익률: 0.00%
2026-06-11 15:04:56,541 - INFO - 매도 조건 충족: 평단가(298,500), 현재가(297,500) -> 목표가(301,000원) (보수적 상향 보정)
2026-06-11 15:04:56,542 - INFO - [SELL] 주문 요청: 005930, 1주, 301000원
2026-06-11 15:04:56,696 - INFO - 주문 성공! 주문번호: 0000034425
2026-06-11 15:04:56,743 - INFO - 60초 후 다음 확인을 진행합니다. (현재 상태: SELLING)
2026-06-11 15:06:02,868 - INFO - [005930] 현재가: 297500, 고가: 306500, 저가: 287500
2026-06-11 15:06:02,869 - WARNING - ⚠️ 주문 고착 감지: 가격 이탈 (현재가:297,500, 목표가:301,000, 차이:3,500). 주문 취소를 시도합니다.
2026-06-11 15:06:02,869 - INFO - [CANCEL] 주문 취소 요청: 005930, 주문번호: 0000034425
2026-06-11 15:06:04,361 - INFO - 주문 취소 성공! (원주문: 0000034425)
2026-06-11 15:06:04,414 - INFO - 상태 전환 완료: HOLDING
2026-06-11 15:06:15,214 - INFO - 계좌 예수금: 9579264원
2026-06-11 15:06:15,215 - INFO - [005930] 보유: 1주, 매도 가능: 1주, 평단가: 298,500원
2026-06-11 15:06:15,248 - INFO - 미실현 손익: -1,000원 (-0.34%), 최고 수익률: 0.00%
2026-06-11 15:06:15,280 - INFO - 매도 조건 충족: 평단가(298,500), 현재가(297,500) -> 목표가(301,000원) (보수적 상향 보정)
2026-06-11 15:06:15,280 - INFO - [SELL] 주문 요청: 005930, 1주, 301000원
2026-06-11 15:06:19,413 - INFO - 주문 성공! 주문번호: 0000034531
2026-06-11 15:06:19,472 - INFO - 60초 후 다음 확인을 진행합니다. (현재 상태: SELLING)
2026-06-11 15:07:22,085 - INFO - [005930] 현재가: 296750, 고가: 306500, 저가: 287500
2026-06-11 15:07:22,086 - WARNING - ⚠️ 주문 고착 감지: 가격 이탈 (현재가:296,750, 목표가:301,000, 차이:4,250). 주문 취소를 시도합니다.
2026-06-11 15:07:22,086 - INFO - [CANCEL] 주문 취소 요청: 005930, 주문번호: 0000034531
2026-06-11 15:07:23,316 - INFO - 주문 취소 성공! (원주문: 0000034531)
2026-06-11 15:07:23,374 - INFO - 상태 전환 완료: HOLDING
2026-06-11 15:07:29,150 - INFO - 계좌 예수금: 9579264원
2026-06-11 15:07:29,151 - INFO - [005930] 보유: 1주, 매도 가능: 1주, 평단가: 298,500원
2026-06-11 15:07:29,180 - INFO - 미실현 손익: -1,750원 (-0.59%), 최고 수익률: 0.00%
2026-06-11 15:07:29,205 - INFO - 매도 조건 충족: 평단가(298,500), 현재가(296,750) -> 목표가(301,000원) (보수적 상향 보정)
2026-06-11 15:07:29,205 - INFO - [SELL] 주문 요청: 005930, 1주, 301000원
2026-06-11 15:07:30,279 - INFO - 주문 성공! 주문번호: 0000034618
2026-06-11 15:07:30,329 - INFO - 60초 후 다음 확인을 진행합니다. (현재 상태: SELLING)
2026-06-11 15:08:30,861 - INFO - [005930] 현재가: 296500, 고가: 306500, 저가: 287500
2026-06-11 15:08:30,862 - WARNING - ⚠️ 주문 고착 감지: 가격 이탈 (현재가:296,500, 목표가:301,000, 차이:4,500). 주문 취소를 시도합니다.
2026-06-11 15:08:30,863 - INFO - [CANCEL] 주문 취소 요청: 005930, 주문번호: 0000034618
2026-06-11 15:08:31,413 - ERROR - POST 요청 실패 (VTTC0013U): 500 Server Error: Internal Server Error for url: https://openapivts.koreainvestment.com:29443/uapi/domestic-stock/v1/trading/order-rvsecncl
2026-06-11 15:08:31,414 - ERROR - 상세 에러: {"rt_cd":"1","msg1":"초당 거래건수를 초과하였습니다.","msg_cd":"EGW00201","message":"EGW00201"}
2026-06-11 15:08:31,418 - ERROR - 주문 취소 실패: 응답 없음
2026-06-11 15:08:31,419 - ERROR - 주문 취소 실패. 다음 루프에서 재시도합니다.
2026-06-11 15:08:38,890 - INFO - 계좌 예수금: 9579264원
2026-06-11 15:08:38,891 - INFO - [005930] 보유: 1주, 매도 가능: 0주, 평단가: 298,500원
2026-06-11 15:08:38,926 - INFO - 미실현 손익: -2,000원 (-0.67%), 최고 수익률: 0.00%
2026-06-11 15:08:38,961 - INFO - 보유 수량(1)에 대해 매도 주문(0000034618)이 진행 중입니다.
2026-06-11 15:08:38,962 - INFO - 60초 후 다음 확인을 진행합니다. (현재 상태: SELLING)
2026-06-11 15:09:42,791 - INFO - [005930] 현재가: 297000, 고가: 306500, 저가: 287500
2026-06-11 15:09:42,792 - WARNING - ⚠️ 주문 고착 감지: 가격 이탈 (현재가:297,000, 목표가:301,000, 차이:4,000). 주문 취소를 시도합니다.
2026-06-11 15:09:42,792 - INFO - [CANCEL] 주문 취소 요청: 005930, 주문번호: 0000034618
2026-06-11 15:09:46,128 - INFO - 주문 취소 성공! (원주문: 0000034618)
2026-06-11 15:09:46,184 - INFO - 상태 전환 완료: HOLDING
2026-06-11 15:09:54,293 - INFO - 계좌 예수금: 9579264원
2026-06-11 15:09:54,294 - INFO - [005930] 보유: 1주, 매도 가능: 1주, 평단가: 298,500원
2026-06-11 15:09:54,323 - INFO - 미실현 손익: -1,500원 (-0.50%), 최고 수익률: 0.00%
2026-06-11 15:09:54,352 - INFO - 매도 조건 충족: 평단가(298,500), 현재가(297,000) -> 목표가(301,000원) (보수적 상향 보정)
2026-06-11 15:09:54,353 - INFO - [SELL] 주문 요청: 005930, 1주, 301000원
2026-06-11 15:09:54,505 - INFO - 주문 성공! 주문번호: 0000034796
2026-06-11 15:09:54,586 - INFO - 자가 최적화 기록 완료: C:\Users\witpo\OneDrive\바탕 화면\YONSEI\26-1\ECO4126 인공지능과금융공학\open-trading-api\self_optimization_history
2026-06-11 15:09:54,615 - INFO - 60초 후 다음 확인을 진행합니다. (현재 상태: SELLING)
2026-06-11 15:10:56,696 - INFO - [005930] 현재가: 297250, 고가: 306500, 저가: 287500
2026-06-11 15:10:56,697 - WARNING - ⚠️ 주문 고착 감지: 가격 이탈 (현재가:297,250, 목표가:301,000, 차이:3,750). 주문 취소를 시도합니다.
2026-06-11 15:10:56,698 - INFO - [CANCEL] 주문 취소 요청: 005930, 주문번호: 0000034796
2026-06-11 15:11:00,006 - INFO - 주문 취소 성공! (원주문: 0000034796)
2026-06-11 15:11:00,074 - INFO - 상태 전환 완료: HOLDING
2026-06-11 15:11:08,505 - INFO - 계좌 예수금: 9579264원
2026-06-11 15:11:08,506 - INFO - [005930] 보유: 1주, 매도 가능: 1주, 평단가: 298,500원
2026-06-11 15:11:08,535 - INFO - 미실현 손익: -1,250원 (-0.42%), 최고 수익률: 0.00%
2026-06-11 15:11:08,566 - INFO - 매도 조건 충족: 평단가(298,500), 현재가(297,250) -> 목표가(300,500원) (보수적 상향 보정)
2026-06-11 15:11:08,567 - INFO - [SELL] 주문 요청: 005930, 1주, 300500원
2026-06-11 15:11:11,269 - INFO - 주문 성공! 주문번호: 0000034901
2026-06-11 15:11:11,330 - INFO - 60초 후 다음 확인을 진행합니다. (현재 상태: SELLING)
2026-06-11 15:12:12,406 - INFO - [005930] 현재가: 297500, 고가: 306500, 저가: 287500
2026-06-11 15:12:12,407 - WARNING - ⚠️ 주문 고착 감지: 가격 이탈 (현재가:297,500, 목표가:300,500, 차이:3,000). 주문 취소를 시도합니다.
2026-06-11 15:12:12,407 - INFO - [CANCEL] 주문 취소 요청: 005930, 주문번호: 0000034901
2026-06-11 15:12:15,995 - INFO - 주문 취소 성공! (원주문: 0000034901)
2026-06-11 15:12:16,090 - INFO - 상태 전환 완료: HOLDING
2026-06-11 15:12:23,159 - INFO - 계좌 예수금: 9579264원
2026-06-11 15:12:23,160 - INFO - [005930] 보유: 1주, 매도 가능: 1주, 평단가: 298,500원
2026-06-11 15:12:23,189 - INFO - 미실현 손익: -1,000원 (-0.34%), 최고 수익률: 0.00%
2026-06-11 15:12:23,221 - INFO - 매도 조건 충족: 평단가(298,500), 현재가(297,500) -> 목표가(300,500원) (보수적 상향 보정)
2026-06-11 15:12:23,222 - INFO - [SELL] 주문 요청: 005930, 1주, 300500원
2026-06-11 15:12:24,797 - INFO - 주문 성공! 주문번호: 0000035027
2026-06-11 15:12:24,862 - INFO - 60초 후 다음 확인을 진행합니다. (현재 상태: SELLING)
2026-06-11 15:13:25,189 - INFO - [005930] 현재가: 297500, 고가: 306500, 저가: 287500
2026-06-11 15:13:25,190 - WARNING - ⚠️ 주문 고착 감지: 가격 이탈 (현재가:297,500, 목표가:300,500, 차이:3,000). 주문 취소를 시도합니다.
2026-06-11 15:13:25,190 - INFO - [CANCEL] 주문 취소 요청: 005930, 주문번호: 0000035027
2026-06-11 15:13:25,548 - INFO - 주문 취소 성공! (원주문: 0000035027)
2026-06-11 15:13:25,602 - INFO - 상태 전환 완료: HOLDING
2026-06-11 15:13:28,698 - INFO - 계좌 예수금: 9579264원
2026-06-11 15:13:28,699 - INFO - [005930] 보유: 1주, 매도 가능: 1주, 평단가: 298,500원
2026-06-11 15:13:28,730 - INFO - 미실현 손익: -1,000원 (-0.34%), 최고 수익률: 0.00%
2026-06-11 15:13:28,761 - INFO - 매도 조건 충족: 평단가(298,500), 현재가(297,500) -> 목표가(300,500원) (보수적 상향 보정)
2026-06-11 15:13:28,761 - INFO - [SELL] 주문 요청: 005930, 1주, 300500원
2026-06-11 15:13:32,486 - INFO - 주문 성공! 주문번호: 0000035116
2026-06-11 15:13:32,551 - INFO - 60초 후 다음 확인을 진행합니다. (현재 상태: SELLING)
2026-06-11 15:14:34,955 - INFO - [005930] 현재가: 297500, 고가: 306500, 저가: 287500
2026-06-11 15:14:34,956 - WARNING - ⚠️ 주문 고착 감지: 가격 이탈 (현재가:297,500, 목표가:300,500, 차이:3,000). 주문 취소를 시도합니다.
2026-06-11 15:14:34,957 - INFO - [CANCEL] 주문 취소 요청: 005930, 주문번호: 0000035116
2026-06-11 15:14:35,090 - INFO - 주문 취소 성공! (원주문: 0000035116)
2026-06-11 15:14:35,149 - INFO - 상태 전환 완료: HOLDING
2026-06-11 15:14:39,874 - INFO - 계좌 예수금: 9579264원
2026-06-11 15:14:39,874 - INFO - [005930] 보유: 1주, 매도 가능: 1주, 평단가: 298,500원
2026-06-11 15:14:39,913 - INFO - 미실현 손익: -1,000원 (-0.34%), 최고 수익률: 0.00%
2026-06-11 15:14:39,951 - INFO - 매도 조건 충족: 평단가(298,500), 현재가(297,500) -> 목표가(300,500원) (보수적 상향 보정)
2026-06-11 15:14:39,951 - INFO - [SELL] 주문 요청: 005930, 1주, 300500원
2026-06-11 15:14:42,638 - INFO - 주문 성공! 주문번호: 0000035189
2026-06-11 15:14:42,711 - INFO - 60초 후 다음 확인을 진행합니다. (현재 상태: SELLING)
2026-06-11 15:15:46,078 - INFO - [005930] 현재가: 298000, 고가: 306500, 저가: 287500
2026-06-11 15:15:46,079 - WARNING - ⚠️ 주문 고착 감지: 가격 이탈 (현재가:298,000, 목표가:300,500, 차이:2,500). 주문 취소를 시도합니다.
2026-06-11 15:15:46,079 - INFO - [CANCEL] 주문 취소 요청: 005930, 주문번호: 0000035189
2026-06-11 15:15:49,302 - INFO - 주문 취소 성공! (원주문: 0000035189)
2026-06-11 15:15:49,354 - INFO - 상태 전환 완료: HOLDING
2026-06-11 15:15:57,494 - INFO - 계좌 예수금: 9579264원
2026-06-11 15:15:57,494 - INFO - [005930] 보유: 1주, 매도 가능: 1주, 평단가: 298,500원
2026-06-11 15:15:57,523 - INFO - 미실현 손익: -500원 (-0.17%), 최고 수익률: 0.00%
2026-06-11 15:15:57,558 - INFO - 매도 조건 충족: 평단가(298,500), 현재가(298,000) -> 목표가(300,500원) (보수적 상향 보정)
2026-06-11 15:15:57,559 - INFO - [SELL] 주문 요청: 005930, 1주, 300500원
2026-06-11 15:16:00,771 - INFO - 주문 성공! 주문번호: 0000035377
2026-06-11 15:16:00,832 - INFO - 60초 후 다음 확인을 진행합니다. (현재 상태: SELLING)
2026-06-11 15:17:02,112 - INFO - [005930] 현재가: 297500, 고가: 306500, 저가: 287500
2026-06-11 15:17:02,112 - WARNING - ⚠️ 주문 고착 감지: 가격 이탈 (현재가:297,500, 목표가:300,500, 차이:3,000). 주문 취소를 시도합니다.
2026-06-11 15:17:02,112 - INFO - [CANCEL] 주문 취소 요청: 005930, 주문번호: 0000035377
2026-06-11 15:17:04,262 - INFO - 주문 취소 성공! (원주문: 0000035377)
2026-06-11 15:17:04,325 - INFO - 상태 전환 완료: HOLDING
2026-06-11 15:17:13,581 - INFO - 계좌 예수금: 9579264원
2026-06-11 15:17:13,582 - INFO - [005930] 보유: 1주, 매도 가능: 1주, 평단가: 298,500원
2026-06-11 15:17:13,618 - INFO - 미실현 손익: -1,000원 (-0.34%), 최고 수익률: 0.00%
2026-06-11 15:17:13,648 - INFO - 매도 조건 충족: 평단가(298,500), 현재가(297,500) -> 목표가(300,500원) (보수적 상향 보정)
2026-06-11 15:17:13,648 - INFO - [SELL] 주문 요청: 005930, 1주, 300500원
2026-06-11 15:17:15,833 - INFO - 주문 성공! 주문번호: 0000035476
2026-06-11 15:17:15,895 - INFO - 60초 후 다음 확인을 진행합니다. (현재 상태: SELLING)
2026-06-11 15:18:19,806 - INFO - [005930] 현재가: 297750, 고가: 306500, 저가: 287500
2026-06-11 15:18:19,807 - WARNING - ⚠️ 주문 고착 감지: 가격 이탈 (현재가:297,750, 목표가:300,500, 차이:2,750). 주문 취소를 시도합니다.
2026-06-11 15:18:19,807 - INFO - [CANCEL] 주문 취소 요청: 005930, 주문번호: 0000035476
2026-06-11 15:18:24,651 - INFO - 주문 취소 성공! (원주문: 0000035476)
2026-06-11 15:18:24,708 - INFO - 상태 전환 완료: HOLDING
2026-06-11 15:18:33,970 - INFO - 계좌 예수금: 9579264원
2026-06-11 15:18:33,971 - INFO - [005930] 보유: 1주, 매도 가능: 1주, 평단가: 298,500원
2026-06-11 15:18:34,002 - INFO - 미실현 손익: -750원 (-0.25%), 최고 수익률: 0.00%
2026-06-11 15:18:34,029 - INFO - 매도 조건 충족: 평단가(298,500), 현재가(297,750) -> 목표가(300,500원) (보수적 상향 보정)
2026-06-11 15:18:34,030 - INFO - [SELL] 주문 요청: 005930, 1주, 300500원
2026-06-11 15:18:36,668 - INFO - 주문 성공! 주문번호: 0000035616
2026-06-11 15:18:36,732 - INFO - 60초 후 다음 확인을 진행합니다. (현재 상태: SELLING)
2026-06-11 15:19:40,022 - INFO - [005930] 현재가: 298500, 고가: 306500, 저가: 287500
2026-06-11 15:19:48,623 - INFO - 계좌 예수금: 9579264원
2026-06-11 15:19:48,624 - INFO - [005930] 보유: 1주, 매도 가능: 0주, 평단가: 298,500원
2026-06-11 15:19:48,653 - INFO - 미실현 손익: 0원 (0.00%), 최고 수익률: 0.00%
2026-06-11 15:19:48,683 - INFO - 보유 수량(1)에 대해 매도 주문(0000035616)이 진행 중입니다.
2026-06-11 15:19:48,684 - INFO - 60초 후 다음 확인을 진행합니다. (현재 상태: SELLING)
2026-06-11 15:20:52,014 - INFO - [005930] 현재가: 298500, 고가: 306500, 저가: 287500
2026-06-11 15:20:59,898 - INFO - 계좌 예수금: 9579264원
2026-06-11 15:20:59,899 - INFO - [005930] 보유: 1주, 매도 가능: 0주, 평단가: 298,500원
2026-06-11 15:20:59,932 - INFO - 미실현 손익: 0원 (0.00%), 최고 수익률: 0.00%
2026-06-11 15:20:59,962 - INFO - 보유 수량(1)에 대해 매도 주문(0000035616)이 진행 중입니다.
2026-06-11 15:20:59,962 - INFO - 60초 후 다음 확인을 진행합니다. (현재 상태: SELLING)
2026-06-11 15:22:02,468 - INFO - [005930] 현재가: 298500, 고가: 306500, 저가: 287500
2026-06-11 15:22:10,148 - INFO - 계좌 예수금: 9579264원
2026-06-11 15:22:10,148 - INFO - [005930] 보유: 1주, 매도 가능: 0주, 평단가: 298,500원
2026-06-11 15:22:10,178 - INFO - 미실현 손익: 0원 (0.00%), 최고 수익률: 0.00%
2026-06-11 15:22:10,212 - INFO - 보유 수량(1)에 대해 매도 주문(0000035616)이 진행 중입니다.
2026-06-11 15:22:10,213 - INFO - 60초 후 다음 확인을 진행합니다. (현재 상태: SELLING)
2026-06-11 15:23:11,154 - INFO - [005930] 현재가: 298500, 고가: 306500, 저가: 287500
2026-06-11 15:23:19,240 - INFO - 계좌 예수금: 9579264원
2026-06-11 15:23:19,240 - INFO - [005930] 보유: 1주, 매도 가능: 0주, 평단가: 298,500원
2026-06-11 15:23:19,273 - INFO - 미실현 손익: 0원 (0.00%), 최고 수익률: 0.00%
2026-06-11 15:23:19,307 - INFO - 보유 수량(1)에 대해 매도 주문(0000035616)이 진행 중입니다.
2026-06-11 15:23:19,308 - INFO - 60초 후 다음 확인을 진행합니다. (현재 상태: SELLING)
2026-06-11 15:24:21,706 - INFO - [005930] 현재가: 298500, 고가: 306500, 저가: 287500
2026-06-11 15:24:27,849 - INFO - 계좌 예수금: 9579264원
2026-06-11 15:24:27,850 - INFO - [005930] 보유: 1주, 매도 가능: 0주, 평단가: 298,500원
2026-06-11 15:24:27,879 - INFO - 미실현 손익: 0원 (0.00%), 최고 수익률: 0.00%
2026-06-11 15:24:27,911 - INFO - 보유 수량(1)에 대해 매도 주문(0000035616)이 진행 중입니다.
2026-06-11 15:24:27,911 - INFO - 60초 후 다음 확인을 진행합니다. (현재 상태: SELLING)
2026-06-11 15:25:28,988 - INFO - [005930] 현재가: 298500, 고가: 306500, 저가: 287500
2026-06-11 15:25:36,670 - INFO - 계좌 예수금: 9579264원
2026-06-11 15:25:36,670 - INFO - [005930] 보유: 1주, 매도 가능: 0주, 평단가: 298,500원
2026-06-11 15:25:36,706 - INFO - 미실현 손익: 0원 (0.00%), 최고 수익률: 0.00%
2026-06-11 15:25:36,745 - INFO - 보유 수량(1)에 대해 매도 주문(0000035616)이 진행 중입니다.
2026-06-11 15:25:36,746 - INFO - 60초 후 다음 확인을 진행합니다. (현재 상태: SELLING)
2026-06-11 15:26:39,149 - INFO - [005930] 현재가: 298500, 고가: 306500, 저가: 287500
2026-06-11 15:26:47,123 - INFO - 계좌 예수금: 9579264원
2026-06-11 15:26:47,124 - INFO - [005930] 보유: 1주, 매도 가능: 0주, 평단가: 298,500원
2026-06-11 15:26:47,161 - INFO - 미실현 손익: 0원 (0.00%), 최고 수익률: 0.00%
2026-06-11 15:26:47,200 - INFO - 보유 수량(1)에 대해 매도 주문(0000035616)이 진행 중입니다.
2026-06-11 15:26:47,201 - INFO - 60초 후 다음 확인을 진행합니다. (현재 상태: SELLING)
2026-06-11 15:27:47,849 - INFO - [005930] 현재가: 298500, 고가: 306500, 저가: 287500
2026-06-11 15:27:51,742 - INFO - 계좌 예수금: 9579264원
2026-06-11 15:27:51,743 - INFO - [005930] 보유: 1주, 매도 가능: 0주, 평단가: 298,500원
2026-06-11 15:27:51,779 - INFO - 미실현 손익: 0원 (0.00%), 최고 수익률: 0.00%
2026-06-11 15:27:51,816 - INFO - 보유 수량(1)에 대해 매도 주문(0000035616)이 진행 중입니다.
2026-06-11 15:27:51,817 - INFO - 60초 후 다음 확인을 진행합니다. (현재 상태: SELLING)
2026-06-11 15:28:51,917 - INFO - [005930] 현재가: 298500, 고가: 306500, 저가: 287500
2026-06-11 15:28:51,918 - WARNING - ⚠️ 주문 고착 감지: 타임아웃 (615초 경과). 주문 취소를 시도합니다.
2026-06-11 15:28:51,918 - INFO - [CANCEL] 주문 취소 요청: 005930, 주문번호: 0000035616
2026-06-11 15:28:52,463 - INFO - 주문 취소 성공! (원주문: 0000035616)
2026-06-11 15:28:52,514 - INFO - 상태 전환 완료: HOLDING
2026-06-11 15:28:57,075 - INFO - 계좌 예수금: 9579264원
2026-06-11 15:28:57,076 - INFO - [005930] 보유: 1주, 매도 가능: 1주, 평단가: 298,500원
2026-06-11 15:28:57,105 - INFO - 미실현 손익: 0원 (0.00%), 최고 수익률: 0.00%
2026-06-11 15:28:57,132 - INFO - 매도 조건 충족: 평단가(298,500), 현재가(298,500) -> 목표가(300,500원) (보수적 상향 보정)
2026-06-11 15:28:57,132 - INFO - [SELL] 주문 요청: 005930, 1주, 300500원
2026-06-11 15:28:57,255 - INFO - 주문 성공! 주문번호: 0000036222
2026-06-11 15:28:57,306 - INFO - 60초 후 다음 확인을 진행합니다. (현재 상태: SELLING)
2026-06-11 15:29:57,410 - INFO - [005930] 현재가: 298500, 고가: 306500, 저가: 287500
2026-06-11 15:30:01,335 - INFO - 계좌 예수금: 9579264원
2026-06-11 15:30:01,336 - INFO - [005930] 보유: 1주, 매도 가능: 0주, 평단가: 298,500원
2026-06-11 15:30:01,366 - INFO - 미실현 손익: 0원 (0.00%), 최고 수익률: 0.00%
2026-06-11 15:30:01,424 - INFO - 자가 최적화 기록 완료: C:\Users\witpo\OneDrive\바탕 화면\YONSEI\26-1\ECO4126 인공지능과금융공학\open-trading-api\self_optimization_history
2026-06-11 15:30:01,425 - INFO - 보유 수량(1)에 대해 매도 주문(0000036222)이 진행 중입니다.
2026-06-11 15:30:01,425 - INFO - 60초 후 다음 확인을 진행합니다. (현재 상태: SELLING)
2026-06-11 15:31:01,427 - INFO - 현재 시간 15:31:01, 장 종료 시간이 지났습니다. 프로그램을 종료합니다.
2026-06-11 15:31:01,428 - INFO - 프로그램을 종료합니다.
