2026-06-04 09:49:07,287 - INFO - 새로운 접근 토큰을 발급받습니다...
2026-06-04 09:49:08,721 - INFO - 새로운 토큰이 발급 및 저장되었습니다. 만료 시간: 2026-06-05 09:49:08
2026-06-04 09:49:08,728 - INFO - 삼성전자 자동매매 프로그램을 시작합니다. (자가 적응형 로직 활성화)
2026-06-04 09:49:08,765 - INFO - 📅 날짜 변경 감지 (2026-06-02 -> 2026-06-04). 세션 데이터를 초기화합니다.
2026-06-04 09:49:08,766 - INFO - 이전 상태 로드 완료: BUYING (목표가: 351000원)
2026-06-04 09:49:08,769 - INFO - 📅 날짜 변경 감지 (2026-06-02 -> 2026-06-04). 세션 데이터를 초기화합니다.
2026-06-04 09:49:09,636 - INFO - [005930] 현재가: 359500, 고가: 366000, 저가: 348000
2026-06-04 09:49:09,637 - WARNING - ⚠️ 주문 고착 감지: 타임아웃 (163520초 경과). 주문 취소를 시도합니다.
2026-06-04 09:49:09,637 - INFO - [CANCEL] 주문 취소 요청: 005930, 주문번호: 0000029519
2026-06-04 09:49:09,791 - ERROR - 주문 취소 실패: 모의투자 원주문번호가 존재하지 않습니다.
2026-06-04 09:49:09,792 - INFO - 유령 주문 감지 (모의투자 원주문번호가 존재하지 않습니다.). 로컬 상태를 강제 리셋합니다.
2026-06-04 09:49:09,793 - INFO - 📅 날짜 변경 감지 (2026-06-02 -> 2026-06-04). 세션 데이터를 초기화합니다.
2026-06-04 09:49:09,823 - INFO - 상태 전환 완료: IDLE
2026-06-04 09:49:12,401 - INFO - 계좌 예수금: 9934495원
2026-06-04 09:49:12,772 - INFO - 매수 조건 충족: 현재가(359500) - 오프셋(2250+0) = 357000원 (보수적 하향 보정)
2026-06-04 09:49:12,773 - INFO - [BUY] 주문 요청: 005930, 1주, 357000원
2026-06-04 09:49:13,063 - INFO - 주문 성공! 주문번호: 0000010506
2026-06-04 09:49:13,094 - INFO - 60초 후 다음 확인을 진행합니다. (현재 상태: BUYING)
2026-06-04 09:50:15,997 - INFO - [005930] 현재가: 358500, 고가: 366000, 저가: 348000
2026-06-04 09:50:21,119 - INFO - 계좌 예수금: 9934495원
2026-06-04 09:50:21,273 - INFO - 이미 매수 주문(0000010506)이 진행 중입니다. 체결을 기다립니다.
2026-06-04 09:50:21,274 - INFO - 60초 후 다음 확인을 진행합니다. (현재 상태: BUYING)
2026-06-04 09:51:23,689 - INFO - [005930] 현재가: 358250, 고가: 366000, 저가: 348000
2026-06-04 09:51:30,652 - INFO - 계좌 예수금: 9934495원
2026-06-04 09:51:30,814 - INFO - 이미 매수 주문(0000010506)이 진행 중입니다. 체결을 기다립니다.
2026-06-04 09:51:30,815 - INFO - 60초 후 다음 확인을 진행합니다. (현재 상태: BUYING)
2026-06-04 09:52:31,890 - INFO - [005930] 현재가: 358500, 고가: 366000, 저가: 348000
2026-06-04 09:52:38,134 - INFO - 계좌 예수금: 9934495원
2026-06-04 09:52:38,312 - INFO - 이미 매수 주문(0000010506)이 진행 중입니다. 체결을 기다립니다.
2026-06-04 09:52:38,312 - INFO - 60초 후 다음 확인을 진행합니다. (현재 상태: BUYING)
2026-06-04 09:53:38,592 - INFO - [005930] 현재가: 360500, 고가: 366000, 저가: 348000
2026-06-04 09:53:38,594 - WARNING - ⚠️ 주문 고착 감지: 가격 이탈 (현재가:360,500, 목표가:357,000, 차이:3,500). 주문 취소를 시도합니다.
2026-06-04 09:53:38,594 - INFO - [CANCEL] 주문 취소 요청: 005930, 주문번호: 0000010506
2026-06-04 09:53:39,015 - ERROR - POST 요청 실패 (VTTC0013U): 500 Server Error: Internal Server Error for url: https://openapivts.koreainvestment.com:29443/uapi/domestic-stock/v1/trading/order-rvsecncl
2026-06-04 09:53:39,015 - ERROR - 상세 에러: {"rt_cd":"1","msg1":"초당 거래건수를 초과하였습니다.","msg_cd":"EGW00201","message":"EGW00201"}
2026-06-04 09:53:39,020 - ERROR - 주문 취소 실패: 응답 없음
2026-06-04 09:53:39,021 - ERROR - 주문 취소 실패. 다음 루프에서 재시도합니다.
2026-06-04 09:53:43,882 - INFO - 계좌 예수금: 9934495원
2026-06-04 09:53:44,028 - INFO - 이미 매수 주문(0000010506)이 진행 중입니다. 체결을 기다립니다.
2026-06-04 09:53:44,030 - INFO - 60초 후 다음 확인을 진행합니다. (현재 상태: BUYING)
2026-06-04 09:54:44,184 - INFO - [005930] 현재가: 362500, 고가: 366000, 저가: 348000
2026-06-04 09:54:44,185 - WARNING - ⚠️ 주문 고착 감지: 가격 이탈 (현재가:362,500, 목표가:357,000, 차이:5,500). 주문 취소를 시도합니다.
2026-06-04 09:54:44,186 - INFO - [CANCEL] 주문 취소 요청: 005930, 주문번호: 0000010506
2026-06-04 09:54:45,222 - INFO - 주문 취소 성공! (원주문: 0000010506)
2026-06-04 09:54:45,263 - INFO - 상태 전환 완료: IDLE
2026-06-04 09:54:50,953 - INFO - 계좌 예수금: 9934495원
2026-06-04 09:54:51,083 - INFO - 매수 조건 충족: 현재가(362500) - 오프셋(2250+0) = 360000원 (보수적 하향 보정)
2026-06-04 09:54:51,084 - INFO - [BUY] 주문 요청: 005930, 1주, 360000원
2026-06-04 09:54:51,978 - INFO - 주문 성공! 주문번호: 0000011191
2026-06-04 09:54:52,009 - INFO - 60초 후 다음 확인을 진행합니다. (현재 상태: BUYING)
2026-06-04 09:55:52,120 - INFO - [005930] 현재가: 360500, 고가: 366000, 저가: 348000
2026-06-04 09:55:53,729 - INFO - 계좌 예수금: 9934495원
2026-06-04 09:55:53,730 - INFO - [005930] 보유: 1주, 매도 가능: 1주, 평단가: 360,000원
2026-06-04 09:55:53,735 - INFO - 미실현 손익: 500원 (0.14%), 최고 수익률: 0.14%
2026-06-04 09:55:53,766 - INFO - 매수 체결 확인 (평단가: 360,000원). 히스토리에 기록합니다.
2026-06-04 09:55:53,793 - INFO - 매도 조건 충족: 평단가(360,000), 현재가(360,500) -> 목표가(363,000원) (보수적 상향 보정)
2026-06-04 09:55:53,793 - INFO - [SELL] 주문 요청: 005930, 1주, 363000원
2026-06-04 09:55:53,896 - ERROR - POST 요청 실패 (VTTC0011U): 500 Server Error: Internal Server Error for url: https://openapivts.koreainvestment.com:29443/uapi/domestic-stock/v1/trading/order-cash
2026-06-04 09:55:53,897 - ERROR - 상세 에러: {"rt_cd":"1","msg1":"초당 거래건수를 초과하였습니다.","msg_cd":"EGW00201","message":"EGW00201"}
2026-06-04 09:55:53,900 - ERROR - 주문 실패: 응답 없음
2026-06-04 09:55:53,900 - INFO - 60초 후 다음 확인을 진행합니다. (현재 상태: HOLDING)
2026-06-04 09:56:54,007 - INFO - [005930] 현재가: 359000, 고가: 366000, 저가: 348000
2026-06-04 09:56:55,151 - INFO - 계좌 예수금: 9934495원
2026-06-04 09:56:55,151 - INFO - [005930] 보유: 1주, 매도 가능: 1주, 평단가: 360,000원
2026-06-04 09:56:55,157 - INFO - 미실현 손익: -1,000원 (-0.28%), 최고 수익률: 0.14%
2026-06-04 09:56:55,184 - INFO - 매도 조건 충족: 평단가(360,000), 현재가(359,000) -> 목표가(362,500원) (보수적 상향 보정)
2026-06-04 09:56:55,184 - INFO - [SELL] 주문 요청: 005930, 1주, 362500원
2026-06-04 09:56:55,661 - INFO - 주문 성공! 주문번호: 0000011390
2026-06-04 09:56:55,697 - INFO - 자가 최적화 기록 완료: C:\Users\witpo\OneDrive\바탕 화면\YONSEI\26-1\ECO4126 인공지능과금융공학\open-trading-api\self_optimization_history
2026-06-04 09:56:55,720 - INFO - 60초 후 다음 확인을 진행합니다. (현재 상태: SELLING)
2026-06-04 09:57:55,825 - INFO - [005930] 현재가: 359500, 고가: 366000, 저가: 348000
2026-06-04 09:57:55,825 - WARNING - ⚠️ 주문 고착 감지: 가격 이탈 (현재가:359,500, 목표가:362,500, 차이:3,000). 주문 취소를 시도합니다.
2026-06-04 09:57:55,826 - INFO - [CANCEL] 주문 취소 요청: 005930, 주문번호: 0000011390
2026-06-04 09:57:56,377 - INFO - 주문 취소 성공! (원주문: 0000011390)
2026-06-04 09:57:56,419 - INFO - 상태 전환 완료: HOLDING
2026-06-04 09:58:00,404 - INFO - 계좌 예수금: 9934495원
2026-06-04 09:58:00,405 - INFO - [005930] 보유: 1주, 매도 가능: 1주, 평단가: 360,000원
2026-06-04 09:58:00,411 - INFO - 미실현 손익: -500원 (-0.14%), 최고 수익률: 0.14%
2026-06-04 09:58:00,437 - INFO - 매도 조건 충족: 평단가(360,000), 현재가(359,500) -> 목표가(362,000원) (보수적 상향 보정)
2026-06-04 09:58:00,438 - INFO - [SELL] 주문 요청: 005930, 1주, 362000원
2026-06-04 09:58:00,916 - INFO - 주문 성공! 주문번호: 0000011496
2026-06-04 09:58:00,944 - INFO - 60초 후 다음 확인을 진행합니다. (현재 상태: SELLING)
2026-06-04 09:59:01,045 - INFO - [005930] 현재가: 360000, 고가: 366000, 저가: 348000
2026-06-04 09:59:02,133 - ERROR - GET 요청 실패 (VTTC8434R): 500 Server Error: Internal Server Error for url: https://openapivts.koreainvestment.com:29443/uapi/domestic-stock/v1/trading/inquire-balance?CANO=50174003&ACNT_PRDT_CD=01&AFHR_FLPR_YN=N&OFL_YN=&INQR_DVSN=02&UNPR_DVSN=01&FUND_STTL_ICLD_YN=N&FNCG_AMT_AUTO_RDPT_YN=N&PRCS_DVSN=00&CTX_AREA_FK100=&CTX_AREA_NK100=
2026-06-04 09:59:02,134 - ERROR - 상세 에러: {"rt_cd":"1","msg1":"원장에서 허용 가능한 초당 거래건수를 초과하였습니다.","msg_cd":"EGW00201"}
2026-06-04 09:59:02,137 - ERROR - 잔고 조회 실패
2026-06-04 09:59:02,876 - INFO - 매도 주문 완료 확인: 상태를 IDLE로 전환합니다.
2026-06-04 09:59:02,906 - WARNING - 예수금 부족으로 매수 불가 (예수금: 0원, 필요: 358500원)
2026-06-04 09:59:02,906 - INFO - 60초 후 다음 확인을 진행합니다. (현재 상태: IDLE)
2026-06-04 10:00:05,544 - INFO - [005930] 현재가: 360000, 고가: 366000, 저가: 348000
2026-06-04 10:00:10,869 - INFO - 계좌 예수금: 9934495원
2026-06-04 10:00:10,870 - INFO - [005930] 보유: 1주, 매도 가능: 0주, 평단가: 360,000원
2026-06-04 10:00:10,874 - INFO - 미실현 손익: 0원 (0.00%), 최고 수익률: 0.00%
2026-06-04 10:00:10,930 - INFO - 보유 수량(1)에 대해 매도 주문(0000011496)이 진행 중입니다.
2026-06-04 10:00:10,931 - INFO - 60초 후 다음 확인을 진행합니다. (현재 상태: SELLING)
2026-06-04 10:01:13,234 - INFO - [005930] 현재가: 360500, 고가: 366000, 저가: 348000
2026-06-04 10:01:19,585 - INFO - 계좌 예수금: 9934495원
2026-06-04 10:01:19,585 - INFO - [005930] 보유: 1주, 매도 가능: 0주, 평단가: 360,000원
2026-06-04 10:01:19,591 - INFO - 미실현 손익: 500원 (0.14%), 최고 수익률: 0.14%
2026-06-04 10:01:19,620 - INFO - 보유 수량(1)에 대해 매도 주문(0000011496)이 진행 중입니다.
2026-06-04 10:01:19,621 - INFO - 60초 후 다음 확인을 진행합니다. (현재 상태: SELLING)
2026-06-04 10:02:21,028 - INFO - [005930] 현재가: 361000, 고가: 366000, 저가: 348000
2026-06-04 10:02:25,738 - INFO - 계좌 예수금: 9934495원
2026-06-04 10:02:25,739 - INFO - [005930] 보유: 1주, 매도 가능: 0주, 평단가: 360,000원
2026-06-04 10:02:25,744 - INFO - 미실현 손익: 1,000원 (0.28%), 최고 수익률: 0.28%
2026-06-04 10:02:25,772 - INFO - 보유 수량(1)에 대해 매도 주문(0000011496)이 진행 중입니다.
2026-06-04 10:02:25,773 - INFO - 60초 후 다음 확인을 진행합니다. (현재 상태: SELLING)
2026-06-04 10:03:25,868 - INFO - [005930] 현재가: 359000, 고가: 366000, 저가: 348000
2026-06-04 10:03:25,869 - WARNING - ⚠️ 주문 고착 감지: 가격 이탈 (현재가:359,000, 목표가:362,000, 차이:3,000). 주문 취소를 시도합니다.
2026-06-04 10:03:25,869 - INFO - [CANCEL] 주문 취소 요청: 005930, 주문번호: 0000011496
2026-06-04 10:03:26,423 - INFO - 주문 취소 성공! (원주문: 0000011496)
2026-06-04 10:03:26,453 - INFO - 상태 전환 완료: HOLDING
2026-06-04 10:03:29,229 - INFO - 계좌 예수금: 9934495원
2026-06-04 10:03:29,230 - INFO - [005930] 보유: 1주, 매도 가능: 1주, 평단가: 360,000원
2026-06-04 10:03:29,235 - INFO - 미실현 손익: -1,000원 (-0.28%), 최고 수익률: 0.28%
2026-06-04 10:03:29,263 - INFO - 매도 조건 충족: 평단가(360,000), 현재가(359,000) -> 목표가(362,000원) (보수적 상향 보정)
2026-06-04 10:03:29,264 - INFO - [SELL] 주문 요청: 005930, 1주, 362000원
2026-06-04 10:03:39,275 - ERROR - POST 요청 실패 (VTTC0011U): HTTPSConnectionPool(host='openapivts.koreainvestment.com', port=29443): Max retries exceeded with url: /uapi/domestic-stock/v1/trading/order-cash (Caused by ConnectTimeoutError(<HTTPSConnection(host='openapivts.koreainvestment.com', port=29443) at 0x2c818ec9090>, 'Connection to openapivts.koreainvestment.com timed out. (connect timeout=10)'))
2026-06-04 10:03:39,276 - ERROR - 주문 실패: 응답 없음
2026-06-04 10:03:39,276 - INFO - 60초 후 다음 확인을 진행합니다. (현재 상태: HOLDING)
2026-06-04 10:04:39,394 - INFO - [005930] 현재가: 358500, 고가: 366000, 저가: 348000
2026-06-04 10:04:44,293 - INFO - 계좌 예수금: 9934495원
2026-06-04 10:04:44,293 - INFO - [005930] 보유: 1주, 매도 가능: 1주, 평단가: 360,000원
2026-06-04 10:04:44,298 - INFO - 미실현 손익: -1,500원 (-0.42%), 최고 수익률: 0.28%
2026-06-04 10:04:44,336 - INFO - 매도 조건 충족: 평단가(360,000), 현재가(358,500) -> 목표가(362,000원) (보수적 상향 보정)
2026-06-04 10:04:44,337 - INFO - [SELL] 주문 요청: 005930, 1주, 362000원
2026-06-04 10:04:44,500 - INFO - 주문 성공! 주문번호: 0000012371
2026-06-04 10:04:44,525 - INFO - 60초 후 다음 확인을 진행합니다. (현재 상태: SELLING)
2026-06-04 10:05:45,942 - INFO - [005930] 현재가: 358000, 고가: 366000, 저가: 348000
2026-06-04 10:05:45,943 - WARNING - ⚠️ 주문 고착 감지: 가격 이탈 (현재가:358,000, 목표가:362,000, 차이:4,000). 주문 취소를 시도합니다.
2026-06-04 10:05:45,943 - INFO - [CANCEL] 주문 취소 요청: 005930, 주문번호: 0000012371
2026-06-04 10:05:46,101 - INFO - 주문 취소 성공! (원주문: 0000012371)
2026-06-04 10:05:46,127 - INFO - 상태 전환 완료: HOLDING
2026-06-04 10:05:52,598 - INFO - 계좌 예수금: 9934495원
2026-06-04 10:05:52,598 - INFO - [005930] 보유: 1주, 매도 가능: 1주, 평단가: 360,000원
2026-06-04 10:05:52,603 - INFO - 미실현 손익: -2,000원 (-0.56%), 최고 수익률: 0.28%
2026-06-04 10:05:52,630 - INFO - 매도 조건 충족: 평단가(360,000), 현재가(358,000) -> 목표가(362,000원) (보수적 상향 보정)
2026-06-04 10:05:52,631 - INFO - [SELL] 주문 요청: 005930, 1주, 362000원
2026-06-04 10:05:52,762 - INFO - 주문 성공! 주문번호: 0000012523
2026-06-04 10:05:52,786 - INFO - 60초 후 다음 확인을 진행합니다. (현재 상태: SELLING)
2026-06-04 10:06:52,888 - INFO - [005930] 현재가: 358250, 고가: 366000, 저가: 348000
2026-06-04 10:06:52,889 - WARNING - ⚠️ 주문 고착 감지: 가격 이탈 (현재가:358,250, 목표가:362,000, 차이:3,750). 주문 취소를 시도합니다.
2026-06-04 10:06:52,889 - INFO - [CANCEL] 주문 취소 요청: 005930, 주문번호: 0000012523
2026-06-04 10:06:53,414 - INFO - 주문 취소 성공! (원주문: 0000012523)
2026-06-04 10:06:53,455 - INFO - 상태 전환 완료: HOLDING
2026-06-04 10:06:57,012 - INFO - 계좌 예수금: 9934495원
2026-06-04 10:06:57,012 - INFO - [005930] 보유: 1주, 매도 가능: 1주, 평단가: 360,000원
2026-06-04 10:06:57,017 - INFO - 미실현 손익: -1,750원 (-0.49%), 최고 수익률: 0.28%
2026-06-04 10:06:57,045 - INFO - 매도 조건 충족: 평단가(360,000), 현재가(358,250) -> 목표가(362,000원) (보수적 상향 보정)
2026-06-04 10:06:57,046 - INFO - [SELL] 주문 요청: 005930, 1주, 362000원
2026-06-04 10:06:59,675 - INFO - 주문 성공! 주문번호: 0000012651
2026-06-04 10:06:59,710 - INFO - 60초 후 다음 확인을 진행합니다. (현재 상태: SELLING)
2026-06-04 10:08:00,053 - INFO - [005930] 현재가: 358000, 고가: 366000, 저가: 348000
2026-06-04 10:08:00,053 - WARNING - ⚠️ 주문 고착 감지: 가격 이탈 (현재가:358,000, 목표가:362,000, 차이:4,000). 주문 취소를 시도합니다.
2026-06-04 10:08:00,054 - INFO - [CANCEL] 주문 취소 요청: 005930, 주문번호: 0000012651
2026-06-04 10:08:00,353 - INFO - 주문 취소 성공! (원주문: 0000012651)
2026-06-04 10:08:00,392 - INFO - 상태 전환 완료: HOLDING
2026-06-04 10:08:06,237 - INFO - 계좌 예수금: 9934495원
2026-06-04 10:08:06,238 - INFO - [005930] 보유: 1주, 매도 가능: 1주, 평단가: 360,000원
2026-06-04 10:08:06,243 - INFO - 미실현 손익: -2,000원 (-0.56%), 최고 수익률: 0.28%
2026-06-04 10:08:06,271 - INFO - 매도 조건 충족: 평단가(360,000), 현재가(358,000) -> 목표가(362,000원) (보수적 상향 보정)
2026-06-04 10:08:06,272 - INFO - [SELL] 주문 요청: 005930, 1주, 362000원
2026-06-04 10:08:06,413 - INFO - 주문 성공! 주문번호: 0000012773
2026-06-04 10:08:06,438 - INFO - 60초 후 다음 확인을 진행합니다. (현재 상태: SELLING)
2026-06-04 10:09:07,067 - INFO - [005930] 현재가: 359500, 고가: 366000, 저가: 348000
2026-06-04 10:09:07,068 - WARNING - ⚠️ 주문 고착 감지: 가격 이탈 (현재가:359,500, 목표가:362,000, 차이:2,500). 주문 취소를 시도합니다.
2026-06-04 10:09:07,068 - INFO - [CANCEL] 주문 취소 요청: 005930, 주문번호: 0000012773
2026-06-04 10:09:09,627 - INFO - 주문 취소 성공! (원주문: 0000012773)
2026-06-04 10:09:09,653 - INFO - 상태 전환 완료: HOLDING
2026-06-04 10:09:17,307 - INFO - 계좌 예수금: 9934495원
2026-06-04 10:09:17,308 - INFO - [005930] 보유: 1주, 매도 가능: 1주, 평단가: 360,000원
2026-06-04 10:09:17,312 - INFO - 미실현 손익: -500원 (-0.14%), 최고 수익률: 0.28%
2026-06-04 10:09:17,344 - INFO - 매도 조건 충족: 평단가(360,000), 현재가(359,500) -> 목표가(362,000원) (보수적 상향 보정)
2026-06-04 10:09:17,344 - INFO - [SELL] 주문 요청: 005930, 1주, 362000원
2026-06-04 10:09:19,765 - INFO - 주문 성공! 주문번호: 0000012914
2026-06-04 10:09:19,806 - INFO - 60초 후 다음 확인을 진행합니다. (현재 상태: SELLING)
2026-06-04 10:10:19,916 - INFO - [005930] 현재가: 360000, 고가: 366000, 저가: 348000
2026-06-04 10:10:30,731 - INFO - 계좌 예수금: 9934495원
2026-06-04 10:10:30,732 - INFO - [005930] 보유: 1주, 매도 가능: 0주, 평단가: 360,000원
2026-06-04 10:10:30,737 - INFO - 미실현 손익: 0원 (0.00%), 최고 수익률: 0.28%
2026-06-04 10:10:30,773 - INFO - 보유 수량(1)에 대해 매도 주문(0000012914)이 진행 중입니다.
2026-06-04 10:10:30,774 - INFO - 60초 후 다음 확인을 진행합니다. (현재 상태: SELLING)
2026-06-04 10:11:32,791 - INFO - [005930] 현재가: 360000, 고가: 366000, 저가: 348000
2026-06-04 10:11:39,447 - INFO - 계좌 예수금: 9934495원
2026-06-04 10:11:39,448 - INFO - [005930] 보유: 1주, 매도 가능: 0주, 평단가: 360,000원
2026-06-04 10:11:39,453 - INFO - 미실현 손익: 0원 (0.00%), 최고 수익률: 0.28%
2026-06-04 10:11:39,457 - INFO - 보유 수량(1)에 대해 매도 주문(0000012914)이 진행 중입니다.
2026-06-04 10:11:39,457 - INFO - 60초 후 다음 확인을 진행합니다. (현재 상태: SELLING)
2026-06-04 10:12:40,583 - INFO - [005930] 현재가: 361500, 고가: 366000, 저가: 348000
2026-06-04 10:12:45,100 - INFO - 계좌 예수금: 9934495원
2026-06-04 10:12:45,327 - INFO - 매도 주문 완료 확인: 상태를 IDLE로 전환합니다.
2026-06-04 10:12:45,357 - INFO - 매수 조건 충족: 현재가(361500) - 오프셋(1500+0) = 360000원 (보수적 하향 보정)
2026-06-04 10:12:45,357 - INFO - [BUY] 주문 요청: 005930, 1주, 360000원
2026-06-04 10:12:45,767 - INFO - 주문 성공! 주문번호: 0000013344
2026-06-04 10:12:45,791 - INFO - 60초 후 다음 확인을 진행합니다. (현재 상태: BUYING)
2026-06-04 10:13:45,906 - INFO - [005930] 현재가: 361500, 고가: 366000, 저가: 348000
2026-06-04 10:13:48,477 - INFO - 계좌 예수금: 9934495원
2026-06-04 10:13:50,321 - INFO - 이미 매수 주문(0000013344)이 진행 중입니다. 체결을 기다립니다.
2026-06-04 10:13:50,321 - INFO - 60초 후 다음 확인을 진행합니다. (현재 상태: BUYING)
2026-06-04 10:14:52,584 - INFO - [005930] 현재가: 360500, 고가: 366000, 저가: 348000
2026-06-04 10:14:59,240 - INFO - 계좌 예수금: 9934495원
2026-06-04 10:14:59,241 - INFO - [005930] 보유: 1주, 매도 가능: 1주, 평단가: 360,000원
2026-06-04 10:14:59,246 - INFO - 미실현 손익: 500원 (0.14%), 최고 수익률: 0.14%
2026-06-04 10:14:59,283 - INFO - 매수 체결 확인 (평단가: 360,000원). 히스토리에 기록합니다.
2026-06-04 10:14:59,307 - INFO - 매도 조건 충족: 평단가(360,000), 현재가(360,500) -> 목표가(362,500원) (보수적 상향 보정)
2026-06-04 10:14:59,308 - INFO - [SELL] 주문 요청: 005930, 1주, 362500원
2026-06-04 10:14:59,446 - INFO - 주문 성공! 주문번호: 0000013603
2026-06-04 10:14:59,470 - INFO - 60초 후 다음 확인을 진행합니다. (현재 상태: SELLING)
2026-06-04 10:15:59,580 - INFO - [005930] 현재가: 358250, 고가: 366000, 저가: 348000
2026-06-04 10:15:59,581 - WARNING - ⚠️ 주문 고착 감지: 가격 이탈 (현재가:358,250, 목표가:362,500, 차이:4,250). 주문 취소를 시도합니다.
2026-06-04 10:15:59,581 - INFO - [CANCEL] 주문 취소 요청: 005930, 주문번호: 0000013603
2026-06-04 10:16:00,070 - ERROR - POST 요청 실패 (VTTC0013U): 500 Server Error: Internal Server Error for url: https://openapivts.koreainvestment.com:29443/uapi/domestic-stock/v1/trading/order-rvsecncl
2026-06-04 10:16:00,071 - ERROR - 상세 에러: {"rt_cd":"1","msg1":"초당 거래건수를 초과하였습니다.","msg_cd":"EGW00201","message":"EGW00201"}
2026-06-04 10:16:00,074 - ERROR - 주문 취소 실패: 응답 없음
2026-06-04 10:16:00,075 - ERROR - 주문 취소 실패. 다음 루프에서 재시도합니다.
2026-06-04 10:16:08,057 - INFO - 계좌 예수금: 9934495원
2026-06-04 10:16:08,058 - INFO - [005930] 보유: 1주, 매도 가능: 0주, 평단가: 360,000원
2026-06-04 10:16:08,062 - INFO - 미실현 손익: -1,750원 (-0.49%), 최고 수익률: 0.14%
2026-06-04 10:16:08,091 - INFO - 보유 수량(1)에 대해 매도 주문(0000013603)이 진행 중입니다.
2026-06-04 10:16:08,092 - INFO - 60초 후 다음 확인을 진행합니다. (현재 상태: SELLING)
2026-06-04 10:17:12,060 - INFO - [005930] 현재가: 359500, 고가: 366000, 저가: 348000
2026-06-04 10:17:12,060 - WARNING - ⚠️ 주문 고착 감지: 가격 이탈 (현재가:359,500, 목표가:362,500, 차이:3,000). 주문 취소를 시도합니다.
2026-06-04 10:17:12,061 - INFO - [CANCEL] 주문 취소 요청: 005930, 주문번호: 0000013603
2026-06-04 10:17:12,212 - INFO - 주문 취소 성공! (원주문: 0000013603)
2026-06-04 10:17:12,241 - INFO - 상태 전환 완료: HOLDING
2026-06-04 10:17:14,314 - INFO - 계좌 예수금: 9934495원
2026-06-04 10:17:14,315 - INFO - [005930] 보유: 1주, 매도 가능: 1주, 평단가: 360,000원
2026-06-04 10:17:14,320 - INFO - 미실현 손익: -500원 (-0.14%), 최고 수익률: 0.14%
2026-06-04 10:17:14,364 - INFO - 자가 최적화 기록 완료: C:\Users\witpo\OneDrive\바탕 화면\YONSEI\26-1\ECO4126 인공지능과금융공학\open-trading-api\self_optimization_history
2026-06-04 10:17:14,365 - INFO - 매도 조건 충족: 평단가(360,000), 현재가(359,500) -> 목표가(362,000원) (보수적 상향 보정)
2026-06-04 10:17:14,365 - INFO - [SELL] 주문 요청: 005930, 1주, 362000원
2026-06-04 10:17:14,512 - INFO - 주문 성공! 주문번호: 0000013854
2026-06-04 10:17:14,555 - INFO - 60초 후 다음 확인을 진행합니다. (현재 상태: SELLING)
2026-06-04 10:18:17,396 - INFO - [005930] 현재가: 358500, 고가: 366000, 저가: 348000
2026-06-04 10:18:17,397 - WARNING - ⚠️ 주문 고착 감지: 가격 이탈 (현재가:358,500, 목표가:362,000, 차이:3,500). 주문 취소를 시도합니다.
2026-06-04 10:18:17,397 - INFO - [CANCEL] 주문 취소 요청: 005930, 주문번호: 0000013854
2026-06-04 10:18:17,561 - INFO - 주문 취소 성공! (원주문: 0000013854)
2026-06-04 10:18:17,590 - INFO - 상태 전환 완료: HOLDING
2026-06-04 10:18:20,161 - INFO - 계좌 예수금: 9934495원
2026-06-04 10:18:20,162 - INFO - [005930] 보유: 1주, 매도 가능: 1주, 평단가: 360,000원
2026-06-04 10:18:20,167 - INFO - 미실현 손익: -1,500원 (-0.42%), 최고 수익률: 0.14%
2026-06-04 10:18:20,195 - INFO - 매도 조건 충족: 평단가(360,000), 현재가(358,500) -> 목표가(362,500원) (보수적 상향 보정)
2026-06-04 10:18:20,195 - INFO - [SELL] 주문 요청: 005930, 1주, 362500원
2026-06-04 10:18:22,517 - INFO - 주문 성공! 주문번호: 0000013943
2026-06-04 10:18:22,556 - INFO - 60초 후 다음 확인을 진행합니다. (현재 상태: SELLING)
2026-06-04 10:19:24,984 - INFO - [005930] 현재가: 359000, 고가: 366000, 저가: 348000
2026-06-04 10:19:24,984 - WARNING - ⚠️ 주문 고착 감지: 가격 이탈 (현재가:359,000, 목표가:362,500, 차이:3,500). 주문 취소를 시도합니다.
2026-06-04 10:19:24,985 - INFO - [CANCEL] 주문 취소 요청: 005930, 주문번호: 0000013943
2026-06-04 10:19:27,237 - INFO - 주문 취소 성공! (원주문: 0000013943)
2026-06-04 10:19:27,268 - INFO - 상태 전환 완료: HOLDING
2026-06-04 10:19:34,200 - INFO - 계좌 예수금: 9934495원
2026-06-04 10:19:34,201 - INFO - [005930] 보유: 1주, 매도 가능: 1주, 평단가: 360,000원
2026-06-04 10:19:34,206 - INFO - 미실현 손익: -1,000원 (-0.28%), 최고 수익률: 0.14%
2026-06-04 10:19:34,235 - INFO - 매도 조건 충족: 평단가(360,000), 현재가(359,000) -> 목표가(362,500원) (보수적 상향 보정)
2026-06-04 10:19:34,236 - INFO - [SELL] 주문 요청: 005930, 1주, 362500원
2026-06-04 10:19:36,862 - INFO - 주문 성공! 주문번호: 0000014025
2026-06-04 10:19:36,895 - INFO - 60초 후 다음 확인을 진행합니다. (현재 상태: SELLING)
2026-06-04 10:20:41,685 - INFO - [005930] 현재가: 358500, 고가: 366000, 저가: 348000
2026-06-04 10:20:41,686 - WARNING - ⚠️ 주문 고착 감지: 가격 이탈 (현재가:358,500, 목표가:362,500, 차이:4,000). 주문 취소를 시도합니다.
2026-06-04 10:20:41,686 - INFO - [CANCEL] 주문 취소 요청: 005930, 주문번호: 0000014025
2026-06-04 10:20:45,373 - INFO - 주문 취소 성공! (원주문: 0000014025)
2026-06-04 10:20:45,420 - INFO - 상태 전환 완료: HOLDING
2026-06-04 10:20:53,360 - INFO - 계좌 예수금: 9934495원
2026-06-04 10:20:53,360 - INFO - [005930] 보유: 1주, 매도 가능: 1주, 평단가: 360,000원
2026-06-04 10:20:53,365 - INFO - 미실현 손익: -1,500원 (-0.42%), 최고 수익률: 0.14%
2026-06-04 10:20:53,394 - INFO - 매도 조건 충족: 평단가(360,000), 현재가(358,500) -> 목표가(362,500원) (보수적 상향 보정)
2026-06-04 10:20:53,395 - INFO - [SELL] 주문 요청: 005930, 1주, 362500원
2026-06-04 10:20:56,842 - INFO - 주문 성공! 주문번호: 0000014157
2026-06-04 10:20:56,875 - INFO - 60초 후 다음 확인을 진행합니다. (현재 상태: SELLING)
2026-06-04 10:21:56,986 - INFO - [005930] 현재가: 358250, 고가: 366000, 저가: 348000
2026-06-04 10:21:56,987 - WARNING - ⚠️ 주문 고착 감지: 가격 이탈 (현재가:358,250, 목표가:362,500, 차이:4,250). 주문 취소를 시도합니다.
2026-06-04 10:21:56,987 - INFO - [CANCEL] 주문 취소 요청: 005930, 주문번호: 0000014157
2026-06-04 10:22:01,153 - INFO - 주문 취소 성공! (원주문: 0000014157)
2026-06-04 10:22:01,192 - INFO - 상태 전환 완료: HOLDING
2026-06-04 10:22:03,406 - INFO - 계좌 예수금: 9934495원
2026-06-04 10:22:03,406 - INFO - [005930] 보유: 1주, 매도 가능: 1주, 평단가: 360,000원
2026-06-04 10:22:03,411 - INFO - 미실현 손익: -1,750원 (-0.49%), 최고 수익률: 0.14%
2026-06-04 10:22:03,442 - INFO - 매도 조건 충족: 평단가(360,000), 현재가(358,250) -> 목표가(362,500원) (보수적 상향 보정)
2026-06-04 10:22:03,442 - INFO - [SELL] 주문 요청: 005930, 1주, 362500원
2026-06-04 10:22:03,592 - INFO - 주문 성공! 주문번호: 0000014227
2026-06-04 10:22:03,616 - INFO - 60초 후 다음 확인을 진행합니다. (현재 상태: SELLING)
2026-06-04 10:23:03,721 - INFO - [005930] 현재가: 358000, 고가: 366000, 저가: 348000
2026-06-04 10:23:03,722 - WARNING - ⚠️ 주문 고착 감지: 가격 이탈 (현재가:358,000, 목표가:362,500, 차이:4,500). 주문 취소를 시도합니다.
2026-06-04 10:23:03,722 - INFO - [CANCEL] 주문 취소 요청: 005930, 주문번호: 0000014227
2026-06-04 10:23:08,126 - INFO - 주문 취소 성공! (원주문: 0000014227)
2026-06-04 10:23:08,170 - INFO - 상태 전환 완료: HOLDING
2026-06-04 10:23:09,663 - INFO - 계좌 예수금: 9934495원
2026-06-04 10:23:09,664 - INFO - [005930] 보유: 1주, 매도 가능: 1주, 평단가: 360,000원
2026-06-04 10:23:09,669 - INFO - 미실현 손익: -2,000원 (-0.56%), 최고 수익률: 0.14%
2026-06-04 10:23:09,690 - INFO - 매도 조건 충족: 평단가(360,000), 현재가(358,000) -> 목표가(362,500원) (보수적 상향 보정)
2026-06-04 10:23:09,690 - INFO - [SELL] 주문 요청: 005930, 1주, 362500원
2026-06-04 10:23:12,939 - INFO - 주문 성공! 주문번호: 0000014317
2026-06-04 10:23:12,981 - INFO - 60초 후 다음 확인을 진행합니다. (현재 상태: SELLING)
2026-06-04 10:24:14,793 - INFO - [005930] 현재가: 358250, 고가: 366000, 저가: 348000
2026-06-04 10:24:14,793 - WARNING - ⚠️ 주문 고착 감지: 가격 이탈 (현재가:358,250, 목표가:362,500, 차이:4,250). 주문 취소를 시도합니다.
2026-06-04 10:24:14,794 - INFO - [CANCEL] 주문 취소 요청: 005930, 주문번호: 0000014317
2026-06-04 10:24:15,919 - INFO - 주문 취소 성공! (원주문: 0000014317)
2026-06-04 10:24:15,955 - INFO - 상태 전환 완료: HOLDING
2026-06-04 10:24:23,196 - INFO - 계좌 예수금: 9934495원
2026-06-04 10:24:23,197 - INFO - [005930] 보유: 1주, 매도 가능: 1주, 평단가: 360,000원
2026-06-04 10:24:23,202 - INFO - 미실현 손익: -1,750원 (-0.49%), 최고 수익률: 0.14%
2026-06-04 10:24:23,232 - INFO - 매도 조건 충족: 평단가(360,000), 현재가(358,250) -> 목표가(362,500원) (보수적 상향 보정)
2026-06-04 10:24:23,232 - INFO - [SELL] 주문 요청: 005930, 1주, 362500원
2026-06-04 10:24:24,828 - INFO - 주문 성공! 주문번호: 0000014405
2026-06-04 10:24:24,854 - INFO - 60초 후 다음 확인을 진행합니다. (현재 상태: SELLING)
2026-06-04 10:25:27,705 - INFO - [005930] 현재가: 357500, 고가: 366000, 저가: 348000
2026-06-04 10:25:27,705 - WARNING - ⚠️ 주문 고착 감지: 가격 이탈 (현재가:357,500, 목표가:362,500, 차이:5,000). 주문 취소를 시도합니다.
2026-06-04 10:25:27,706 - INFO - [CANCEL] 주문 취소 요청: 005930, 주문번호: 0000014405
2026-06-04 10:25:30,674 - INFO - 주문 취소 성공! (원주문: 0000014405)
2026-06-04 10:25:30,712 - INFO - 상태 전환 완료: HOLDING
2026-06-04 10:25:36,819 - INFO - 계좌 예수금: 9934495원
2026-06-04 10:25:36,820 - INFO - [005930] 보유: 1주, 매도 가능: 1주, 평단가: 360,000원
2026-06-04 10:25:36,824 - INFO - 미실현 손익: -2,500원 (-0.69%), 최고 수익률: 0.14%
2026-06-04 10:25:36,853 - INFO - 매도 조건 충족: 평단가(360,000), 현재가(357,500) -> 목표가(362,500원) (보수적 상향 보정)
2026-06-04 10:25:36,854 - INFO - [SELL] 주문 요청: 005930, 1주, 362500원
2026-06-04 10:25:38,054 - INFO - 주문 성공! 주문번호: 0000014510
2026-06-04 10:25:38,088 - INFO - 60초 후 다음 확인을 진행합니다. (현재 상태: SELLING)
2026-06-04 10:26:38,199 - INFO - [005930] 현재가: 357500, 고가: 366000, 저가: 348000
2026-06-04 10:26:38,200 - WARNING - ⚠️ 주문 고착 감지: 가격 이탈 (현재가:357,500, 목표가:362,500, 차이:5,000). 주문 취소를 시도합니다.
2026-06-04 10:26:38,200 - INFO - [CANCEL] 주문 취소 요청: 005930, 주문번호: 0000014510
2026-06-04 10:26:40,926 - INFO - 주문 취소 성공! (원주문: 0000014510)
2026-06-04 10:26:40,966 - INFO - 상태 전환 완료: HOLDING
2026-06-04 10:26:47,787 - INFO - 계좌 예수금: 9934495원
2026-06-04 10:26:47,788 - INFO - [005930] 보유: 1주, 매도 가능: 1주, 평단가: 360,000원
2026-06-04 10:26:47,793 - INFO - 미실현 손익: -2,500원 (-0.69%), 최고 수익률: 0.14%
2026-06-04 10:26:47,797 - INFO - 매도 조건 충족: 평단가(360,000), 현재가(357,500) -> 목표가(362,500원) (보수적 상향 보정)
2026-06-04 10:26:47,798 - INFO - [SELL] 주문 요청: 005930, 1주, 362500원
2026-06-04 10:26:48,707 - INFO - 주문 성공! 주문번호: 0000014632
2026-06-04 10:26:48,740 - INFO - 60초 후 다음 확인을 진행합니다. (현재 상태: SELLING)
2026-06-04 10:27:48,836 - INFO - [005930] 현재가: 356250, 고가: 366000, 저가: 348000
2026-06-04 10:27:48,837 - WARNING - ⚠️ 주문 고착 감지: 가격 이탈 (현재가:356,250, 목표가:362,500, 차이:6,250). 주문 취소를 시도합니다.
2026-06-04 10:27:48,837 - INFO - [CANCEL] 주문 취소 요청: 005930, 주문번호: 0000014632
2026-06-04 10:27:49,377 - INFO - 주문 취소 성공! (원주문: 0000014632)
2026-06-04 10:27:49,418 - INFO - 상태 전환 완료: HOLDING
2026-06-04 10:27:57,115 - INFO - 계좌 예수금: 9934495원
2026-06-04 10:27:57,115 - INFO - [005930] 보유: 1주, 매도 가능: 1주, 평단가: 360,000원
2026-06-04 10:27:57,120 - INFO - 미실현 손익: -3,750원 (-1.04%), 최고 수익률: 0.14%
2026-06-04 10:27:57,150 - INFO - 매도 조건 충족: 평단가(360,000), 현재가(356,250) -> 목표가(362,500원) (보수적 상향 보정)
2026-06-04 10:27:57,151 - INFO - [SELL] 주문 요청: 005930, 1주, 362500원
2026-06-04 10:27:59,573 - INFO - 주문 성공! 주문번호: 0000014749
2026-06-04 10:27:59,606 - INFO - 60초 후 다음 확인을 진행합니다. (현재 상태: SELLING)
2026-06-04 10:28:59,714 - INFO - [005930] 현재가: 356500, 고가: 366000, 저가: 348000
2026-06-04 10:28:59,715 - WARNING - ⚠️ 주문 고착 감지: 가격 이탈 (현재가:356,500, 목표가:362,500, 차이:6,000). 주문 취소를 시도합니다.
2026-06-04 10:28:59,715 - INFO - [CANCEL] 주문 취소 요청: 005930, 주문번호: 0000014749
2026-06-04 10:29:01,529 - INFO - 주문 취소 성공! (원주문: 0000014749)
2026-06-04 10:29:01,555 - INFO - 상태 전환 완료: HOLDING
2026-06-04 10:29:07,878 - INFO - 계좌 예수금: 9934495원
2026-06-04 10:29:07,878 - INFO - [005930] 보유: 1주, 매도 가능: 1주, 평단가: 360,000원
2026-06-04 10:29:07,883 - INFO - 미실현 손익: -3,500원 (-0.97%), 최고 수익률: 0.14%
2026-06-04 10:29:07,912 - INFO - 매도 조건 충족: 평단가(360,000), 현재가(356,500) -> 목표가(362,500원) (보수적 상향 보정)
2026-06-04 10:29:07,913 - INFO - [SELL] 주문 요청: 005930, 1주, 362500원
2026-06-04 10:29:08,699 - INFO - 주문 성공! 주문번호: 0000014869
2026-06-04 10:29:08,724 - INFO - 60초 후 다음 확인을 진행합니다. (현재 상태: SELLING)
2026-06-04 10:30:16,591 - INFO - [005930] 현재가: 357000, 고가: 366000, 저가: 348000
2026-06-04 10:30:16,592 - WARNING - ⚠️ 주문 고착 감지: 가격 이탈 (현재가:357,000, 목표가:362,500, 차이:5,500). 주문 취소를 시도합니다.
2026-06-04 10:30:16,592 - INFO - [CANCEL] 주문 취소 요청: 005930, 주문번호: 0000014869
2026-06-04 10:30:16,760 - INFO - 주문 취소 성공! (원주문: 0000014869)
2026-06-04 10:30:16,790 - INFO - 상태 전환 완료: HOLDING
2026-06-04 10:30:20,386 - INFO - 계좌 예수금: 9934495원
2026-06-04 10:30:20,386 - INFO - [005930] 보유: 1주, 매도 가능: 1주, 평단가: 360,000원
2026-06-04 10:30:20,391 - INFO - 미실현 손익: -3,000원 (-0.83%), 최고 수익률: 0.14%
2026-06-04 10:30:20,420 - INFO - 매도 조건 충족: 평단가(360,000), 현재가(357,000) -> 목표가(362,500원) (보수적 상향 보정)
2026-06-04 10:30:20,420 - INFO - [SELL] 주문 요청: 005930, 1주, 362500원
2026-06-04 10:30:20,564 - INFO - 주문 성공! 주문번호: 0000014993
2026-06-04 10:30:20,589 - INFO - 60초 후 다음 확인을 진행합니다. (현재 상태: SELLING)
2026-06-04 10:31:26,638 - INFO - [005930] 현재가: 357000, 고가: 366000, 저가: 348000
2026-06-04 10:31:26,638 - WARNING - ⚠️ 주문 고착 감지: 가격 이탈 (현재가:357,000, 목표가:362,500, 차이:5,500). 주문 취소를 시도합니다.
2026-06-04 10:31:26,638 - INFO - [CANCEL] 주문 취소 요청: 005930, 주문번호: 0000014993
2026-06-04 10:31:31,466 - INFO - 주문 취소 성공! (원주문: 0000014993)
2026-06-04 10:31:31,505 - INFO - 상태 전환 완료: HOLDING
2026-06-04 10:31:41,077 - INFO - 계좌 예수금: 9934495원
2026-06-04 10:31:41,077 - INFO - [005930] 보유: 1주, 매도 가능: 1주, 평단가: 360,000원
2026-06-04 10:31:41,082 - INFO - 미실현 손익: -3,000원 (-0.83%), 최고 수익률: 0.14%
2026-06-04 10:31:41,116 - INFO - 매도 조건 충족: 평단가(360,000), 현재가(357,000) -> 목표가(362,500원) (보수적 상향 보정)
2026-06-04 10:31:41,117 - INFO - [SELL] 주문 요청: 005930, 1주, 362500원
2026-06-04 10:31:41,275 - INFO - 주문 성공! 주문번호: 0000015138
2026-06-04 10:31:41,299 - INFO - 60초 후 다음 확인을 진행합니다. (현재 상태: SELLING)
2026-06-04 10:32:43,851 - INFO - [005930] 현재가: 357000, 고가: 366000, 저가: 348000
2026-06-04 10:32:43,852 - WARNING - ⚠️ 주문 고착 감지: 가격 이탈 (현재가:357,000, 목표가:362,500, 차이:5,500). 주문 취소를 시도합니다.
2026-06-04 10:32:43,852 - INFO - [CANCEL] 주문 취소 요청: 005930, 주문번호: 0000015138
2026-06-04 10:32:46,310 - INFO - 주문 취소 성공! (원주문: 0000015138)
2026-06-04 10:32:46,349 - INFO - 상태 전환 완료: HOLDING
2026-06-04 10:32:52,044 - INFO - 계좌 예수금: 9934495원
2026-06-04 10:32:52,044 - INFO - [005930] 보유: 1주, 매도 가능: 1주, 평단가: 360,000원
2026-06-04 10:32:52,049 - INFO - 미실현 손익: -3,000원 (-0.83%), 최고 수익률: 0.14%
2026-06-04 10:32:52,080 - INFO - 매도 조건 충족: 평단가(360,000), 현재가(357,000) -> 목표가(362,500원) (보수적 상향 보정)
2026-06-04 10:32:52,080 - INFO - [SELL] 주문 요청: 005930, 1주, 362500원
2026-06-04 10:32:52,573 - INFO - 주문 성공! 주문번호: 0000015309
2026-06-04 10:32:52,604 - INFO - 60초 후 다음 확인을 진행합니다. (현재 상태: SELLING)
2026-06-04 10:33:52,716 - INFO - [005930] 현재가: 358250, 고가: 366000, 저가: 348000
2026-06-04 10:33:52,716 - WARNING - ⚠️ 주문 고착 감지: 가격 이탈 (현재가:358,250, 목표가:362,500, 차이:4,250). 주문 취소를 시도합니다.
2026-06-04 10:33:52,717 - INFO - [CANCEL] 주문 취소 요청: 005930, 주문번호: 0000015309
2026-06-04 10:33:53,196 - ERROR - POST 요청 실패 (VTTC0013U): 500 Server Error: Internal Server Error for url: https://openapivts.koreainvestment.com:29443/uapi/domestic-stock/v1/trading/order-rvsecncl
2026-06-04 10:33:53,197 - ERROR - 상세 에러: {"rt_cd":"1","msg1":"초당 거래건수를 초과하였습니다.","msg_cd":"EGW00201","message":"EGW00201"}
2026-06-04 10:33:53,199 - ERROR - 주문 취소 실패: 응답 없음
2026-06-04 10:33:53,199 - ERROR - 주문 취소 실패. 다음 루프에서 재시도합니다.
2026-06-04 10:33:55,463 - INFO - 계좌 예수금: 9934495원
2026-06-04 10:33:55,464 - INFO - [005930] 보유: 1주, 매도 가능: 0주, 평단가: 360,000원
2026-06-04 10:33:55,468 - INFO - 미실현 손익: -1,750원 (-0.49%), 최고 수익률: 0.14%
2026-06-04 10:33:55,481 - INFO - 보유 수량(1)에 대해 매도 주문(0000015309)이 진행 중입니다.
2026-06-04 10:33:55,481 - INFO - 60초 후 다음 확인을 진행합니다. (현재 상태: SELLING)
2026-06-04 10:34:55,616 - INFO - [005930] 현재가: 358500, 고가: 366000, 저가: 348000
2026-06-04 10:34:55,616 - WARNING - ⚠️ 주문 고착 감지: 가격 이탈 (현재가:358,500, 목표가:362,500, 차이:4,000). 주문 취소를 시도합니다.
2026-06-04 10:34:55,616 - INFO - [CANCEL] 주문 취소 요청: 005930, 주문번호: 0000015309
2026-06-04 10:34:56,056 - ERROR - POST 요청 실패 (VTTC0013U): 500 Server Error: Internal Server Error for url: https://openapivts.koreainvestment.com:29443/uapi/domestic-stock/v1/trading/order-rvsecncl
2026-06-04 10:34:56,057 - ERROR - 상세 에러: {"rt_cd":"1","msg1":"초당 거래건수를 초과하였습니다.","msg_cd":"EGW00201","message":"EGW00201"}
2026-06-04 10:34:56,058 - ERROR - 주문 취소 실패: 응답 없음
2026-06-04 10:34:56,058 - ERROR - 주문 취소 실패. 다음 루프에서 재시도합니다.
2026-06-04 10:35:04,035 - INFO - 계좌 예수금: 9934495원
2026-06-04 10:35:04,035 - INFO - [005930] 보유: 1주, 매도 가능: 0주, 평단가: 360,000원
2026-06-04 10:35:04,039 - INFO - 미실현 손익: -1,500원 (-0.42%), 최고 수익률: 0.14%
2026-06-04 10:35:04,051 - INFO - 보유 수량(1)에 대해 매도 주문(0000015309)이 진행 중입니다.
2026-06-04 10:35:04,051 - INFO - 60초 후 다음 확인을 진행합니다. (현재 상태: SELLING)
2026-06-04 10:36:06,203 - INFO - [005930] 현재가: 360000, 고가: 366000, 저가: 348000
2026-06-04 10:36:06,203 - WARNING - ⚠️ 주문 고착 감지: 가격 이탈 (현재가:360,000, 목표가:362,500, 차이:2,500). 주문 취소를 시도합니다.
2026-06-04 10:36:06,203 - INFO - [CANCEL] 주문 취소 요청: 005930, 주문번호: 0000015309
2026-06-04 10:36:09,382 - INFO - 주문 취소 성공! (원주문: 0000015309)
2026-06-04 10:36:09,418 - INFO - 상태 전환 완료: HOLDING
2026-06-04 10:36:16,202 - INFO - 계좌 예수금: 9934495원
2026-06-04 10:36:16,203 - INFO - [005930] 보유: 1주, 매도 가능: 1주, 평단가: 360,000원
2026-06-04 10:36:16,205 - INFO - 미실현 손익: 0원 (0.00%), 최고 수익률: 0.14%
2026-06-04 10:36:16,217 - INFO - 매도 조건 충족: 평단가(360,000), 현재가(360,000) -> 목표가(362,500원) (보수적 상향 보정)
2026-06-04 10:36:16,217 - INFO - [SELL] 주문 요청: 005930, 1주, 362500원
2026-06-04 10:36:18,188 - INFO - 주문 성공! 주문번호: 0000015713
2026-06-04 10:36:18,201 - INFO - 60초 후 다음 확인을 진행합니다. (현재 상태: SELLING)
2026-06-04 10:37:20,810 - INFO - [005930] 현재가: 359000, 고가: 366000, 저가: 348000
2026-06-04 10:37:20,810 - WARNING - ⚠️ 주문 고착 감지: 가격 이탈 (현재가:359,000, 목표가:362,500, 차이:3,500). 주문 취소를 시도합니다.
2026-06-04 10:37:20,811 - INFO - [CANCEL] 주문 취소 요청: 005930, 주문번호: 0000015713
2026-06-04 10:37:21,219 - INFO - 주문 취소 성공! (원주문: 0000015713)
2026-06-04 10:37:21,239 - INFO - 상태 전환 완료: HOLDING
2026-06-04 10:37:29,012 - INFO - 계좌 예수금: 9934495원
2026-06-04 10:37:29,012 - INFO - [005930] 보유: 1주, 매도 가능: 1주, 평단가: 360,000원
2026-06-04 10:37:29,017 - INFO - 미실현 손익: -1,000원 (-0.28%), 최고 수익률: 0.14%
2026-06-04 10:37:29,029 - INFO - 매도 조건 충족: 평단가(360,000), 현재가(359,000) -> 목표가(362,500원) (보수적 상향 보정)
2026-06-04 10:37:29,029 - INFO - [SELL] 주문 요청: 005930, 1주, 362500원
2026-06-04 10:37:31,650 - INFO - 주문 성공! 주문번호: 0000015862
2026-06-04 10:37:31,670 - INFO - 자가 최적화 기록 완료: C:\Users\witpo\OneDrive\바탕 화면\YONSEI\26-1\ECO4126 인공지능과금융공학\open-trading-api\self_optimization_history
2026-06-04 10:37:31,683 - INFO - 60초 후 다음 확인을 진행합니다. (현재 상태: SELLING)
2026-06-04 10:38:33,859 - INFO - [005930] 현재가: 359500, 고가: 366000, 저가: 348000
2026-06-04 10:38:33,860 - WARNING - ⚠️ 주문 고착 감지: 가격 이탈 (현재가:359,500, 목표가:362,500, 차이:3,000). 주문 취소를 시도합니다.
2026-06-04 10:38:33,860 - INFO - [CANCEL] 주문 취소 요청: 005930, 주문번호: 0000015862
2026-06-04 10:38:36,149 - INFO - 주문 취소 성공! (원주문: 0000015862)
2026-06-04 10:38:36,169 - INFO - 상태 전환 완료: HOLDING
2026-06-04 10:38:41,571 - INFO - 계좌 예수금: 9934495원
2026-06-04 10:38:41,571 - INFO - [005930] 보유: 1주, 매도 가능: 1주, 평단가: 360,000원
2026-06-04 10:38:41,575 - INFO - 미실현 손익: -500원 (-0.14%), 최고 수익률: 0.14%
2026-06-04 10:38:41,587 - INFO - 매도 조건 충족: 평단가(360,000), 현재가(359,500) -> 목표가(362,000원) (보수적 상향 보정)
2026-06-04 10:38:41,588 - INFO - [SELL] 주문 요청: 005930, 1주, 362000원
2026-06-04 10:38:43,656 - INFO - 주문 성공! 주문번호: 0000015993
2026-06-04 10:38:43,672 - INFO - 60초 후 다음 확인을 진행합니다. (현재 상태: SELLING)
2026-06-04 10:39:44,297 - INFO - [005930] 현재가: 358750, 고가: 366000, 저가: 348000
2026-06-04 10:39:44,298 - WARNING - ⚠️ 주문 고착 감지: 가격 이탈 (현재가:358,750, 목표가:362,000, 차이:3,250). 주문 취소를 시도합니다.
2026-06-04 10:39:44,298 - INFO - [CANCEL] 주문 취소 요청: 005930, 주문번호: 0000015993
2026-06-04 10:39:45,972 - INFO - 주문 취소 성공! (원주문: 0000015993)
2026-06-04 10:39:45,989 - INFO - 상태 전환 완료: HOLDING
2026-06-04 10:39:50,757 - INFO - 계좌 예수금: 9934495원
2026-06-04 10:39:50,758 - INFO - [005930] 보유: 1주, 매도 가능: 1주, 평단가: 360,000원
2026-06-04 10:39:50,762 - INFO - 미실현 손익: -1,250원 (-0.35%), 최고 수익률: 0.14%
2026-06-04 10:39:50,776 - INFO - 매도 조건 충족: 평단가(360,000), 현재가(358,750) -> 목표가(362,000원) (보수적 상향 보정)
2026-06-04 10:39:50,776 - INFO - [SELL] 주문 요청: 005930, 1주, 362000원
2026-06-04 10:39:52,534 - INFO - 주문 성공! 주문번호: 0000016095
2026-06-04 10:39:52,551 - INFO - 60초 후 다음 확인을 진행합니다. (현재 상태: SELLING)
2026-06-04 10:40:54,474 - INFO - [005930] 현재가: 358500, 고가: 366000, 저가: 348000
2026-06-04 10:40:54,474 - WARNING - ⚠️ 주문 고착 감지: 가격 이탈 (현재가:358,500, 목표가:362,000, 차이:3,500). 주문 취소를 시도합니다.
2026-06-04 10:40:54,475 - INFO - [CANCEL] 주문 취소 요청: 005930, 주문번호: 0000016095
2026-06-04 10:40:57,644 - INFO - 주문 취소 성공! (원주문: 0000016095)
2026-06-04 10:40:57,657 - INFO - 상태 전환 완료: HOLDING
2026-06-04 10:41:04,153 - INFO - 계좌 예수금: 9934495원
2026-06-04 10:41:04,153 - INFO - [005930] 보유: 1주, 매도 가능: 1주, 평단가: 360,000원
2026-06-04 10:41:04,156 - INFO - 미실현 손익: -1,500원 (-0.42%), 최고 수익률: 0.14%
2026-06-04 10:41:04,167 - INFO - 매도 조건 충족: 평단가(360,000), 현재가(358,500) -> 목표가(362,000원) (보수적 상향 보정)
2026-06-04 10:41:04,167 - INFO - [SELL] 주문 요청: 005930, 1주, 362000원
2026-06-04 10:41:07,434 - INFO - 주문 성공! 주문번호: 0000016191
2026-06-04 10:41:07,456 - INFO - 60초 후 다음 확인을 진행합니다. (현재 상태: SELLING)
2026-06-04 10:42:08,801 - INFO - [005930] 현재가: 357500, 고가: 366000, 저가: 348000
2026-06-04 10:42:08,801 - WARNING - ⚠️ 주문 고착 감지: 가격 이탈 (현재가:357,500, 목표가:362,000, 차이:4,500). 주문 취소를 시도합니다.
2026-06-04 10:42:08,802 - INFO - [CANCEL] 주문 취소 요청: 005930, 주문번호: 0000016191
2026-06-04 10:42:10,094 - INFO - 주문 취소 성공! (원주문: 0000016191)
2026-06-04 10:42:10,113 - INFO - 상태 전환 완료: HOLDING
2026-06-04 10:42:16,766 - INFO - 계좌 예수금: 9934495원
2026-06-04 10:42:16,766 - INFO - [005930] 보유: 1주, 매도 가능: 1주, 평단가: 360,000원
2026-06-04 10:42:16,771 - INFO - 미실현 손익: -2,500원 (-0.69%), 최고 수익률: 0.14%
2026-06-04 10:42:16,785 - INFO - 매도 조건 충족: 평단가(360,000), 현재가(357,500) -> 목표가(362,000원) (보수적 상향 보정)
2026-06-04 10:42:16,785 - INFO - [SELL] 주문 요청: 005930, 1주, 362000원
2026-06-04 10:42:20,113 - INFO - 주문 성공! 주문번호: 0000016294
2026-06-04 10:42:20,131 - INFO - 60초 후 다음 확인을 진행합니다. (현재 상태: SELLING)
2026-06-04 10:43:22,612 - INFO - [005930] 현재가: 357000, 고가: 366000, 저가: 348000
2026-06-04 10:43:22,612 - WARNING - ⚠️ 주문 고착 감지: 가격 이탈 (현재가:357,000, 목표가:362,000, 차이:5,000). 주문 취소를 시도합니다.
2026-06-04 10:43:22,613 - INFO - [CANCEL] 주문 취소 요청: 005930, 주문번호: 0000016294
2026-06-04 10:43:23,387 - INFO - 주문 취소 성공! (원주문: 0000016294)
2026-06-04 10:43:23,405 - INFO - 상태 전환 완료: HOLDING
2026-06-04 10:43:31,709 - INFO - 계좌 예수금: 9934495원
2026-06-04 10:43:31,710 - INFO - [005930] 보유: 1주, 매도 가능: 1주, 평단가: 360,000원
2026-06-04 10:43:31,713 - INFO - 미실현 손익: -3,000원 (-0.83%), 최고 수익률: 0.14%
2026-06-04 10:43:31,726 - INFO - 매도 조건 충족: 평단가(360,000), 현재가(357,000) -> 목표가(362,000원) (보수적 상향 보정)
2026-06-04 10:43:31,727 - INFO - [SELL] 주문 요청: 005930, 1주, 362000원
2026-06-04 10:43:33,973 - INFO - 주문 성공! 주문번호: 0000016402
2026-06-04 10:43:33,991 - INFO - 60초 후 다음 확인을 진행합니다. (현재 상태: SELLING)
2026-06-04 10:44:36,302 - INFO - [005930] 현재가: 355750, 고가: 366000, 저가: 348000
2026-06-04 10:44:36,302 - WARNING - ⚠️ 주문 고착 감지: 가격 이탈 (현재가:355,750, 목표가:362,000, 차이:6,250). 주문 취소를 시도합니다.
2026-06-04 10:44:36,303 - INFO - [CANCEL] 주문 취소 요청: 005930, 주문번호: 0000016402
2026-06-04 10:44:37,321 - INFO - 주문 취소 성공! (원주문: 0000016402)
2026-06-04 10:44:37,338 - INFO - 상태 전환 완료: HOLDING
2026-06-04 10:44:42,930 - INFO - 계좌 예수금: 9934495원
2026-06-04 10:44:42,931 - INFO - [005930] 보유: 1주, 매도 가능: 1주, 평단가: 360,000원
2026-06-04 10:44:42,935 - INFO - 미실현 손익: -4,250원 (-1.18%), 최고 수익률: 0.14%
2026-06-04 10:44:42,947 - INFO - 매도 조건 충족: 평단가(360,000), 현재가(355,750) -> 목표가(362,000원) (보수적 상향 보정)
2026-06-04 10:44:42,947 - INFO - [SELL] 주문 요청: 005930, 1주, 362000원
2026-06-04 10:44:44,816 - INFO - 주문 성공! 주문번호: 0000016535
2026-06-04 10:44:44,833 - INFO - 60초 후 다음 확인을 진행합니다. (현재 상태: SELLING)
2026-06-04 10:45:47,579 - INFO - [005930] 현재가: 355500, 고가: 366000, 저가: 348000
2026-06-04 10:45:47,580 - WARNING - ⚠️ 주문 고착 감지: 가격 이탈 (현재가:355,500, 목표가:362,000, 차이:6,500). 주문 취소를 시도합니다.
2026-06-04 10:45:47,580 - INFO - [CANCEL] 주문 취소 요청: 005930, 주문번호: 0000016535
2026-06-04 10:45:52,414 - INFO - 주문 취소 성공! (원주문: 0000016535)
2026-06-04 10:45:52,431 - INFO - 상태 전환 완료: HOLDING
2026-06-04 10:46:01,563 - INFO - 계좌 예수금: 9934495원
2026-06-04 10:46:01,563 - INFO - [005930] 보유: 1주, 매도 가능: 1주, 평단가: 360,000원
2026-06-04 10:46:01,567 - INFO - 미실현 손익: -4,500원 (-1.25%), 최고 수익률: 0.14%
2026-06-04 10:46:01,581 - INFO - 매도 조건 충족: 평단가(360,000), 현재가(355,500) -> 목표가(362,000원) (보수적 상향 보정)
2026-06-04 10:46:01,582 - INFO - [SELL] 주문 요청: 005930, 1주, 362000원
2026-06-04 10:46:05,920 - INFO - 주문 성공! 주문번호: 0000016699
2026-06-04 10:46:05,938 - INFO - 60초 후 다음 확인을 진행합니다. (현재 상태: SELLING)
2026-06-04 10:47:06,862 - INFO - [005930] 현재가: 355000, 고가: 366000, 저가: 348000
2026-06-04 10:47:06,862 - WARNING - ⚠️ 주문 고착 감지: 가격 이탈 (현재가:355,000, 목표가:362,000, 차이:7,000). 주문 취소를 시도합니다.
2026-06-04 10:47:06,862 - INFO - [CANCEL] 주문 취소 요청: 005930, 주문번호: 0000016699
2026-06-04 10:47:09,527 - INFO - 주문 취소 성공! (원주문: 0000016699)
2026-06-04 10:47:09,545 - INFO - 상태 전환 완료: HOLDING
2026-06-04 10:47:17,939 - INFO - 계좌 예수금: 9934495원
2026-06-04 10:47:17,939 - INFO - [005930] 보유: 1주, 매도 가능: 1주, 평단가: 360,000원
2026-06-04 10:47:17,945 - INFO - 미실현 손익: -5,000원 (-1.39%), 최고 수익률: 0.14%
2026-06-04 10:47:17,959 - INFO - 매도 조건 충족: 평단가(360,000), 현재가(355,000) -> 목표가(362,000원) (보수적 상향 보정)
2026-06-04 10:47:17,959 - INFO - [SELL] 주문 요청: 005930, 1주, 362000원
2026-06-04 10:47:18,107 - INFO - 주문 성공! 주문번호: 0000016844
2026-06-04 10:47:18,124 - INFO - 60초 후 다음 확인을 진행합니다. (현재 상태: SELLING)
2026-06-04 10:48:18,205 - INFO - [005930] 현재가: 356500, 고가: 366000, 저가: 348000
2026-06-04 10:48:18,205 - WARNING - ⚠️ 주문 고착 감지: 가격 이탈 (현재가:356,500, 목표가:362,000, 차이:5,500). 주문 취소를 시도합니다.
2026-06-04 10:48:18,205 - INFO - [CANCEL] 주문 취소 요청: 005930, 주문번호: 0000016844
2026-06-04 10:48:23,459 - INFO - 주문 취소 성공! (원주문: 0000016844)
2026-06-04 10:48:23,481 - INFO - 상태 전환 완료: HOLDING
2026-06-04 10:48:27,062 - INFO - 계좌 예수금: 9934495원
2026-06-04 10:48:27,063 - INFO - [005930] 보유: 1주, 매도 가능: 1주, 평단가: 360,000원
2026-06-04 10:48:27,066 - INFO - 미실현 손익: -3,500원 (-0.97%), 최고 수익률: 0.14%
2026-06-04 10:48:27,079 - INFO - 매도 조건 충족: 평단가(360,000), 현재가(356,500) -> 목표가(362,000원) (보수적 상향 보정)
2026-06-04 10:48:27,080 - INFO - [SELL] 주문 요청: 005930, 1주, 362000원
2026-06-04 10:48:29,452 - INFO - 주문 성공! 주문번호: 0000016953
2026-06-04 10:48:29,468 - INFO - 60초 후 다음 확인을 진행합니다. (현재 상태: SELLING)
2026-06-04 10:49:29,541 - INFO - [005930] 현재가: 357000, 고가: 366000, 저가: 348000
2026-06-04 10:49:29,542 - WARNING - ⚠️ 주문 고착 감지: 가격 이탈 (현재가:357,000, 목표가:362,000, 차이:5,000). 주문 취소를 시도합니다.
2026-06-04 10:49:29,542 - INFO - [CANCEL] 주문 취소 요청: 005930, 주문번호: 0000016953
2026-06-04 10:49:34,853 - INFO - 주문 취소 성공! (원주문: 0000016953)
2026-06-04 10:49:34,874 - INFO - 상태 전환 완료: HOLDING
2026-06-04 10:49:44,248 - INFO - 계좌 예수금: 9934495원
2026-06-04 10:49:44,249 - INFO - [005930] 보유: 1주, 매도 가능: 1주, 평단가: 360,000원
2026-06-04 10:49:44,252 - INFO - 미실현 손익: -3,000원 (-0.83%), 최고 수익률: 0.14%
2026-06-04 10:49:44,264 - INFO - 매도 조건 충족: 평단가(360,000), 현재가(357,000) -> 목표가(362,000원) (보수적 상향 보정)
2026-06-04 10:49:44,265 - INFO - [SELL] 주문 요청: 005930, 1주, 362000원
2026-06-04 10:49:47,246 - INFO - 주문 성공! 주문번호: 0000017050
2026-06-04 10:49:47,262 - INFO - 60초 후 다음 확인을 진행합니다. (현재 상태: SELLING)
2026-06-04 10:50:51,289 - INFO - [005930] 현재가: 357000, 고가: 366000, 저가: 348000
2026-06-04 10:50:51,290 - WARNING - ⚠️ 주문 고착 감지: 가격 이탈 (현재가:357,000, 목표가:362,000, 차이:5,000). 주문 취소를 시도합니다.
2026-06-04 10:50:51,290 - INFO - [CANCEL] 주문 취소 요청: 005930, 주문번호: 0000017050
2026-06-04 10:50:55,118 - INFO - 주문 취소 성공! (원주문: 0000017050)
2026-06-04 10:50:55,139 - INFO - 상태 전환 완료: HOLDING
2026-06-04 10:51:02,858 - INFO - 계좌 예수금: 9934495원
2026-06-04 10:51:02,858 - INFO - [005930] 보유: 1주, 매도 가능: 1주, 평단가: 360,000원
2026-06-04 10:51:02,861 - INFO - 미실현 손익: -3,000원 (-0.83%), 최고 수익률: 0.14%
2026-06-04 10:51:02,873 - INFO - 매도 조건 충족: 평단가(360,000), 현재가(357,000) -> 목표가(362,000원) (보수적 상향 보정)
2026-06-04 10:51:02,873 - INFO - [SELL] 주문 요청: 005930, 1주, 362000원
2026-06-04 10:51:06,978 - INFO - 주문 성공! 주문번호: 0000017175
2026-06-04 10:51:06,996 - INFO - 60초 후 다음 확인을 진행합니다. (현재 상태: SELLING)
2026-06-04 10:52:07,578 - INFO - [005930] 현재가: 355500, 고가: 366000, 저가: 348000
2026-06-04 10:52:07,578 - WARNING - ⚠️ 주문 고착 감지: 가격 이탈 (현재가:355,500, 목표가:362,000, 차이:6,500). 주문 취소를 시도합니다.
2026-06-04 10:52:07,579 - INFO - [CANCEL] 주문 취소 요청: 005930, 주문번호: 0000017175
2026-06-04 10:52:07,947 - ERROR - POST 요청 실패 (VTTC0013U): 500 Server Error: Internal Server Error for url: https://openapivts.koreainvestment.com:29443/uapi/domestic-stock/v1/trading/order-rvsecncl
2026-06-04 10:52:07,947 - ERROR - 상세 에러: {"rt_cd":"1","msg1":"초당 거래건수를 초과하였습니다.","msg_cd":"EGW00201","message":"EGW00201"}
2026-06-04 10:52:07,949 - ERROR - 주문 취소 실패: 응답 없음
2026-06-04 10:52:07,949 - ERROR - 주문 취소 실패. 다음 루프에서 재시도합니다.
2026-06-04 10:52:18,336 - INFO - 계좌 예수금: 9934495원
2026-06-04 10:52:18,337 - INFO - [005930] 보유: 1주, 매도 가능: 0주, 평단가: 360,000원
2026-06-04 10:52:18,342 - INFO - 미실현 손익: -4,500원 (-1.25%), 최고 수익률: 0.14%
2026-06-04 10:52:18,355 - INFO - 보유 수량(1)에 대해 매도 주문(0000017175)이 진행 중입니다.
2026-06-04 10:52:18,355 - INFO - 60초 후 다음 확인을 진행합니다. (현재 상태: SELLING)
2026-06-04 10:53:19,870 - INFO - [005930] 현재가: 355500, 고가: 366000, 저가: 348000
2026-06-04 10:53:19,871 - WARNING - ⚠️ 주문 고착 감지: 가격 이탈 (현재가:355,500, 목표가:362,000, 차이:6,500). 주문 취소를 시도합니다.
2026-06-04 10:53:19,871 - INFO - [CANCEL] 주문 취소 요청: 005930, 주문번호: 0000017175
2026-06-04 10:53:20,840 - INFO - 주문 취소 성공! (원주문: 0000017175)
2026-06-04 10:53:20,862 - INFO - 상태 전환 완료: HOLDING
2026-06-04 10:53:26,982 - INFO - 계좌 예수금: 9934495원
2026-06-04 10:53:26,982 - INFO - [005930] 보유: 1주, 매도 가능: 1주, 평단가: 360,000원
2026-06-04 10:53:26,986 - INFO - 미실현 손익: -4,500원 (-1.25%), 최고 수익률: 0.14%
2026-06-04 10:53:27,002 - INFO - 매도 조건 충족: 평단가(360,000), 현재가(355,500) -> 목표가(362,000원) (보수적 상향 보정)
2026-06-04 10:53:27,002 - INFO - [SELL] 주문 요청: 005930, 1주, 362000원
2026-06-04 10:53:27,320 - INFO - 주문 성공! 주문번호: 0000017337
2026-06-04 10:53:27,341 - INFO - 60초 후 다음 확인을 진행합니다. (현재 상태: SELLING)
2026-06-04 10:54:29,294 - INFO - [005930] 현재가: 355000, 고가: 366000, 저가: 348000
2026-06-04 10:54:29,294 - WARNING - ⚠️ 주문 고착 감지: 가격 이탈 (현재가:355,000, 목표가:362,000, 차이:7,000). 주문 취소를 시도합니다.
2026-06-04 10:54:29,295 - INFO - [CANCEL] 주문 취소 요청: 005930, 주문번호: 0000017337
2026-06-04 10:54:31,084 - INFO - 주문 취소 성공! (원주문: 0000017337)
2026-06-04 10:54:31,107 - INFO - 상태 전환 완료: HOLDING
2026-06-04 10:54:37,688 - INFO - 계좌 예수금: 9934495원
2026-06-04 10:54:37,688 - INFO - [005930] 보유: 1주, 매도 가능: 1주, 평단가: 360,000원
2026-06-04 10:54:37,695 - INFO - 미실현 손익: -5,000원 (-1.39%), 최고 수익률: 0.14%
2026-06-04 10:54:37,713 - INFO - 매도 조건 충족: 평단가(360,000), 현재가(355,000) -> 목표가(362,000원) (보수적 상향 보정)
2026-06-04 10:54:37,714 - INFO - [SELL] 주문 요청: 005930, 1주, 362000원
2026-06-04 10:54:37,821 - INFO - 주문 성공! 주문번호: 0000017400
2026-06-04 10:54:37,835 - INFO - 60초 후 다음 확인을 진행합니다. (현재 상태: SELLING)
2026-06-04 10:55:40,840 - INFO - [005930] 현재가: 355000, 고가: 366000, 저가: 348000
2026-06-04 10:55:40,841 - WARNING - ⚠️ 주문 고착 감지: 가격 이탈 (현재가:355,000, 목표가:362,000, 차이:7,000). 주문 취소를 시도합니다.
2026-06-04 10:55:40,841 - INFO - [CANCEL] 주문 취소 요청: 005930, 주문번호: 0000017400
2026-06-04 10:55:43,304 - INFO - 주문 취소 성공! (원주문: 0000017400)
2026-06-04 10:55:43,322 - INFO - 상태 전환 완료: HOLDING
2026-06-04 10:55:49,493 - INFO - 계좌 예수금: 9934495원
2026-06-04 10:55:49,494 - INFO - [005930] 보유: 1주, 매도 가능: 1주, 평단가: 360,000원
2026-06-04 10:55:49,499 - INFO - 미실현 손익: -5,000원 (-1.39%), 최고 수익률: 0.14%
2026-06-04 10:55:49,512 - INFO - 매도 조건 충족: 평단가(360,000), 현재가(355,000) -> 목표가(362,000원) (보수적 상향 보정)
2026-06-04 10:55:49,512 - INFO - [SELL] 주문 요청: 005930, 1주, 362000원
2026-06-04 10:55:51,164 - INFO - 주문 성공! 주문번호: 0000017482
2026-06-04 10:55:51,181 - INFO - 60초 후 다음 확인을 진행합니다. (현재 상태: SELLING)
2026-06-04 10:56:51,337 - INFO - [005930] 현재가: 355000, 고가: 366000, 저가: 348000
2026-06-04 10:56:51,338 - WARNING - ⚠️ 주문 고착 감지: 가격 이탈 (현재가:355,000, 목표가:362,000, 차이:7,000). 주문 취소를 시도합니다.
2026-06-04 10:56:51,338 - INFO - [CANCEL] 주문 취소 요청: 005930, 주문번호: 0000017482
2026-06-04 10:56:53,338 - INFO - 주문 취소 성공! (원주문: 0000017482)
2026-06-04 10:56:53,356 - INFO - 상태 전환 완료: HOLDING
2026-06-04 10:56:59,996 - INFO - 계좌 예수금: 9934495원
2026-06-04 10:56:59,996 - INFO - [005930] 보유: 1주, 매도 가능: 1주, 평단가: 360,000원
2026-06-04 10:57:00,000 - INFO - 미실현 손익: -5,000원 (-1.39%), 최고 수익률: 0.14%
2026-06-04 10:57:00,017 - INFO - 매도 조건 충족: 평단가(360,000), 현재가(355,000) -> 목표가(362,000원) (보수적 상향 보정)
2026-06-04 10:57:00,017 - INFO - [SELL] 주문 요청: 005930, 1주, 362000원
2026-06-04 10:57:01,395 - INFO - 주문 성공! 주문번호: 0000017577
2026-06-04 10:57:01,418 - INFO - 60초 후 다음 확인을 진행합니다. (현재 상태: SELLING)
2026-06-04 10:58:04,517 - INFO - [005930] 현재가: 354500, 고가: 366000, 저가: 348000
2026-06-04 10:58:04,518 - WARNING - ⚠️ 주문 고착 감지: 가격 이탈 (현재가:354,500, 목표가:362,000, 차이:7,500). 주문 취소를 시도합니다.
2026-06-04 10:58:04,518 - INFO - [CANCEL] 주문 취소 요청: 005930, 주문번호: 0000017577
2026-06-04 10:58:05,211 - INFO - 주문 취소 성공! (원주문: 0000017577)
2026-06-04 10:58:05,231 - INFO - 상태 전환 완료: HOLDING
2026-06-04 10:58:13,753 - INFO - 계좌 예수금: 9934495원
2026-06-04 10:58:13,754 - INFO - [005930] 보유: 1주, 매도 가능: 1주, 평단가: 360,000원
2026-06-04 10:58:13,759 - INFO - 미실현 손익: -5,500원 (-1.53%), 최고 수익률: 0.14%
2026-06-04 10:58:13,775 - INFO - 자가 최적화 기록 완료: C:\Users\witpo\OneDrive\바탕 화면\YONSEI\26-1\ECO4126 인공지능과금융공학\open-trading-api\self_optimization_history
2026-06-04 10:58:13,775 - INFO - 매도 조건 충족: 평단가(360,000), 현재가(354,500) -> 목표가(362,000원) (보수적 상향 보정)
2026-06-04 10:58:13,775 - INFO - [SELL] 주문 요청: 005930, 1주, 362000원
2026-06-04 10:58:16,844 - INFO - 주문 성공! 주문번호: 0000017676
2026-06-04 10:58:16,871 - INFO - 60초 후 다음 확인을 진행합니다. (현재 상태: SELLING)
2026-06-04 10:59:16,989 - INFO - [005930] 현재가: 354750, 고가: 366000, 저가: 348000
2026-06-04 10:59:16,990 - WARNING - ⚠️ 주문 고착 감지: 가격 이탈 (현재가:354,750, 목표가:362,000, 차이:7,250). 주문 취소를 시도합니다.
2026-06-04 10:59:16,990 - INFO - [CANCEL] 주문 취소 요청: 005930, 주문번호: 0000017676
2026-06-04 10:59:18,852 - INFO - 주문 취소 성공! (원주문: 0000017676)
2026-06-04 10:59:18,868 - INFO - 상태 전환 완료: HOLDING
2026-06-04 10:59:23,148 - INFO - 계좌 예수금: 9934495원
2026-06-04 10:59:23,148 - INFO - [005930] 보유: 1주, 매도 가능: 1주, 평단가: 360,000원
2026-06-04 10:59:23,152 - INFO - 미실현 손익: -5,250원 (-1.46%), 최고 수익률: 0.14%
2026-06-04 10:59:23,165 - INFO - 매도 조건 충족: 평단가(360,000), 현재가(354,750) -> 목표가(362,500원) (보수적 상향 보정)
2026-06-04 10:59:23,166 - INFO - [SELL] 주문 요청: 005930, 1주, 362500원
2026-06-04 10:59:23,288 - INFO - 주문 성공! 주문번호: 0000017764
2026-06-04 10:59:23,308 - INFO - 60초 후 다음 확인을 진행합니다. (현재 상태: SELLING)
2026-06-04 11:00:26,314 - INFO - [005930] 현재가: 354500, 고가: 366000, 저가: 348000
2026-06-04 11:00:26,315 - WARNING - ⚠️ 주문 고착 감지: 가격 이탈 (현재가:354,500, 목표가:362,500, 차이:8,000). 주문 취소를 시도합니다.
2026-06-04 11:00:26,315 - INFO - [CANCEL] 주문 취소 요청: 005930, 주문번호: 0000017764
2026-06-04 11:00:29,758 - INFO - 주문 취소 성공! (원주문: 0000017764)
2026-06-04 11:00:29,775 - INFO - 상태 전환 완료: HOLDING
2026-06-04 11:00:38,872 - INFO - 계좌 예수금: 9934495원
2026-06-04 11:00:38,872 - INFO - [005930] 보유: 1주, 매도 가능: 1주, 평단가: 360,000원
2026-06-04 11:00:38,878 - INFO - 미실현 손익: -5,500원 (-1.53%), 최고 수익률: 0.14%
2026-06-04 11:00:38,891 - INFO - 매도 조건 충족: 평단가(360,000), 현재가(354,500) -> 목표가(362,500원) (보수적 상향 보정)
2026-06-04 11:00:38,891 - INFO - [SELL] 주문 요청: 005930, 1주, 362500원
2026-06-04 11:00:42,650 - INFO - 주문 성공! 주문번호: 0000017901
2026-06-04 11:00:42,667 - INFO - 60초 후 다음 확인을 진행합니다. (현재 상태: SELLING)
2026-06-04 11:01:45,351 - INFO - [005930] 현재가: 354000, 고가: 366000, 저가: 348000
2026-06-04 11:01:45,351 - WARNING - ⚠️ 주문 고착 감지: 가격 이탈 (현재가:354,000, 목표가:362,500, 차이:8,500). 주문 취소를 시도합니다.
2026-06-04 11:01:45,352 - INFO - [CANCEL] 주문 취소 요청: 005930, 주문번호: 0000017901
2026-06-04 11:01:46,904 - INFO - 주문 취소 성공! (원주문: 0000017901)
2026-06-04 11:01:46,923 - INFO - 상태 전환 완료: HOLDING
2026-06-04 11:01:54,339 - INFO - 계좌 예수금: 9934495원
2026-06-04 11:01:54,340 - INFO - [005930] 보유: 1주, 매도 가능: 1주, 평단가: 360,000원
2026-06-04 11:01:54,345 - INFO - 미실현 손익: -6,000원 (-1.67%), 최고 수익률: 0.14%
2026-06-04 11:01:54,357 - INFO - 매도 조건 충족: 평단가(360,000), 현재가(354,000) -> 목표가(362,500원) (보수적 상향 보정)
2026-06-04 11:01:54,358 - INFO - [SELL] 주문 요청: 005930, 1주, 362500원
2026-06-04 11:01:56,569 - INFO - 주문 성공! 주문번호: 0000018055
2026-06-04 11:01:56,588 - INFO - 60초 후 다음 확인을 진행합니다. (현재 상태: SELLING)
2026-06-04 11:02:58,944 - INFO - [005930] 현재가: 354000, 고가: 366000, 저가: 348000
2026-06-04 11:02:58,945 - WARNING - ⚠️ 주문 고착 감지: 가격 이탈 (현재가:354,000, 목표가:362,500, 차이:8,500). 주문 취소를 시도합니다.
2026-06-04 11:02:58,945 - INFO - [CANCEL] 주문 취소 요청: 005930, 주문번호: 0000018055
2026-06-04 11:03:00,893 - INFO - 주문 취소 성공! (원주문: 0000018055)
2026-06-04 11:03:00,910 - INFO - 상태 전환 완료: HOLDING
2026-06-04 11:03:05,514 - INFO - 계좌 예수금: 9934495원
2026-06-04 11:03:05,514 - INFO - [005930] 보유: 1주, 매도 가능: 1주, 평단가: 360,000원
2026-06-04 11:03:05,519 - INFO - 미실현 손익: -6,000원 (-1.67%), 최고 수익률: 0.14%
2026-06-04 11:03:05,533 - INFO - 매도 조건 충족: 평단가(360,000), 현재가(354,000) -> 목표가(362,500원) (보수적 상향 보정)
2026-06-04 11:03:05,533 - INFO - [SELL] 주문 요청: 005930, 1주, 362500원
2026-06-04 11:03:10,351 - INFO - 주문 성공! 주문번호: 0000018154
2026-06-04 11:03:10,368 - INFO - 60초 후 다음 확인을 진행합니다. (현재 상태: SELLING)
2026-06-04 11:04:11,321 - INFO - [005930] 현재가: 354000, 고가: 366000, 저가: 348000
2026-06-04 11:04:11,322 - WARNING - ⚠️ 주문 고착 감지: 가격 이탈 (현재가:354,000, 목표가:362,500, 차이:8,500). 주문 취소를 시도합니다.
2026-06-04 11:04:11,322 - INFO - [CANCEL] 주문 취소 요청: 005930, 주문번호: 0000018154
2026-06-04 11:04:12,267 - INFO - 주문 취소 성공! (원주문: 0000018154)
2026-06-04 11:04:12,287 - INFO - 상태 전환 완료: HOLDING
2026-06-04 11:04:22,558 - INFO - 계좌 예수금: 9934495원
2026-06-04 11:04:22,558 - INFO - [005930] 보유: 1주, 매도 가능: 1주, 평단가: 360,000원
2026-06-04 11:04:22,563 - INFO - 미실현 손익: -6,000원 (-1.67%), 최고 수익률: 0.14%
2026-06-04 11:04:22,575 - INFO - 매도 조건 충족: 평단가(360,000), 현재가(354,000) -> 목표가(362,500원) (보수적 상향 보정)
2026-06-04 11:04:22,576 - INFO - [SELL] 주문 요청: 005930, 1주, 362500원
2026-06-04 11:04:26,948 - INFO - 주문 성공! 주문번호: 0000018249
2026-06-04 11:04:26,964 - INFO - 60초 후 다음 확인을 진행합니다. (현재 상태: SELLING)
2026-06-04 11:05:30,270 - INFO - [005930] 현재가: 353000, 고가: 366000, 저가: 348000
2026-06-04 11:05:30,270 - WARNING - ⚠️ 주문 고착 감지: 가격 이탈 (현재가:353,000, 목표가:362,500, 차이:9,500). 주문 취소를 시도합니다.
2026-06-04 11:05:30,270 - INFO - [CANCEL] 주문 취소 요청: 005930, 주문번호: 0000018249
2026-06-04 11:05:31,106 - INFO - 주문 취소 성공! (원주문: 0000018249)
2026-06-04 11:05:31,122 - INFO - 상태 전환 완료: HOLDING
2026-06-04 11:05:39,412 - INFO - 계좌 예수금: 9934495원
2026-06-04 11:05:39,413 - INFO - [005930] 보유: 1주, 매도 가능: 1주, 평단가: 360,000원
2026-06-04 11:05:39,417 - INFO - 미실현 손익: -7,000원 (-1.94%), 최고 수익률: 0.14%
2026-06-04 11:05:39,430 - INFO - 매도 조건 충족: 평단가(360,000), 현재가(353,000) -> 목표가(362,500원) (보수적 상향 보정)
2026-06-04 11:05:39,430 - INFO - [SELL] 주문 요청: 005930, 1주, 362500원
2026-06-04 11:05:41,345 - INFO - 주문 성공! 주문번호: 0000018347
2026-06-04 11:05:41,364 - INFO - 60초 후 다음 확인을 진행합니다. (현재 상태: SELLING)
2026-06-04 11:06:44,063 - INFO - [005930] 현재가: 354000, 고가: 366000, 저가: 348000
2026-06-04 11:06:44,063 - WARNING - ⚠️ 주문 고착 감지: 가격 이탈 (현재가:354,000, 목표가:362,500, 차이:8,500). 주문 취소를 시도합니다.
2026-06-04 11:06:44,064 - INFO - [CANCEL] 주문 취소 요청: 005930, 주문번호: 0000018347
2026-06-04 11:06:46,860 - INFO - 주문 취소 성공! (원주문: 0000018347)
2026-06-04 11:06:46,875 - INFO - 상태 전환 완료: HOLDING
2026-06-04 11:06:51,516 - INFO - 계좌 예수금: 9934495원
2026-06-04 11:06:51,517 - INFO - [005930] 보유: 1주, 매도 가능: 1주, 평단가: 360,000원
2026-06-04 11:06:51,521 - INFO - 미실현 손익: -6,000원 (-1.67%), 최고 수익률: 0.14%
2026-06-04 11:06:51,533 - INFO - 매도 조건 충족: 평단가(360,000), 현재가(354,000) -> 목표가(362,500원) (보수적 상향 보정)
2026-06-04 11:06:51,533 - INFO - [SELL] 주문 요청: 005930, 1주, 362500원
2026-06-04 11:06:51,647 - INFO - 주문 성공! 주문번호: 0000018440
2026-06-04 11:06:51,665 - INFO - 60초 후 다음 확인을 진행합니다. (현재 상태: SELLING)
2026-06-04 11:07:53,777 - INFO - [005930] 현재가: 353750, 고가: 366000, 저가: 348000
2026-06-04 11:07:53,777 - WARNING - ⚠️ 주문 고착 감지: 가격 이탈 (현재가:353,750, 목표가:362,500, 차이:8,750). 주문 취소를 시도합니다.
2026-06-04 11:07:53,778 - INFO - [CANCEL] 주문 취소 요청: 005930, 주문번호: 0000018440
2026-06-04 11:07:55,888 - INFO - 주문 취소 성공! (원주문: 0000018440)
2026-06-04 11:07:55,907 - INFO - 상태 전환 완료: HOLDING
2026-06-04 11:08:02,496 - INFO - 계좌 예수금: 9934495원
2026-06-04 11:08:02,497 - INFO - [005930] 보유: 1주, 매도 가능: 1주, 평단가: 360,000원
2026-06-04 11:08:02,502 - INFO - 미실현 손익: -6,250원 (-1.74%), 최고 수익률: 0.14%
2026-06-04 11:08:02,515 - INFO - 매도 조건 충족: 평단가(360,000), 현재가(353,750) -> 목표가(362,500원) (보수적 상향 보정)
2026-06-04 11:08:02,515 - INFO - [SELL] 주문 요청: 005930, 1주, 362500원
2026-06-04 11:08:04,895 - INFO - 주문 성공! 주문번호: 0000018521
2026-06-04 11:08:04,914 - INFO - 60초 후 다음 확인을 진행합니다. (현재 상태: SELLING)
2026-06-04 11:09:05,004 - INFO - [005930] 현재가: 352750, 고가: 366000, 저가: 348000
2026-06-04 11:09:05,004 - WARNING - ⚠️ 주문 고착 감지: 가격 이탈 (현재가:352,750, 목표가:362,500, 차이:9,750). 주문 취소를 시도합니다.
2026-06-04 11:09:05,005 - INFO - [CANCEL] 주문 취소 요청: 005930, 주문번호: 0000018521
2026-06-04 11:09:05,566 - INFO - 주문 취소 성공! (원주문: 0000018521)
2026-06-04 11:09:05,584 - INFO - 상태 전환 완료: HOLDING
2026-06-04 11:09:14,729 - INFO - 계좌 예수금: 9934495원
2026-06-04 11:09:14,729 - INFO - [005930] 보유: 1주, 매도 가능: 1주, 평단가: 360,000원
2026-06-04 11:09:14,734 - INFO - 미실현 손익: -7,250원 (-2.01%), 최고 수익률: 0.14%
2026-06-04 11:09:14,748 - INFO - 매도 조건 충족: 평단가(360,000), 현재가(352,750) -> 목표가(362,500원) (보수적 상향 보정)
2026-06-04 11:09:14,748 - INFO - [SELL] 주문 요청: 005930, 1주, 362500원
2026-06-04 11:09:18,305 - INFO - 주문 성공! 주문번호: 0000018620
2026-06-04 11:09:18,325 - INFO - 60초 후 다음 확인을 진행합니다. (현재 상태: SELLING)
2026-06-04 11:10:21,511 - INFO - [005930] 현재가: 351500, 고가: 366000, 저가: 348000
2026-06-04 11:10:21,512 - WARNING - ⚠️ 주문 고착 감지: 가격 이탈 (현재가:351,500, 목표가:362,500, 차이:11,000). 주문 취소를 시도합니다.
2026-06-04 11:10:21,512 - INFO - [CANCEL] 주문 취소 요청: 005930, 주문번호: 0000018620
2026-06-04 11:10:24,760 - INFO - 주문 취소 성공! (원주문: 0000018620)
2026-06-04 11:10:24,780 - INFO - 상태 전환 완료: HOLDING
2026-06-04 11:10:32,211 - INFO - 계좌 예수금: 9934495원
2026-06-04 11:10:32,211 - INFO - [005930] 보유: 1주, 매도 가능: 1주, 평단가: 360,000원
2026-06-04 11:10:32,217 - INFO - 미실현 손익: -8,500원 (-2.36%), 최고 수익률: 0.14%
2026-06-04 11:10:32,230 - INFO - 매도 조건 충족: 평단가(360,000), 현재가(351,500) -> 목표가(362,500원) (보수적 상향 보정)
2026-06-04 11:10:32,231 - INFO - [SELL] 주문 요청: 005930, 1주, 362500원
2026-06-04 11:10:35,359 - INFO - 주문 성공! 주문번호: 0000018750
2026-06-04 11:10:35,378 - INFO - 60초 후 다음 확인을 진행합니다. (현재 상태: SELLING)
2026-06-04 11:11:40,282 - INFO - [005930] 현재가: 351500, 고가: 366000, 저가: 348000
2026-06-04 11:11:40,283 - WARNING - ⚠️ 주문 고착 감지: 가격 이탈 (현재가:351,500, 목표가:362,500, 차이:11,000). 주문 취소를 시도합니다.
2026-06-04 11:11:40,283 - INFO - [CANCEL] 주문 취소 요청: 005930, 주문번호: 0000018750
2026-06-04 11:11:44,915 - INFO - 주문 취소 성공! (원주문: 0000018750)
2026-06-04 11:11:44,935 - INFO - 상태 전환 완료: HOLDING
2026-06-04 11:11:56,018 - ERROR - GET 요청 실패 (VTTC8434R): HTTPSConnectionPool(host='openapivts.koreainvestment.com', port=29443): Read timed out. (read timeout=10)
2026-06-04 11:11:56,019 - ERROR - 잔고 조회 실패
2026-06-04 11:12:02,094 - WARNING - 예수금 부족으로 매수 불가 (예수금: 0원, 필요: 349000원)
2026-06-04 11:12:02,094 - INFO - 60초 후 다음 확인을 진행합니다. (현재 상태: IDLE)
2026-06-04 11:13:06,483 - INFO - [005930] 현재가: 351500, 고가: 366000, 저가: 348000
2026-06-04 11:13:11,928 - INFO - 계좌 예수금: 9934495원
2026-06-04 11:13:11,929 - INFO - [005930] 보유: 1주, 매도 가능: 1주, 평단가: 360,000원
2026-06-04 11:13:11,934 - INFO - 미실현 손익: -8,500원 (-2.36%), 최고 수익률: 0.00%
2026-06-04 11:13:11,948 - INFO - 매도 조건 충족: 평단가(360,000), 현재가(351,500) -> 목표가(362,500원) (보수적 상향 보정)
2026-06-04 11:13:11,948 - INFO - [SELL] 주문 요청: 005930, 1주, 362500원
2026-06-04 11:13:17,090 - INFO - 주문 성공! 주문번호: 0000018933
2026-06-04 11:13:17,111 - INFO - 60초 후 다음 확인을 진행합니다. (현재 상태: SELLING)
2026-06-04 11:14:20,438 - INFO - [005930] 현재가: 353500, 고가: 366000, 저가: 348000
2026-06-04 11:14:20,438 - WARNING - ⚠️ 주문 고착 감지: 가격 이탈 (현재가:353,500, 목표가:362,500, 차이:9,000). 주문 취소를 시도합니다.
2026-06-04 11:14:20,439 - INFO - [CANCEL] 주문 취소 요청: 005930, 주문번호: 0000018933
2026-06-04 11:14:20,990 - INFO - 주문 취소 성공! (원주문: 0000018933)
2026-06-04 11:14:21,007 - INFO - 상태 전환 완료: HOLDING
2026-06-04 11:14:25,824 - INFO - 계좌 예수금: 9934495원
2026-06-04 11:14:25,824 - INFO - [005930] 보유: 1주, 매도 가능: 1주, 평단가: 360,000원
2026-06-04 11:14:25,830 - INFO - 미실현 손익: -6,500원 (-1.81%), 최고 수익률: 0.00%
2026-06-04 11:14:25,844 - INFO - 매도 조건 충족: 평단가(360,000), 현재가(353,500) -> 목표가(362,500원) (보수적 상향 보정)
2026-06-04 11:14:25,844 - INFO - [SELL] 주문 요청: 005930, 1주, 362500원
2026-06-04 11:14:25,956 - INFO - 주문 성공! 주문번호: 0000019034
2026-06-04 11:14:25,973 - INFO - 60초 후 다음 확인을 진행합니다. (현재 상태: SELLING)
2026-06-04 11:15:27,852 - INFO - [005930] 현재가: 351500, 고가: 366000, 저가: 348000
2026-06-04 11:15:27,852 - WARNING - ⚠️ 주문 고착 감지: 가격 이탈 (현재가:351,500, 목표가:362,500, 차이:11,000). 주문 취소를 시도합니다.
2026-06-04 11:15:27,853 - INFO - [CANCEL] 주문 취소 요청: 005930, 주문번호: 0000019034
2026-06-04 11:15:29,638 - INFO - 주문 취소 성공! (원주문: 0000019034)
2026-06-04 11:15:29,656 - INFO - 상태 전환 완료: HOLDING
2026-06-04 11:15:37,058 - INFO - 계좌 예수금: 9934495원
2026-06-04 11:15:37,059 - INFO - [005930] 보유: 1주, 매도 가능: 1주, 평단가: 360,000원
2026-06-04 11:15:37,063 - INFO - 미실현 손익: -8,500원 (-2.36%), 최고 수익률: 0.00%
2026-06-04 11:15:37,078 - INFO - 매도 조건 충족: 평단가(360,000), 현재가(351,500) -> 목표가(362,500원) (보수적 상향 보정)
2026-06-04 11:15:37,078 - INFO - [SELL] 주문 요청: 005930, 1주, 362500원
2026-06-04 11:15:39,192 - INFO - 주문 성공! 주문번호: 0000019162
2026-06-04 11:15:39,209 - INFO - 60초 후 다음 확인을 진행합니다. (현재 상태: SELLING)
2026-06-04 11:16:40,199 - INFO - [005930] 현재가: 351500, 고가: 366000, 저가: 348000
2026-06-04 11:16:40,199 - WARNING - ⚠️ 주문 고착 감지: 가격 이탈 (현재가:351,500, 목표가:362,500, 차이:11,000). 주문 취소를 시도합니다.
2026-06-04 11:16:40,200 - INFO - [CANCEL] 주문 취소 요청: 005930, 주문번호: 0000019162
2026-06-04 11:16:42,037 - INFO - 주문 취소 성공! (원주문: 0000019162)
2026-06-04 11:16:42,057 - INFO - 상태 전환 완료: HOLDING
2026-06-04 11:16:48,721 - INFO - 계좌 예수금: 9934495원
2026-06-04 11:16:48,722 - INFO - [005930] 보유: 1주, 매도 가능: 1주, 평단가: 360,000원
2026-06-04 11:16:48,727 - INFO - 미실현 손익: -8,500원 (-2.36%), 최고 수익률: 0.00%
2026-06-04 11:16:48,739 - INFO - 매도 조건 충족: 평단가(360,000), 현재가(351,500) -> 목표가(362,500원) (보수적 상향 보정)
2026-06-04 11:16:48,740 - INFO - [SELL] 주문 요청: 005930, 1주, 362500원
2026-06-04 11:16:50,047 - INFO - 주문 성공! 주문번호: 0000019274
2026-06-04 11:16:50,066 - INFO - 60초 후 다음 확인을 진행합니다. (현재 상태: SELLING)
2026-06-04 11:17:52,947 - INFO - [005930] 현재가: 351500, 고가: 366000, 저가: 348000
2026-06-04 11:17:52,948 - WARNING - ⚠️ 주문 고착 감지: 가격 이탈 (현재가:351,500, 목표가:362,500, 차이:11,000). 주문 취소를 시도합니다.
2026-06-04 11:17:52,948 - INFO - [CANCEL] 주문 취소 요청: 005930, 주문번호: 0000019274
2026-06-04 11:17:53,072 - INFO - 주문 취소 성공! (원주문: 0000019274)
2026-06-04 11:17:53,090 - INFO - 상태 전환 완료: HOLDING
2026-06-04 11:17:57,490 - INFO - 계좌 예수금: 9934495원
2026-06-04 11:17:57,491 - INFO - [005930] 보유: 1주, 매도 가능: 1주, 평단가: 360,000원
2026-06-04 11:17:57,493 - INFO - 미실현 손익: -8,500원 (-2.36%), 최고 수익률: 0.00%
2026-06-04 11:17:57,505 - INFO - 매도 조건 충족: 평단가(360,000), 현재가(351,500) -> 목표가(362,500원) (보수적 상향 보정)
2026-06-04 11:17:57,506 - INFO - [SELL] 주문 요청: 005930, 1주, 362500원
2026-06-04 11:17:57,619 - INFO - 주문 성공! 주문번호: 0000019346
2026-06-04 11:17:57,640 - INFO - 60초 후 다음 확인을 진행합니다. (현재 상태: SELLING)
2026-06-04 11:18:57,953 - INFO - [005930] 현재가: 351500, 고가: 366000, 저가: 348000
2026-06-04 11:18:57,953 - WARNING - ⚠️ 주문 고착 감지: 가격 이탈 (현재가:351,500, 목표가:362,500, 차이:11,000). 주문 취소를 시도합니다.
2026-06-04 11:18:57,953 - INFO - [CANCEL] 주문 취소 요청: 005930, 주문번호: 0000019346
2026-06-04 11:18:58,484 - INFO - 주문 취소 성공! (원주문: 0000019346)
2026-06-04 11:18:58,502 - INFO - 상태 전환 완료: HOLDING
2026-06-04 11:19:04,866 - INFO - 계좌 예수금: 9934495원
2026-06-04 11:19:04,866 - INFO - [005930] 보유: 1주, 매도 가능: 1주, 평단가: 360,000원
2026-06-04 11:19:04,871 - INFO - 미실현 손익: -8,500원 (-2.36%), 최고 수익률: 0.00%
2026-06-04 11:19:04,886 - INFO - 자가 최적화 기록 완료: C:\Users\witpo\OneDrive\바탕 화면\YONSEI\26-1\ECO4126 인공지능과금융공학\open-trading-api\self_optimization_history
2026-06-04 11:19:04,887 - INFO - 매도 조건 충족: 평단가(360,000), 현재가(351,500) -> 목표가(362,500원) (보수적 상향 보정)
2026-06-04 11:19:04,887 - INFO - [SELL] 주문 요청: 005930, 1주, 362500원
2026-06-04 11:19:05,001 - INFO - 주문 성공! 주문번호: 0000019430
2026-06-04 11:19:05,026 - INFO - 60초 후 다음 확인을 진행합니다. (현재 상태: SELLING)
2026-06-04 11:20:10,167 - INFO - [005930] 현재가: 352500, 고가: 366000, 저가: 348000
2026-06-04 11:20:10,168 - WARNING - ⚠️ 주문 고착 감지: 가격 이탈 (현재가:352,500, 목표가:362,500, 차이:10,000). 주문 취소를 시도합니다.
2026-06-04 11:20:10,168 - INFO - [CANCEL] 주문 취소 요청: 005930, 주문번호: 0000019430
2026-06-04 11:20:15,752 - INFO - 주문 취소 성공! (원주문: 0000019430)
2026-06-04 11:20:15,771 - INFO - 상태 전환 완료: HOLDING
2026-06-04 11:20:26,538 - INFO - 계좌 예수금: 9934495원
2026-06-04 11:20:26,539 - INFO - [005930] 보유: 1주, 매도 가능: 1주, 평단가: 360,000원
2026-06-04 11:20:26,543 - INFO - 미실현 손익: -7,500원 (-2.08%), 최고 수익률: 0.00%
2026-06-04 11:20:26,556 - INFO - 매도 조건 충족: 평단가(360,000), 현재가(352,500) -> 목표가(363,000원) (보수적 상향 보정)
2026-06-04 11:20:26,556 - INFO - [SELL] 주문 요청: 005930, 1주, 363000원
2026-06-04 11:20:32,559 - INFO - 주문 성공! 주문번호: 0000019570
2026-06-04 11:20:32,578 - INFO - 60초 후 다음 확인을 진행합니다. (현재 상태: SELLING)
2026-06-04 11:21:34,978 - INFO - [005930] 현재가: 353000, 고가: 366000, 저가: 348000
2026-06-04 11:21:34,978 - WARNING - ⚠️ 주문 고착 감지: 가격 이탈 (현재가:353,000, 목표가:363,000, 차이:10,000). 주문 취소를 시도합니다.
2026-06-04 11:21:34,979 - INFO - [CANCEL] 주문 취소 요청: 005930, 주문번호: 0000019570
2026-06-04 11:21:37,295 - INFO - 주문 취소 성공! (원주문: 0000019570)
2026-06-04 11:21:37,315 - INFO - 상태 전환 완료: HOLDING
2026-06-04 11:21:44,046 - INFO - 계좌 예수금: 9934495원
2026-06-04 11:21:44,046 - INFO - [005930] 보유: 1주, 매도 가능: 1주, 평단가: 360,000원
2026-06-04 11:21:44,051 - INFO - 미실현 손익: -7,000원 (-1.94%), 최고 수익률: 0.00%
2026-06-04 11:21:44,064 - INFO - 매도 조건 충족: 평단가(360,000), 현재가(353,000) -> 목표가(363,000원) (보수적 상향 보정)
2026-06-04 11:21:44,064 - INFO - [SELL] 주문 요청: 005930, 1주, 363000원
2026-06-04 11:21:46,211 - INFO - 주문 성공! 주문번호: 0000019671
2026-06-04 11:21:46,230 - INFO - 60초 후 다음 확인을 진행합니다. (현재 상태: SELLING)
2026-06-04 11:22:48,000 - INFO - [005930] 현재가: 354000, 고가: 366000, 저가: 348000
2026-06-04 11:22:48,000 - WARNING - ⚠️ 주문 고착 감지: 가격 이탈 (현재가:354,000, 목표가:363,000, 차이:9,000). 주문 취소를 시도합니다.
2026-06-04 11:22:48,000 - INFO - [CANCEL] 주문 취소 요청: 005930, 주문번호: 0000019671
2026-06-04 11:22:48,203 - INFO - 주문 취소 성공! (원주문: 0000019671)
2026-06-04 11:22:48,222 - INFO - 상태 전환 완료: HOLDING
2026-06-04 11:22:52,269 - INFO - 계좌 예수금: 9934495원
2026-06-04 11:22:52,269 - INFO - [005930] 보유: 1주, 매도 가능: 1주, 평단가: 360,000원
2026-06-04 11:22:52,274 - INFO - 미실현 손익: -6,000원 (-1.67%), 최고 수익률: 0.00%
2026-06-04 11:22:52,290 - INFO - 매도 조건 충족: 평단가(360,000), 현재가(354,000) -> 목표가(363,000원) (보수적 상향 보정)
2026-06-04 11:22:52,290 - INFO - [SELL] 주문 요청: 005930, 1주, 363000원
2026-06-04 11:22:54,083 - INFO - 주문 성공! 주문번호: 0000019735
2026-06-04 11:22:54,098 - INFO - 60초 후 다음 확인을 진행합니다. (현재 상태: SELLING)
2026-06-04 11:23:54,901 - INFO - [005930] 현재가: 353500, 고가: 366000, 저가: 348000
2026-06-04 11:23:54,901 - WARNING - ⚠️ 주문 고착 감지: 가격 이탈 (현재가:353,500, 목표가:363,000, 차이:9,500). 주문 취소를 시도합니다.
2026-06-04 11:23:54,902 - INFO - [CANCEL] 주문 취소 요청: 005930, 주문번호: 0000019735
2026-06-04 11:23:56,953 - INFO - 주문 취소 성공! (원주문: 0000019735)
2026-06-04 11:23:56,971 - INFO - 상태 전환 완료: HOLDING
2026-06-04 11:24:02,257 - INFO - 계좌 예수금: 9934495원
2026-06-04 11:24:02,257 - INFO - [005930] 보유: 1주, 매도 가능: 1주, 평단가: 360,000원
2026-06-04 11:24:02,263 - INFO - 미실현 손익: -6,500원 (-1.81%), 최고 수익률: 0.00%
2026-06-04 11:24:02,276 - INFO - 매도 조건 충족: 평단가(360,000), 현재가(353,500) -> 목표가(363,000원) (보수적 상향 보정)
2026-06-04 11:24:02,276 - INFO - [SELL] 주문 요청: 005930, 1주, 363000원
2026-06-04 11:24:04,066 - INFO - 주문 성공! 주문번호: 0000019805
2026-06-04 11:24:04,084 - INFO - 60초 후 다음 확인을 진행합니다. (현재 상태: SELLING)
2026-06-04 11:25:08,036 - INFO - [005930] 현재가: 353500, 고가: 366000, 저가: 348000
2026-06-04 11:25:08,037 - WARNING - ⚠️ 주문 고착 감지: 가격 이탈 (현재가:353,500, 목표가:363,000, 차이:9,500). 주문 취소를 시도합니다.
2026-06-04 11:25:08,037 - INFO - [CANCEL] 주문 취소 요청: 005930, 주문번호: 0000019805
2026-06-04 11:25:12,003 - INFO - 주문 취소 성공! (원주문: 0000019805)
2026-06-04 11:25:12,021 - INFO - 상태 전환 완료: HOLDING
2026-06-04 11:25:20,534 - INFO - 계좌 예수금: 9934495원
2026-06-04 11:25:20,534 - INFO - [005930] 보유: 1주, 매도 가능: 1주, 평단가: 360,000원
2026-06-04 11:25:20,538 - INFO - 미실현 손익: -6,500원 (-1.81%), 최고 수익률: 0.00%
2026-06-04 11:25:20,554 - INFO - 매도 조건 충족: 평단가(360,000), 현재가(353,500) -> 목표가(363,000원) (보수적 상향 보정)
2026-06-04 11:25:20,554 - INFO - [SELL] 주문 요청: 005930, 1주, 363000원
2026-06-04 11:25:23,934 - INFO - 주문 성공! 주문번호: 0000019890
2026-06-04 11:25:23,954 - INFO - 60초 후 다음 확인을 진행합니다. (현재 상태: SELLING)
2026-06-04 11:26:26,016 - INFO - [005930] 현재가: 353500, 고가: 366000, 저가: 348000
2026-06-04 11:26:26,016 - WARNING - ⚠️ 주문 고착 감지: 가격 이탈 (현재가:353,500, 목표가:363,000, 차이:9,500). 주문 취소를 시도합니다.
2026-06-04 11:26:26,016 - INFO - [CANCEL] 주문 취소 요청: 005930, 주문번호: 0000019890
2026-06-04 11:26:26,844 - INFO - 주문 취소 성공! (원주문: 0000019890)
2026-06-04 11:26:26,868 - INFO - 상태 전환 완료: HOLDING
2026-06-04 11:26:32,896 - INFO - 계좌 예수금: 9934495원
2026-06-04 11:26:32,896 - INFO - [005930] 보유: 1주, 매도 가능: 1주, 평단가: 360,000원
2026-06-04 11:26:32,900 - INFO - 미실현 손익: -6,500원 (-1.81%), 최고 수익률: 0.00%
2026-06-04 11:26:32,913 - INFO - 매도 조건 충족: 평단가(360,000), 현재가(353,500) -> 목표가(363,000원) (보수적 상향 보정)
2026-06-04 11:26:32,913 - INFO - [SELL] 주문 요청: 005930, 1주, 363000원
2026-06-04 11:26:35,814 - INFO - 주문 성공! 주문번호: 0000019991
2026-06-04 11:26:35,833 - INFO - 60초 후 다음 확인을 진행합니다. (현재 상태: SELLING)
2026-06-04 11:27:35,923 - INFO - [005930] 현재가: 353500, 고가: 366000, 저가: 348000
2026-06-04 11:27:35,923 - WARNING - ⚠️ 주문 고착 감지: 가격 이탈 (현재가:353,500, 목표가:363,000, 차이:9,500). 주문 취소를 시도합니다.
2026-06-04 11:27:35,923 - INFO - [CANCEL] 주문 취소 요청: 005930, 주문번호: 0000019991
2026-06-04 11:27:41,675 - INFO - 주문 취소 성공! (원주문: 0000019991)
2026-06-04 11:27:41,693 - INFO - 상태 전환 완료: HOLDING
2026-06-04 11:27:46,261 - INFO - 계좌 예수금: 9934495원
2026-06-04 11:27:46,261 - INFO - [005930] 보유: 1주, 매도 가능: 1주, 평단가: 360,000원
2026-06-04 11:27:46,265 - INFO - 미실현 손익: -6,500원 (-1.81%), 최고 수익률: 0.00%
2026-06-04 11:27:46,278 - INFO - 매도 조건 충족: 평단가(360,000), 현재가(353,500) -> 목표가(363,000원) (보수적 상향 보정)
2026-06-04 11:27:46,278 - INFO - [SELL] 주문 요청: 005930, 1주, 363000원
2026-06-04 11:27:46,394 - INFO - 주문 성공! 주문번호: 0000020045
2026-06-04 11:27:46,409 - INFO - 60초 후 다음 확인을 진행합니다. (현재 상태: SELLING)
2026-06-04 11:28:47,648 - INFO - [005930] 현재가: 354000, 고가: 366000, 저가: 348000
2026-06-04 11:28:47,649 - WARNING - ⚠️ 주문 고착 감지: 가격 이탈 (현재가:354,000, 목표가:363,000, 차이:9,000). 주문 취소를 시도합니다.
2026-06-04 11:28:47,649 - INFO - [CANCEL] 주문 취소 요청: 005930, 주문번호: 0000020045
2026-06-04 11:28:48,922 - INFO - 주문 취소 성공! (원주문: 0000020045)
2026-06-04 11:28:48,940 - INFO - 상태 전환 완료: HOLDING
2026-06-04 11:28:55,230 - INFO - 계좌 예수금: 9934495원
2026-06-04 11:28:55,230 - INFO - [005930] 보유: 1주, 매도 가능: 1주, 평단가: 360,000원
2026-06-04 11:28:55,240 - INFO - 미실현 손익: -6,000원 (-1.67%), 최고 수익률: 0.00%
2026-06-04 11:28:55,253 - INFO - 매도 조건 충족: 평단가(360,000), 현재가(354,000) -> 목표가(363,000원) (보수적 상향 보정)
2026-06-04 11:28:55,253 - INFO - [SELL] 주문 요청: 005930, 1주, 363000원
2026-06-04 11:28:57,231 - INFO - 주문 성공! 주문번호: 0000020121
2026-06-04 11:28:57,248 - INFO - 60초 후 다음 확인을 진행합니다. (현재 상태: SELLING)
2026-06-04 11:29:57,405 - INFO - [005930] 현재가: 354250, 고가: 366000, 저가: 348000
2026-06-04 11:29:57,406 - WARNING - ⚠️ 주문 고착 감지: 가격 이탈 (현재가:354,250, 목표가:363,000, 차이:8,750). 주문 취소를 시도합니다.
2026-06-04 11:29:57,406 - INFO - [CANCEL] 주문 취소 요청: 005930, 주문번호: 0000020121
2026-06-04 11:29:58,646 - INFO - 주문 취소 성공! (원주문: 0000020121)
2026-06-04 11:29:58,661 - INFO - 상태 전환 완료: HOLDING
2026-06-04 11:30:04,636 - INFO - 계좌 예수금: 9934495원
2026-06-04 11:30:04,636 - INFO - [005930] 보유: 1주, 매도 가능: 1주, 평단가: 360,000원
2026-06-04 11:30:04,640 - INFO - 미실현 손익: -5,750원 (-1.60%), 최고 수익률: 0.00%
2026-06-04 11:30:04,654 - INFO - 매도 조건 충족: 평단가(360,000), 현재가(354,250) -> 목표가(363,000원) (보수적 상향 보정)
2026-06-04 11:30:04,654 - INFO - [SELL] 주문 요청: 005930, 1주, 363000원
2026-06-04 11:30:09,500 - INFO - 주문 성공! 주문번호: 0000020228
2026-06-04 11:30:09,517 - INFO - 60초 후 다음 확인을 진행합니다. (현재 상태: SELLING)
2026-06-04 11:31:12,117 - INFO - [005930] 현재가: 354000, 고가: 366000, 저가: 348000
2026-06-04 11:31:12,118 - WARNING - ⚠️ 주문 고착 감지: 가격 이탈 (현재가:354,000, 목표가:363,000, 차이:9,000). 주문 취소를 시도합니다.
2026-06-04 11:31:12,118 - INFO - [CANCEL] 주문 취소 요청: 005930, 주문번호: 0000020228
2026-06-04 11:31:19,367 - INFO - 주문 취소 성공! (원주문: 0000020228)
2026-06-04 11:31:19,389 - INFO - 상태 전환 완료: HOLDING
2026-06-04 11:31:27,676 - INFO - 계좌 예수금: 9934495원
2026-06-04 11:31:27,676 - INFO - [005930] 보유: 1주, 매도 가능: 1주, 평단가: 360,000원
2026-06-04 11:31:27,680 - INFO - 미실현 손익: -6,000원 (-1.67%), 최고 수익률: 0.00%
2026-06-04 11:31:27,692 - INFO - 매도 조건 충족: 평단가(360,000), 현재가(354,000) -> 목표가(363,000원) (보수적 상향 보정)
2026-06-04 11:31:27,693 - INFO - [SELL] 주문 요청: 005930, 1주, 363000원
2026-06-04 11:31:32,801 - INFO - 주문 성공! 주문번호: 0000020323
2026-06-04 11:31:32,820 - INFO - 60초 후 다음 확인을 진행합니다. (현재 상태: SELLING)
2026-06-04 11:32:35,086 - INFO - [005930] 현재가: 354500, 고가: 366000, 저가: 348000
2026-06-04 11:32:35,087 - WARNING - ⚠️ 주문 고착 감지: 가격 이탈 (현재가:354,500, 목표가:363,000, 차이:8,500). 주문 취소를 시도합니다.
2026-06-04 11:32:35,087 - INFO - [CANCEL] 주문 취소 요청: 005930, 주문번호: 0000020323
2026-06-04 11:32:37,740 - INFO - 주문 취소 성공! (원주문: 0000020323)
2026-06-04 11:32:37,761 - INFO - 상태 전환 완료: HOLDING
2026-06-04 11:32:43,496 - INFO - 계좌 예수금: 9934495원
2026-06-04 11:32:43,496 - INFO - [005930] 보유: 1주, 매도 가능: 1주, 평단가: 360,000원
2026-06-04 11:32:43,499 - INFO - 미실현 손익: -5,500원 (-1.53%), 최고 수익률: 0.00%
2026-06-04 11:32:43,512 - INFO - 매도 조건 충족: 평단가(360,000), 현재가(354,500) -> 목표가(363,000원) (보수적 상향 보정)
2026-06-04 11:32:43,512 - INFO - [SELL] 주문 요청: 005930, 1주, 363000원
2026-06-04 11:32:43,623 - INFO - 주문 성공! 주문번호: 0000020429
2026-06-04 11:32:43,638 - INFO - 60초 후 다음 확인을 진행합니다. (현재 상태: SELLING)
2026-06-04 11:33:45,504 - INFO - [005930] 현재가: 354500, 고가: 366000, 저가: 348000
2026-06-04 11:33:45,505 - WARNING - ⚠️ 주문 고착 감지: 가격 이탈 (현재가:354,500, 목표가:363,000, 차이:8,500). 주문 취소를 시도합니다.
2026-06-04 11:33:45,505 - INFO - [CANCEL] 주문 취소 요청: 005930, 주문번호: 0000020429
2026-06-04 11:33:45,631 - INFO - 주문 취소 성공! (원주문: 0000020429)
2026-06-04 11:33:45,646 - INFO - 상태 전환 완료: HOLDING
2026-06-04 11:33:49,582 - INFO - 계좌 예수금: 9934495원
2026-06-04 11:33:49,583 - INFO - [005930] 보유: 1주, 매도 가능: 1주, 평단가: 360,000원
2026-06-04 11:33:49,587 - INFO - 미실현 손익: -5,500원 (-1.53%), 최고 수익률: 0.00%
2026-06-04 11:33:49,601 - INFO - 매도 조건 충족: 평단가(360,000), 현재가(354,500) -> 목표가(363,000원) (보수적 상향 보정)
2026-06-04 11:33:49,601 - INFO - [SELL] 주문 요청: 005930, 1주, 363000원
2026-06-04 11:33:49,707 - INFO - 주문 성공! 주문번호: 0000020507
2026-06-04 11:33:49,724 - INFO - 60초 후 다음 확인을 진행합니다. (현재 상태: SELLING)
2026-06-04 11:34:50,305 - INFO - [005930] 현재가: 354000, 고가: 366000, 저가: 348000
2026-06-04 11:34:50,306 - WARNING - ⚠️ 주문 고착 감지: 가격 이탈 (현재가:354,000, 목표가:363,000, 차이:9,000). 주문 취소를 시도합니다.
2026-06-04 11:34:50,306 - INFO - [CANCEL] 주문 취소 요청: 005930, 주문번호: 0000020507
2026-06-04 11:34:51,060 - INFO - 주문 취소 성공! (원주문: 0000020507)
2026-06-04 11:34:51,082 - INFO - 상태 전환 완료: HOLDING
2026-06-04 11:34:56,843 - INFO - 계좌 예수금: 9934495원
2026-06-04 11:34:56,843 - INFO - [005930] 보유: 1주, 매도 가능: 1주, 평단가: 360,000원
2026-06-04 11:34:56,850 - INFO - 미실현 손익: -6,000원 (-1.67%), 최고 수익률: 0.00%
2026-06-04 11:34:56,875 - INFO - 매도 조건 충족: 평단가(360,000), 현재가(354,000) -> 목표가(363,000원) (보수적 상향 보정)
2026-06-04 11:34:56,876 - INFO - [SELL] 주문 요청: 005930, 1주, 363000원
2026-06-04 11:34:57,165 - INFO - 주문 성공! 주문번호: 0000020583
2026-06-04 11:34:57,183 - INFO - 60초 후 다음 확인을 진행합니다. (현재 상태: SELLING)
2026-06-04 11:35:57,268 - INFO - [005930] 현재가: 353500, 고가: 366000, 저가: 348000
2026-06-04 11:35:57,268 - WARNING - ⚠️ 주문 고착 감지: 가격 이탈 (현재가:353,500, 목표가:363,000, 차이:9,500). 주문 취소를 시도합니다.
2026-06-04 11:35:57,268 - INFO - [CANCEL] 주문 취소 요청: 005930, 주문번호: 0000020583
2026-06-04 11:36:01,643 - INFO - 주문 취소 성공! (원주문: 0000020583)
2026-06-04 11:36:01,664 - INFO - 상태 전환 완료: HOLDING
2026-06-04 11:36:12,280 - INFO - 계좌 예수금: 9934495원
2026-06-04 11:36:12,280 - INFO - [005930] 보유: 1주, 매도 가능: 1주, 평단가: 360,000원
2026-06-04 11:36:12,285 - INFO - 미실현 손익: -6,500원 (-1.81%), 최고 수익률: 0.00%
2026-06-04 11:36:12,299 - INFO - 매도 조건 충족: 평단가(360,000), 현재가(353,500) -> 목표가(363,000원) (보수적 상향 보정)
2026-06-04 11:36:12,299 - INFO - [SELL] 주문 요청: 005930, 1주, 363000원
2026-06-04 11:36:18,857 - INFO - 주문 성공! 주문번호: 0000020667
2026-06-04 11:36:18,875 - INFO - 60초 후 다음 확인을 진행합니다. (현재 상태: SELLING)
2026-06-04 11:37:19,720 - INFO - [005930] 현재가: 353250, 고가: 366000, 저가: 348000
2026-06-04 11:37:19,720 - WARNING - ⚠️ 주문 고착 감지: 가격 이탈 (현재가:353,250, 목표가:363,000, 차이:9,750). 주문 취소를 시도합니다.
2026-06-04 11:37:19,720 - INFO - [CANCEL] 주문 취소 요청: 005930, 주문번호: 0000020667
2026-06-04 11:37:20,138 - ERROR - POST 요청 실패 (VTTC0013U): 500 Server Error: Internal Server Error for url: https://openapivts.koreainvestment.com:29443/uapi/domestic-stock/v1/trading/order-rvsecncl
2026-06-04 11:37:20,138 - ERROR - 상세 에러: {"rt_cd":"1","msg1":"초당 거래건수를 초과하였습니다.","msg_cd":"EGW00201","message":"EGW00201"}
2026-06-04 11:37:20,141 - ERROR - 주문 취소 실패: 응답 없음
2026-06-04 11:37:20,141 - ERROR - 주문 취소 실패. 다음 루프에서 재시도합니다.
2026-06-04 11:37:26,930 - INFO - 계좌 예수금: 9934495원
2026-06-04 11:37:26,931 - INFO - [005930] 보유: 1주, 매도 가능: 0주, 평단가: 360,000원
2026-06-04 11:37:26,936 - INFO - 미실현 손익: -6,750원 (-1.88%), 최고 수익률: 0.00%
2026-06-04 11:37:26,948 - INFO - 보유 수량(1)에 대해 매도 주문(0000020667)이 진행 중입니다.
2026-06-04 11:37:26,948 - INFO - 60초 후 다음 확인을 진행합니다. (현재 상태: SELLING)
2026-06-04 11:38:30,104 - INFO - [005930] 현재가: 353500, 고가: 366000, 저가: 348000
2026-06-04 11:38:30,105 - WARNING - ⚠️ 주문 고착 감지: 가격 이탈 (현재가:353,500, 목표가:363,000, 차이:9,500). 주문 취소를 시도합니다.
2026-06-04 11:38:30,105 - INFO - [CANCEL] 주문 취소 요청: 005930, 주문번호: 0000020667
2026-06-04 11:38:30,219 - INFO - 주문 취소 성공! (원주문: 0000020667)
2026-06-04 11:38:30,236 - INFO - 상태 전환 완료: HOLDING
2026-06-04 11:38:35,894 - INFO - 계좌 예수금: 9934495원
2026-06-04 11:38:35,895 - INFO - [005930] 보유: 1주, 매도 가능: 1주, 평단가: 360,000원
2026-06-04 11:38:35,899 - INFO - 미실현 손익: -6,500원 (-1.81%), 최고 수익률: 0.00%
2026-06-04 11:38:35,913 - INFO - 매도 조건 충족: 평단가(360,000), 현재가(353,500) -> 목표가(363,000원) (보수적 상향 보정)
2026-06-04 11:38:35,913 - INFO - [SELL] 주문 요청: 005930, 1주, 363000원
2026-06-04 11:38:36,014 - INFO - 주문 성공! 주문번호: 0000020839
2026-06-04 11:38:36,029 - INFO - 60초 후 다음 확인을 진행합니다. (현재 상태: SELLING)
2026-06-04 11:39:36,120 - INFO - [005930] 현재가: 354500, 고가: 366000, 저가: 348000
2026-06-04 11:39:36,121 - WARNING - ⚠️ 주문 고착 감지: 가격 이탈 (현재가:354,500, 목표가:363,000, 차이:8,500). 주문 취소를 시도합니다.
2026-06-04 11:39:36,121 - INFO - [CANCEL] 주문 취소 요청: 005930, 주문번호: 0000020839
2026-06-04 11:39:39,053 - INFO - 주문 취소 성공! (원주문: 0000020839)
2026-06-04 11:39:39,069 - INFO - 상태 전환 완료: HOLDING
2026-06-04 11:39:46,094 - INFO - 계좌 예수금: 9934495원
2026-06-04 11:39:46,094 - INFO - [005930] 보유: 1주, 매도 가능: 1주, 평단가: 360,000원
2026-06-04 11:39:46,100 - INFO - 미실현 손익: -5,500원 (-1.53%), 최고 수익률: 0.00%
2026-06-04 11:39:46,119 - INFO - 자가 최적화 기록 완료: C:\Users\witpo\OneDrive\바탕 화면\YONSEI\26-1\ECO4126 인공지능과금융공학\open-trading-api\self_optimization_history
2026-06-04 11:39:46,119 - INFO - 매도 조건 충족: 평단가(360,000), 현재가(354,500) -> 목표가(363,000원) (보수적 상향 보정)
2026-06-04 11:39:46,120 - INFO - [SELL] 주문 요청: 005930, 1주, 363000원
2026-06-04 11:39:47,733 - INFO - 주문 성공! 주문번호: 0000020899
2026-06-04 11:39:47,760 - INFO - 60초 후 다음 확인을 진행합니다. (현재 상태: SELLING)
2026-06-04 11:40:50,895 - INFO - [005930] 현재가: 354000, 고가: 366000, 저가: 348000
2026-06-04 11:40:50,896 - WARNING - ⚠️ 주문 고착 감지: 가격 이탈 (현재가:354,000, 목표가:363,000, 차이:9,000). 주문 취소를 시도합니다.
2026-06-04 11:40:50,896 - INFO - [CANCEL] 주문 취소 요청: 005930, 주문번호: 0000020899
2026-06-04 11:40:52,616 - INFO - 주문 취소 성공! (원주문: 0000020899)
2026-06-04 11:40:52,632 - INFO - 상태 전환 완료: HOLDING
2026-06-04 11:40:59,556 - INFO - 계좌 예수금: 9934495원
2026-06-04 11:40:59,556 - INFO - [005930] 보유: 1주, 매도 가능: 1주, 평단가: 360,000원
2026-06-04 11:40:59,561 - INFO - 미실현 손익: -6,000원 (-1.67%), 최고 수익률: 0.00%
2026-06-04 11:40:59,574 - INFO - 매도 조건 충족: 평단가(360,000), 현재가(354,000) -> 목표가(362,500원) (보수적 상향 보정)
2026-06-04 11:40:59,575 - INFO - [SELL] 주문 요청: 005930, 1주, 362500원
2026-06-04 11:41:01,213 - INFO - 주문 성공! 주문번호: 0000020966
2026-06-04 11:41:01,231 - INFO - 60초 후 다음 확인을 진행합니다. (현재 상태: SELLING)
2026-06-04 11:42:01,327 - INFO - [005930] 현재가: 354500, 고가: 366000, 저가: 348000
2026-06-04 11:42:01,328 - WARNING - ⚠️ 주문 고착 감지: 가격 이탈 (현재가:354,500, 목표가:362,500, 차이:8,000). 주문 취소를 시도합니다.
2026-06-04 11:42:01,328 - INFO - [CANCEL] 주문 취소 요청: 005930, 주문번호: 0000020966
2026-06-04 11:42:02,102 - INFO - 주문 취소 성공! (원주문: 0000020966)
2026-06-04 11:42:02,123 - INFO - 상태 전환 완료: HOLDING
2026-06-04 11:42:06,750 - INFO - 계좌 예수금: 9934495원
2026-06-04 11:42:06,751 - INFO - [005930] 보유: 1주, 매도 가능: 1주, 평단가: 360,000원
2026-06-04 11:42:06,757 - INFO - 미실현 손익: -5,500원 (-1.53%), 최고 수익률: 0.00%
2026-06-04 11:42:06,770 - INFO - 매도 조건 충족: 평단가(360,000), 현재가(354,500) -> 목표가(362,500원) (보수적 상향 보정)
2026-06-04 11:42:06,770 - INFO - [SELL] 주문 요청: 005930, 1주, 362500원
2026-06-04 11:42:07,106 - INFO - 주문 성공! 주문번호: 0000021036
2026-06-04 11:42:07,125 - INFO - 60초 후 다음 확인을 진행합니다. (현재 상태: SELLING)
2026-06-04 11:43:07,204 - INFO - [005930] 현재가: 354500, 고가: 366000, 저가: 348000
2026-06-04 11:43:07,205 - WARNING - ⚠️ 주문 고착 감지: 가격 이탈 (현재가:354,500, 목표가:362,500, 차이:8,000). 주문 취소를 시도합니다.
2026-06-04 11:43:07,205 - INFO - [CANCEL] 주문 취소 요청: 005930, 주문번호: 0000021036
2026-06-04 11:43:07,748 - INFO - 주문 취소 성공! (원주문: 0000021036)
2026-06-04 11:43:07,766 - INFO - 상태 전환 완료: HOLDING
2026-06-04 11:43:18,224 - INFO - 계좌 예수금: 9934495원
2026-06-04 11:43:18,225 - INFO - [005930] 보유: 1주, 매도 가능: 1주, 평단가: 360,000원
2026-06-04 11:43:18,230 - INFO - 미실현 손익: -5,500원 (-1.53%), 최고 수익률: 0.00%
2026-06-04 11:43:18,244 - INFO - 매도 조건 충족: 평단가(360,000), 현재가(354,500) -> 목표가(362,500원) (보수적 상향 보정)
2026-06-04 11:43:18,244 - INFO - [SELL] 주문 요청: 005930, 1주, 362500원
2026-06-04 11:43:22,419 - INFO - 주문 성공! 주문번호: 0000021083
2026-06-04 11:43:22,437 - INFO - 60초 후 다음 확인을 진행합니다. (현재 상태: SELLING)
2026-06-04 11:44:26,162 - INFO - [005930] 현재가: 355000, 고가: 366000, 저가: 348000
2026-06-04 11:44:26,162 - WARNING - ⚠️ 주문 고착 감지: 가격 이탈 (현재가:355,000, 목표가:362,500, 차이:7,500). 주문 취소를 시도합니다.
2026-06-04 11:44:26,162 - INFO - [CANCEL] 주문 취소 요청: 005930, 주문번호: 0000021083
2026-06-04 11:44:26,273 - INFO - 주문 취소 성공! (원주문: 0000021083)
2026-06-04 11:44:26,290 - INFO - 상태 전환 완료: HOLDING
2026-06-04 11:44:28,435 - INFO - 계좌 예수금: 9934495원
2026-06-04 11:44:28,435 - INFO - [005930] 보유: 1주, 매도 가능: 1주, 평단가: 360,000원
2026-06-04 11:44:28,438 - INFO - 미실현 손익: -5,000원 (-1.39%), 최고 수익률: 0.00%
2026-06-04 11:44:28,450 - INFO - 매도 조건 충족: 평단가(360,000), 현재가(355,000) -> 목표가(362,500원) (보수적 상향 보정)
2026-06-04 11:44:28,450 - INFO - [SELL] 주문 요청: 005930, 1주, 362500원
2026-06-04 11:44:28,566 - INFO - 주문 성공! 주문번호: 0000021147
2026-06-04 11:44:28,582 - INFO - 60초 후 다음 확인을 진행합니다. (현재 상태: SELLING)
2026-06-04 11:45:33,422 - INFO - [005930] 현재가: 355000, 고가: 366000, 저가: 348000
2026-06-04 11:45:33,422 - WARNING - ⚠️ 주문 고착 감지: 가격 이탈 (현재가:355,000, 목표가:362,500, 차이:7,500). 주문 취소를 시도합니다.
2026-06-04 11:45:33,423 - INFO - [CANCEL] 주문 취소 요청: 005930, 주문번호: 0000021147
2026-06-04 11:45:33,541 - INFO - 주문 취소 성공! (원주문: 0000021147)
2026-06-04 11:45:33,559 - INFO - 상태 전환 완료: HOLDING
2026-06-04 11:45:37,300 - INFO - 계좌 예수금: 9934495원
2026-06-04 11:45:37,301 - INFO - [005930] 보유: 1주, 매도 가능: 1주, 평단가: 360,000원
2026-06-04 11:45:37,306 - INFO - 미실현 손익: -5,000원 (-1.39%), 최고 수익률: 0.00%
2026-06-04 11:45:37,319 - INFO - 매도 조건 충족: 평단가(360,000), 현재가(355,000) -> 목표가(362,500원) (보수적 상향 보정)
2026-06-04 11:45:37,319 - INFO - [SELL] 주문 요청: 005930, 1주, 362500원
2026-06-04 11:45:37,426 - INFO - 주문 성공! 주문번호: 0000021213
2026-06-04 11:45:37,443 - INFO - 60초 후 다음 확인을 진행합니다. (현재 상태: SELLING)
2026-06-04 11:46:41,813 - INFO - [005930] 현재가: 355000, 고가: 366000, 저가: 348000
2026-06-04 11:46:41,813 - WARNING - ⚠️ 주문 고착 감지: 가격 이탈 (현재가:355,000, 목표가:362,500, 차이:7,500). 주문 취소를 시도합니다.
2026-06-04 11:46:41,814 - INFO - [CANCEL] 주문 취소 요청: 005930, 주문번호: 0000021213
2026-06-04 11:46:46,815 - INFO - 주문 취소 성공! (원주문: 0000021213)
2026-06-04 11:46:46,836 - INFO - 상태 전환 완료: HOLDING
2026-06-04 11:46:55,867 - INFO - 계좌 예수금: 9934495원
2026-06-04 11:46:55,868 - INFO - [005930] 보유: 1주, 매도 가능: 1주, 평단가: 360,000원
2026-06-04 11:46:55,873 - INFO - 미실현 손익: -5,000원 (-1.39%), 최고 수익률: 0.00%
2026-06-04 11:46:55,888 - INFO - 매도 조건 충족: 평단가(360,000), 현재가(355,000) -> 목표가(362,500원) (보수적 상향 보정)
2026-06-04 11:46:55,888 - INFO - [SELL] 주문 요청: 005930, 1주, 362500원
2026-06-04 11:47:00,069 - INFO - 주문 성공! 주문번호: 0000021278
2026-06-04 11:47:00,085 - INFO - 60초 후 다음 확인을 진행합니다. (현재 상태: SELLING)
2026-06-04 11:48:00,180 - INFO - [005930] 현재가: 355500, 고가: 366000, 저가: 348000
2026-06-04 11:48:00,181 - WARNING - ⚠️ 주문 고착 감지: 가격 이탈 (현재가:355,500, 목표가:362,500, 차이:7,000). 주문 취소를 시도합니다.
2026-06-04 11:48:00,181 - INFO - [CANCEL] 주문 취소 요청: 005930, 주문번호: 0000021278
2026-06-04 11:48:00,706 - INFO - 주문 취소 성공! (원주문: 0000021278)
2026-06-04 11:48:00,722 - INFO - 상태 전환 완료: HOLDING
2026-06-04 11:48:06,851 - INFO - 계좌 예수금: 9934495원
2026-06-04 11:48:06,852 - INFO - [005930] 보유: 1주, 매도 가능: 1주, 평단가: 360,000원
2026-06-04 11:48:06,856 - INFO - 미실현 손익: -4,500원 (-1.25%), 최고 수익률: 0.00%
2026-06-04 11:48:06,868 - INFO - 매도 조건 충족: 평단가(360,000), 현재가(355,500) -> 목표가(362,500원) (보수적 상향 보정)
2026-06-04 11:48:06,868 - INFO - [SELL] 주문 요청: 005930, 1주, 362500원
2026-06-04 11:48:07,642 - INFO - 주문 성공! 주문번호: 0000021329
2026-06-04 11:48:07,658 - INFO - 60초 후 다음 확인을 진행합니다. (현재 상태: SELLING)
2026-06-04 11:49:09,115 - INFO - [005930] 현재가: 355500, 고가: 366000, 저가: 348000
2026-06-04 11:49:09,116 - WARNING - ⚠️ 주문 고착 감지: 가격 이탈 (현재가:355,500, 목표가:362,500, 차이:7,000). 주문 취소를 시도합니다.
2026-06-04 11:49:09,116 - INFO - [CANCEL] 주문 취소 요청: 005930, 주문번호: 0000021329
2026-06-04 11:49:10,266 - INFO - 주문 취소 성공! (원주문: 0000021329)
2026-06-04 11:49:10,284 - INFO - 상태 전환 완료: HOLDING
2026-06-04 11:49:16,962 - INFO - 계좌 예수금: 9934495원
2026-06-04 11:49:16,962 - INFO - [005930] 보유: 1주, 매도 가능: 1주, 평단가: 360,000원
2026-06-04 11:49:16,966 - INFO - 미실현 손익: -4,500원 (-1.25%), 최고 수익률: 0.00%
2026-06-04 11:49:16,979 - INFO - 매도 조건 충족: 평단가(360,000), 현재가(355,500) -> 목표가(362,500원) (보수적 상향 보정)
2026-06-04 11:49:16,979 - INFO - [SELL] 주문 요청: 005930, 1주, 362500원
2026-06-04 11:49:19,199 - INFO - 주문 성공! 주문번호: 0000021417
2026-06-04 11:49:19,257 - INFO - 60초 후 다음 확인을 진행합니다. (현재 상태: SELLING)
2026-06-04 11:50:19,347 - INFO - [005930] 현재가: 355000, 고가: 366000, 저가: 348000
2026-06-04 11:50:19,348 - WARNING - ⚠️ 주문 고착 감지: 가격 이탈 (현재가:355,000, 목표가:362,500, 차이:7,500). 주문 취소를 시도합니다.
2026-06-04 11:50:19,348 - INFO - [CANCEL] 주문 취소 요청: 005930, 주문번호: 0000021417
2026-06-04 11:50:19,874 - INFO - 주문 취소 성공! (원주문: 0000021417)
2026-06-04 11:50:19,890 - INFO - 상태 전환 완료: HOLDING
2026-06-04 11:50:24,644 - INFO - 계좌 예수금: 9934495원
2026-06-04 11:50:24,645 - INFO - [005930] 보유: 1주, 매도 가능: 1주, 평단가: 360,000원
2026-06-04 11:50:24,650 - INFO - 미실현 손익: -5,000원 (-1.39%), 최고 수익률: 0.00%
2026-06-04 11:50:24,662 - INFO - 매도 조건 충족: 평단가(360,000), 현재가(355,000) -> 목표가(362,500원) (보수적 상향 보정)
2026-06-04 11:50:24,662 - INFO - [SELL] 주문 요청: 005930, 1주, 362500원
2026-06-04 11:50:30,417 - INFO - 주문 성공! 주문번호: 0000021497
2026-06-04 11:50:30,436 - INFO - 60초 후 다음 확인을 진행합니다. (현재 상태: SELLING)
2026-06-04 11:51:33,650 - INFO - [005930] 현재가: 354500, 고가: 366000, 저가: 348000
2026-06-04 11:51:33,650 - WARNING - ⚠️ 주문 고착 감지: 가격 이탈 (현재가:354,500, 목표가:362,500, 차이:8,000). 주문 취소를 시도합니다.
2026-06-04 11:51:33,651 - INFO - [CANCEL] 주문 취소 요청: 005930, 주문번호: 0000021497
2026-06-04 11:51:34,571 - INFO - 주문 취소 성공! (원주문: 0000021497)
2026-06-04 11:51:34,601 - INFO - 상태 전환 완료: HOLDING
2026-06-04 11:51:39,844 - INFO - 계좌 예수금: 9934495원
2026-06-04 11:51:39,845 - INFO - [005930] 보유: 1주, 매도 가능: 1주, 평단가: 360,000원
2026-06-04 11:51:39,853 - INFO - 미실현 손익: -5,500원 (-1.53%), 최고 수익률: 0.00%
2026-06-04 11:51:39,877 - INFO - 매도 조건 충족: 평단가(360,000), 현재가(354,500) -> 목표가(362,500원) (보수적 상향 보정)
2026-06-04 11:51:39,877 - INFO - [SELL] 주문 요청: 005930, 1주, 362500원
2026-06-04 11:51:40,035 - INFO - 주문 성공! 주문번호: 0000021590
2026-06-04 11:51:40,065 - INFO - 60초 후 다음 확인을 진행합니다. (현재 상태: SELLING)
2026-06-04 11:52:40,182 - INFO - [005930] 현재가: 354500, 고가: 366000, 저가: 348000
2026-06-04 11:52:40,183 - WARNING - ⚠️ 주문 고착 감지: 가격 이탈 (현재가:354,500, 목표가:362,500, 차이:8,000). 주문 취소를 시도합니다.
2026-06-04 11:52:40,183 - INFO - [CANCEL] 주문 취소 요청: 005930, 주문번호: 0000021590
2026-06-04 11:52:43,696 - INFO - 주문 취소 성공! (원주문: 0000021590)
2026-06-04 11:52:43,731 - INFO - 상태 전환 완료: HOLDING
2026-06-04 11:52:51,070 - INFO - 계좌 예수금: 9934495원
2026-06-04 11:52:51,071 - INFO - [005930] 보유: 1주, 매도 가능: 1주, 평단가: 360,000원
2026-06-04 11:52:51,079 - INFO - 미실현 손익: -5,500원 (-1.53%), 최고 수익률: 0.00%
2026-06-04 11:52:51,108 - INFO - 매도 조건 충족: 평단가(360,000), 현재가(354,500) -> 목표가(362,500원) (보수적 상향 보정)
2026-06-04 11:52:51,109 - INFO - [SELL] 주문 요청: 005930, 1주, 362500원
2026-06-04 11:52:51,240 - INFO - 주문 성공! 주문번호: 0000021689
2026-06-04 11:52:51,279 - INFO - 60초 후 다음 확인을 진행합니다. (현재 상태: SELLING)
2026-06-04 11:53:51,394 - INFO - [005930] 현재가: 354000, 고가: 366000, 저가: 348000
2026-06-04 11:53:51,394 - WARNING - ⚠️ 주문 고착 감지: 가격 이탈 (현재가:354,000, 목표가:362,500, 차이:8,500). 주문 취소를 시도합니다.
2026-06-04 11:53:51,394 - INFO - [CANCEL] 주문 취소 요청: 005930, 주문번호: 0000021689
2026-06-04 11:53:51,918 - INFO - 주문 취소 성공! (원주문: 0000021689)
2026-06-04 11:53:51,954 - INFO - 상태 전환 완료: HOLDING
2026-06-04 11:53:56,096 - INFO - 계좌 예수금: 9934495원
2026-06-04 11:53:56,096 - INFO - [005930] 보유: 1주, 매도 가능: 1주, 평단가: 360,000원
2026-06-04 11:53:56,105 - INFO - 미실현 손익: -6,000원 (-1.67%), 최고 수익률: 0.00%
2026-06-04 11:53:56,131 - INFO - 매도 조건 충족: 평단가(360,000), 현재가(354,000) -> 목표가(362,500원) (보수적 상향 보정)
2026-06-04 11:53:56,131 - INFO - [SELL] 주문 요청: 005930, 1주, 362500원
2026-06-04 11:53:57,118 - INFO - 주문 성공! 주문번호: 0000021751
2026-06-04 11:53:57,160 - INFO - 60초 후 다음 확인을 진행합니다. (현재 상태: SELLING)
2026-06-04 11:54:58,565 - INFO - [005930] 현재가: 354500, 고가: 366000, 저가: 348000
2026-06-04 11:54:58,566 - WARNING - ⚠️ 주문 고착 감지: 가격 이탈 (현재가:354,500, 목표가:362,500, 차이:8,000). 주문 취소를 시도합니다.
2026-06-04 11:54:58,566 - INFO - [CANCEL] 주문 취소 요청: 005930, 주문번호: 0000021751
2026-06-04 11:55:00,408 - INFO - 주문 취소 성공! (원주문: 0000021751)
2026-06-04 11:55:00,444 - INFO - 상태 전환 완료: HOLDING
2026-06-04 11:55:08,395 - INFO - 계좌 예수금: 9934495원
2026-06-04 11:55:08,396 - INFO - [005930] 보유: 1주, 매도 가능: 1주, 평단가: 360,000원
2026-06-04 11:55:08,406 - INFO - 미실현 손익: -5,500원 (-1.53%), 최고 수익률: 0.00%
2026-06-04 11:55:08,436 - INFO - 매도 조건 충족: 평단가(360,000), 현재가(354,500) -> 목표가(362,500원) (보수적 상향 보정)
2026-06-04 11:55:08,437 - INFO - [SELL] 주문 요청: 005930, 1주, 362500원
2026-06-04 11:55:11,467 - INFO - 주문 성공! 주문번호: 0000021832
2026-06-04 11:55:11,504 - INFO - 60초 후 다음 확인을 진행합니다. (현재 상태: SELLING)
2026-06-04 11:56:14,753 - INFO - [005930] 현재가: 354000, 고가: 366000, 저가: 348000
2026-06-04 11:56:14,753 - WARNING - ⚠️ 주문 고착 감지: 가격 이탈 (현재가:354,000, 목표가:362,500, 차이:8,500). 주문 취소를 시도합니다.
2026-06-04 11:56:14,753 - INFO - [CANCEL] 주문 취소 요청: 005930, 주문번호: 0000021832
2026-06-04 11:56:17,824 - INFO - 주문 취소 성공! (원주문: 0000021832)
2026-06-04 11:56:17,854 - INFO - 상태 전환 완료: HOLDING
2026-06-04 11:56:22,740 - INFO - 계좌 예수금: 9934495원
2026-06-04 11:56:22,741 - INFO - [005930] 보유: 1주, 매도 가능: 1주, 평단가: 360,000원
2026-06-04 11:56:22,749 - INFO - 미실현 손익: -6,000원 (-1.67%), 최고 수익률: 0.00%
2026-06-04 11:56:22,774 - INFO - 매도 조건 충족: 평단가(360,000), 현재가(354,000) -> 목표가(362,500원) (보수적 상향 보정)
2026-06-04 11:56:22,774 - INFO - [SELL] 주문 요청: 005930, 1주, 362500원
2026-06-04 11:56:24,148 - INFO - 주문 성공! 주문번호: 0000021886
2026-06-04 11:56:24,179 - INFO - 60초 후 다음 확인을 진행합니다. (현재 상태: SELLING)
2026-06-04 11:57:25,620 - INFO - [005930] 현재가: 354500, 고가: 366000, 저가: 348000
2026-06-04 11:57:25,621 - WARNING - ⚠️ 주문 고착 감지: 가격 이탈 (현재가:354,500, 목표가:362,500, 차이:8,000). 주문 취소를 시도합니다.
2026-06-04 11:57:25,622 - INFO - [CANCEL] 주문 취소 요청: 005930, 주문번호: 0000021886
2026-06-04 11:57:26,642 - INFO - 주문 취소 성공! (원주문: 0000021886)
2026-06-04 11:57:26,674 - INFO - 상태 전환 완료: HOLDING
2026-06-04 11:57:33,094 - INFO - 계좌 예수금: 9934495원
2026-06-04 11:57:33,095 - INFO - [005930] 보유: 1주, 매도 가능: 1주, 평단가: 360,000원
2026-06-04 11:57:33,103 - INFO - 미실현 손익: -5,500원 (-1.53%), 최고 수익률: 0.00%
2026-06-04 11:57:33,140 - INFO - 매도 조건 충족: 평단가(360,000), 현재가(354,500) -> 목표가(362,500원) (보수적 상향 보정)
2026-06-04 11:57:33,141 - INFO - [SELL] 주문 요청: 005930, 1주, 362500원
2026-06-04 11:57:34,015 - INFO - 주문 성공! 주문번호: 0000021951
2026-06-04 11:57:34,046 - INFO - 60초 후 다음 확인을 진행합니다. (현재 상태: SELLING)
2026-06-04 11:58:34,154 - INFO - [005930] 현재가: 354250, 고가: 366000, 저가: 348000
2026-06-04 11:58:34,155 - WARNING - ⚠️ 주문 고착 감지: 가격 이탈 (현재가:354,250, 목표가:362,500, 차이:8,250). 주문 취소를 시도합니다.
2026-06-04 11:58:34,155 - INFO - [CANCEL] 주문 취소 요청: 005930, 주문번호: 0000021951
2026-06-04 11:58:34,736 - INFO - 주문 취소 성공! (원주문: 0000021951)
2026-06-04 11:58:34,778 - INFO - 상태 전환 완료: HOLDING
2026-06-04 11:58:42,523 - INFO - 계좌 예수금: 9934495원
2026-06-04 11:58:42,524 - INFO - [005930] 보유: 1주, 매도 가능: 1주, 평단가: 360,000원
2026-06-04 11:58:42,533 - INFO - 미실현 손익: -5,750원 (-1.60%), 최고 수익률: 0.00%
2026-06-04 11:58:42,557 - INFO - 매도 조건 충족: 평단가(360,000), 현재가(354,250) -> 목표가(362,500원) (보수적 상향 보정)
2026-06-04 11:58:42,558 - INFO - [SELL] 주문 요청: 005930, 1주, 362500원
2026-06-04 11:58:42,695 - INFO - 주문 성공! 주문번호: 0000022020
2026-06-04 11:58:42,726 - INFO - 60초 후 다음 확인을 진행합니다. (현재 상태: SELLING)
2026-06-04 11:59:46,425 - INFO - [005930] 현재가: 354500, 고가: 366000, 저가: 348000
2026-06-04 11:59:46,426 - WARNING - ⚠️ 주문 고착 감지: 가격 이탈 (현재가:354,500, 목표가:362,500, 차이:8,000). 주문 취소를 시도합니다.
2026-06-04 11:59:46,426 - INFO - [CANCEL] 주문 취소 요청: 005930, 주문번호: 0000022020
2026-06-04 11:59:46,565 - INFO - 주문 취소 성공! (원주문: 0000022020)
2026-06-04 11:59:46,612 - INFO - 상태 전환 완료: HOLDING
2026-06-04 11:59:47,788 - INFO - 계좌 예수금: 9934495원
2026-06-04 11:59:47,789 - INFO - [005930] 보유: 1주, 매도 가능: 1주, 평단가: 360,000원
2026-06-04 11:59:47,797 - INFO - 미실현 손익: -5,500원 (-1.53%), 최고 수익률: 0.00%
2026-06-04 11:59:47,822 - INFO - 매도 조건 충족: 평단가(360,000), 현재가(354,500) -> 목표가(362,500원) (보수적 상향 보정)
2026-06-04 11:59:47,822 - INFO - [SELL] 주문 요청: 005930, 1주, 362500원
2026-06-04 11:59:48,223 - ERROR - POST 요청 실패 (VTTC0011U): 500 Server Error: Internal Server Error for url: https://openapivts.koreainvestment.com:29443/uapi/domestic-stock/v1/trading/order-cash
2026-06-04 11:59:48,224 - ERROR - 상세 에러: {"rt_cd":"1","msg1":"초당 거래건수를 초과하였습니다.","msg_cd":"EGW00201","message":"EGW00201"}
2026-06-04 11:59:48,227 - ERROR - 주문 실패: 응답 없음
2026-06-04 11:59:48,228 - INFO - 60초 후 다음 확인을 진행합니다. (현재 상태: HOLDING)
2026-06-04 12:00:49,404 - INFO - [005930] 현재가: 354500, 고가: 366000, 저가: 348000
2026-06-04 12:00:58,007 - INFO - 계좌 예수금: 9934495원
2026-06-04 12:00:58,008 - INFO - [005930] 보유: 1주, 매도 가능: 1주, 평단가: 360,000원
2026-06-04 12:00:58,014 - INFO - 미실현 손익: -5,500원 (-1.53%), 최고 수익률: 0.00%
2026-06-04 12:00:58,042 - INFO - 매도 조건 충족: 평단가(360,000), 현재가(354,500) -> 목표가(362,500원) (보수적 상향 보정)
2026-06-04 12:00:58,043 - INFO - [SELL] 주문 요청: 005930, 1주, 362500원
2026-06-04 12:01:00,773 - INFO - 주문 성공! 주문번호: 0000022156
2026-06-04 12:01:00,821 - INFO - 자가 최적화 기록 완료: C:\Users\witpo\OneDrive\바탕 화면\YONSEI\26-1\ECO4126 인공지능과금융공학\open-trading-api\self_optimization_history
2026-06-04 12:01:00,842 - INFO - 60초 후 다음 확인을 진행합니다. (현재 상태: SELLING)
2026-06-04 12:02:04,790 - INFO - [005930] 현재가: 355000, 고가: 366000, 저가: 348000
2026-06-04 12:02:04,791 - WARNING - ⚠️ 주문 고착 감지: 가격 이탈 (현재가:355,000, 목표가:362,500, 차이:7,500). 주문 취소를 시도합니다.
2026-06-04 12:02:04,791 - INFO - [CANCEL] 주문 취소 요청: 005930, 주문번호: 0000022156
2026-06-04 12:02:09,592 - INFO - 주문 취소 성공! (원주문: 0000022156)
2026-06-04 12:02:09,631 - INFO - 상태 전환 완료: HOLDING
2026-06-04 12:02:20,239 - INFO - 계좌 예수금: 9934495원
2026-06-04 12:02:20,239 - INFO - [005930] 보유: 1주, 매도 가능: 1주, 평단가: 360,000원
2026-06-04 12:02:20,247 - INFO - 미실현 손익: -5,000원 (-1.39%), 최고 수익률: 0.00%
2026-06-04 12:02:20,270 - INFO - 매도 조건 충족: 평단가(360,000), 현재가(355,000) -> 목표가(362,000원) (보수적 상향 보정)
2026-06-04 12:02:20,271 - INFO - [SELL] 주문 요청: 005930, 1주, 362000원
2026-06-04 12:02:20,413 - INFO - 주문 성공! 주문번호: 0000022254
2026-06-04 12:02:20,450 - INFO - 60초 후 다음 확인을 진행합니다. (현재 상태: SELLING)
2026-06-04 12:03:20,571 - INFO - [005930] 현재가: 355500, 고가: 366000, 저가: 348000
2026-06-04 12:03:20,572 - WARNING - ⚠️ 주문 고착 감지: 가격 이탈 (현재가:355,500, 목표가:362,000, 차이:6,500). 주문 취소를 시도합니다.
2026-06-04 12:03:20,573 - INFO - [CANCEL] 주문 취소 요청: 005930, 주문번호: 0000022254
2026-06-04 12:03:24,230 - INFO - 주문 취소 성공! (원주문: 0000022254)
2026-06-04 12:03:24,262 - INFO - 상태 전환 완료: HOLDING
2026-06-04 12:03:27,316 - INFO - 계좌 예수금: 9934495원
2026-06-04 12:03:27,317 - INFO - [005930] 보유: 1주, 매도 가능: 1주, 평단가: 360,000원
2026-06-04 12:03:27,323 - INFO - 미실현 손익: -4,500원 (-1.25%), 최고 수익률: 0.00%
2026-06-04 12:03:27,350 - INFO - 매도 조건 충족: 평단가(360,000), 현재가(355,500) -> 목표가(362,000원) (보수적 상향 보정)
2026-06-04 12:03:27,351 - INFO - [SELL] 주문 요청: 005930, 1주, 362000원
2026-06-04 12:03:29,772 - INFO - 주문 성공! 주문번호: 0000022327
2026-06-04 12:03:29,803 - INFO - 60초 후 다음 확인을 진행합니다. (현재 상태: SELLING)
2026-06-04 12:04:29,906 - INFO - [005930] 현재가: 355000, 고가: 366000, 저가: 348000
2026-06-04 12:04:29,907 - WARNING - ⚠️ 주문 고착 감지: 가격 이탈 (현재가:355,000, 목표가:362,000, 차이:7,000). 주문 취소를 시도합니다.
2026-06-04 12:04:29,908 - INFO - [CANCEL] 주문 취소 요청: 005930, 주문번호: 0000022327
2026-06-04 12:04:33,058 - INFO - 주문 취소 성공! (원주문: 0000022327)
2026-06-04 12:04:33,099 - INFO - 상태 전환 완료: HOLDING
2026-06-04 12:04:37,360 - INFO - 계좌 예수금: 9934495원
2026-06-04 12:04:37,360 - INFO - [005930] 보유: 1주, 매도 가능: 1주, 평단가: 360,000원
2026-06-04 12:04:37,368 - INFO - 미실현 손익: -5,000원 (-1.39%), 최고 수익률: 0.00%
2026-06-04 12:04:37,394 - INFO - 매도 조건 충족: 평단가(360,000), 현재가(355,000) -> 목표가(362,000원) (보수적 상향 보정)
2026-06-04 12:04:37,394 - INFO - [SELL] 주문 요청: 005930, 1주, 362000원
2026-06-04 12:04:40,124 - INFO - 주문 성공! 주문번호: 0000022376
2026-06-04 12:04:40,157 - INFO - 60초 후 다음 확인을 진행합니다. (현재 상태: SELLING)
2026-06-04 12:05:43,411 - INFO - [005930] 현재가: 356000, 고가: 366000, 저가: 348000
2026-06-04 12:05:43,412 - WARNING - ⚠️ 주문 고착 감지: 가격 이탈 (현재가:356,000, 목표가:362,000, 차이:6,000). 주문 취소를 시도합니다.
2026-06-04 12:05:43,412 - INFO - [CANCEL] 주문 취소 요청: 005930, 주문번호: 0000022376
2026-06-04 12:05:46,280 - INFO - 주문 취소 성공! (원주문: 0000022376)
2026-06-04 12:05:46,311 - INFO - 상태 전환 완료: HOLDING
2026-06-04 12:05:51,236 - INFO - 계좌 예수금: 9934495원
2026-06-04 12:05:51,236 - INFO - [005930] 보유: 1주, 매도 가능: 1주, 평단가: 360,000원
2026-06-04 12:05:51,243 - INFO - 미실현 손익: -4,000원 (-1.11%), 최고 수익률: 0.00%
2026-06-04 12:05:51,268 - INFO - 매도 조건 충족: 평단가(360,000), 현재가(356,000) -> 목표가(362,000원) (보수적 상향 보정)
2026-06-04 12:05:51,269 - INFO - [SELL] 주문 요청: 005930, 1주, 362000원
2026-06-04 12:05:53,912 - INFO - 주문 성공! 주문번호: 0000022480
2026-06-04 12:05:53,951 - INFO - 60초 후 다음 확인을 진행합니다. (현재 상태: SELLING)
2026-06-04 12:06:54,060 - INFO - [005930] 현재가: 355500, 고가: 366000, 저가: 348000
2026-06-04 12:06:54,060 - WARNING - ⚠️ 주문 고착 감지: 가격 이탈 (현재가:355,500, 목표가:362,000, 차이:6,500). 주문 취소를 시도합니다.
2026-06-04 12:06:54,061 - INFO - [CANCEL] 주문 취소 요청: 005930, 주문번호: 0000022480
2026-06-04 12:06:54,562 - ERROR - POST 요청 실패 (VTTC0013U): 500 Server Error: Internal Server Error for url: https://openapivts.koreainvestment.com:29443/uapi/domestic-stock/v1/trading/order-rvsecncl
2026-06-04 12:06:54,563 - ERROR - 상세 에러: {"rt_cd":"1","msg1":"초당 거래건수를 초과하였습니다.","msg_cd":"EGW00201","message":"EGW00201"}
2026-06-04 12:06:54,566 - ERROR - 주문 취소 실패: 응답 없음
2026-06-04 12:06:54,566 - ERROR - 주문 취소 실패. 다음 루프에서 재시도합니다.
2026-06-04 12:06:59,601 - INFO - 계좌 예수금: 9934495원
2026-06-04 12:06:59,602 - INFO - [005930] 보유: 1주, 매도 가능: 0주, 평단가: 360,000원
2026-06-04 12:06:59,611 - INFO - 미실현 손익: -4,500원 (-1.25%), 최고 수익률: 0.00%
2026-06-04 12:06:59,638 - INFO - 보유 수량(1)에 대해 매도 주문(0000022480)이 진행 중입니다.
2026-06-04 12:06:59,639 - INFO - 60초 후 다음 확인을 진행합니다. (현재 상태: SELLING)
2026-06-04 12:07:59,742 - INFO - [005930] 현재가: 355500, 고가: 366000, 저가: 348000
2026-06-04 12:07:59,743 - WARNING - ⚠️ 주문 고착 감지: 가격 이탈 (현재가:355,500, 목표가:362,000, 차이:6,500). 주문 취소를 시도합니다.
2026-06-04 12:07:59,743 - INFO - [CANCEL] 주문 취소 요청: 005930, 주문번호: 0000022480
2026-06-04 12:08:01,864 - INFO - 주문 취소 성공! (원주문: 0000022480)
2026-06-04 12:08:01,895 - INFO - 상태 전환 완료: HOLDING
2026-06-04 12:08:10,218 - INFO - 계좌 예수금: 9934495원
2026-06-04 12:08:10,218 - INFO - [005930] 보유: 1주, 매도 가능: 1주, 평단가: 360,000원
2026-06-04 12:08:10,226 - INFO - 미실현 손익: -4,500원 (-1.25%), 최고 수익률: 0.00%
2026-06-04 12:08:10,251 - INFO - 매도 조건 충족: 평단가(360,000), 현재가(355,500) -> 목표가(362,000원) (보수적 상향 보정)
2026-06-04 12:08:10,251 - INFO - [SELL] 주문 요청: 005930, 1주, 362000원
2026-06-04 12:08:10,483 - INFO - 주문 성공! 주문번호: 0000022631
2026-06-04 12:08:10,513 - INFO - 60초 후 다음 확인을 진행합니다. (현재 상태: SELLING)
2026-06-04 12:09:10,635 - INFO - [005930] 현재가: 355750, 고가: 366000, 저가: 348000
2026-06-04 12:09:10,636 - WARNING - ⚠️ 주문 고착 감지: 가격 이탈 (현재가:355,750, 목표가:362,000, 차이:6,250). 주문 취소를 시도합니다.
2026-06-04 12:09:10,636 - INFO - [CANCEL] 주문 취소 요청: 005930, 주문번호: 0000022631
2026-06-04 12:09:11,106 - ERROR - POST 요청 실패 (VTTC0013U): 500 Server Error: Internal Server Error for url: https://openapivts.koreainvestment.com:29443/uapi/domestic-stock/v1/trading/order-rvsecncl
2026-06-04 12:09:11,106 - ERROR - 상세 에러: {"rt_cd":"1","msg1":"초당 거래건수를 초과하였습니다.","msg_cd":"EGW00201","message":"EGW00201"}
2026-06-04 12:09:11,109 - ERROR - 주문 취소 실패: 응답 없음
2026-06-04 12:09:11,110 - ERROR - 주문 취소 실패. 다음 루프에서 재시도합니다.
2026-06-04 12:09:18,363 - INFO - 계좌 예수금: 9934495원
2026-06-04 12:09:18,363 - INFO - [005930] 보유: 1주, 매도 가능: 0주, 평단가: 360,000원
2026-06-04 12:09:18,370 - INFO - 미실현 손익: -4,250원 (-1.18%), 최고 수익률: 0.00%
2026-06-04 12:09:18,399 - INFO - 보유 수량(1)에 대해 매도 주문(0000022631)이 진행 중입니다.
2026-06-04 12:09:18,399 - INFO - 60초 후 다음 확인을 진행합니다. (현재 상태: SELLING)
2026-06-04 12:10:18,881 - INFO - [005930] 현재가: 356000, 고가: 366000, 저가: 348000
2026-06-04 12:10:18,882 - WARNING - ⚠️ 주문 고착 감지: 가격 이탈 (현재가:356,000, 목표가:362,000, 차이:6,000). 주문 취소를 시도합니다.
2026-06-04 12:10:18,882 - INFO - [CANCEL] 주문 취소 요청: 005930, 주문번호: 0000022631
2026-06-04 12:10:19,520 - ERROR - POST 요청 실패 (VTTC0013U): 500 Server Error: Internal Server Error for url: https://openapivts.koreainvestment.com:29443/uapi/domestic-stock/v1/trading/order-rvsecncl
2026-06-04 12:10:19,521 - ERROR - 상세 에러: {"rt_cd":"1","msg1":"초당 거래건수를 초과하였습니다.","msg_cd":"EGW00201","message":"EGW00201"}
2026-06-04 12:10:19,524 - ERROR - 주문 취소 실패: 응답 없음
2026-06-04 12:10:19,524 - ERROR - 주문 취소 실패. 다음 루프에서 재시도합니다.
2026-06-04 12:10:25,949 - INFO - 계좌 예수금: 9934495원
2026-06-04 12:10:25,950 - INFO - [005930] 보유: 1주, 매도 가능: 0주, 평단가: 360,000원
2026-06-04 12:10:25,959 - INFO - 미실현 손익: -4,000원 (-1.11%), 최고 수익률: 0.00%
2026-06-04 12:10:25,988 - INFO - 보유 수량(1)에 대해 매도 주문(0000022631)이 진행 중입니다.
2026-06-04 12:10:25,989 - INFO - 60초 후 다음 확인을 진행합니다. (현재 상태: SELLING)
2026-06-04 12:11:26,101 - INFO - [005930] 현재가: 356500, 고가: 366000, 저가: 348000
2026-06-04 12:11:26,101 - WARNING - ⚠️ 주문 고착 감지: 가격 이탈 (현재가:356,500, 목표가:362,000, 차이:5,500). 주문 취소를 시도합니다.
2026-06-04 12:11:26,102 - INFO - [CANCEL] 주문 취소 요청: 005930, 주문번호: 0000022631
2026-06-04 12:11:26,629 - INFO - 주문 취소 성공! (원주문: 0000022631)
2026-06-04 12:11:26,662 - INFO - 상태 전환 완료: HOLDING
2026-06-04 12:11:34,562 - INFO - 계좌 예수금: 9934495원
2026-06-04 12:11:34,562 - INFO - [005930] 보유: 1주, 매도 가능: 1주, 평단가: 360,000원
2026-06-04 12:11:34,570 - INFO - 미실현 손익: -3,500원 (-0.97%), 최고 수익률: 0.00%
2026-06-04 12:11:34,595 - INFO - 매도 조건 충족: 평단가(360,000), 현재가(356,500) -> 목표가(362,000원) (보수적 상향 보정)
2026-06-04 12:11:34,596 - INFO - [SELL] 주문 요청: 005930, 1주, 362000원
2026-06-04 12:11:34,717 - INFO - 주문 성공! 주문번호: 0000022848
2026-06-04 12:11:34,747 - INFO - 60초 후 다음 확인을 진행합니다. (현재 상태: SELLING)
2026-06-04 12:12:38,156 - INFO - [005930] 현재가: 356500, 고가: 366000, 저가: 348000
2026-06-04 12:12:38,157 - WARNING - ⚠️ 주문 고착 감지: 가격 이탈 (현재가:356,500, 목표가:362,000, 차이:5,500). 주문 취소를 시도합니다.
2026-06-04 12:12:38,157 - INFO - [CANCEL] 주문 취소 요청: 005930, 주문번호: 0000022848
2026-06-04 12:12:41,842 - INFO - 주문 취소 성공! (원주문: 0000022848)
2026-06-04 12:12:41,875 - INFO - 상태 전환 완료: HOLDING
2026-06-04 12:12:45,835 - INFO - 계좌 예수금: 9934495원
2026-06-04 12:12:45,836 - INFO - [005930] 보유: 1주, 매도 가능: 1주, 평단가: 360,000원
2026-06-04 12:12:45,842 - INFO - 미실현 손익: -3,500원 (-0.97%), 최고 수익률: 0.00%
2026-06-04 12:12:45,868 - INFO - 매도 조건 충족: 평단가(360,000), 현재가(356,500) -> 목표가(362,000원) (보수적 상향 보정)
2026-06-04 12:12:45,868 - INFO - [SELL] 주문 요청: 005930, 1주, 362000원
2026-06-04 12:12:46,002 - INFO - 주문 성공! 주문번호: 0000022912
2026-06-04 12:12:46,031 - INFO - 60초 후 다음 확인을 진행합니다. (현재 상태: SELLING)
2026-06-04 12:13:48,714 - INFO - [005930] 현재가: 356500, 고가: 366000, 저가: 348000
2026-06-04 12:13:48,714 - WARNING - ⚠️ 주문 고착 감지: 가격 이탈 (현재가:356,500, 목표가:362,000, 차이:5,500). 주문 취소를 시도합니다.
2026-06-04 12:13:48,715 - INFO - [CANCEL] 주문 취소 요청: 005930, 주문번호: 0000022912
2026-06-04 12:13:48,858 - INFO - 주문 취소 성공! (원주문: 0000022912)
2026-06-04 12:13:48,886 - INFO - 상태 전환 완료: HOLDING
2026-06-04 12:13:57,315 - INFO - 계좌 예수금: 9934495원
2026-06-04 12:13:57,316 - INFO - [005930] 보유: 1주, 매도 가능: 1주, 평단가: 360,000원
2026-06-04 12:13:57,323 - INFO - 미실현 손익: -3,500원 (-0.97%), 최고 수익률: 0.00%
2026-06-04 12:13:57,350 - INFO - 매도 조건 충족: 평단가(360,000), 현재가(356,500) -> 목표가(362,000원) (보수적 상향 보정)
2026-06-04 12:13:57,351 - INFO - [SELL] 주문 요청: 005930, 1주, 362000원
2026-06-04 12:13:57,485 - INFO - 주문 성공! 주문번호: 0000022995
2026-06-04 12:13:57,513 - INFO - 60초 후 다음 확인을 진행합니다. (현재 상태: SELLING)
2026-06-04 12:14:58,962 - INFO - [005930] 현재가: 356250, 고가: 366000, 저가: 348000
2026-06-04 12:14:58,963 - WARNING - ⚠️ 주문 고착 감지: 가격 이탈 (현재가:356,250, 목표가:362,000, 차이:5,750). 주문 취소를 시도합니다.
2026-06-04 12:14:58,963 - INFO - [CANCEL] 주문 취소 요청: 005930, 주문번호: 0000022995
2026-06-04 12:14:59,085 - INFO - 주문 취소 성공! (원주문: 0000022995)
2026-06-04 12:14:59,115 - INFO - 상태 전환 완료: HOLDING
2026-06-04 12:15:06,644 - INFO - 계좌 예수금: 9934495원
2026-06-04 12:15:06,645 - INFO - [005930] 보유: 1주, 매도 가능: 1주, 평단가: 360,000원
2026-06-04 12:15:06,651 - INFO - 미실현 손익: -3,750원 (-1.04%), 최고 수익률: 0.00%
2026-06-04 12:15:06,675 - INFO - 매도 조건 충족: 평단가(360,000), 현재가(356,250) -> 목표가(362,000원) (보수적 상향 보정)
2026-06-04 12:15:06,675 - INFO - [SELL] 주문 요청: 005930, 1주, 362000원
2026-06-04 12:15:11,763 - INFO - 주문 성공! 주문번호: 0000023061
2026-06-04 12:15:11,797 - INFO - 60초 후 다음 확인을 진행합니다. (현재 상태: SELLING)
2026-06-04 12:16:14,436 - INFO - [005930] 현재가: 356000, 고가: 366000, 저가: 348000
2026-06-04 12:16:14,437 - WARNING - ⚠️ 주문 고착 감지: 가격 이탈 (현재가:356,000, 목표가:362,000, 차이:6,000). 주문 취소를 시도합니다.
2026-06-04 12:16:14,437 - INFO - [CANCEL] 주문 취소 요청: 005930, 주문번호: 0000023061
2026-06-04 12:16:17,099 - INFO - 주문 취소 성공! (원주문: 0000023061)
2026-06-04 12:16:17,135 - INFO - 상태 전환 완료: HOLDING
2026-06-04 12:16:24,164 - INFO - 계좌 예수금: 9934495원
2026-06-04 12:16:24,165 - INFO - [005930] 보유: 1주, 매도 가능: 1주, 평단가: 360,000원
2026-06-04 12:16:24,172 - INFO - 미실현 손익: -4,000원 (-1.11%), 최고 수익률: 0.00%
2026-06-04 12:16:24,198 - INFO - 매도 조건 충족: 평단가(360,000), 현재가(356,000) -> 목표가(362,000원) (보수적 상향 보정)
2026-06-04 12:16:24,198 - INFO - [SELL] 주문 요청: 005930, 1주, 362000원
2026-06-04 12:16:25,906 - INFO - 주문 성공! 주문번호: 0000023124
2026-06-04 12:16:25,935 - INFO - 60초 후 다음 확인을 진행합니다. (현재 상태: SELLING)
2026-06-04 12:17:26,065 - INFO - [005930] 현재가: 356500, 고가: 366000, 저가: 348000
2026-06-04 12:17:26,065 - WARNING - ⚠️ 주문 고착 감지: 가격 이탈 (현재가:356,500, 목표가:362,000, 차이:5,500). 주문 취소를 시도합니다.
2026-06-04 12:17:26,066 - INFO - [CANCEL] 주문 취소 요청: 005930, 주문번호: 0000023124
2026-06-04 12:17:29,807 - INFO - 주문 취소 성공! (원주문: 0000023124)
2026-06-04 12:17:29,838 - INFO - 상태 전환 완료: HOLDING
2026-06-04 12:17:34,416 - INFO - 계좌 예수금: 9934495원
2026-06-04 12:17:34,416 - INFO - [005930] 보유: 1주, 매도 가능: 1주, 평단가: 360,000원
2026-06-04 12:17:34,424 - INFO - 미실현 손익: -3,500원 (-0.97%), 최고 수익률: 0.00%
2026-06-04 12:17:34,449 - INFO - 매도 조건 충족: 평단가(360,000), 현재가(356,500) -> 목표가(362,000원) (보수적 상향 보정)
2026-06-04 12:17:34,449 - INFO - [SELL] 주문 요청: 005930, 1주, 362000원
2026-06-04 12:17:37,180 - INFO - 주문 성공! 주문번호: 0000023184
2026-06-04 12:17:37,213 - INFO - 60초 후 다음 확인을 진행합니다. (현재 상태: SELLING)
2026-06-04 12:18:40,365 - INFO - [005930] 현재가: 357000, 고가: 366000, 저가: 348000
2026-06-04 12:18:40,365 - WARNING - ⚠️ 주문 고착 감지: 가격 이탈 (현재가:357,000, 목표가:362,000, 차이:5,000). 주문 취소를 시도합니다.
2026-06-04 12:18:40,366 - INFO - [CANCEL] 주문 취소 요청: 005930, 주문번호: 0000023184
2026-06-04 12:18:43,377 - INFO - 주문 취소 성공! (원주문: 0000023184)
2026-06-04 12:18:43,413 - INFO - 상태 전환 완료: HOLDING
2026-06-04 12:18:46,416 - INFO - 계좌 예수금: 9934495원
2026-06-04 12:18:46,417 - INFO - [005930] 보유: 1주, 매도 가능: 1주, 평단가: 360,000원
2026-06-04 12:18:46,424 - INFO - 미실현 손익: -3,000원 (-0.83%), 최고 수익률: 0.00%
2026-06-04 12:18:46,449 - INFO - 매도 조건 충족: 평단가(360,000), 현재가(357,000) -> 목표가(362,000원) (보수적 상향 보정)
2026-06-04 12:18:46,450 - INFO - [SELL] 주문 요청: 005930, 1주, 362000원
2026-06-04 12:18:48,762 - INFO - 주문 성공! 주문번호: 0000023256
2026-06-04 12:18:48,795 - INFO - 60초 후 다음 확인을 진행합니다. (현재 상태: SELLING)
2026-06-04 12:19:48,907 - INFO - [005930] 현재가: 357000, 고가: 366000, 저가: 348000
2026-06-04 12:19:48,907 - WARNING - ⚠️ 주문 고착 감지: 가격 이탈 (현재가:357,000, 목표가:362,000, 차이:5,000). 주문 취소를 시도합니다.
2026-06-04 12:19:48,908 - INFO - [CANCEL] 주문 취소 요청: 005930, 주문번호: 0000023256
2026-06-04 12:19:49,391 - ERROR - POST 요청 실패 (VTTC0013U): 500 Server Error: Internal Server Error for url: https://openapivts.koreainvestment.com:29443/uapi/domestic-stock/v1/trading/order-rvsecncl
2026-06-04 12:19:49,392 - ERROR - 상세 에러: {"rt_cd":"1","msg1":"초당 거래건수를 초과하였습니다.","msg_cd":"EGW00201","message":"EGW00201"}
2026-06-04 12:19:49,395 - ERROR - 주문 취소 실패: 응답 없음
2026-06-04 12:19:49,396 - ERROR - 주문 취소 실패. 다음 루프에서 재시도합니다.
2026-06-04 12:19:56,861 - INFO - 계좌 예수금: 9934495원
2026-06-04 12:19:56,862 - INFO - [005930] 보유: 1주, 매도 가능: 0주, 평단가: 360,000원
2026-06-04 12:19:56,868 - INFO - 미실현 손익: -3,000원 (-0.83%), 최고 수익률: 0.00%
2026-06-04 12:19:56,893 - INFO - 보유 수량(1)에 대해 매도 주문(0000023256)이 진행 중입니다.
2026-06-04 12:19:56,894 - INFO - 60초 후 다음 확인을 진행합니다. (현재 상태: SELLING)
2026-06-04 12:20:58,305 - INFO - [005930] 현재가: 357500, 고가: 366000, 저가: 348000
2026-06-04 12:20:58,306 - WARNING - ⚠️ 주문 고착 감지: 가격 이탈 (현재가:357,500, 목표가:362,000, 차이:4,500). 주문 취소를 시도합니다.
2026-06-04 12:20:58,306 - INFO - [CANCEL] 주문 취소 요청: 005930, 주문번호: 0000023256
2026-06-04 12:21:00,865 - INFO - 주문 취소 성공! (원주문: 0000023256)
2026-06-04 12:21:00,898 - INFO - 상태 전환 완료: HOLDING
2026-06-04 12:21:07,521 - INFO - 계좌 예수금: 9934495원
2026-06-04 12:21:07,522 - INFO - [005930] 보유: 1주, 매도 가능: 1주, 평단가: 360,000원
2026-06-04 12:21:07,530 - INFO - 미실현 손익: -2,500원 (-0.69%), 최고 수익률: 0.00%
2026-06-04 12:21:07,566 - INFO - 자가 최적화 기록 완료: C:\Users\witpo\OneDrive\바탕 화면\YONSEI\26-1\ECO4126 인공지능과금융공학\open-trading-api\self_optimization_history
2026-06-04 12:21:07,566 - INFO - 매도 조건 충족: 평단가(360,000), 현재가(357,500) -> 목표가(362,000원) (보수적 상향 보정)
2026-06-04 12:21:07,567 - INFO - [SELL] 주문 요청: 005930, 1주, 362000원
2026-06-04 12:21:12,129 - INFO - 주문 성공! 주문번호: 0000023360
2026-06-04 12:21:12,183 - INFO - 60초 후 다음 확인을 진행합니다. (현재 상태: SELLING)
2026-06-04 12:22:17,663 - INFO - [005930] 현재가: 357500, 고가: 366000, 저가: 348000
2026-06-04 12:22:17,664 - WARNING - ⚠️ 주문 고착 감지: 가격 이탈 (현재가:357,500, 목표가:362,000, 차이:4,500). 주문 취소를 시도합니다.
2026-06-04 12:22:17,664 - INFO - [CANCEL] 주문 취소 요청: 005930, 주문번호: 0000023360
2026-06-04 12:22:22,420 - INFO - 주문 취소 성공! (원주문: 0000023360)
2026-06-04 12:22:22,452 - INFO - 상태 전환 완료: HOLDING
2026-06-04 12:22:32,211 - INFO - 계좌 예수금: 9934495원
2026-06-04 12:22:32,212 - INFO - [005930] 보유: 1주, 매도 가능: 1주, 평단가: 360,000원
2026-06-04 12:22:32,219 - INFO - 미실현 손익: -2,500원 (-0.69%), 최고 수익률: 0.00%
2026-06-04 12:22:32,245 - INFO - 매도 조건 충족: 평단가(360,000), 현재가(357,500) -> 목표가(362,500원) (보수적 상향 보정)
2026-06-04 12:22:32,245 - INFO - [SELL] 주문 요청: 005930, 1주, 362500원
2026-06-04 12:22:36,307 - INFO - 주문 성공! 주문번호: 0000023435
2026-06-04 12:22:36,338 - INFO - 60초 후 다음 확인을 진행합니다. (현재 상태: SELLING)
2026-06-04 12:23:37,648 - INFO - [005930] 현재가: 357000, 고가: 366000, 저가: 348000
2026-06-04 12:23:37,648 - WARNING - ⚠️ 주문 고착 감지: 가격 이탈 (현재가:357,000, 목표가:362,500, 차이:5,500). 주문 취소를 시도합니다.
2026-06-04 12:23:37,649 - INFO - [CANCEL] 주문 취소 요청: 005930, 주문번호: 0000023435
2026-06-04 12:23:38,672 - INFO - 주문 취소 성공! (원주문: 0000023435)
2026-06-04 12:23:38,702 - INFO - 상태 전환 완료: HOLDING
2026-06-04 12:23:46,353 - INFO - 계좌 예수금: 9934495원
2026-06-04 12:23:46,353 - INFO - [005930] 보유: 1주, 매도 가능: 1주, 평단가: 360,000원
2026-06-04 12:23:46,361 - INFO - 미실현 손익: -3,000원 (-0.83%), 최고 수익률: 0.00%
2026-06-04 12:23:46,387 - INFO - 매도 조건 충족: 평단가(360,000), 현재가(357,000) -> 목표가(362,500원) (보수적 상향 보정)
2026-06-04 12:23:46,387 - INFO - [SELL] 주문 요청: 005930, 1주, 362500원
2026-06-04 12:23:47,890 - INFO - 주문 성공! 주문번호: 0000023497
2026-06-04 12:23:47,920 - INFO - 60초 후 다음 확인을 진행합니다. (현재 상태: SELLING)
2026-06-04 12:24:50,458 - INFO - [005930] 현재가: 356500, 고가: 366000, 저가: 348000
2026-06-04 12:24:50,459 - WARNING - ⚠️ 주문 고착 감지: 가격 이탈 (현재가:356,500, 목표가:362,500, 차이:6,000). 주문 취소를 시도합니다.
2026-06-04 12:24:50,459 - INFO - [CANCEL] 주문 취소 요청: 005930, 주문번호: 0000023497
2026-06-04 12:24:52,917 - INFO - 주문 취소 성공! (원주문: 0000023497)
2026-06-04 12:24:52,953 - INFO - 상태 전환 완료: HOLDING
2026-06-04 12:25:01,314 - INFO - 계좌 예수금: 9934495원
2026-06-04 12:25:01,315 - INFO - [005930] 보유: 1주, 매도 가능: 1주, 평단가: 360,000원
2026-06-04 12:25:01,322 - INFO - 미실현 손익: -3,500원 (-0.97%), 최고 수익률: 0.00%
2026-06-04 12:25:01,348 - INFO - 매도 조건 충족: 평단가(360,000), 현재가(356,500) -> 목표가(362,500원) (보수적 상향 보정)
2026-06-04 12:25:01,349 - INFO - [SELL] 주문 요청: 005930, 1주, 362500원
2026-06-04 12:25:07,049 - INFO - 주문 성공! 주문번호: 0000023565
2026-06-04 12:25:07,082 - INFO - 60초 후 다음 확인을 진행합니다. (현재 상태: SELLING)
2026-06-04 12:26:09,107 - INFO - [005930] 현재가: 357000, 고가: 366000, 저가: 348000
2026-06-04 12:26:09,108 - WARNING - ⚠️ 주문 고착 감지: 가격 이탈 (현재가:357,000, 목표가:362,500, 차이:5,500). 주문 취소를 시도합니다.
2026-06-04 12:26:09,108 - INFO - [CANCEL] 주문 취소 요청: 005930, 주문번호: 0000023565
2026-06-04 12:26:11,156 - INFO - 주문 취소 성공! (원주문: 0000023565)
2026-06-04 12:26:11,200 - INFO - 상태 전환 완료: HOLDING
2026-06-04 12:26:18,034 - INFO - 계좌 예수금: 9934495원
2026-06-04 12:26:18,034 - INFO - [005930] 보유: 1주, 매도 가능: 1주, 평단가: 360,000원
2026-06-04 12:26:18,042 - INFO - 미실현 손익: -3,000원 (-0.83%), 최고 수익률: 0.00%
2026-06-04 12:26:18,068 - INFO - 매도 조건 충족: 평단가(360,000), 현재가(357,000) -> 목표가(362,500원) (보수적 상향 보정)
2026-06-04 12:26:18,069 - INFO - [SELL] 주문 요청: 005930, 1주, 362500원
2026-06-04 12:26:19,757 - INFO - 주문 성공! 주문번호: 0000023621
2026-06-04 12:26:19,790 - INFO - 60초 후 다음 확인을 진행합니다. (현재 상태: SELLING)
2026-06-04 12:27:21,918 - INFO - [005930] 현재가: 356500, 고가: 366000, 저가: 348000
2026-06-04 12:27:21,919 - WARNING - ⚠️ 주문 고착 감지: 가격 이탈 (현재가:356,500, 목표가:362,500, 차이:6,000). 주문 취소를 시도합니다.
2026-06-04 12:27:21,919 - INFO - [CANCEL] 주문 취소 요청: 005930, 주문번호: 0000023621
2026-06-04 12:27:24,477 - INFO - 주문 취소 성공! (원주문: 0000023621)
2026-06-04 12:27:24,510 - INFO - 상태 전환 완료: HOLDING
2026-06-04 12:27:29,904 - INFO - 계좌 예수금: 9934495원
2026-06-04 12:27:29,905 - INFO - [005930] 보유: 1주, 매도 가능: 1주, 평단가: 360,000원
2026-06-04 12:27:29,912 - INFO - 미실현 손익: -3,500원 (-0.97%), 최고 수익률: 0.00%
2026-06-04 12:27:29,938 - INFO - 매도 조건 충족: 평단가(360,000), 현재가(356,500) -> 목표가(362,500원) (보수적 상향 보정)
2026-06-04 12:27:29,939 - INFO - [SELL] 주문 요청: 005930, 1주, 362500원
2026-06-04 12:27:30,315 - INFO - 주문 성공! 주문번호: 0000023695
2026-06-04 12:27:30,346 - INFO - 60초 후 다음 확인을 진행합니다. (현재 상태: SELLING)
2026-06-04 12:28:33,601 - INFO - [005930] 현재가: 357000, 고가: 366000, 저가: 348000
2026-06-04 12:28:33,602 - WARNING - ⚠️ 주문 고착 감지: 가격 이탈 (현재가:357,000, 목표가:362,500, 차이:5,500). 주문 취소를 시도합니다.
2026-06-04 12:28:33,602 - INFO - [CANCEL] 주문 취소 요청: 005930, 주문번호: 0000023695
2026-06-04 12:28:36,674 - INFO - 주문 취소 성공! (원주문: 0000023695)
2026-06-04 12:28:36,706 - INFO - 상태 전환 완료: HOLDING
2026-06-04 12:28:41,179 - INFO - 계좌 예수금: 9934495원
2026-06-04 12:28:41,180 - INFO - [005930] 보유: 1주, 매도 가능: 1주, 평단가: 360,000원
2026-06-04 12:28:41,187 - INFO - 미실현 손익: -3,000원 (-0.83%), 최고 수익률: 0.00%
2026-06-04 12:28:41,212 - INFO - 매도 조건 충족: 평단가(360,000), 현재가(357,000) -> 목표가(362,500원) (보수적 상향 보정)
2026-06-04 12:28:41,212 - INFO - [SELL] 주문 요청: 005930, 1주, 362500원
2026-06-04 12:28:43,945 - INFO - 주문 성공! 주문번호: 0000023769
2026-06-04 12:28:43,984 - INFO - 60초 후 다음 확인을 진행합니다. (현재 상태: SELLING)
2026-06-04 12:29:45,798 - INFO - [005930] 현재가: 357500, 고가: 366000, 저가: 348000
2026-06-04 12:29:45,799 - WARNING - ⚠️ 주문 고착 감지: 가격 이탈 (현재가:357,500, 목표가:362,500, 차이:5,000). 주문 취소를 시도합니다.
2026-06-04 12:29:45,799 - INFO - [CANCEL] 주문 취소 요청: 005930, 주문번호: 0000023769
2026-06-04 12:29:47,129 - INFO - 주문 취소 성공! (원주문: 0000023769)
2026-06-04 12:29:47,162 - INFO - 상태 전환 완료: HOLDING
2026-06-04 12:29:51,057 - INFO - 계좌 예수금: 9934495원
2026-06-04 12:29:51,057 - INFO - [005930] 보유: 1주, 매도 가능: 1주, 평단가: 360,000원
2026-06-04 12:29:51,065 - INFO - 미실현 손익: -2,500원 (-0.69%), 최고 수익률: 0.00%
2026-06-04 12:29:51,090 - INFO - 매도 조건 충족: 평단가(360,000), 현재가(357,500) -> 목표가(362,500원) (보수적 상향 보정)
2026-06-04 12:29:51,091 - INFO - [SELL] 주문 요청: 005930, 1주, 362500원
2026-06-04 12:29:53,375 - INFO - 주문 성공! 주문번호: 0000023850
2026-06-04 12:29:53,408 - INFO - 60초 후 다음 확인을 진행합니다. (현재 상태: SELLING)
2026-06-04 12:30:58,403 - INFO - [005930] 현재가: 358500, 고가: 366000, 저가: 348000
2026-06-04 12:30:58,404 - WARNING - ⚠️ 주문 고착 감지: 가격 이탈 (현재가:358,500, 목표가:362,500, 차이:4,000). 주문 취소를 시도합니다.
2026-06-04 12:30:58,404 - INFO - [CANCEL] 주문 취소 요청: 005930, 주문번호: 0000023850
2026-06-04 12:31:02,294 - INFO - 주문 취소 성공! (원주문: 0000023850)
2026-06-04 12:31:02,327 - INFO - 상태 전환 완료: HOLDING
2026-06-04 12:31:11,205 - INFO - 계좌 예수금: 9934495원
2026-06-04 12:31:11,205 - INFO - [005930] 보유: 1주, 매도 가능: 1주, 평단가: 360,000원
2026-06-04 12:31:11,213 - INFO - 미실현 손익: -1,500원 (-0.42%), 최고 수익률: 0.00%
2026-06-04 12:31:11,238 - INFO - 매도 조건 충족: 평단가(360,000), 현재가(358,500) -> 목표가(362,500원) (보수적 상향 보정)
2026-06-04 12:31:11,239 - INFO - [SELL] 주문 요청: 005930, 1주, 362500원
2026-06-04 12:31:14,278 - INFO - 주문 성공! 주문번호: 0000023948
2026-06-04 12:31:14,317 - INFO - 60초 후 다음 확인을 진행합니다. (현재 상태: SELLING)
2026-06-04 12:32:17,358 - INFO - [005930] 현재가: 359250, 고가: 366000, 저가: 348000
2026-06-04 12:32:17,358 - WARNING - ⚠️ 주문 고착 감지: 가격 이탈 (현재가:359,250, 목표가:362,500, 차이:3,250). 주문 취소를 시도합니다.
2026-06-04 12:32:17,359 - INFO - [CANCEL] 주문 취소 요청: 005930, 주문번호: 0000023948
2026-06-04 12:32:20,227 - INFO - 주문 취소 성공! (원주문: 0000023948)
2026-06-04 12:32:20,260 - INFO - 상태 전환 완료: HOLDING
2026-06-04 12:32:27,803 - INFO - 계좌 예수금: 9934495원
2026-06-04 12:32:27,804 - INFO - [005930] 보유: 1주, 매도 가능: 1주, 평단가: 360,000원
2026-06-04 12:32:27,810 - INFO - 미실현 손익: -750원 (-0.21%), 최고 수익률: 0.00%
2026-06-04 12:32:27,837 - INFO - 매도 조건 충족: 평단가(360,000), 현재가(359,250) -> 목표가(362,500원) (보수적 상향 보정)
2026-06-04 12:32:27,837 - INFO - [SELL] 주문 요청: 005930, 1주, 362500원
2026-06-04 12:32:29,852 - INFO - 주문 성공! 주문번호: 0000024032
2026-06-04 12:32:29,887 - INFO - 60초 후 다음 확인을 진행합니다. (현재 상태: SELLING)
2026-06-04 12:33:33,037 - INFO - [005930] 현재가: 359500, 고가: 366000, 저가: 348000
2026-06-04 12:33:33,037 - WARNING - ⚠️ 주문 고착 감지: 가격 이탈 (현재가:359,500, 목표가:362,500, 차이:3,000). 주문 취소를 시도합니다.
2026-06-04 12:33:33,038 - INFO - [CANCEL] 주문 취소 요청: 005930, 주문번호: 0000024032
2026-06-04 12:33:35,972 - INFO - 주문 취소 성공! (원주문: 0000024032)
2026-06-04 12:33:36,005 - INFO - 상태 전환 완료: HOLDING
2026-06-04 12:33:41,984 - INFO - 계좌 예수금: 9934495원
2026-06-04 12:33:41,984 - INFO - [005930] 보유: 1주, 매도 가능: 1주, 평단가: 360,000원
2026-06-04 12:33:41,991 - INFO - 미실현 손익: -500원 (-0.14%), 최고 수익률: 0.00%
2026-06-04 12:33:42,018 - INFO - 매도 조건 충족: 평단가(360,000), 현재가(359,500) -> 목표가(362,500원) (보수적 상향 보정)
2026-06-04 12:33:42,019 - INFO - [SELL] 주문 요청: 005930, 1주, 362500원
2026-06-04 12:33:43,378 - INFO - 주문 성공! 주문번호: 0000024104
2026-06-04 12:33:43,414 - INFO - 60초 후 다음 확인을 진행합니다. (현재 상태: SELLING)
2026-06-04 12:34:44,423 - INFO - [005930] 현재가: 359000, 고가: 366000, 저가: 348000
2026-06-04 12:34:44,424 - WARNING - ⚠️ 주문 고착 감지: 가격 이탈 (현재가:359,000, 목표가:362,500, 차이:3,500). 주문 취소를 시도합니다.
2026-06-04 12:34:44,424 - INFO - [CANCEL] 주문 취소 요청: 005930, 주문번호: 0000024104
2026-06-04 12:34:45,744 - INFO - 주문 취소 성공! (원주문: 0000024104)
2026-06-04 12:34:45,775 - INFO - 상태 전환 완료: HOLDING
2026-06-04 12:34:52,810 - INFO - 계좌 예수금: 9934495원
2026-06-04 12:34:52,811 - INFO - [005930] 보유: 1주, 매도 가능: 1주, 평단가: 360,000원
2026-06-04 12:34:52,817 - INFO - 미실현 손익: -1,000원 (-0.28%), 최고 수익률: 0.00%
2026-06-04 12:34:52,844 - INFO - 매도 조건 충족: 평단가(360,000), 현재가(359,000) -> 목표가(362,500원) (보수적 상향 보정)
2026-06-04 12:34:52,844 - INFO - [SELL] 주문 요청: 005930, 1주, 362500원
2026-06-04 12:34:55,318 - INFO - 주문 성공! 주문번호: 0000024193
2026-06-04 12:34:55,351 - INFO - 60초 후 다음 확인을 진행합니다. (현재 상태: SELLING)
2026-06-04 12:35:56,609 - INFO - [005930] 현재가: 358500, 고가: 366000, 저가: 348000
2026-06-04 12:35:56,609 - WARNING - ⚠️ 주문 고착 감지: 가격 이탈 (현재가:358,500, 목표가:362,500, 차이:4,000). 주문 취소를 시도합니다.
2026-06-04 12:35:56,610 - INFO - [CANCEL] 주문 취소 요청: 005930, 주문번호: 0000024193
2026-06-04 12:35:57,851 - INFO - 주문 취소 성공! (원주문: 0000024193)
2026-06-04 12:35:57,884 - INFO - 상태 전환 완료: HOLDING
2026-06-04 12:36:03,983 - INFO - 계좌 예수금: 9934495원
2026-06-04 12:36:03,984 - INFO - [005930] 보유: 1주, 매도 가능: 1주, 평단가: 360,000원
2026-06-04 12:36:03,991 - INFO - 미실현 손익: -1,500원 (-0.42%), 최고 수익률: 0.00%
2026-06-04 12:36:04,016 - INFO - 매도 조건 충족: 평단가(360,000), 현재가(358,500) -> 목표가(362,500원) (보수적 상향 보정)
2026-06-04 12:36:04,016 - INFO - [SELL] 주문 요청: 005930, 1주, 362500원
2026-06-04 12:36:06,236 - INFO - 주문 성공! 주문번호: 0000024270
2026-06-04 12:36:06,269 - INFO - 60초 후 다음 확인을 진행합니다. (현재 상태: SELLING)
2026-06-04 12:37:10,649 - INFO - [005930] 현재가: 358500, 고가: 366000, 저가: 348000
2026-06-04 12:37:10,649 - WARNING - ⚠️ 주문 고착 감지: 가격 이탈 (현재가:358,500, 목표가:362,500, 차이:4,000). 주문 취소를 시도합니다.
2026-06-04 12:37:10,650 - INFO - [CANCEL] 주문 취소 요청: 005930, 주문번호: 0000024270
2026-06-04 12:37:14,378 - INFO - 주문 취소 성공! (원주문: 0000024270)
2026-06-04 12:37:14,414 - INFO - 상태 전환 완료: HOLDING
2026-06-04 12:37:24,167 - INFO - 계좌 예수금: 9934495원
2026-06-04 12:37:24,168 - INFO - [005930] 보유: 1주, 매도 가능: 1주, 평단가: 360,000원
2026-06-04 12:37:24,175 - INFO - 미실현 손익: -1,500원 (-0.42%), 최고 수익률: 0.00%
2026-06-04 12:37:24,198 - INFO - 매도 조건 충족: 평단가(360,000), 현재가(358,500) -> 목표가(362,500원) (보수적 상향 보정)
2026-06-04 12:37:24,199 - INFO - [SELL] 주문 요청: 005930, 1주, 362500원
2026-06-04 12:37:24,336 - INFO - 주문 성공! 주문번호: 0000024352
2026-06-04 12:37:24,372 - INFO - 60초 후 다음 확인을 진행합니다. (현재 상태: SELLING)
2026-06-04 12:38:25,613 - INFO - [005930] 현재가: 358500, 고가: 366000, 저가: 348000
2026-06-04 12:38:25,614 - WARNING - ⚠️ 주문 고착 감지: 가격 이탈 (현재가:358,500, 목표가:362,500, 차이:4,000). 주문 취소를 시도합니다.
2026-06-04 12:38:25,614 - INFO - [CANCEL] 주문 취소 요청: 005930, 주문번호: 0000024352
2026-06-04 12:38:26,224 - INFO - 주문 취소 성공! (원주문: 0000024352)
2026-06-04 12:38:26,257 - INFO - 상태 전환 완료: HOLDING
2026-06-04 12:38:33,597 - INFO - 계좌 예수금: 9934495원
2026-06-04 12:38:33,597 - INFO - [005930] 보유: 1주, 매도 가능: 1주, 평단가: 360,000원
2026-06-04 12:38:33,604 - INFO - 미실현 손익: -1,500원 (-0.42%), 최고 수익률: 0.00%
2026-06-04 12:38:33,631 - INFO - 매도 조건 충족: 평단가(360,000), 현재가(358,500) -> 목표가(362,500원) (보수적 상향 보정)
2026-06-04 12:38:33,632 - INFO - [SELL] 주문 요청: 005930, 1주, 362500원
2026-06-04 12:38:36,158 - INFO - 주문 성공! 주문번호: 0000024419
2026-06-04 12:38:36,194 - INFO - 60초 후 다음 확인을 진행합니다. (현재 상태: SELLING)
2026-06-04 12:39:39,342 - INFO - [005930] 현재가: 358500, 고가: 366000, 저가: 348000
2026-06-04 12:39:39,343 - WARNING - ⚠️ 주문 고착 감지: 가격 이탈 (현재가:358,500, 목표가:362,500, 차이:4,000). 주문 취소를 시도합니다.
2026-06-04 12:39:39,343 - INFO - [CANCEL] 주문 취소 요청: 005930, 주문번호: 0000024419
2026-06-04 12:39:43,234 - INFO - 주문 취소 성공! (원주문: 0000024419)
2026-06-04 12:39:43,265 - INFO - 상태 전환 완료: HOLDING
2026-06-04 12:39:45,793 - INFO - 계좌 예수금: 9934495원
2026-06-04 12:39:45,794 - INFO - [005930] 보유: 1주, 매도 가능: 1주, 평단가: 360,000원
2026-06-04 12:39:45,800 - INFO - 미실현 손익: -1,500원 (-0.42%), 최고 수익률: 0.00%
2026-06-04 12:39:45,826 - INFO - 매도 조건 충족: 평단가(360,000), 현재가(358,500) -> 목표가(362,500원) (보수적 상향 보정)
2026-06-04 12:39:45,827 - INFO - [SELL] 주문 요청: 005930, 1주, 362500원
2026-06-04 12:39:48,866 - INFO - 주문 성공! 주문번호: 0000024478
2026-06-04 12:39:48,899 - INFO - 60초 후 다음 확인을 진행합니다. (현재 상태: SELLING)
2026-06-04 12:40:51,641 - INFO - [005930] 현재가: 358000, 고가: 366000, 저가: 348000
2026-06-04 12:40:51,641 - WARNING - ⚠️ 주문 고착 감지: 가격 이탈 (현재가:358,000, 목표가:362,500, 차이:4,500). 주문 취소를 시도합니다.
2026-06-04 12:40:51,641 - INFO - [CANCEL] 주문 취소 요청: 005930, 주문번호: 0000024478
2026-06-04 12:40:54,404 - INFO - 주문 취소 성공! (원주문: 0000024478)
2026-06-04 12:40:54,437 - INFO - 상태 전환 완료: HOLDING
2026-06-04 12:40:59,629 - INFO - 계좌 예수금: 9934495원
2026-06-04 12:40:59,629 - INFO - [005930] 보유: 1주, 매도 가능: 1주, 평단가: 360,000원
2026-06-04 12:40:59,637 - INFO - 미실현 손익: -2,000원 (-0.56%), 최고 수익률: 0.00%
2026-06-04 12:40:59,662 - INFO - 매도 조건 충족: 평단가(360,000), 현재가(358,000) -> 목표가(362,500원) (보수적 상향 보정)
2026-06-04 12:40:59,663 - INFO - [SELL] 주문 요청: 005930, 1주, 362500원
2026-06-04 12:41:02,085 - INFO - 주문 성공! 주문번호: 0000024546
2026-06-04 12:41:02,118 - INFO - 60초 후 다음 확인을 진행합니다. (현재 상태: SELLING)
2026-06-04 12:42:05,270 - INFO - [005930] 현재가: 357750, 고가: 366000, 저가: 348000
2026-06-04 12:42:05,271 - WARNING - ⚠️ 주문 고착 감지: 가격 이탈 (현재가:357,750, 목표가:362,500, 차이:4,750). 주문 취소를 시도합니다.
2026-06-04 12:42:05,271 - INFO - [CANCEL] 주문 취소 요청: 005930, 주문번호: 0000024546
2026-06-04 12:42:08,240 - INFO - 주문 취소 성공! (원주문: 0000024546)
2026-06-04 12:42:08,272 - INFO - 상태 전환 완료: HOLDING
2026-06-04 12:42:15,156 - INFO - 계좌 예수금: 9934495원
2026-06-04 12:42:15,156 - INFO - [005930] 보유: 1주, 매도 가능: 1주, 평단가: 360,000원
2026-06-04 12:42:15,163 - INFO - 미실현 손익: -2,250원 (-0.62%), 최고 수익률: 0.00%
2026-06-04 12:42:15,190 - INFO - 매도 조건 충족: 평단가(360,000), 현재가(357,750) -> 목표가(362,500원) (보수적 상향 보정)
2026-06-04 12:42:15,191 - INFO - [SELL] 주문 요청: 005930, 1주, 362500원
2026-06-04 12:42:17,931 - INFO - 주문 성공! 주문번호: 0000024618
2026-06-04 12:42:17,980 - INFO - 자가 최적화 기록 완료: C:\Users\witpo\OneDrive\바탕 화면\YONSEI\26-1\ECO4126 인공지능과금융공학\open-trading-api\self_optimization_history
2026-06-04 12:42:18,002 - INFO - 60초 후 다음 확인을 진행합니다. (현재 상태: SELLING)
2026-06-04 12:43:22,894 - INFO - [005930] 현재가: 356500, 고가: 366000, 저가: 348000
2026-06-04 12:43:22,895 - WARNING - ⚠️ 주문 고착 감지: 가격 이탈 (현재가:356,500, 목표가:362,500, 차이:6,000). 주문 취소를 시도합니다.
2026-06-04 12:43:22,895 - INFO - [CANCEL] 주문 취소 요청: 005930, 주문번호: 0000024618
2026-06-04 12:43:28,117 - INFO - 주문 취소 성공! (원주문: 0000024618)
2026-06-04 12:43:28,150 - INFO - 상태 전환 완료: HOLDING
2026-06-04 12:43:34,670 - INFO - 계좌 예수금: 9934495원
2026-06-04 12:43:34,671 - INFO - [005930] 보유: 1주, 매도 가능: 1주, 평단가: 360,000원
2026-06-04 12:43:34,678 - INFO - 미실현 손익: -3,500원 (-0.97%), 최고 수익률: 0.00%
2026-06-04 12:43:34,703 - INFO - 매도 조건 충족: 평단가(360,000), 현재가(356,500) -> 목표가(362,000원) (보수적 상향 보정)
2026-06-04 12:43:34,704 - INFO - [SELL] 주문 요청: 005930, 1주, 362000원
2026-06-04 12:43:37,845 - INFO - 주문 성공! 주문번호: 0000024725
2026-06-04 12:43:37,878 - INFO - 60초 후 다음 확인을 진행합니다. (현재 상태: SELLING)
2026-06-04 12:44:40,108 - INFO - [005930] 현재가: 356000, 고가: 366000, 저가: 348000
2026-06-04 12:44:40,109 - WARNING - ⚠️ 주문 고착 감지: 가격 이탈 (현재가:356,000, 목표가:362,000, 차이:6,000). 주문 취소를 시도합니다.
2026-06-04 12:44:40,109 - INFO - [CANCEL] 주문 취소 요청: 005930, 주문번호: 0000024725
2026-06-04 12:44:40,247 - INFO - 주문 취소 성공! (원주문: 0000024725)
2026-06-04 12:44:40,278 - INFO - 상태 전환 완료: HOLDING
2026-06-04 12:44:44,204 - INFO - 계좌 예수금: 9934495원
2026-06-04 12:44:44,205 - INFO - [005930] 보유: 1주, 매도 가능: 1주, 평단가: 360,000원
2026-06-04 12:44:44,213 - INFO - 미실현 손익: -4,000원 (-1.11%), 최고 수익률: 0.00%
2026-06-04 12:44:44,238 - INFO - 매도 조건 충족: 평단가(360,000), 현재가(356,000) -> 목표가(362,000원) (보수적 상향 보정)
2026-06-04 12:44:44,238 - INFO - [SELL] 주문 요청: 005930, 1주, 362000원
2026-06-04 12:44:46,866 - INFO - 주문 성공! 주문번호: 0000024805
2026-06-04 12:44:46,900 - INFO - 60초 후 다음 확인을 진행합니다. (현재 상태: SELLING)
2026-06-04 12:45:51,996 - INFO - [005930] 현재가: 356250, 고가: 366000, 저가: 348000
2026-06-04 12:45:51,997 - WARNING - ⚠️ 주문 고착 감지: 가격 이탈 (현재가:356,250, 목표가:362,000, 차이:5,750). 주문 취소를 시도합니다.
2026-06-04 12:45:51,997 - INFO - [CANCEL] 주문 취소 요청: 005930, 주문번호: 0000024805
2026-06-04 12:45:56,605 - INFO - 주문 취소 성공! (원주문: 0000024805)
2026-06-04 12:45:56,644 - INFO - 상태 전환 완료: HOLDING
2026-06-04 12:46:04,900 - INFO - 계좌 예수금: 9934495원
2026-06-04 12:46:04,901 - INFO - [005930] 보유: 1주, 매도 가능: 1주, 평단가: 360,000원
2026-06-04 12:46:04,909 - INFO - 미실현 손익: -3,750원 (-1.04%), 최고 수익률: 0.00%
2026-06-04 12:46:04,936 - INFO - 매도 조건 충족: 평단가(360,000), 현재가(356,250) -> 목표가(362,000원) (보수적 상향 보정)
2026-06-04 12:46:04,936 - INFO - [SELL] 주문 요청: 005930, 1주, 362000원
2026-06-04 12:46:10,123 - INFO - 주문 성공! 주문번호: 0000024895
2026-06-04 12:46:10,155 - INFO - 60초 후 다음 확인을 진행합니다. (현재 상태: SELLING)
2026-06-04 12:47:13,102 - INFO - [005930] 현재가: 356000, 고가: 366000, 저가: 348000
2026-06-04 12:47:13,103 - WARNING - ⚠️ 주문 고착 감지: 가격 이탈 (현재가:356,000, 목표가:362,000, 차이:6,000). 주문 취소를 시도합니다.
2026-06-04 12:47:13,103 - INFO - [CANCEL] 주문 취소 요청: 005930, 주문번호: 0000024895
2026-06-04 12:47:14,638 - INFO - 주문 취소 성공! (원주문: 0000024895)
2026-06-04 12:47:14,673 - INFO - 상태 전환 완료: HOLDING
2026-06-04 12:47:22,626 - INFO - 계좌 예수금: 9934495원
2026-06-04 12:47:22,627 - INFO - [005930] 보유: 1주, 매도 가능: 1주, 평단가: 360,000원
2026-06-04 12:47:22,634 - INFO - 미실현 손익: -4,000원 (-1.11%), 최고 수익률: 0.00%
2026-06-04 12:47:22,661 - INFO - 매도 조건 충족: 평단가(360,000), 현재가(356,000) -> 목표가(362,000원) (보수적 상향 보정)
2026-06-04 12:47:22,661 - INFO - [SELL] 주문 요청: 005930, 1주, 362000원
2026-06-04 12:47:24,265 - INFO - 주문 성공! 주문번호: 0000024941
2026-06-04 12:47:24,297 - INFO - 60초 후 다음 확인을 진행합니다. (현재 상태: SELLING)
2026-06-04 12:48:24,407 - INFO - [005930] 현재가: 356000, 고가: 366000, 저가: 348000
2026-06-04 12:48:24,408 - WARNING - ⚠️ 주문 고착 감지: 가격 이탈 (현재가:356,000, 목표가:362,000, 차이:6,000). 주문 취소를 시도합니다.
2026-06-04 12:48:24,408 - INFO - [CANCEL] 주문 취소 요청: 005930, 주문번호: 0000024941
2026-06-04 12:48:29,702 - INFO - 주문 취소 성공! (원주문: 0000024941)
2026-06-04 12:48:29,733 - INFO - 상태 전환 완료: HOLDING
2026-06-04 12:48:35,232 - INFO - 계좌 예수금: 9934495원
2026-06-04 12:48:35,233 - INFO - [005930] 보유: 1주, 매도 가능: 1주, 평단가: 360,000원
2026-06-04 12:48:35,241 - INFO - 미실현 손익: -4,000원 (-1.11%), 최고 수익률: 0.00%
2026-06-04 12:48:35,268 - INFO - 매도 조건 충족: 평단가(360,000), 현재가(356,000) -> 목표가(362,000원) (보수적 상향 보정)
2026-06-04 12:48:35,268 - INFO - [SELL] 주문 요청: 005930, 1주, 362000원
2026-06-04 12:48:39,226 - INFO - 주문 성공! 주문번호: 0000025012
2026-06-04 12:48:39,260 - INFO - 60초 후 다음 확인을 진행합니다. (현재 상태: SELLING)
2026-06-04 12:49:39,394 - INFO - [005930] 현재가: 356000, 고가: 366000, 저가: 348000
2026-06-04 12:49:39,395 - WARNING - ⚠️ 주문 고착 감지: 가격 이탈 (현재가:356,000, 목표가:362,000, 차이:6,000). 주문 취소를 시도합니다.
2026-06-04 12:49:39,395 - INFO - [CANCEL] 주문 취소 요청: 005930, 주문번호: 0000025012
2026-06-04 12:49:39,889 - INFO - 주문 취소 성공! (원주문: 0000025012)
2026-06-04 12:49:39,921 - INFO - 상태 전환 완료: HOLDING
2026-06-04 12:49:49,373 - INFO - 계좌 예수금: 9934495원
2026-06-04 12:49:49,374 - INFO - [005930] 보유: 1주, 매도 가능: 1주, 평단가: 360,000원
2026-06-04 12:49:49,381 - INFO - 미실현 손익: -4,000원 (-1.11%), 최고 수익률: 0.00%
2026-06-04 12:49:49,408 - INFO - 매도 조건 충족: 평단가(360,000), 현재가(356,000) -> 목표가(362,000원) (보수적 상향 보정)
2026-06-04 12:49:49,408 - INFO - [SELL] 주문 요청: 005930, 1주, 362000원
2026-06-04 12:49:51,835 - INFO - 주문 성공! 주문번호: 0000025071
2026-06-04 12:49:51,873 - INFO - 60초 후 다음 확인을 진행합니다. (현재 상태: SELLING)
2026-06-04 12:50:52,389 - INFO - [005930] 현재가: 357000, 고가: 366000, 저가: 348000
2026-06-04 12:50:52,389 - WARNING - ⚠️ 주문 고착 감지: 가격 이탈 (현재가:357,000, 목표가:362,000, 차이:5,000). 주문 취소를 시도합니다.
2026-06-04 12:50:52,390 - INFO - [CANCEL] 주문 취소 요청: 005930, 주문번호: 0000025071
2026-06-04 12:50:56,961 - INFO - 주문 취소 성공! (원주문: 0000025071)
2026-06-04 12:50:56,994 - INFO - 상태 전환 완료: HOLDING
2026-06-04 12:51:03,721 - INFO - 계좌 예수금: 9934495원
2026-06-04 12:51:03,721 - INFO - [005930] 보유: 1주, 매도 가능: 1주, 평단가: 360,000원
2026-06-04 12:51:03,729 - INFO - 미실현 손익: -3,000원 (-0.83%), 최고 수익률: 0.00%
2026-06-04 12:51:03,755 - INFO - 매도 조건 충족: 평단가(360,000), 현재가(357,000) -> 목표가(362,000원) (보수적 상향 보정)
2026-06-04 12:51:03,755 - INFO - [SELL] 주문 요청: 005930, 1주, 362000원
2026-06-04 12:51:05,666 - INFO - 주문 성공! 주문번호: 0000025129
2026-06-04 12:51:05,701 - INFO - 60초 후 다음 확인을 진행합니다. (현재 상태: SELLING)
2026-06-04 12:52:09,363 - INFO - [005930] 현재가: 357000, 고가: 366000, 저가: 348000
2026-06-04 12:52:09,364 - WARNING - ⚠️ 주문 고착 감지: 가격 이탈 (현재가:357,000, 목표가:362,000, 차이:5,000). 주문 취소를 시도합니다.
2026-06-04 12:52:09,364 - INFO - [CANCEL] 주문 취소 요청: 005930, 주문번호: 0000025129
2026-06-04 12:52:12,437 - INFO - 주문 취소 성공! (원주문: 0000025129)
2026-06-04 12:52:12,474 - INFO - 상태 전환 완료: HOLDING
2026-06-04 12:52:21,651 - INFO - 계좌 예수금: 9934495원
2026-06-04 12:52:21,652 - INFO - [005930] 보유: 1주, 매도 가능: 1주, 평단가: 360,000원
2026-06-04 12:52:21,659 - INFO - 미실현 손익: -3,000원 (-0.83%), 최고 수익률: 0.00%
2026-06-04 12:52:21,686 - INFO - 매도 조건 충족: 평단가(360,000), 현재가(357,000) -> 목표가(362,000원) (보수적 상향 보정)
2026-06-04 12:52:21,687 - INFO - [SELL] 주문 요청: 005930, 1주, 362000원
2026-06-04 12:52:23,700 - INFO - 주문 성공! 주문번호: 0000025186
2026-06-04 12:52:23,735 - INFO - 60초 후 다음 확인을 진행합니다. (현재 상태: SELLING)
2026-06-04 12:53:24,630 - INFO - [005930] 현재가: 356500, 고가: 366000, 저가: 348000
2026-06-04 12:53:24,630 - WARNING - ⚠️ 주문 고착 감지: 가격 이탈 (현재가:356,500, 목표가:362,000, 차이:5,500). 주문 취소를 시도합니다.
2026-06-04 12:53:24,631 - INFO - [CANCEL] 주문 취소 요청: 005930, 주문번호: 0000025186
2026-06-04 12:53:25,451 - INFO - 주문 취소 성공! (원주문: 0000025186)
2026-06-04 12:53:25,485 - INFO - 상태 전환 완료: HOLDING
2026-06-04 12:53:31,322 - INFO - 계좌 예수금: 9934495원
2026-06-04 12:53:31,323 - INFO - [005930] 보유: 1주, 매도 가능: 1주, 평단가: 360,000원
2026-06-04 12:53:31,331 - INFO - 미실현 손익: -3,500원 (-0.97%), 최고 수익률: 0.00%
2026-06-04 12:53:31,353 - INFO - 매도 조건 충족: 평단가(360,000), 현재가(356,500) -> 목표가(362,000원) (보수적 상향 보정)
2026-06-04 12:53:31,354 - INFO - [SELL] 주문 요청: 005930, 1주, 362000원
2026-06-04 12:53:32,208 - INFO - 주문 성공! 주문번호: 0000025243
2026-06-04 12:53:32,244 - INFO - 60초 후 다음 확인을 진행합니다. (현재 상태: SELLING)
2026-06-04 12:54:32,357 - INFO - [005930] 현재가: 356750, 고가: 366000, 저가: 348000
2026-06-04 12:54:32,357 - WARNING - ⚠️ 주문 고착 감지: 가격 이탈 (현재가:356,750, 목표가:362,000, 차이:5,250). 주문 취소를 시도합니다.
2026-06-04 12:54:32,358 - INFO - [CANCEL] 주문 취소 요청: 005930, 주문번호: 0000025243
2026-06-04 12:54:32,889 - INFO - 주문 취소 성공! (원주문: 0000025243)
2026-06-04 12:54:32,925 - INFO - 상태 전환 완료: HOLDING
2026-06-04 12:54:37,339 - INFO - 계좌 예수금: 9934495원
2026-06-04 12:54:37,340 - INFO - [005930] 보유: 1주, 매도 가능: 1주, 평단가: 360,000원
2026-06-04 12:54:37,348 - INFO - 미실현 손익: -3,250원 (-0.90%), 최고 수익률: 0.00%
2026-06-04 12:54:37,376 - INFO - 매도 조건 충족: 평단가(360,000), 현재가(356,750) -> 목표가(362,000원) (보수적 상향 보정)
2026-06-04 12:54:37,376 - INFO - [SELL] 주문 요청: 005930, 1주, 362000원
2026-06-04 12:54:37,494 - INFO - 주문 성공! 주문번호: 0000025299
2026-06-04 12:54:37,525 - INFO - 60초 후 다음 확인을 진행합니다. (현재 상태: SELLING)
2026-06-04 12:55:40,932 - INFO - [005930] 현재가: 358000, 고가: 366000, 저가: 348000
2026-06-04 12:55:40,933 - WARNING - ⚠️ 주문 고착 감지: 가격 이탈 (현재가:358,000, 목표가:362,000, 차이:4,000). 주문 취소를 시도합니다.
2026-06-04 12:55:40,933 - INFO - [CANCEL] 주문 취소 요청: 005930, 주문번호: 0000025299
2026-06-04 12:55:43,903 - INFO - 주문 취소 성공! (원주문: 0000025299)
2026-06-04 12:55:43,938 - INFO - 상태 전환 완료: HOLDING
2026-06-04 12:55:51,584 - INFO - 계좌 예수금: 9934495원
2026-06-04 12:55:51,584 - INFO - [005930] 보유: 1주, 매도 가능: 1주, 평단가: 360,000원
2026-06-04 12:55:51,592 - INFO - 미실현 손익: -2,000원 (-0.56%), 최고 수익률: 0.00%
2026-06-04 12:55:51,616 - INFO - 매도 조건 충족: 평단가(360,000), 현재가(358,000) -> 목표가(362,000원) (보수적 상향 보정)
2026-06-04 12:55:51,617 - INFO - [SELL] 주문 요청: 005930, 1주, 362000원
2026-06-04 12:55:54,142 - INFO - 주문 성공! 주문번호: 0000025378
2026-06-04 12:55:54,177 - INFO - 60초 후 다음 확인을 진행합니다. (현재 상태: SELLING)
2026-06-04 12:56:54,287 - INFO - [005930] 현재가: 357750, 고가: 366000, 저가: 348000
2026-06-04 12:56:54,288 - WARNING - ⚠️ 주문 고착 감지: 가격 이탈 (현재가:357,750, 목표가:362,000, 차이:4,250). 주문 취소를 시도합니다.
2026-06-04 12:56:54,288 - INFO - [CANCEL] 주문 취소 요청: 005930, 주문번호: 0000025378
2026-06-04 12:56:58,043 - INFO - 주문 취소 성공! (원주문: 0000025378)
2026-06-04 12:56:58,082 - INFO - 상태 전환 완료: HOLDING
2026-06-04 12:57:06,544 - INFO - 계좌 예수금: 9934495원
2026-06-04 12:57:06,545 - INFO - [005930] 보유: 1주, 매도 가능: 1주, 평단가: 360,000원
2026-06-04 12:57:06,552 - INFO - 미실현 손익: -2,250원 (-0.62%), 최고 수익률: 0.00%
2026-06-04 12:57:06,579 - INFO - 매도 조건 충족: 평단가(360,000), 현재가(357,750) -> 목표가(362,000원) (보수적 상향 보정)
2026-06-04 12:57:06,579 - INFO - [SELL] 주문 요청: 005930, 1주, 362000원
2026-06-04 12:57:08,182 - INFO - 주문 성공! 주문번호: 0000025429
2026-06-04 12:57:08,213 - INFO - 60초 후 다음 확인을 진행합니다. (현재 상태: SELLING)
2026-06-04 12:58:11,777 - INFO - [005930] 현재가: 358000, 고가: 366000, 저가: 348000
2026-06-04 12:58:11,777 - WARNING - ⚠️ 주문 고착 감지: 가격 이탈 (현재가:358,000, 목표가:362,000, 차이:4,000). 주문 취소를 시도합니다.
2026-06-04 12:58:11,778 - INFO - [CANCEL] 주문 취소 요청: 005930, 주문번호: 0000025429
2026-06-04 12:58:14,849 - INFO - 주문 취소 성공! (원주문: 0000025429)
2026-06-04 12:58:14,886 - INFO - 상태 전환 완료: HOLDING
2026-06-04 12:58:22,632 - INFO - 계좌 예수금: 9934495원
2026-06-04 12:58:22,633 - INFO - [005930] 보유: 1주, 매도 가능: 1주, 평단가: 360,000원
2026-06-04 12:58:22,641 - INFO - 미실현 손익: -2,000원 (-0.56%), 최고 수익률: 0.00%
2026-06-04 12:58:22,669 - INFO - 매도 조건 충족: 평단가(360,000), 현재가(358,000) -> 목표가(362,000원) (보수적 상향 보정)
2026-06-04 12:58:22,669 - INFO - [SELL] 주문 요청: 005930, 1주, 362000원
2026-06-04 12:58:26,523 - INFO - 주문 성공! 주문번호: 0000025487
2026-06-04 12:58:26,559 - INFO - 60초 후 다음 확인을 진행합니다. (현재 상태: SELLING)
2026-06-04 12:59:28,274 - INFO - [005930] 현재가: 358000, 고가: 366000, 저가: 348000
2026-06-04 12:59:28,274 - WARNING - ⚠️ 주문 고착 감지: 가격 이탈 (현재가:358,000, 목표가:362,000, 차이:4,000). 주문 취소를 시도합니다.
2026-06-04 12:59:28,275 - INFO - [CANCEL] 주문 취소 요청: 005930, 주문번호: 0000025487
2026-06-04 12:59:30,424 - INFO - 주문 취소 성공! (원주문: 0000025487)
2026-06-04 12:59:30,460 - INFO - 상태 전환 완료: HOLDING
2026-06-04 12:59:38,248 - INFO - 계좌 예수금: 9934495원
2026-06-04 12:59:38,248 - INFO - [005930] 보유: 1주, 매도 가능: 1주, 평단가: 360,000원
2026-06-04 12:59:38,256 - INFO - 미실현 손익: -2,000원 (-0.56%), 최고 수익률: 0.00%
2026-06-04 12:59:38,284 - INFO - 매도 조건 충족: 평단가(360,000), 현재가(358,000) -> 목표가(362,000원) (보수적 상향 보정)
2026-06-04 12:59:38,285 - INFO - [SELL] 주문 요청: 005930, 1주, 362000원
2026-06-04 12:59:41,176 - INFO - 주문 성공! 주문번호: 0000025553
2026-06-04 12:59:41,210 - INFO - 60초 후 다음 확인을 진행합니다. (현재 상태: SELLING)
2026-06-04 13:00:51,306 - ERROR - GET 요청 실패 (FHKST01010100): HTTPSConnectionPool(host='openapivts.koreainvestment.com', port=29443): Read timed out. (read timeout=10)
2026-06-04 13:00:51,307 - WARNING - [005930] 현재가를 가져오는데 실패했습니다. 10초 후 재시도합니다.
2026-06-04 13:01:10,496 - INFO - [005930] 현재가: 357500, 고가: 366000, 저가: 348000
2026-06-04 13:01:10,497 - WARNING - ⚠️ 주문 고착 감지: 가격 이탈 (현재가:357,500, 목표가:362,000, 차이:4,500). 주문 취소를 시도합니다.
2026-06-04 13:01:10,497 - INFO - [CANCEL] 주문 취소 요청: 005930, 주문번호: 0000025553
2026-06-04 13:01:20,100 - INFO - 주문 취소 성공! (원주문: 0000025553)
2026-06-04 13:01:20,139 - INFO - 상태 전환 완료: HOLDING
2026-06-04 13:01:31,230 - ERROR - GET 요청 실패 (VTTC8434R): HTTPSConnectionPool(host='openapivts.koreainvestment.com', port=29443): Read timed out. (read timeout=10)
2026-06-04 13:01:31,231 - ERROR - 잔고 조회 실패
2026-06-04 13:01:39,195 - WARNING - 예수금 부족으로 매수 불가 (예수금: 0원, 필요: 356000원)
2026-06-04 13:01:39,196 - INFO - 60초 후 다음 확인을 진행합니다. (현재 상태: IDLE)
2026-06-04 13:02:43,460 - INFO - [005930] 현재가: 356750, 고가: 366000, 저가: 348000
2026-06-04 13:02:52,778 - INFO - 계좌 예수금: 9934495원
2026-06-04 13:02:52,779 - INFO - [005930] 보유: 1주, 매도 가능: 1주, 평단가: 360,000원
2026-06-04 13:02:52,786 - INFO - 미실현 손익: -3,250원 (-0.90%), 최고 수익률: 0.00%
2026-06-04 13:02:52,830 - INFO - 자가 최적화 기록 완료: C:\Users\witpo\OneDrive\바탕 화면\YONSEI\26-1\ECO4126 인공지능과금융공학\open-trading-api\self_optimization_history
2026-06-04 13:02:52,830 - INFO - 매도 조건 충족: 평단가(360,000), 현재가(356,750) -> 목표가(362,000원) (보수적 상향 보정)
2026-06-04 13:02:52,831 - INFO - [SELL] 주문 요청: 005930, 1주, 362000원
2026-06-04 13:02:57,079 - INFO - 주문 성공! 주문번호: 0000025702
2026-06-04 13:02:57,135 - INFO - 60초 후 다음 확인을 진행합니다. (현재 상태: SELLING)
2026-06-04 13:03:57,604 - INFO - [005930] 현재가: 356000, 고가: 366000, 저가: 348000
2026-06-04 13:03:57,604 - WARNING - ⚠️ 주문 고착 감지: 가격 이탈 (현재가:356,000, 목표가:362,000, 차이:6,000). 주문 취소를 시도합니다.
2026-06-04 13:03:57,605 - INFO - [CANCEL] 주문 취소 요청: 005930, 주문번호: 0000025702
2026-06-04 13:03:58,215 - INFO - 주문 취소 성공! (원주문: 0000025702)
2026-06-04 13:03:58,248 - INFO - 상태 전환 완료: HOLDING
2026-06-04 13:04:08,251 - INFO - 계좌 예수금: 9934495원
2026-06-04 13:04:08,251 - INFO - [005930] 보유: 1주, 매도 가능: 1주, 평단가: 360,000원
2026-06-04 13:04:08,259 - INFO - 미실현 손익: -4,000원 (-1.11%), 최고 수익률: 0.00%
2026-06-04 13:04:08,287 - INFO - 매도 조건 충족: 평단가(360,000), 현재가(356,000) -> 목표가(362,500원) (보수적 상향 보정)
2026-06-04 13:04:08,288 - INFO - [SELL] 주문 요청: 005930, 1주, 362500원
2026-06-04 13:04:09,894 - INFO - 주문 성공! 주문번호: 0000025806
2026-06-04 13:04:09,926 - INFO - 60초 후 다음 확인을 진행합니다. (현재 상태: SELLING)
2026-06-04 13:05:11,846 - INFO - [005930] 현재가: 356250, 고가: 366000, 저가: 348000
2026-06-04 13:05:11,846 - WARNING - ⚠️ 주문 고착 감지: 가격 이탈 (현재가:356,250, 목표가:362,500, 차이:6,250). 주문 취소를 시도합니다.
2026-06-04 13:05:11,847 - INFO - [CANCEL] 주문 취소 요청: 005930, 주문번호: 0000025806
2026-06-04 13:05:14,563 - INFO - 주문 취소 성공! (원주문: 0000025806)
2026-06-04 13:05:14,597 - INFO - 상태 전환 완료: HOLDING
2026-06-04 13:05:23,424 - INFO - 계좌 예수금: 9934495원
2026-06-04 13:05:23,425 - INFO - [005930] 보유: 1주, 매도 가능: 1주, 평단가: 360,000원
2026-06-04 13:05:23,432 - INFO - 미실현 손익: -3,750원 (-1.04%), 최고 수익률: 0.00%
2026-06-04 13:05:23,459 - INFO - 매도 조건 충족: 평단가(360,000), 현재가(356,250) -> 목표가(362,500원) (보수적 상향 보정)
2026-06-04 13:05:23,460 - INFO - [SELL] 주문 요청: 005930, 1주, 362500원
2026-06-04 13:05:26,834 - INFO - 주문 성공! 주문번호: 0000025890
2026-06-04 13:05:26,869 - INFO - 60초 후 다음 확인을 진행합니다. (현재 상태: SELLING)
2026-06-04 13:06:26,963 - INFO - [005930] 현재가: 356000, 고가: 366000, 저가: 348000
2026-06-04 13:06:26,964 - WARNING - ⚠️ 주문 고착 감지: 가격 이탈 (현재가:356,000, 목표가:362,500, 차이:6,500). 주문 취소를 시도합니다.
2026-06-04 13:06:26,964 - INFO - [CANCEL] 주문 취소 요청: 005930, 주문번호: 0000025890
2026-06-04 13:06:27,464 - ERROR - POST 요청 실패 (VTTC0013U): 500 Server Error: Internal Server Error for url: https://openapivts.koreainvestment.com:29443/uapi/domestic-stock/v1/trading/order-rvsecncl
2026-06-04 13:06:27,465 - ERROR - 상세 에러: {"rt_cd":"1","msg1":"초당 거래건수를 초과하였습니다.","msg_cd":"EGW00201","message":"EGW00201"}
2026-06-04 13:06:27,467 - ERROR - 주문 취소 실패: 응답 없음
2026-06-04 13:06:27,468 - ERROR - 주문 취소 실패. 다음 루프에서 재시도합니다.
2026-06-04 13:06:37,457 - INFO - 계좌 예수금: 9934495원
2026-06-04 13:06:37,457 - INFO - [005930] 보유: 1주, 매도 가능: 0주, 평단가: 360,000원
2026-06-04 13:06:37,466 - INFO - 미실현 손익: -4,000원 (-1.11%), 최고 수익률: 0.00%
2026-06-04 13:06:37,492 - INFO - 보유 수량(1)에 대해 매도 주문(0000025890)이 진행 중입니다.
2026-06-04 13:06:37,493 - INFO - 60초 후 다음 확인을 진행합니다. (현재 상태: SELLING)
2026-06-04 13:07:37,588 - INFO - [005930] 현재가: 356500, 고가: 366000, 저가: 348000
2026-06-04 13:07:37,589 - WARNING - ⚠️ 주문 고착 감지: 가격 이탈 (현재가:356,500, 목표가:362,500, 차이:6,000). 주문 취소를 시도합니다.
2026-06-04 13:07:37,589 - INFO - [CANCEL] 주문 취소 요청: 005930, 주문번호: 0000025890
2026-06-04 13:07:42,178 - INFO - 주문 취소 성공! (원주문: 0000025890)
2026-06-04 13:07:42,212 - INFO - 상태 전환 완료: HOLDING
2026-06-04 13:07:49,859 - INFO - 계좌 예수금: 9934495원
2026-06-04 13:07:49,860 - INFO - [005930] 보유: 1주, 매도 가능: 1주, 평단가: 360,000원
2026-06-04 13:07:49,870 - INFO - 미실현 손익: -3,500원 (-0.97%), 최고 수익률: 0.00%
2026-06-04 13:07:49,896 - INFO - 매도 조건 충족: 평단가(360,000), 현재가(356,500) -> 목표가(362,500원) (보수적 상향 보정)
2026-06-04 13:07:49,897 - INFO - [SELL] 주문 요청: 005930, 1주, 362500원
2026-06-04 13:07:50,053 - INFO - 주문 성공! 주문번호: 0000026121
2026-06-04 13:07:50,085 - INFO - 60초 후 다음 확인을 진행합니다. (현재 상태: SELLING)
2026-06-04 13:08:50,182 - INFO - [005930] 현재가: 356500, 고가: 366000, 저가: 348000
2026-06-04 13:08:50,183 - WARNING - ⚠️ 주문 고착 감지: 가격 이탈 (현재가:356,500, 목표가:362,500, 차이:6,000). 주문 취소를 시도합니다.
2026-06-04 13:08:50,183 - INFO - [CANCEL] 주문 취소 요청: 005930, 주문번호: 0000026121
2026-06-04 13:08:51,711 - INFO - 주문 취소 성공! (원주문: 0000026121)
2026-06-04 13:08:51,742 - INFO - 상태 전환 완료: HOLDING
2026-06-04 13:08:57,957 - INFO - 계좌 예수금: 9934495원
2026-06-04 13:08:57,958 - INFO - [005930] 보유: 1주, 매도 가능: 1주, 평단가: 360,000원
2026-06-04 13:08:57,966 - INFO - 미실현 손익: -3,500원 (-0.97%), 최고 수익률: 0.00%
2026-06-04 13:08:57,992 - INFO - 매도 조건 충족: 평단가(360,000), 현재가(356,500) -> 목표가(362,500원) (보수적 상향 보정)
2026-06-04 13:08:57,993 - INFO - [SELL] 주문 요청: 005930, 1주, 362500원
2026-06-04 13:08:58,146 - INFO - 주문 성공! 주문번호: 0000026181
2026-06-04 13:08:58,176 - INFO - 60초 후 다음 확인을 진행합니다. (현재 상태: SELLING)
2026-06-04 13:09:58,294 - INFO - [005930] 현재가: 356500, 고가: 366000, 저가: 348000
2026-06-04 13:09:58,295 - WARNING - ⚠️ 주문 고착 감지: 가격 이탈 (현재가:356,500, 목표가:362,500, 차이:6,000). 주문 취소를 시도합니다.
2026-06-04 13:09:58,295 - INFO - [CANCEL] 주문 취소 요청: 005930, 주문번호: 0000026181
2026-06-04 13:10:00,528 - INFO - 주문 취소 성공! (원주문: 0000026181)
2026-06-04 13:10:00,562 - INFO - 상태 전환 완료: HOLDING
2026-06-04 13:10:09,391 - INFO - 계좌 예수금: 9934495원
2026-06-04 13:10:09,391 - INFO - [005930] 보유: 1주, 매도 가능: 1주, 평단가: 360,000원
2026-06-04 13:10:09,399 - INFO - 미실현 손익: -3,500원 (-0.97%), 최고 수익률: 0.00%
2026-06-04 13:10:09,424 - INFO - 매도 조건 충족: 평단가(360,000), 현재가(356,500) -> 목표가(362,500원) (보수적 상향 보정)
2026-06-04 13:10:09,425 - INFO - [SELL] 주문 요청: 005930, 1주, 362500원
2026-06-04 13:10:14,762 - INFO - 주문 성공! 주문번호: 0000026243
2026-06-04 13:10:14,803 - INFO - 60초 후 다음 확인을 진행합니다. (현재 상태: SELLING)
2026-06-04 13:11:18,048 - INFO - [005930] 현재가: 356750, 고가: 366000, 저가: 348000
2026-06-04 13:11:18,049 - WARNING - ⚠️ 주문 고착 감지: 가격 이탈 (현재가:356,750, 목표가:362,500, 차이:5,750). 주문 취소를 시도합니다.
2026-06-04 13:11:18,049 - INFO - [CANCEL] 주문 취소 요청: 005930, 주문번호: 0000026243
2026-06-04 13:11:20,097 - INFO - 주문 취소 성공! (원주문: 0000026243)
2026-06-04 13:11:20,136 - INFO - 상태 전환 완료: HOLDING
2026-06-04 13:11:30,337 - INFO - 계좌 예수금: 9934495원
2026-06-04 13:11:30,337 - INFO - [005930] 보유: 1주, 매도 가능: 1주, 평단가: 360,000원
2026-06-04 13:11:30,345 - INFO - 미실현 손익: -3,250원 (-0.90%), 최고 수익률: 0.00%
2026-06-04 13:11:30,373 - INFO - 매도 조건 충족: 평단가(360,000), 현재가(356,750) -> 목표가(362,500원) (보수적 상향 보정)
2026-06-04 13:11:30,373 - INFO - [SELL] 주문 요청: 005930, 1주, 362500원
2026-06-04 13:11:30,513 - INFO - 주문 성공! 주문번호: 0000026318
2026-06-04 13:11:30,544 - INFO - 60초 후 다음 확인을 진행합니다. (현재 상태: SELLING)
2026-06-04 13:12:32,395 - INFO - [005930] 현재가: 356750, 고가: 366000, 저가: 348000
2026-06-04 13:12:32,396 - WARNING - ⚠️ 주문 고착 감지: 가격 이탈 (현재가:356,750, 목표가:362,500, 차이:5,750). 주문 취소를 시도합니다.
2026-06-04 13:12:32,396 - INFO - [CANCEL] 주문 취소 요청: 005930, 주문번호: 0000026318
2026-06-04 13:12:34,546 - INFO - 주문 취소 성공! (원주문: 0000026318)
2026-06-04 13:12:34,580 - INFO - 상태 전환 완료: HOLDING
2026-06-04 13:12:40,280 - INFO - 계좌 예수금: 9934495원
2026-06-04 13:12:40,281 - INFO - [005930] 보유: 1주, 매도 가능: 1주, 평단가: 360,000원
2026-06-04 13:12:40,288 - INFO - 미실현 손익: -3,250원 (-0.90%), 최고 수익률: 0.00%
2026-06-04 13:12:40,315 - INFO - 매도 조건 충족: 평단가(360,000), 현재가(356,750) -> 목표가(362,500원) (보수적 상향 보정)
2026-06-04 13:12:40,315 - INFO - [SELL] 주문 요청: 005930, 1주, 362500원
2026-06-04 13:12:42,738 - INFO - 주문 성공! 주문번호: 0000026379
2026-06-04 13:12:42,780 - INFO - 60초 후 다음 확인을 진행합니다. (현재 상태: SELLING)
2026-06-04 13:13:45,001 - INFO - [005930] 현재가: 356500, 고가: 366000, 저가: 348000
2026-06-04 13:13:45,001 - WARNING - ⚠️ 주문 고착 감지: 가격 이탈 (현재가:356,500, 목표가:362,500, 차이:6,000). 주문 취소를 시도합니다.
2026-06-04 13:13:45,002 - INFO - [CANCEL] 주문 취소 요청: 005930, 주문번호: 0000026379
2026-06-04 13:13:45,137 - INFO - 주문 취소 성공! (원주문: 0000026379)
2026-06-04 13:13:45,169 - INFO - 상태 전환 완료: HOLDING
2026-06-04 13:13:53,091 - INFO - 계좌 예수금: 9934495원
2026-06-04 13:13:53,092 - INFO - [005930] 보유: 1주, 매도 가능: 1주, 평단가: 360,000원
2026-06-04 13:13:53,100 - INFO - 미실현 손익: -3,500원 (-0.97%), 최고 수익률: 0.00%
2026-06-04 13:13:53,127 - INFO - 매도 조건 충족: 평단가(360,000), 현재가(356,500) -> 목표가(362,500원) (보수적 상향 보정)
2026-06-04 13:13:53,127 - INFO - [SELL] 주문 요청: 005930, 1주, 362500원
2026-06-04 13:13:54,832 - INFO - 주문 성공! 주문번호: 0000026417
2026-06-04 13:13:54,869 - INFO - 60초 후 다음 확인을 진행합니다. (현재 상태: SELLING)
2026-06-04 13:14:54,993 - INFO - [005930] 현재가: 356500, 고가: 366000, 저가: 348000
2026-06-04 13:14:55,002 - WARNING - ⚠️ 주문 고착 감지: 가격 이탈 (현재가:356,500, 목표가:362,500, 차이:6,000). 주문 취소를 시도합니다.
2026-06-04 13:14:55,003 - INFO - [CANCEL] 주문 취소 요청: 005930, 주문번호: 0000026417
2026-06-04 13:14:55,471 - ERROR - POST 요청 실패 (VTTC0013U): 500 Server Error: Internal Server Error for url: https://openapivts.koreainvestment.com:29443/uapi/domestic-stock/v1/trading/order-rvsecncl
2026-06-04 13:14:55,472 - ERROR - 상세 에러: {"rt_cd":"1","msg1":"초당 거래건수를 초과하였습니다.","msg_cd":"EGW00201","message":"EGW00201"}
2026-06-04 13:14:55,475 - ERROR - 주문 취소 실패: 응답 없음
2026-06-04 13:14:55,476 - ERROR - 주문 취소 실패. 다음 루프에서 재시도합니다.
2026-06-04 13:15:02,626 - INFO - 계좌 예수금: 9934495원
2026-06-04 13:15:02,626 - INFO - [005930] 보유: 1주, 매도 가능: 0주, 평단가: 360,000원
2026-06-04 13:15:02,634 - INFO - 미실현 손익: -3,500원 (-0.97%), 최고 수익률: 0.00%
2026-06-04 13:15:02,666 - INFO - 보유 수량(1)에 대해 매도 주문(0000026417)이 진행 중입니다.
2026-06-04 13:15:02,667 - INFO - 60초 후 다음 확인을 진행합니다. (현재 상태: SELLING)
2026-06-04 13:16:07,550 - INFO - [005930] 현재가: 357000, 고가: 366000, 저가: 348000
2026-06-04 13:16:07,551 - WARNING - ⚠️ 주문 고착 감지: 가격 이탈 (현재가:357,000, 목표가:362,500, 차이:5,500). 주문 취소를 시도합니다.
2026-06-04 13:16:07,551 - INFO - [CANCEL] 주문 취소 요청: 005930, 주문번호: 0000026417
2026-06-04 13:16:09,086 - INFO - 주문 취소 성공! (원주문: 0000026417)
2026-06-04 13:16:09,121 - INFO - 상태 전환 완료: HOLDING
2026-06-04 13:16:18,508 - INFO - 계좌 예수금: 9934495원
2026-06-04 13:16:18,508 - INFO - [005930] 보유: 1주, 매도 가능: 1주, 평단가: 360,000원
2026-06-04 13:16:18,522 - INFO - 미실현 손익: -3,000원 (-0.83%), 최고 수익률: 0.00%
2026-06-04 13:16:18,553 - INFO - 매도 조건 충족: 평단가(360,000), 현재가(357,000) -> 목표가(362,500원) (보수적 상향 보정)
2026-06-04 13:16:18,554 - INFO - [SELL] 주문 요청: 005930, 1주, 362500원
2026-06-04 13:16:20,556 - INFO - 주문 성공! 주문번호: 0000026540
2026-06-04 13:16:20,590 - INFO - 60초 후 다음 확인을 진행합니다. (현재 상태: SELLING)
2026-06-04 13:17:20,723 - INFO - [005930] 현재가: 356500, 고가: 366000, 저가: 348000
2026-06-04 13:17:20,724 - WARNING - ⚠️ 주문 고착 감지: 가격 이탈 (현재가:356,500, 목표가:362,500, 차이:6,000). 주문 취소를 시도합니다.
2026-06-04 13:17:20,724 - INFO - [CANCEL] 주문 취소 요청: 005930, 주문번호: 0000026540
2026-06-04 13:17:28,246 - INFO - 주문 취소 성공! (원주문: 0000026540)
2026-06-04 13:17:28,281 - INFO - 상태 전환 완료: HOLDING
2026-06-04 13:17:31,727 - INFO - 계좌 예수금: 9934495원
2026-06-04 13:17:31,727 - INFO - [005930] 보유: 1주, 매도 가능: 1주, 평단가: 360,000원
2026-06-04 13:17:31,736 - INFO - 미실현 손익: -3,500원 (-0.97%), 최고 수익률: 0.00%
2026-06-04 13:17:31,763 - INFO - 매도 조건 충족: 평단가(360,000), 현재가(356,500) -> 목표가(362,500원) (보수적 상향 보정)
2026-06-04 13:17:31,763 - INFO - [SELL] 주문 요청: 005930, 1주, 362500원
2026-06-04 13:17:31,901 - INFO - 주문 성공! 주문번호: 0000026615
2026-06-04 13:17:31,935 - INFO - 60초 후 다음 확인을 진행합니다. (현재 상태: SELLING)
2026-06-04 13:18:33,376 - INFO - [005930] 현재가: 357000, 고가: 366000, 저가: 348000
2026-06-04 13:18:33,377 - WARNING - ⚠️ 주문 고착 감지: 가격 이탈 (현재가:357,000, 목표가:362,500, 차이:5,500). 주문 취소를 시도합니다.
2026-06-04 13:18:33,377 - INFO - [CANCEL] 주문 취소 요청: 005930, 주문번호: 0000026615
2026-06-04 13:18:35,628 - INFO - 주문 취소 성공! (원주문: 0000026615)
2026-06-04 13:18:35,666 - INFO - 상태 전환 완료: HOLDING
2026-06-04 13:18:42,182 - INFO - 계좌 예수금: 9934495원
2026-06-04 13:18:42,183 - INFO - [005930] 보유: 1주, 매도 가능: 1주, 평단가: 360,000원
2026-06-04 13:18:42,191 - INFO - 미실현 손익: -3,000원 (-0.83%), 최고 수익률: 0.00%
2026-06-04 13:18:42,218 - INFO - 매도 조건 충족: 평단가(360,000), 현재가(357,000) -> 목표가(362,500원) (보수적 상향 보정)
2026-06-04 13:18:42,219 - INFO - [SELL] 주문 요청: 005930, 1주, 362500원
2026-06-04 13:18:43,822 - INFO - 주문 성공! 주문번호: 0000026659
2026-06-04 13:18:43,855 - INFO - 60초 후 다음 확인을 진행합니다. (현재 상태: SELLING)
2026-06-04 13:19:43,972 - INFO - [005930] 현재가: 357500, 고가: 366000, 저가: 348000
2026-06-04 13:19:43,973 - WARNING - ⚠️ 주문 고착 감지: 가격 이탈 (현재가:357,500, 목표가:362,500, 차이:5,000). 주문 취소를 시도합니다.
2026-06-04 13:19:43,973 - INFO - [CANCEL] 주문 취소 요청: 005930, 주문번호: 0000026659
2026-06-04 13:19:44,449 - ERROR - POST 요청 실패 (VTTC0013U): 500 Server Error: Internal Server Error for url: https://openapivts.koreainvestment.com:29443/uapi/domestic-stock/v1/trading/order-rvsecncl
2026-06-04 13:19:44,450 - ERROR - 상세 에러: {"rt_cd":"1","msg1":"초당 거래건수를 초과하였습니다.","msg_cd":"EGW00201","message":"EGW00201"}
2026-06-04 13:19:44,453 - ERROR - 주문 취소 실패: 응답 없음
2026-06-04 13:19:44,453 - ERROR - 주문 취소 실패. 다음 루프에서 재시도합니다.
2026-06-04 13:19:47,415 - INFO - 계좌 예수금: 9934495원
2026-06-04 13:19:47,416 - INFO - [005930] 보유: 1주, 매도 가능: 0주, 평단가: 360,000원
2026-06-04 13:19:47,424 - INFO - 미실현 손익: -2,500원 (-0.69%), 최고 수익률: 0.00%
2026-06-04 13:19:47,452 - INFO - 보유 수량(1)에 대해 매도 주문(0000026659)이 진행 중입니다.
2026-06-04 13:19:47,452 - INFO - 60초 후 다음 확인을 진행합니다. (현재 상태: SELLING)
2026-06-04 13:20:52,647 - INFO - [005930] 현재가: 357500, 고가: 366000, 저가: 348000
2026-06-04 13:20:52,648 - WARNING - ⚠️ 주문 고착 감지: 가격 이탈 (현재가:357,500, 목표가:362,500, 차이:5,000). 주문 취소를 시도합니다.
2026-06-04 13:20:52,648 - INFO - [CANCEL] 주문 취소 요청: 005930, 주문번호: 0000026659
2026-06-04 13:20:55,413 - INFO - 주문 취소 성공! (원주문: 0000026659)
2026-06-04 13:20:55,447 - INFO - 상태 전환 완료: HOLDING
2026-06-04 13:21:02,785 - INFO - 계좌 예수금: 9934495원
2026-06-04 13:21:02,786 - INFO - [005930] 보유: 1주, 매도 가능: 1주, 평단가: 360,000원
2026-06-04 13:21:02,794 - INFO - 미실현 손익: -2,500원 (-0.69%), 최고 수익률: 0.00%
2026-06-04 13:21:02,821 - INFO - 매도 조건 충족: 평단가(360,000), 현재가(357,500) -> 목표가(362,500원) (보수적 상향 보정)
2026-06-04 13:21:02,821 - INFO - [SELL] 주문 요청: 005930, 1주, 362500원
2026-06-04 13:21:06,575 - INFO - 주문 성공! 주문번호: 0000026750
2026-06-04 13:21:06,609 - INFO - 60초 후 다음 확인을 진행합니다. (현재 상태: SELLING)
2026-06-04 13:22:08,633 - INFO - [005930] 현재가: 358000, 고가: 366000, 저가: 348000
2026-06-04 13:22:08,634 - WARNING - ⚠️ 주문 고착 감지: 가격 이탈 (현재가:358,000, 목표가:362,500, 차이:4,500). 주문 취소를 시도합니다.
2026-06-04 13:22:08,634 - INFO - [CANCEL] 주문 취소 요청: 005930, 주문번호: 0000026750
2026-06-04 13:22:12,423 - INFO - 주문 취소 성공! (원주문: 0000026750)
2026-06-04 13:22:12,456 - INFO - 상태 전환 완료: HOLDING
2026-06-04 13:22:18,158 - INFO - 계좌 예수금: 9934495원
2026-06-04 13:22:18,158 - INFO - [005930] 보유: 1주, 매도 가능: 1주, 평단가: 360,000원
2026-06-04 13:22:18,167 - INFO - 미실현 손익: -2,000원 (-0.56%), 최고 수익률: 0.00%
2026-06-04 13:22:18,197 - INFO - 매도 조건 충족: 평단가(360,000), 현재가(358,000) -> 목표가(362,500원) (보수적 상향 보정)
2026-06-04 13:22:18,197 - INFO - [SELL] 주문 요청: 005930, 1주, 362500원
2026-06-04 13:22:21,330 - INFO - 주문 성공! 주문번호: 0000026816
2026-06-04 13:22:21,361 - INFO - 60초 후 다음 확인을 진행합니다. (현재 상태: SELLING)
2026-06-04 13:23:21,955 - INFO - [005930] 현재가: 358000, 고가: 366000, 저가: 348000
2026-06-04 13:23:21,956 - WARNING - ⚠️ 주문 고착 감지: 가격 이탈 (현재가:358,000, 목표가:362,500, 차이:4,500). 주문 취소를 시도합니다.
2026-06-04 13:23:21,956 - INFO - [CANCEL] 주문 취소 요청: 005930, 주문번호: 0000026816
2026-06-04 13:23:22,363 - ERROR - POST 요청 실패 (VTTC0013U): 500 Server Error: Internal Server Error for url: https://openapivts.koreainvestment.com:29443/uapi/domestic-stock/v1/trading/order-rvsecncl
2026-06-04 13:23:22,363 - ERROR - 상세 에러: {"rt_cd":"1","msg1":"초당 거래건수를 초과하였습니다.","msg_cd":"EGW00201","message":"EGW00201"}
2026-06-04 13:23:22,367 - ERROR - 주문 취소 실패: 응답 없음
2026-06-04 13:23:22,367 - ERROR - 주문 취소 실패. 다음 루프에서 재시도합니다.
2026-06-04 13:23:28,509 - INFO - 계좌 예수금: 9934495원
2026-06-04 13:23:28,510 - INFO - [005930] 보유: 1주, 매도 가능: 0주, 평단가: 360,000원
2026-06-04 13:23:28,518 - INFO - 미실현 손익: -2,000원 (-0.56%), 최고 수익률: 0.00%
2026-06-04 13:23:28,548 - INFO - 보유 수량(1)에 대해 매도 주문(0000026816)이 진행 중입니다.
2026-06-04 13:23:28,548 - INFO - 60초 후 다음 확인을 진행합니다. (현재 상태: SELLING)
2026-06-04 13:24:31,695 - INFO - [005930] 현재가: 358500, 고가: 366000, 저가: 348000
2026-06-04 13:24:31,695 - WARNING - ⚠️ 주문 고착 감지: 가격 이탈 (현재가:358,500, 목표가:362,500, 차이:4,000). 주문 취소를 시도합니다.
2026-06-04 13:24:31,696 - INFO - [CANCEL] 주문 취소 요청: 005930, 주문번호: 0000026816
2026-06-04 13:24:31,839 - INFO - 주문 취소 성공! (원주문: 0000026816)
2026-06-04 13:24:31,876 - INFO - 상태 전환 완료: HOLDING
2026-06-04 13:24:35,688 - INFO - 계좌 예수금: 9934495원
2026-06-04 13:24:35,688 - INFO - [005930] 보유: 1주, 매도 가능: 1주, 평단가: 360,000원
2026-06-04 13:24:35,697 - INFO - 미실현 손익: -1,500원 (-0.42%), 최고 수익률: 0.00%
2026-06-04 13:24:35,725 - INFO - 매도 조건 충족: 평단가(360,000), 현재가(358,500) -> 목표가(362,500원) (보수적 상향 보정)
2026-06-04 13:24:35,726 - INFO - [SELL] 주문 요청: 005930, 1주, 362500원
2026-06-04 13:24:35,877 - INFO - 주문 성공! 주문번호: 0000026924
2026-06-04 13:24:35,921 - INFO - 자가 최적화 기록 완료: C:\Users\witpo\OneDrive\바탕 화면\YONSEI\26-1\ECO4126 인공지능과금융공학\open-trading-api\self_optimization_history
2026-06-04 13:24:35,945 - INFO - 60초 후 다음 확인을 진행합니다. (현재 상태: SELLING)
2026-06-04 13:25:37,643 - INFO - [005930] 현재가: 358000, 고가: 366000, 저가: 348000
2026-06-04 13:25:37,644 - WARNING - ⚠️ 주문 고착 감지: 가격 이탈 (현재가:358,000, 목표가:362,500, 차이:4,500). 주문 취소를 시도합니다.
2026-06-04 13:25:37,644 - INFO - [CANCEL] 주문 취소 요청: 005930, 주문번호: 0000026924
2026-06-04 13:25:41,023 - INFO - 주문 취소 성공! (원주문: 0000026924)
2026-06-04 13:25:41,058 - INFO - 상태 전환 완료: HOLDING
2026-06-04 13:25:49,830 - INFO - 계좌 예수금: 9934495원
2026-06-04 13:25:49,831 - INFO - [005930] 보유: 1주, 매도 가능: 1주, 평단가: 360,000원
2026-06-04 13:25:49,839 - INFO - 미실현 손익: -2,000원 (-0.56%), 최고 수익률: 0.00%
2026-06-04 13:25:49,867 - INFO - 매도 조건 충족: 평단가(360,000), 현재가(358,000) -> 목표가(362,000원) (보수적 상향 보정)
2026-06-04 13:25:49,867 - INFO - [SELL] 주문 요청: 005930, 1주, 362000원
2026-06-04 13:25:50,004 - INFO - 주문 성공! 주문번호: 0000026980
2026-06-04 13:25:50,036 - INFO - 60초 후 다음 확인을 진행합니다. (현재 상태: SELLING)
2026-06-04 13:26:50,966 - INFO - [005930] 현재가: 358250, 고가: 366000, 저가: 348000
2026-06-04 13:26:50,966 - WARNING - ⚠️ 주문 고착 감지: 가격 이탈 (현재가:358,250, 목표가:362,000, 차이:3,750). 주문 취소를 시도합니다.
2026-06-04 13:26:50,967 - INFO - [CANCEL] 주문 취소 요청: 005930, 주문번호: 0000026980
2026-06-04 13:26:55,677 - INFO - 주문 취소 성공! (원주문: 0000026980)
2026-06-04 13:26:55,713 - INFO - 상태 전환 완료: HOLDING
2026-06-04 13:27:03,050 - INFO - 계좌 예수금: 9934495원
2026-06-04 13:27:03,051 - INFO - [005930] 보유: 1주, 매도 가능: 1주, 평단가: 360,000원
2026-06-04 13:27:03,060 - INFO - 미실현 손익: -1,750원 (-0.49%), 최고 수익률: 0.00%
2026-06-04 13:27:03,087 - INFO - 매도 조건 충족: 평단가(360,000), 현재가(358,250) -> 목표가(362,000원) (보수적 상향 보정)
2026-06-04 13:27:03,087 - INFO - [SELL] 주문 요청: 005930, 1주, 362000원
2026-06-04 13:27:05,404 - INFO - 주문 성공! 주문번호: 0000027044
2026-06-04 13:27:05,437 - INFO - 60초 후 다음 확인을 진행합니다. (현재 상태: SELLING)
2026-06-04 13:28:06,336 - INFO - [005930] 현재가: 358500, 고가: 366000, 저가: 348000
2026-06-04 13:28:06,337 - WARNING - ⚠️ 주문 고착 감지: 가격 이탈 (현재가:358,500, 목표가:362,000, 차이:3,500). 주문 취소를 시도합니다.
2026-06-04 13:28:06,337 - INFO - [CANCEL] 주문 취소 요청: 005930, 주문번호: 0000027044
2026-06-04 13:28:07,257 - INFO - 주문 취소 성공! (원주문: 0000027044)
2026-06-04 13:28:07,290 - INFO - 상태 전환 완료: HOLDING
2026-06-04 13:28:13,456 - INFO - 계좌 예수금: 9934495원
2026-06-04 13:28:13,456 - INFO - [005930] 보유: 1주, 매도 가능: 1주, 평단가: 360,000원
2026-06-04 13:28:13,465 - INFO - 미실현 손익: -1,500원 (-0.42%), 최고 수익률: 0.00%
2026-06-04 13:28:13,498 - INFO - 매도 조건 충족: 평단가(360,000), 현재가(358,500) -> 목표가(362,000원) (보수적 상향 보정)
2026-06-04 13:28:13,498 - INFO - [SELL] 주문 요청: 005930, 1주, 362000원
2026-06-04 13:28:14,529 - INFO - 주문 성공! 주문번호: 0000027126
2026-06-04 13:28:14,567 - INFO - 60초 후 다음 확인을 진행합니다. (현재 상태: SELLING)
2026-06-04 13:29:14,681 - INFO - [005930] 현재가: 357250, 고가: 366000, 저가: 348000
2026-06-04 13:29:14,682 - WARNING - ⚠️ 주문 고착 감지: 가격 이탈 (현재가:357,250, 목표가:362,000, 차이:4,750). 주문 취소를 시도합니다.
2026-06-04 13:29:14,682 - INFO - [CANCEL] 주문 취소 요청: 005930, 주문번호: 0000027126
2026-06-04 13:29:15,214 - INFO - 주문 취소 성공! (원주문: 0000027126)
2026-06-04 13:29:15,251 - INFO - 상태 전환 완료: HOLDING
2026-06-04 13:29:24,678 - INFO - 계좌 예수금: 9934495원
2026-06-04 13:29:24,678 - INFO - [005930] 보유: 1주, 매도 가능: 1주, 평단가: 360,000원
2026-06-04 13:29:24,687 - INFO - 미실현 손익: -2,750원 (-0.76%), 최고 수익률: 0.00%
2026-06-04 13:29:24,715 - INFO - 매도 조건 충족: 평단가(360,000), 현재가(357,250) -> 목표가(362,000원) (보수적 상향 보정)
2026-06-04 13:29:24,715 - INFO - [SELL] 주문 요청: 005930, 1주, 362000원
2026-06-04 13:29:29,388 - INFO - 주문 성공! 주문번호: 0000027205
2026-06-04 13:29:29,424 - INFO - 60초 후 다음 확인을 진행합니다. (현재 상태: SELLING)
2026-06-04 13:30:36,156 - INFO - [005930] 현재가: 357000, 고가: 366000, 저가: 348000
2026-06-04 13:30:36,156 - WARNING - ⚠️ 주문 고착 감지: 가격 이탈 (현재가:357,000, 목표가:362,000, 차이:5,000). 주문 취소를 시도합니다.
2026-06-04 13:30:36,157 - INFO - [CANCEL] 주문 취소 요청: 005930, 주문번호: 0000027205
2026-06-04 13:30:41,591 - INFO - 주문 취소 성공! (원주문: 0000027205)
2026-06-04 13:30:41,633 - INFO - 상태 전환 완료: HOLDING
2026-06-04 13:30:52,743 - ERROR - GET 요청 실패 (VTTC8434R): HTTPSConnectionPool(host='openapivts.koreainvestment.com', port=29443): Read timed out. (read timeout=10)
2026-06-04 13:30:52,744 - ERROR - 잔고 조회 실패
2026-06-04 13:30:57,822 - WARNING - 예수금 부족으로 매수 불가 (예수금: 0원, 필요: 355500원)
2026-06-04 13:30:57,822 - INFO - 60초 후 다음 확인을 진행합니다. (현재 상태: IDLE)
2026-06-04 13:31:57,943 - INFO - [005930] 현재가: 357000, 고가: 366000, 저가: 348000
2026-06-04 13:32:06,171 - INFO - 계좌 예수금: 9934495원
2026-06-04 13:32:06,172 - INFO - [005930] 보유: 1주, 매도 가능: 1주, 평단가: 360,000원
2026-06-04 13:32:06,180 - INFO - 미실현 손익: -3,000원 (-0.83%), 최고 수익률: 0.00%
2026-06-04 13:32:06,208 - INFO - 매도 조건 충족: 평단가(360,000), 현재가(357,000) -> 목표가(362,000원) (보수적 상향 보정)
2026-06-04 13:32:06,208 - INFO - [SELL] 주문 요청: 005930, 1주, 362000원
2026-06-04 13:32:11,395 - INFO - 주문 성공! 주문번호: 0000027364
2026-06-04 13:32:11,435 - INFO - 60초 후 다음 확인을 진행합니다. (현재 상태: SELLING)
2026-06-04 13:33:16,523 - INFO - [005930] 현재가: 356500, 고가: 366000, 저가: 348000
2026-06-04 13:33:16,524 - WARNING - ⚠️ 주문 고착 감지: 가격 이탈 (현재가:356,500, 목표가:362,000, 차이:5,500). 주문 취소를 시도합니다.
2026-06-04 13:33:16,524 - INFO - [CANCEL] 주문 취소 요청: 005930, 주문번호: 0000027364
2026-06-04 13:33:16,661 - INFO - 주문 취소 성공! (원주문: 0000027364)
2026-06-04 13:33:16,698 - INFO - 상태 전환 완료: HOLDING
2026-06-04 13:33:26,764 - INFO - 계좌 예수금: 9934495원
2026-06-04 13:33:26,764 - INFO - [005930] 보유: 1주, 매도 가능: 1주, 평단가: 360,000원
2026-06-04 13:33:26,772 - INFO - 미실현 손익: -3,500원 (-0.97%), 최고 수익률: 0.00%
2026-06-04 13:33:26,797 - INFO - 매도 조건 충족: 평단가(360,000), 현재가(356,500) -> 목표가(362,000원) (보수적 상향 보정)
2026-06-04 13:33:26,797 - INFO - [SELL] 주문 요청: 005930, 1주, 362000원
2026-06-04 13:33:26,953 - INFO - 주문 성공! 주문번호: 0000027434
2026-06-04 13:33:26,985 - INFO - 60초 후 다음 확인을 진행합니다. (현재 상태: SELLING)
2026-06-04 13:34:28,721 - INFO - [005930] 현재가: 358000, 고가: 366000, 저가: 348000
2026-06-04 13:34:28,721 - WARNING - ⚠️ 주문 고착 감지: 가격 이탈 (현재가:358,000, 목표가:362,000, 차이:4,000). 주문 취소를 시도합니다.
2026-06-04 13:34:28,722 - INFO - [CANCEL] 주문 취소 요청: 005930, 주문번호: 0000027434
2026-06-04 13:34:30,359 - INFO - 주문 취소 성공! (원주문: 0000027434)
2026-06-04 13:34:30,394 - INFO - 상태 전환 완료: HOLDING
2026-06-04 13:34:36,810 - INFO - 계좌 예수금: 9934495원
2026-06-04 13:34:36,810 - INFO - [005930] 보유: 1주, 매도 가능: 1주, 평단가: 360,000원
2026-06-04 13:34:36,819 - INFO - 미실현 손익: -2,000원 (-0.56%), 최고 수익률: 0.00%
2026-06-04 13:34:36,847 - INFO - 매도 조건 충족: 평단가(360,000), 현재가(358,000) -> 목표가(362,000원) (보수적 상향 보정)
2026-06-04 13:34:36,848 - INFO - [SELL] 주문 요청: 005930, 1주, 362000원
2026-06-04 13:34:38,653 - INFO - 주문 성공! 주문번호: 0000027521
2026-06-04 13:34:38,688 - INFO - 60초 후 다음 확인을 진행합니다. (현재 상태: SELLING)
2026-06-04 13:35:42,144 - INFO - [005930] 현재가: 358750, 고가: 366000, 저가: 348000
2026-06-04 13:35:42,144 - WARNING - ⚠️ 주문 고착 감지: 가격 이탈 (현재가:358,750, 목표가:362,000, 차이:3,250). 주문 취소를 시도합니다.
2026-06-04 13:35:42,145 - INFO - [CANCEL] 주문 취소 요청: 005930, 주문번호: 0000027521
2026-06-04 13:35:45,421 - INFO - 주문 취소 성공! (원주문: 0000027521)
2026-06-04 13:35:45,461 - INFO - 상태 전환 완료: HOLDING
2026-06-04 13:35:52,179 - INFO - 계좌 예수금: 9934495원
2026-06-04 13:35:52,180 - INFO - [005930] 보유: 1주, 매도 가능: 1주, 평단가: 360,000원
2026-06-04 13:35:52,191 - INFO - 미실현 손익: -1,250원 (-0.35%), 최고 수익률: 0.00%
2026-06-04 13:35:52,219 - INFO - 매도 조건 충족: 평단가(360,000), 현재가(358,750) -> 목표가(362,000원) (보수적 상향 보정)
2026-06-04 13:35:52,219 - INFO - [SELL] 주문 요청: 005930, 1주, 362000원
2026-06-04 13:35:53,613 - INFO - 주문 성공! 주문번호: 0000027606
2026-06-04 13:35:53,648 - INFO - 60초 후 다음 확인을 진행합니다. (현재 상태: SELLING)
2026-06-04 13:36:55,918 - INFO - [005930] 현재가: 358000, 고가: 366000, 저가: 348000
2026-06-04 13:36:55,919 - WARNING - ⚠️ 주문 고착 감지: 가격 이탈 (현재가:358,000, 목표가:362,000, 차이:4,000). 주문 취소를 시도합니다.
2026-06-04 13:36:55,920 - INFO - [CANCEL] 주문 취소 요청: 005930, 주문번호: 0000027606
2026-06-04 13:36:58,186 - INFO - 주문 취소 성공! (원주문: 0000027606)
2026-06-04 13:36:58,233 - INFO - 상태 전환 완료: HOLDING
2026-06-04 13:37:05,096 - INFO - 계좌 예수금: 9934495원
2026-06-04 13:37:05,096 - INFO - [005930] 보유: 1주, 매도 가능: 1주, 평단가: 360,000원
2026-06-04 13:37:05,108 - INFO - 미실현 손익: -2,000원 (-0.56%), 최고 수익률: 0.00%
2026-06-04 13:37:05,144 - INFO - 매도 조건 충족: 평단가(360,000), 현재가(358,000) -> 목표가(362,000원) (보수적 상향 보정)
2026-06-04 13:37:05,145 - INFO - [SELL] 주문 요청: 005930, 1주, 362000원
2026-06-04 13:37:08,167 - INFO - 주문 성공! 주문번호: 0000027663
2026-06-04 13:37:08,214 - INFO - 60초 후 다음 확인을 진행합니다. (현재 상태: SELLING)
2026-06-04 13:38:12,068 - INFO - [005930] 현재가: 358500, 고가: 366000, 저가: 348000
2026-06-04 13:38:12,069 - WARNING - ⚠️ 주문 고착 감지: 가격 이탈 (현재가:358,500, 목표가:362,000, 차이:3,500). 주문 취소를 시도합니다.
2026-06-04 13:38:12,070 - INFO - [CANCEL] 주문 취소 요청: 005930, 주문번호: 0000027663
2026-06-04 13:38:15,237 - INFO - 주문 취소 성공! (원주문: 0000027663)
2026-06-04 13:38:15,301 - INFO - 상태 전환 완료: HOLDING
2026-06-04 13:38:21,867 - INFO - 계좌 예수금: 9934495원
2026-06-04 13:38:21,868 - INFO - [005930] 보유: 1주, 매도 가능: 1주, 평단가: 360,000원
2026-06-04 13:38:21,881 - INFO - 미실현 손익: -1,500원 (-0.42%), 최고 수익률: 0.00%
2026-06-04 13:38:21,915 - INFO - 매도 조건 충족: 평단가(360,000), 현재가(358,500) -> 목표가(362,000원) (보수적 상향 보정)
2026-06-04 13:38:21,916 - INFO - [SELL] 주문 요청: 005930, 1주, 362000원
2026-06-04 13:38:24,358 - INFO - 주문 성공! 주문번호: 0000027724
2026-06-04 13:38:24,406 - INFO - 60초 후 다음 확인을 진행합니다. (현재 상태: SELLING)
2026-06-04 13:39:24,556 - INFO - [005930] 현재가: 358250, 고가: 366000, 저가: 348000
2026-06-04 13:39:24,557 - WARNING - ⚠️ 주문 고착 감지: 가격 이탈 (현재가:358,250, 목표가:362,000, 차이:3,750). 주문 취소를 시도합니다.
2026-06-04 13:39:24,558 - INFO - [CANCEL] 주문 취소 요청: 005930, 주문번호: 0000027724
2026-06-04 13:39:25,060 - INFO - 주문 취소 성공! (원주문: 0000027724)
2026-06-04 13:39:25,113 - INFO - 상태 전환 완료: HOLDING
2026-06-04 13:39:32,251 - INFO - 계좌 예수금: 9934495원
2026-06-04 13:39:32,253 - INFO - [005930] 보유: 1주, 매도 가능: 1주, 평단가: 360,000원
2026-06-04 13:39:32,267 - INFO - 미실현 손익: -1,750원 (-0.49%), 최고 수익률: 0.00%
2026-06-04 13:39:32,307 - INFO - 매도 조건 충족: 평단가(360,000), 현재가(358,250) -> 목표가(362,000원) (보수적 상향 보정)
2026-06-04 13:39:32,308 - INFO - [SELL] 주문 요청: 005930, 1주, 362000원
2026-06-04 13:39:32,483 - INFO - 주문 성공! 주문번호: 0000027770
2026-06-04 13:39:32,524 - INFO - 60초 후 다음 확인을 진행합니다. (현재 상태: SELLING)
2026-06-04 13:40:41,073 - INFO - [005930] 현재가: 358750, 고가: 366000, 저가: 348000
2026-06-04 13:40:41,074 - WARNING - ⚠️ 주문 고착 감지: 가격 이탈 (현재가:358,750, 목표가:362,000, 차이:3,250). 주문 취소를 시도합니다.
2026-06-04 13:40:41,074 - INFO - [CANCEL] 주문 취소 요청: 005930, 주문번호: 0000027770
2026-06-04 13:40:47,854 - INFO - 주문 취소 성공! (원주문: 0000027770)
2026-06-04 13:40:47,894 - INFO - 상태 전환 완료: HOLDING
2026-06-04 13:40:57,862 - INFO - 계좌 예수금: 9934495원
2026-06-04 13:40:57,863 - INFO - [005930] 보유: 1주, 매도 가능: 1주, 평단가: 360,000원
2026-06-04 13:40:57,871 - INFO - 미실현 손익: -1,250원 (-0.35%), 최고 수익률: 0.00%
2026-06-04 13:40:57,897 - INFO - 매도 조건 충족: 평단가(360,000), 현재가(358,750) -> 목표가(362,000원) (보수적 상향 보정)
2026-06-04 13:40:57,898 - INFO - [SELL] 주문 요청: 005930, 1주, 362000원
2026-06-04 13:41:00,421 - INFO - 주문 성공! 주문번호: 0000027821
2026-06-04 13:41:00,457 - INFO - 60초 후 다음 확인을 진행합니다. (현재 상태: SELLING)
2026-06-04 13:42:00,944 - INFO - [005930] 현재가: 357500, 고가: 366000, 저가: 348000
2026-06-04 13:42:00,945 - WARNING - ⚠️ 주문 고착 감지: 가격 이탈 (현재가:357,500, 목표가:362,000, 차이:4,500). 주문 취소를 시도합니다.
2026-06-04 13:42:00,946 - INFO - [CANCEL] 주문 취소 요청: 005930, 주문번호: 0000027821
2026-06-04 13:42:03,607 - INFO - 주문 취소 성공! (원주문: 0000027821)
2026-06-04 13:42:03,650 - INFO - 상태 전환 완료: HOLDING
2026-06-04 13:42:12,311 - INFO - 계좌 예수금: 9934495원
2026-06-04 13:42:12,312 - INFO - [005930] 보유: 1주, 매도 가능: 1주, 평단가: 360,000원
2026-06-04 13:42:12,321 - INFO - 미실현 손익: -2,500원 (-0.69%), 최고 수익률: 0.00%
2026-06-04 13:42:12,348 - INFO - 매도 조건 충족: 평단가(360,000), 현재가(357,500) -> 목표가(362,000원) (보수적 상향 보정)
2026-06-04 13:42:12,348 - INFO - [SELL] 주문 요청: 005930, 1주, 362000원
2026-06-04 13:42:17,329 - INFO - 주문 성공! 주문번호: 0000027879
2026-06-04 13:42:17,365 - INFO - 60초 후 다음 확인을 진행합니다. (현재 상태: SELLING)
2026-06-04 13:43:19,967 - INFO - [005930] 현재가: 357750, 고가: 366000, 저가: 348000
2026-06-04 13:43:19,968 - WARNING - ⚠️ 주문 고착 감지: 가격 이탈 (현재가:357,750, 목표가:362,000, 차이:4,250). 주문 취소를 시도합니다.
2026-06-04 13:43:19,968 - INFO - [CANCEL] 주문 취소 요청: 005930, 주문번호: 0000027879
2026-06-04 13:43:22,765 - INFO - 주문 취소 성공! (원주문: 0000027879)
2026-06-04 13:43:22,808 - INFO - 상태 전환 완료: HOLDING
2026-06-04 13:43:30,344 - INFO - 계좌 예수금: 9934495원
2026-06-04 13:43:30,344 - INFO - [005930] 보유: 1주, 매도 가능: 1주, 평단가: 360,000원
2026-06-04 13:43:30,353 - INFO - 미실현 손익: -2,250원 (-0.62%), 최고 수익률: 0.00%
2026-06-04 13:43:30,378 - INFO - 매도 조건 충족: 평단가(360,000), 현재가(357,750) -> 목표가(362,000원) (보수적 상향 보정)
2026-06-04 13:43:30,379 - INFO - [SELL] 주문 요청: 005930, 1주, 362000원
2026-06-04 13:43:32,188 - INFO - 주문 성공! 주문번호: 0000027933
2026-06-04 13:43:32,224 - INFO - 60초 후 다음 확인을 진행합니다. (현재 상태: SELLING)
2026-06-04 13:44:33,630 - INFO - [005930] 현재가: 358000, 고가: 366000, 저가: 348000
2026-06-04 13:44:33,631 - WARNING - ⚠️ 주문 고착 감지: 가격 이탈 (현재가:358,000, 목표가:362,000, 차이:4,000). 주문 취소를 시도합니다.
2026-06-04 13:44:33,631 - INFO - [CANCEL] 주문 취소 요청: 005930, 주문번호: 0000027933
2026-06-04 13:44:35,167 - INFO - 주문 취소 성공! (원주문: 0000027933)
2026-06-04 13:44:35,207 - INFO - 상태 전환 완료: HOLDING
2026-06-04 13:44:41,419 - INFO - 계좌 예수금: 9934495원
2026-06-04 13:44:41,420 - INFO - [005930] 보유: 1주, 매도 가능: 1주, 평단가: 360,000원
2026-06-04 13:44:41,430 - INFO - 미실현 손익: -2,000원 (-0.56%), 최고 수익률: 0.00%
2026-06-04 13:44:41,467 - INFO - 자가 최적화 기록 완료: C:\Users\witpo\OneDrive\바탕 화면\YONSEI\26-1\ECO4126 인공지능과금융공학\open-trading-api\self_optimization_history
2026-06-04 13:44:41,468 - INFO - 매도 조건 충족: 평단가(360,000), 현재가(358,000) -> 목표가(362,000원) (보수적 상향 보정)
2026-06-04 13:44:41,468 - INFO - [SELL] 주문 요청: 005930, 1주, 362000원
2026-06-04 13:44:41,646 - INFO - 주문 성공! 주문번호: 0000027985
2026-06-04 13:44:41,700 - INFO - 60초 후 다음 확인을 진행합니다. (현재 상태: SELLING)
2026-06-04 13:45:44,913 - INFO - [005930] 현재가: 358250, 고가: 366000, 저가: 348000
2026-06-04 13:45:44,914 - WARNING - ⚠️ 주문 고착 감지: 가격 이탈 (현재가:358,250, 목표가:362,000, 차이:3,750). 주문 취소를 시도합니다.
2026-06-04 13:45:44,915 - INFO - [CANCEL] 주문 취소 요청: 005930, 주문번호: 0000027985
2026-06-04 13:45:46,237 - INFO - 주문 취소 성공! (원주문: 0000027985)
2026-06-04 13:45:46,274 - INFO - 상태 전환 완료: HOLDING
2026-06-04 13:45:52,380 - INFO - 계좌 예수금: 9934495원
2026-06-04 13:45:52,381 - INFO - [005930] 보유: 1주, 매도 가능: 1주, 평단가: 360,000원
2026-06-04 13:45:52,390 - INFO - 미실현 손익: -1,750원 (-0.49%), 최고 수익률: 0.00%
2026-06-04 13:45:52,419 - INFO - 매도 조건 충족: 평단가(360,000), 현재가(358,250) -> 목표가(362,500원) (보수적 상향 보정)
2026-06-04 13:45:52,420 - INFO - [SELL] 주문 요청: 005930, 1주, 362500원
2026-06-04 13:45:53,507 - INFO - 주문 성공! 주문번호: 0000028093
2026-06-04 13:45:53,560 - INFO - 60초 후 다음 확인을 진행합니다. (현재 상태: SELLING)
2026-06-04 13:46:58,433 - INFO - [005930] 현재가: 357500, 고가: 366000, 저가: 348000
2026-06-04 13:46:58,434 - WARNING - ⚠️ 주문 고착 감지: 가격 이탈 (현재가:357,500, 목표가:362,500, 차이:5,000). 주문 취소를 시도합니다.
2026-06-04 13:46:58,434 - INFO - [CANCEL] 주문 취소 요청: 005930, 주문번호: 0000028093
2026-06-04 13:47:03,289 - INFO - 주문 취소 성공! (원주문: 0000028093)
2026-06-04 13:47:03,318 - INFO - 상태 전환 완료: HOLDING
2026-06-04 13:47:10,004 - INFO - 계좌 예수금: 9934495원
2026-06-04 13:47:10,005 - INFO - [005930] 보유: 1주, 매도 가능: 1주, 평단가: 360,000원
2026-06-04 13:47:10,016 - INFO - 미실현 손익: -2,500원 (-0.69%), 최고 수익률: 0.00%
2026-06-04 13:47:10,046 - INFO - 매도 조건 충족: 평단가(360,000), 현재가(357,500) -> 목표가(362,500원) (보수적 상향 보정)
2026-06-04 13:47:10,046 - INFO - [SELL] 주문 요청: 005930, 1주, 362500원
2026-06-04 13:47:16,215 - INFO - 주문 성공! 주문번호: 0000028229
2026-06-04 13:47:16,268 - INFO - 60초 후 다음 확인을 진행합니다. (현재 상태: SELLING)
2026-06-04 13:48:19,242 - INFO - [005930] 현재가: 357500, 고가: 366000, 저가: 348000
2026-06-04 13:48:19,243 - WARNING - ⚠️ 주문 고착 감지: 가격 이탈 (현재가:357,500, 목표가:362,500, 차이:5,000). 주문 취소를 시도합니다.
2026-06-04 13:48:19,244 - INFO - [CANCEL] 주문 취소 요청: 005930, 주문번호: 0000028229
2026-06-04 13:48:20,154 - INFO - 주문 취소 성공! (원주문: 0000028229)
2026-06-04 13:48:20,194 - INFO - 상태 전환 완료: HOLDING
2026-06-04 13:48:26,768 - INFO - 계좌 예수금: 9934495원
2026-06-04 13:48:26,769 - INFO - [005930] 보유: 1주, 매도 가능: 1주, 평단가: 360,000원
2026-06-04 13:48:26,779 - INFO - 미실현 손익: -2,500원 (-0.69%), 최고 수익률: 0.00%
2026-06-04 13:48:26,805 - INFO - 매도 조건 충족: 평단가(360,000), 현재가(357,500) -> 목표가(362,500원) (보수적 상향 보정)
2026-06-04 13:48:26,806 - INFO - [SELL] 주문 요청: 005930, 1주, 362500원
2026-06-04 13:48:28,960 - INFO - 주문 성공! 주문번호: 0000028288
2026-06-04 13:48:28,996 - INFO - 60초 후 다음 확인을 진행합니다. (현재 상태: SELLING)
2026-06-04 13:49:31,733 - INFO - [005930] 현재가: 358250, 고가: 366000, 저가: 348000
2026-06-04 13:49:31,734 - WARNING - ⚠️ 주문 고착 감지: 가격 이탈 (현재가:358,250, 목표가:362,500, 차이:4,250). 주문 취소를 시도합니다.
2026-06-04 13:49:31,734 - INFO - [CANCEL] 주문 취소 요청: 005930, 주문번호: 0000028288
2026-06-04 13:49:32,144 - INFO - 주문 취소 성공! (원주문: 0000028288)
2026-06-04 13:49:32,183 - INFO - 상태 전환 완료: HOLDING
2026-06-04 13:49:39,620 - INFO - 계좌 예수금: 9934495원
2026-06-04 13:49:39,621 - INFO - [005930] 보유: 1주, 매도 가능: 1주, 평단가: 360,000원
2026-06-04 13:49:39,638 - INFO - 미실현 손익: -1,750원 (-0.49%), 최고 수익률: 0.00%
2026-06-04 13:49:39,673 - INFO - 매도 조건 충족: 평단가(360,000), 현재가(358,250) -> 목표가(362,500원) (보수적 상향 보정)
2026-06-04 13:49:39,674 - INFO - [SELL] 주문 요청: 005930, 1주, 362500원
2026-06-04 13:49:42,077 - INFO - 주문 성공! 주문번호: 0000028331
2026-06-04 13:49:42,115 - INFO - 60초 후 다음 확인을 진행합니다. (현재 상태: SELLING)
2026-06-04 13:50:44,370 - INFO - [005930] 현재가: 358000, 고가: 366000, 저가: 348000
2026-06-04 13:50:44,371 - WARNING - ⚠️ 주문 고착 감지: 가격 이탈 (현재가:358,000, 목표가:362,500, 차이:4,500). 주문 취소를 시도합니다.
2026-06-04 13:50:44,371 - INFO - [CANCEL] 주문 취소 요청: 005930, 주문번호: 0000028331
2026-06-04 13:50:47,412 - INFO - 주문 취소 성공! (원주문: 0000028331)
2026-06-04 13:50:47,447 - INFO - 상태 전환 완료: HOLDING
2026-06-04 13:50:56,937 - INFO - 계좌 예수금: 9934495원
2026-06-04 13:50:56,938 - INFO - [005930] 보유: 1주, 매도 가능: 1주, 평단가: 360,000원
2026-06-04 13:50:56,949 - INFO - 미실현 손익: -2,000원 (-0.56%), 최고 수익률: 0.00%
2026-06-04 13:50:56,982 - INFO - 매도 조건 충족: 평단가(360,000), 현재가(358,000) -> 목표가(362,500원) (보수적 상향 보정)
2026-06-04 13:50:56,982 - INFO - [SELL] 주문 요청: 005930, 1주, 362500원
2026-06-04 13:50:57,588 - INFO - 주문 성공! 주문번호: 0000028374
2026-06-04 13:50:57,637 - INFO - 60초 후 다음 확인을 진행합니다. (현재 상태: SELLING)
2026-06-04 13:51:58,174 - INFO - [005930] 현재가: 358500, 고가: 366000, 저가: 348000
2026-06-04 13:51:58,175 - WARNING - ⚠️ 주문 고착 감지: 가격 이탈 (현재가:358,500, 목표가:362,500, 차이:4,000). 주문 취소를 시도합니다.
2026-06-04 13:51:58,175 - INFO - [CANCEL] 주문 취소 요청: 005930, 주문번호: 0000028374
2026-06-04 13:51:58,822 - ERROR - POST 요청 실패 (VTTC0013U): 500 Server Error: Internal Server Error for url: https://openapivts.koreainvestment.com:29443/uapi/domestic-stock/v1/trading/order-rvsecncl
2026-06-04 13:51:58,823 - ERROR - 상세 에러: {"rt_cd":"1","msg1":"초당 거래건수를 초과하였습니다.","msg_cd":"EGW00201","message":"EGW00201"}
2026-06-04 13:51:58,826 - ERROR - 주문 취소 실패: 응답 없음
2026-06-04 13:51:58,827 - ERROR - 주문 취소 실패. 다음 루프에서 재시도합니다.
2026-06-04 13:52:04,102 - INFO - 계좌 예수금: 9934495원
2026-06-04 13:52:04,103 - INFO - [005930] 보유: 1주, 매도 가능: 0주, 평단가: 360,000원
2026-06-04 13:52:04,113 - INFO - 미실현 손익: -1,500원 (-0.42%), 최고 수익률: 0.00%
2026-06-04 13:52:04,149 - INFO - 보유 수량(1)에 대해 매도 주문(0000028374)이 진행 중입니다.
2026-06-04 13:52:04,149 - INFO - 60초 후 다음 확인을 진행합니다. (현재 상태: SELLING)
2026-06-04 13:53:08,937 - INFO - [005930] 현재가: 358500, 고가: 366000, 저가: 348000
2026-06-04 13:53:08,937 - WARNING - ⚠️ 주문 고착 감지: 가격 이탈 (현재가:358,500, 목표가:362,500, 차이:4,000). 주문 취소를 시도합니다.
2026-06-04 13:53:08,938 - INFO - [CANCEL] 주문 취소 요청: 005930, 주문번호: 0000028374
2026-06-04 13:53:13,442 - INFO - 주문 취소 성공! (원주문: 0000028374)
2026-06-04 13:53:13,483 - INFO - 상태 전환 완료: HOLDING
2026-06-04 13:53:18,973 - INFO - 계좌 예수금: 9934495원
2026-06-04 13:53:18,974 - INFO - [005930] 보유: 1주, 매도 가능: 1주, 평단가: 360,000원
2026-06-04 13:53:18,986 - INFO - 미실현 손익: -1,500원 (-0.42%), 최고 수익률: 0.00%
2026-06-04 13:53:19,015 - INFO - 매도 조건 충족: 평단가(360,000), 현재가(358,500) -> 목표가(362,500원) (보수적 상향 보정)
2026-06-04 13:53:19,016 - INFO - [SELL] 주문 요청: 005930, 1주, 362500원
2026-06-04 13:53:23,887 - INFO - 주문 성공! 주문번호: 0000028482
2026-06-04 13:53:23,928 - INFO - 60초 후 다음 확인을 진행합니다. (현재 상태: SELLING)
2026-06-04 13:54:25,229 - INFO - [005930] 현재가: 358500, 고가: 366000, 저가: 348000
2026-06-04 13:54:25,230 - WARNING - ⚠️ 주문 고착 감지: 가격 이탈 (현재가:358,500, 목표가:362,500, 차이:4,000). 주문 취소를 시도합니다.
2026-06-04 13:54:25,230 - INFO - [CANCEL] 주문 취소 요청: 005930, 주문번호: 0000028482
2026-06-04 13:54:29,019 - INFO - 주문 취소 성공! (원주문: 0000028482)
2026-06-04 13:54:29,053 - INFO - 상태 전환 완료: HOLDING
2026-06-04 13:54:36,779 - INFO - 계좌 예수금: 9934495원
2026-06-04 13:54:36,780 - INFO - [005930] 보유: 1주, 매도 가능: 1주, 평단가: 360,000원
2026-06-04 13:54:36,792 - INFO - 미실현 손익: -1,500원 (-0.42%), 최고 수익률: 0.00%
2026-06-04 13:54:36,823 - INFO - 매도 조건 충족: 평단가(360,000), 현재가(358,500) -> 목표가(362,500원) (보수적 상향 보정)
2026-06-04 13:54:36,824 - INFO - [SELL] 주문 요청: 005930, 1주, 362500원
2026-06-04 13:54:38,946 - INFO - 주문 성공! 주문번호: 0000028527
2026-06-04 13:54:38,984 - INFO - 60초 후 다음 확인을 진행합니다. (현재 상태: SELLING)
2026-06-04 13:55:41,436 - INFO - [005930] 현재가: 358250, 고가: 366000, 저가: 348000
2026-06-04 13:55:41,437 - WARNING - ⚠️ 주문 고착 감지: 가격 이탈 (현재가:358,250, 목표가:362,500, 차이:4,250). 주문 취소를 시도합니다.
2026-06-04 13:55:41,437 - INFO - [CANCEL] 주문 취소 요청: 005930, 주문번호: 0000028527
2026-06-04 13:55:43,774 - INFO - 주문 취소 성공! (원주문: 0000028527)
2026-06-04 13:55:43,811 - INFO - 상태 전환 완료: HOLDING
2026-06-04 13:55:50,125 - INFO - 계좌 예수금: 9934495원
2026-06-04 13:55:50,125 - INFO - [005930] 보유: 1주, 매도 가능: 1주, 평단가: 360,000원
2026-06-04 13:55:50,137 - INFO - 미실현 손익: -1,750원 (-0.49%), 최고 수익률: 0.00%
2026-06-04 13:55:50,166 - INFO - 매도 조건 충족: 평단가(360,000), 현재가(358,250) -> 목표가(362,500원) (보수적 상향 보정)
2026-06-04 13:55:50,167 - INFO - [SELL] 주문 요청: 005930, 1주, 362500원
2026-06-04 13:55:53,227 - INFO - 주문 성공! 주문번호: 0000028582
2026-06-04 13:55:53,265 - INFO - 60초 후 다음 확인을 진행합니다. (현재 상태: SELLING)
2026-06-04 13:56:56,790 - INFO - [005930] 현재가: 358000, 고가: 366000, 저가: 348000
2026-06-04 13:56:56,791 - WARNING - ⚠️ 주문 고착 감지: 가격 이탈 (현재가:358,000, 목표가:362,500, 차이:4,500). 주문 취소를 시도합니다.
2026-06-04 13:56:56,791 - INFO - [CANCEL] 주문 취소 요청: 005930, 주문번호: 0000028582
2026-06-04 13:57:00,926 - INFO - 주문 취소 성공! (원주문: 0000028582)
2026-06-04 13:57:00,967 - INFO - 상태 전환 완료: HOLDING
2026-06-04 13:57:11,353 - INFO - 계좌 예수금: 9934495원
2026-06-04 13:57:11,354 - INFO - [005930] 보유: 1주, 매도 가능: 1주, 평단가: 360,000원
2026-06-04 13:57:11,364 - INFO - 미실현 손익: -2,000원 (-0.56%), 최고 수익률: 0.00%
2026-06-04 13:57:11,392 - INFO - 매도 조건 충족: 평단가(360,000), 현재가(358,000) -> 목표가(362,500원) (보수적 상향 보정)
2026-06-04 13:57:11,393 - INFO - [SELL] 주문 요청: 005930, 1주, 362500원
2026-06-04 13:57:13,379 - INFO - 주문 성공! 주문번호: 0000028653
2026-06-04 13:57:13,422 - INFO - 60초 후 다음 확인을 진행합니다. (현재 상태: SELLING)
2026-06-04 13:58:13,551 - INFO - [005930] 현재가: 357500, 고가: 366000, 저가: 348000
2026-06-04 13:58:13,552 - WARNING - ⚠️ 주문 고착 감지: 가격 이탈 (현재가:357,500, 목표가:362,500, 차이:5,000). 주문 취소를 시도합니다.
2026-06-04 13:58:13,552 - INFO - [CANCEL] 주문 취소 요청: 005930, 주문번호: 0000028653
2026-06-04 13:58:14,112 - INFO - 주문 취소 성공! (원주문: 0000028653)
2026-06-04 13:58:14,147 - INFO - 상태 전환 완료: HOLDING
2026-06-04 13:58:23,732 - INFO - 계좌 예수금: 9934495원
2026-06-04 13:58:23,733 - INFO - [005930] 보유: 1주, 매도 가능: 1주, 평단가: 360,000원
2026-06-04 13:58:23,742 - INFO - 미실현 손익: -2,500원 (-0.69%), 최고 수익률: 0.00%
2026-06-04 13:58:23,769 - INFO - 매도 조건 충족: 평단가(360,000), 현재가(357,500) -> 목표가(362,500원) (보수적 상향 보정)
2026-06-04 13:58:23,770 - INFO - [SELL] 주문 요청: 005930, 1주, 362500원
2026-06-04 13:58:27,213 - INFO - 주문 성공! 주문번호: 0000028746
2026-06-04 13:58:27,247 - INFO - 60초 후 다음 확인을 진행합니다. (현재 상태: SELLING)
2026-06-04 13:59:29,389 - INFO - [005930] 현재가: 357500, 고가: 366000, 저가: 348000
2026-06-04 13:59:29,390 - WARNING - ⚠️ 주문 고착 감지: 가격 이탈 (현재가:357,500, 목표가:362,500, 차이:5,000). 주문 취소를 시도합니다.
2026-06-04 13:59:29,390 - INFO - [CANCEL] 주문 취소 요청: 005930, 주문번호: 0000028746
2026-06-04 13:59:29,887 - INFO - 주문 취소 성공! (원주문: 0000028746)
2026-06-04 13:59:29,925 - INFO - 상태 전환 완료: HOLDING
2026-06-04 13:59:36,747 - INFO - 계좌 예수금: 9934495원
2026-06-04 13:59:36,747 - INFO - [005930] 보유: 1주, 매도 가능: 1주, 평단가: 360,000원
2026-06-04 13:59:36,756 - INFO - 미실현 손익: -2,500원 (-0.69%), 최고 수익률: 0.00%
2026-06-04 13:59:36,784 - INFO - 매도 조건 충족: 평단가(360,000), 현재가(357,500) -> 목표가(362,500원) (보수적 상향 보정)
2026-06-04 13:59:36,784 - INFO - [SELL] 주문 요청: 005930, 1주, 362500원
2026-06-04 13:59:38,796 - INFO - 주문 성공! 주문번호: 0000028815
2026-06-04 13:59:38,831 - INFO - 60초 후 다음 확인을 진행합니다. (현재 상태: SELLING)
2026-06-04 14:00:46,895 - INFO - [005930] 현재가: 358000, 고가: 366000, 저가: 348000
2026-06-04 14:00:46,896 - WARNING - ⚠️ 주문 고착 감지: 가격 이탈 (현재가:358,000, 목표가:362,500, 차이:4,500). 주문 취소를 시도합니다.
2026-06-04 14:00:46,896 - INFO - [CANCEL] 주문 취소 요청: 005930, 주문번호: 0000028815
2026-06-04 14:00:53,551 - INFO - 주문 취소 성공! (원주문: 0000028815)
2026-06-04 14:00:53,587 - INFO - 상태 전환 완료: HOLDING
2026-06-04 14:01:04,690 - ERROR - GET 요청 실패 (VTTC8434R): HTTPSConnectionPool(host='openapivts.koreainvestment.com', port=29443): Read timed out. (read timeout=10)
2026-06-04 14:01:04,690 - ERROR - 잔고 조회 실패
2026-06-04 14:01:12,350 - WARNING - 예수금 부족으로 매수 불가 (예수금: 0원, 필요: 355500원)
2026-06-04 14:01:12,351 - INFO - 60초 후 다음 확인을 진행합니다. (현재 상태: IDLE)
2026-06-04 14:02:16,914 - INFO - [005930] 현재가: 357750, 고가: 366000, 저가: 348000
2026-06-04 14:02:27,044 - INFO - 계좌 예수금: 9934495원
2026-06-04 14:02:27,044 - INFO - [005930] 보유: 1주, 매도 가능: 1주, 평단가: 360,000원
2026-06-04 14:02:27,056 - INFO - 미실현 손익: -2,250원 (-0.62%), 최고 수익률: 0.00%
2026-06-04 14:02:27,086 - INFO - 매도 조건 충족: 평단가(360,000), 현재가(357,750) -> 목표가(362,500원) (보수적 상향 보정)
2026-06-04 14:02:27,086 - INFO - [SELL] 주문 요청: 005930, 1주, 362500원
2026-06-04 14:02:32,478 - INFO - 주문 성공! 주문번호: 0000028990
2026-06-04 14:02:32,522 - INFO - 60초 후 다음 확인을 진행합니다. (현재 상태: SELLING)
2026-06-04 14:03:35,457 - INFO - [005930] 현재가: 357500, 고가: 366000, 저가: 348000
2026-06-04 14:03:35,458 - WARNING - ⚠️ 주문 고착 감지: 가격 이탈 (현재가:357,500, 목표가:362,500, 차이:5,000). 주문 취소를 시도합니다.
2026-06-04 14:03:35,458 - INFO - [CANCEL] 주문 취소 요청: 005930, 주문번호: 0000028990
2026-06-04 14:03:40,098 - INFO - 주문 취소 성공! (원주문: 0000028990)
2026-06-04 14:03:40,131 - INFO - 상태 전환 완료: HOLDING
2026-06-04 14:03:46,910 - INFO - 계좌 예수금: 9934495원
2026-06-04 14:03:46,911 - INFO - [005930] 보유: 1주, 매도 가능: 1주, 평단가: 360,000원
2026-06-04 14:03:46,922 - INFO - 미실현 손익: -2,500원 (-0.69%), 최고 수익률: 0.00%
2026-06-04 14:03:46,958 - INFO - 매도 조건 충족: 평단가(360,000), 현재가(357,500) -> 목표가(362,500원) (보수적 상향 보정)
2026-06-04 14:03:46,959 - INFO - [SELL] 주문 요청: 005930, 1주, 362500원
2026-06-04 14:03:50,315 - INFO - 주문 성공! 주문번호: 0000029085
2026-06-04 14:03:50,355 - INFO - 60초 후 다음 확인을 진행합니다. (현재 상태: SELLING)
2026-06-04 14:04:50,476 - INFO - [005930] 현재가: 357500, 고가: 366000, 저가: 348000
2026-06-04 14:04:50,477 - WARNING - ⚠️ 주문 고착 감지: 가격 이탈 (현재가:357,500, 목표가:362,500, 차이:5,000). 주문 취소를 시도합니다.
2026-06-04 14:04:50,477 - INFO - [CANCEL] 주문 취소 요청: 005930, 주문번호: 0000029085
2026-06-04 14:04:55,153 - INFO - 주문 취소 성공! (원주문: 0000029085)
2026-06-04 14:04:55,187 - INFO - 상태 전환 완료: HOLDING
2026-06-04 14:05:04,518 - INFO - 계좌 예수금: 9934495원
2026-06-04 14:05:04,519 - INFO - [005930] 보유: 1주, 매도 가능: 1주, 평단가: 360,000원
2026-06-04 14:05:04,528 - INFO - 미실현 손익: -2,500원 (-0.69%), 최고 수익률: 0.00%
2026-06-04 14:05:04,555 - INFO - 매도 조건 충족: 평단가(360,000), 현재가(357,500) -> 목표가(362,500원) (보수적 상향 보정)
2026-06-04 14:05:04,556 - INFO - [SELL] 주문 요청: 005930, 1주, 362500원
2026-06-04 14:05:06,477 - INFO - 주문 성공! 주문번호: 0000029131
2026-06-04 14:05:06,525 - INFO - 자가 최적화 기록 완료: C:\Users\witpo\OneDrive\바탕 화면\YONSEI\26-1\ECO4126 인공지능과금융공학\open-trading-api\self_optimization_history
2026-06-04 14:05:06,551 - INFO - 60초 후 다음 확인을 진행합니다. (현재 상태: SELLING)
2026-06-04 14:06:09,371 - INFO - [005930] 현재가: 358000, 고가: 366000, 저가: 348000
2026-06-04 14:06:09,372 - WARNING - ⚠️ 주문 고착 감지: 가격 이탈 (현재가:358,000, 목표가:362,500, 차이:4,500). 주문 취소를 시도합니다.
2026-06-04 14:06:09,373 - INFO - [CANCEL] 주문 취소 요청: 005930, 주문번호: 0000029131
2026-06-04 14:06:13,774 - INFO - 주문 취소 성공! (원주문: 0000029131)
2026-06-04 14:06:13,810 - INFO - 상태 전환 완료: HOLDING
2026-06-04 14:06:22,377 - INFO - 계좌 예수금: 9934495원
2026-06-04 14:06:22,377 - INFO - [005930] 보유: 1주, 매도 가능: 1주, 평단가: 360,000원
2026-06-04 14:06:22,388 - INFO - 미실현 손익: -2,000원 (-0.56%), 최고 수익률: 0.00%
2026-06-04 14:06:22,416 - INFO - 매도 조건 충족: 평단가(360,000), 현재가(358,000) -> 목표가(362,000원) (보수적 상향 보정)
2026-06-04 14:06:22,416 - INFO - [SELL] 주문 요청: 005930, 1주, 362000원
2026-06-04 14:06:25,756 - INFO - 주문 성공! 주문번호: 0000029203
2026-06-04 14:06:25,794 - INFO - 60초 후 다음 확인을 진행합니다. (현재 상태: SELLING)
2026-06-04 14:07:29,852 - INFO - [005930] 현재가: 358750, 고가: 366000, 저가: 348000
2026-06-04 14:07:29,853 - WARNING - ⚠️ 주문 고착 감지: 가격 이탈 (현재가:358,750, 목표가:362,000, 차이:3,250). 주문 취소를 시도합니다.
2026-06-04 14:07:29,853 - INFO - [CANCEL] 주문 취소 요청: 005930, 주문번호: 0000029203
2026-06-04 14:07:33,958 - INFO - 주문 취소 성공! (원주문: 0000029203)
2026-06-04 14:07:33,994 - INFO - 상태 전환 완료: HOLDING
2026-06-04 14:07:43,851 - INFO - 계좌 예수금: 9934495원
2026-06-04 14:07:43,851 - INFO - [005930] 보유: 1주, 매도 가능: 1주, 평단가: 360,000원
2026-06-04 14:07:43,860 - INFO - 미실현 손익: -1,250원 (-0.35%), 최고 수익률: 0.00%
2026-06-04 14:07:43,890 - INFO - 매도 조건 충족: 평단가(360,000), 현재가(358,750) -> 목표가(362,000원) (보수적 상향 보정)
2026-06-04 14:07:43,890 - INFO - [SELL] 주문 요청: 005930, 1주, 362000원
2026-06-04 14:07:47,643 - INFO - 주문 성공! 주문번호: 0000029271
2026-06-04 14:07:47,693 - INFO - 60초 후 다음 확인을 진행합니다. (현재 상태: SELLING)
2026-06-04 14:08:48,202 - INFO - [005930] 현재가: 358500, 고가: 366000, 저가: 348000
2026-06-04 14:08:48,202 - WARNING - ⚠️ 주문 고착 감지: 가격 이탈 (현재가:358,500, 목표가:362,000, 차이:3,500). 주문 취소를 시도합니다.
2026-06-04 14:08:48,203 - INFO - [CANCEL] 주문 취소 요청: 005930, 주문번호: 0000029271
2026-06-04 14:08:48,711 - ERROR - POST 요청 실패 (VTTC0013U): 500 Server Error: Internal Server Error for url: https://openapivts.koreainvestment.com:29443/uapi/domestic-stock/v1/trading/order-rvsecncl
2026-06-04 14:08:48,712 - ERROR - 상세 에러: {"rt_cd":"1","msg1":"초당 거래건수를 초과하였습니다.","msg_cd":"EGW00201","message":"EGW00201"}
2026-06-04 14:08:48,715 - ERROR - 주문 취소 실패: 응답 없음
2026-06-04 14:08:48,715 - ERROR - 주문 취소 실패. 다음 루프에서 재시도합니다.
2026-06-04 14:08:55,370 - INFO - 계좌 예수금: 9934495원
2026-06-04 14:08:55,371 - INFO - [005930] 보유: 1주, 매도 가능: 0주, 평단가: 360,000원
2026-06-04 14:08:55,384 - INFO - 미실현 손익: -1,500원 (-0.42%), 최고 수익률: 0.00%
2026-06-04 14:08:55,418 - INFO - 보유 수량(1)에 대해 매도 주문(0000029271)이 진행 중입니다.
2026-06-04 14:08:55,418 - INFO - 60초 후 다음 확인을 진행합니다. (현재 상태: SELLING)
2026-06-04 14:09:55,581 - INFO - [005930] 현재가: 358000, 고가: 366000, 저가: 348000
2026-06-04 14:09:55,581 - WARNING - ⚠️ 주문 고착 감지: 가격 이탈 (현재가:358,000, 목표가:362,000, 차이:4,000). 주문 취소를 시도합니다.
2026-06-04 14:09:55,582 - INFO - [CANCEL] 주문 취소 요청: 005930, 주문번호: 0000029271
2026-06-04 14:09:56,099 - INFO - 주문 취소 성공! (원주문: 0000029271)
2026-06-04 14:09:56,150 - INFO - 상태 전환 완료: HOLDING
2026-06-04 14:10:00,808 - INFO - 계좌 예수금: 9934495원
2026-06-04 14:10:00,809 - INFO - [005930] 보유: 1주, 매도 가능: 1주, 평단가: 360,000원
2026-06-04 14:10:00,818 - INFO - 미실현 손익: -2,000원 (-0.56%), 최고 수익률: 0.00%
2026-06-04 14:10:00,850 - INFO - 매도 조건 충족: 평단가(360,000), 현재가(358,000) -> 목표가(362,000원) (보수적 상향 보정)
2026-06-04 14:10:00,851 - INFO - [SELL] 주문 요청: 005930, 1주, 362000원
2026-06-04 14:10:01,004 - INFO - 주문 성공! 주문번호: 0000029440
2026-06-04 14:10:01,043 - INFO - 60초 후 다음 확인을 진행합니다. (현재 상태: SELLING)
2026-06-04 14:11:05,016 - INFO - [005930] 현재가: 356500, 고가: 366000, 저가: 348000
2026-06-04 14:11:05,016 - WARNING - ⚠️ 주문 고착 감지: 가격 이탈 (현재가:356,500, 목표가:362,000, 차이:5,500). 주문 취소를 시도합니다.
2026-06-04 14:11:05,017 - INFO - [CANCEL] 주문 취소 요청: 005930, 주문번호: 0000029440
2026-06-04 14:11:07,780 - INFO - 주문 취소 성공! (원주문: 0000029440)
2026-06-04 14:11:07,823 - INFO - 상태 전환 완료: HOLDING
2026-06-04 14:11:16,280 - INFO - 계좌 예수금: 9934495원
2026-06-04 14:11:16,281 - INFO - [005930] 보유: 1주, 매도 가능: 1주, 평단가: 360,000원
2026-06-04 14:11:16,293 - INFO - 미실현 손익: -3,500원 (-0.97%), 최고 수익률: 0.00%
2026-06-04 14:11:16,318 - INFO - 매도 조건 충족: 평단가(360,000), 현재가(356,500) -> 목표가(362,000원) (보수적 상향 보정)
2026-06-04 14:11:16,318 - INFO - [SELL] 주문 요청: 005930, 1주, 362000원
2026-06-04 14:11:19,762 - INFO - 주문 성공! 주문번호: 0000029555
2026-06-04 14:11:19,805 - INFO - 60초 후 다음 확인을 진행합니다. (현재 상태: SELLING)
2026-06-04 14:12:23,052 - INFO - [005930] 현재가: 357000, 고가: 366000, 저가: 348000
2026-06-04 14:12:23,053 - WARNING - ⚠️ 주문 고착 감지: 가격 이탈 (현재가:357,000, 목표가:362,000, 차이:5,000). 주문 취소를 시도합니다.
2026-06-04 14:12:23,054 - INFO - [CANCEL] 주문 취소 요청: 005930, 주문번호: 0000029555
2026-06-04 14:12:25,644 - INFO - 주문 취소 성공! (원주문: 0000029555)
2026-06-04 14:12:25,681 - INFO - 상태 전환 완료: HOLDING
2026-06-04 14:12:33,801 - INFO - 계좌 예수금: 9934495원
2026-06-04 14:12:33,801 - INFO - [005930] 보유: 1주, 매도 가능: 1주, 평단가: 360,000원
2026-06-04 14:12:33,810 - INFO - 미실현 손익: -3,000원 (-0.83%), 최고 수익률: 0.00%
2026-06-04 14:12:33,839 - INFO - 매도 조건 충족: 평단가(360,000), 현재가(357,000) -> 목표가(362,000원) (보수적 상향 보정)
2026-06-04 14:12:33,840 - INFO - [SELL] 주문 요청: 005930, 1주, 362000원
2026-06-04 14:12:37,449 - INFO - 주문 성공! 주문번호: 0000029638
2026-06-04 14:12:37,492 - INFO - 60초 후 다음 확인을 진행합니다. (현재 상태: SELLING)
2026-06-04 14:13:39,239 - INFO - [005930] 현재가: 357000, 고가: 366000, 저가: 348000
2026-06-04 14:13:39,240 - WARNING - ⚠️ 주문 고착 감지: 가격 이탈 (현재가:357,000, 목표가:362,000, 차이:5,000). 주문 취소를 시도합니다.
2026-06-04 14:13:39,241 - INFO - [CANCEL] 주문 취소 요청: 005930, 주문번호: 0000029638
2026-06-04 14:13:40,267 - INFO - 주문 취소 성공! (원주문: 0000029638)
2026-06-04 14:13:40,302 - INFO - 상태 전환 완료: HOLDING
2026-06-04 14:13:48,764 - INFO - 계좌 예수금: 9934495원
2026-06-04 14:13:48,765 - INFO - [005930] 보유: 1주, 매도 가능: 1주, 평단가: 360,000원
2026-06-04 14:13:48,776 - INFO - 미실현 손익: -3,000원 (-0.83%), 최고 수익률: 0.00%
2026-06-04 14:13:48,807 - INFO - 매도 조건 충족: 평단가(360,000), 현재가(357,000) -> 목표가(362,000원) (보수적 상향 보정)
2026-06-04 14:13:48,808 - INFO - [SELL] 주문 요청: 005930, 1주, 362000원
2026-06-04 14:13:50,811 - INFO - 주문 성공! 주문번호: 0000029720
2026-06-04 14:13:50,848 - INFO - 60초 후 다음 확인을 진행합니다. (현재 상태: SELLING)
2026-06-04 14:14:52,226 - INFO - [005930] 현재가: 356750, 고가: 366000, 저가: 348000
2026-06-04 14:14:52,227 - WARNING - ⚠️ 주문 고착 감지: 가격 이탈 (현재가:356,750, 목표가:362,000, 차이:5,250). 주문 취소를 시도합니다.
2026-06-04 14:14:52,228 - INFO - [CANCEL] 주문 취소 요청: 005930, 주문번호: 0000029720
2026-06-04 14:14:53,893 - INFO - 주문 취소 성공! (원주문: 0000029720)
2026-06-04 14:14:53,937 - INFO - 상태 전환 완료: HOLDING
2026-06-04 14:15:01,266 - INFO - 계좌 예수금: 9934495원
2026-06-04 14:15:01,267 - INFO - [005930] 보유: 1주, 매도 가능: 1주, 평단가: 360,000원
2026-06-04 14:15:01,277 - INFO - 미실현 손익: -3,250원 (-0.90%), 최고 수익률: 0.00%
2026-06-04 14:15:01,305 - INFO - 매도 조건 충족: 평단가(360,000), 현재가(356,750) -> 목표가(362,000원) (보수적 상향 보정)
2026-06-04 14:15:01,306 - INFO - [SELL] 주문 요청: 005930, 1주, 362000원
2026-06-04 14:15:04,338 - INFO - 주문 성공! 주문번호: 0000029780
2026-06-04 14:15:04,378 - INFO - 60초 후 다음 확인을 진행합니다. (현재 상태: SELLING)
2026-06-04 14:16:06,665 - INFO - [005930] 현재가: 356500, 고가: 366000, 저가: 348000
2026-06-04 14:16:06,666 - WARNING - ⚠️ 주문 고착 감지: 가격 이탈 (현재가:356,500, 목표가:362,000, 차이:5,500). 주문 취소를 시도합니다.
2026-06-04 14:16:06,666 - INFO - [CANCEL] 주문 취소 요청: 005930, 주문번호: 0000029780
2026-06-04 14:16:11,105 - INFO - 주문 취소 성공! (원주문: 0000029780)
2026-06-04 14:16:11,137 - INFO - 상태 전환 완료: HOLDING
2026-06-04 14:16:19,708 - INFO - 계좌 예수금: 9934495원
2026-06-04 14:16:19,709 - INFO - [005930] 보유: 1주, 매도 가능: 1주, 평단가: 360,000원
2026-06-04 14:16:19,718 - INFO - 미실현 손익: -3,500원 (-0.97%), 최고 수익률: 0.00%
2026-06-04 14:16:19,745 - INFO - 매도 조건 충족: 평단가(360,000), 현재가(356,500) -> 목표가(362,000원) (보수적 상향 보정)
2026-06-04 14:16:19,746 - INFO - [SELL] 주문 요청: 005930, 1주, 362000원
2026-06-04 14:16:21,655 - INFO - 주문 성공! 주문번호: 0000029854
2026-06-04 14:16:21,694 - INFO - 60초 후 다음 확인을 진행합니다. (현재 상태: SELLING)
2026-06-04 14:17:23,814 - INFO - [005930] 현재가: 357000, 고가: 366000, 저가: 348000
2026-06-04 14:17:23,815 - WARNING - ⚠️ 주문 고착 감지: 가격 이탈 (현재가:357,000, 목표가:362,000, 차이:5,000). 주문 취소를 시도합니다.
2026-06-04 14:17:23,816 - INFO - [CANCEL] 주문 취소 요청: 005930, 주문번호: 0000029854
2026-06-04 14:17:26,066 - INFO - 주문 취소 성공! (원주문: 0000029854)
2026-06-04 14:17:26,127 - INFO - 상태 전환 완료: HOLDING
2026-06-04 14:17:32,724 - INFO - 계좌 예수금: 9934495원
2026-06-04 14:17:32,725 - INFO - [005930] 보유: 1주, 매도 가능: 1주, 평단가: 360,000원
2026-06-04 14:17:32,737 - INFO - 미실현 손익: -3,000원 (-0.83%), 최고 수익률: 0.00%
2026-06-04 14:17:32,767 - INFO - 매도 조건 충족: 평단가(360,000), 현재가(357,000) -> 목표가(362,000원) (보수적 상향 보정)
2026-06-04 14:17:32,768 - INFO - [SELL] 주문 요청: 005930, 1주, 362000원
2026-06-04 14:17:34,260 - INFO - 주문 성공! 주문번호: 0000029924
2026-06-04 14:17:34,301 - INFO - 60초 후 다음 확인을 진행합니다. (현재 상태: SELLING)
2026-06-04 14:18:36,741 - INFO - [005930] 현재가: 357250, 고가: 366000, 저가: 348000
2026-06-04 14:18:36,742 - WARNING - ⚠️ 주문 고착 감지: 가격 이탈 (현재가:357,250, 목표가:362,000, 차이:4,750). 주문 취소를 시도합니다.
2026-06-04 14:18:36,742 - INFO - [CANCEL] 주문 취소 요청: 005930, 주문번호: 0000029924
2026-06-04 14:18:39,096 - INFO - 주문 취소 성공! (원주문: 0000029924)
2026-06-04 14:18:39,133 - INFO - 상태 전환 완료: HOLDING
2026-06-04 14:18:46,763 - INFO - 계좌 예수금: 9934495원
2026-06-04 14:18:46,763 - INFO - [005930] 보유: 1주, 매도 가능: 1주, 평단가: 360,000원
2026-06-04 14:18:46,773 - INFO - 미실현 손익: -2,750원 (-0.76%), 최고 수익률: 0.00%
2026-06-04 14:18:46,803 - INFO - 매도 조건 충족: 평단가(360,000), 현재가(357,250) -> 목표가(362,000원) (보수적 상향 보정)
2026-06-04 14:18:46,804 - INFO - [SELL] 주문 요청: 005930, 1주, 362000원
2026-06-04 14:18:48,913 - INFO - 주문 성공! 주문번호: 0000029978
2026-06-04 14:18:48,960 - INFO - 60초 후 다음 확인을 진행합니다. (현재 상태: SELLING)
2026-06-04 14:19:49,067 - INFO - [005930] 현재가: 357500, 고가: 366000, 저가: 348000
2026-06-04 14:19:49,068 - WARNING - ⚠️ 주문 고착 감지: 가격 이탈 (현재가:357,500, 목표가:362,000, 차이:4,500). 주문 취소를 시도합니다.
2026-06-04 14:19:49,068 - INFO - [CANCEL] 주문 취소 요청: 005930, 주문번호: 0000029978
2026-06-04 14:19:52,817 - INFO - 주문 취소 성공! (원주문: 0000029978)
2026-06-04 14:19:52,854 - INFO - 상태 전환 완료: HOLDING
2026-06-04 14:19:58,468 - INFO - 계좌 예수금: 9934495원
2026-06-04 14:19:58,468 - INFO - [005930] 보유: 1주, 매도 가능: 1주, 평단가: 360,000원
2026-06-04 14:19:58,478 - INFO - 미실현 손익: -2,500원 (-0.69%), 최고 수익률: 0.00%
2026-06-04 14:19:58,504 - INFO - 매도 조건 충족: 평단가(360,000), 현재가(357,500) -> 목표가(362,000원) (보수적 상향 보정)
2026-06-04 14:19:58,505 - INFO - [SELL] 주문 요청: 005930, 1주, 362000원
2026-06-04 14:20:01,894 - INFO - 주문 성공! 주문번호: 0000030036
2026-06-04 14:20:01,931 - INFO - 60초 후 다음 확인을 진행합니다. (현재 상태: SELLING)
2026-06-04 14:21:07,177 - INFO - [005930] 현재가: 357000, 고가: 366000, 저가: 348000
2026-06-04 14:21:07,178 - WARNING - ⚠️ 주문 고착 감지: 가격 이탈 (현재가:357,000, 목표가:362,000, 차이:5,000). 주문 취소를 시도합니다.
2026-06-04 14:21:07,178 - INFO - [CANCEL] 주문 취소 요청: 005930, 주문번호: 0000030036
2026-06-04 14:21:12,998 - INFO - 주문 취소 성공! (원주문: 0000030036)
2026-06-04 14:21:13,039 - INFO - 상태 전환 완료: HOLDING
2026-06-04 14:21:22,831 - INFO - 계좌 예수금: 9934495원
2026-06-04 14:21:22,832 - INFO - [005930] 보유: 1주, 매도 가능: 1주, 평단가: 360,000원
2026-06-04 14:21:22,844 - INFO - 미실현 손익: -3,000원 (-0.83%), 최고 수익률: 0.00%
2026-06-04 14:21:22,875 - INFO - 매도 조건 충족: 평단가(360,000), 현재가(357,000) -> 목표가(362,000원) (보수적 상향 보정)
2026-06-04 14:21:22,875 - INFO - [SELL] 주문 요청: 005930, 1주, 362000원
2026-06-04 14:21:27,132 - INFO - 주문 성공! 주문번호: 0000030108
2026-06-04 14:21:27,171 - INFO - 60초 후 다음 확인을 진행합니다. (현재 상태: SELLING)
2026-06-04 14:22:31,133 - INFO - [005930] 현재가: 356500, 고가: 366000, 저가: 348000
2026-06-04 14:22:31,134 - WARNING - ⚠️ 주문 고착 감지: 가격 이탈 (현재가:356,500, 목표가:362,000, 차이:5,500). 주문 취소를 시도합니다.
2026-06-04 14:22:31,134 - INFO - [CANCEL] 주문 취소 요청: 005930, 주문번호: 0000030108
2026-06-04 14:22:32,875 - INFO - 주문 취소 성공! (원주문: 0000030108)
2026-06-04 14:22:32,912 - INFO - 상태 전환 완료: HOLDING
2026-06-04 14:22:41,169 - INFO - 계좌 예수금: 9934495원
2026-06-04 14:22:41,170 - INFO - [005930] 보유: 1주, 매도 가능: 1주, 평단가: 360,000원
2026-06-04 14:22:41,180 - INFO - 미실현 손익: -3,500원 (-0.97%), 최고 수익률: 0.00%
2026-06-04 14:22:41,207 - INFO - 매도 조건 충족: 평단가(360,000), 현재가(356,500) -> 목표가(362,000원) (보수적 상향 보정)
2026-06-04 14:22:41,208 - INFO - [SELL] 주문 요청: 005930, 1주, 362000원
2026-06-04 14:22:43,934 - INFO - 주문 성공! 주문번호: 0000030185
2026-06-04 14:22:43,971 - INFO - 60초 후 다음 확인을 진행합니다. (현재 상태: SELLING)
2026-06-04 14:23:48,555 - INFO - [005930] 현재가: 357000, 고가: 366000, 저가: 348000
2026-06-04 14:23:48,556 - WARNING - ⚠️ 주문 고착 감지: 가격 이탈 (현재가:357,000, 목표가:362,000, 차이:5,000). 주문 취소를 시도합니다.
2026-06-04 14:23:48,557 - INFO - [CANCEL] 주문 취소 요청: 005930, 주문번호: 0000030185
2026-06-04 14:23:53,979 - INFO - 주문 취소 성공! (원주문: 0000030185)
2026-06-04 14:23:54,025 - INFO - 상태 전환 완료: HOLDING
2026-06-04 14:23:58,281 - INFO - 계좌 예수금: 9934495원
2026-06-04 14:23:58,282 - INFO - [005930] 보유: 1주, 매도 가능: 1주, 평단가: 360,000원
2026-06-04 14:23:58,293 - INFO - 미실현 손익: -3,000원 (-0.83%), 최고 수익률: 0.00%
2026-06-04 14:23:58,326 - INFO - 매도 조건 충족: 평단가(360,000), 현재가(357,000) -> 목표가(362,000원) (보수적 상향 보정)
2026-06-04 14:23:58,326 - INFO - [SELL] 주문 요청: 005930, 1주, 362000원
2026-06-04 14:23:58,487 - INFO - 주문 성공! 주문번호: 0000030253
2026-06-04 14:23:58,528 - INFO - 60초 후 다음 확인을 진행합니다. (현재 상태: SELLING)
2026-06-04 14:24:59,826 - INFO - [005930] 현재가: 356500, 고가: 366000, 저가: 348000
2026-06-04 14:24:59,827 - WARNING - ⚠️ 주문 고착 감지: 가격 이탈 (현재가:356,500, 목표가:362,000, 차이:5,500). 주문 취소를 시도합니다.
2026-06-04 14:24:59,827 - INFO - [CANCEL] 주문 취소 요청: 005930, 주문번호: 0000030253
2026-06-04 14:25:01,362 - INFO - 주문 취소 성공! (원주문: 0000030253)
2026-06-04 14:25:01,408 - INFO - 상태 전환 완료: HOLDING
2026-06-04 14:25:09,248 - INFO - 계좌 예수금: 9934495원
2026-06-04 14:25:09,249 - INFO - [005930] 보유: 1주, 매도 가능: 1주, 평단가: 360,000원
2026-06-04 14:25:09,259 - INFO - 미실현 손익: -3,500원 (-0.97%), 최고 수익률: 0.00%
2026-06-04 14:25:09,301 - INFO - 자가 최적화 기록 완료: C:\Users\witpo\OneDrive\바탕 화면\YONSEI\26-1\ECO4126 인공지능과금융공학\open-trading-api\self_optimization_history
2026-06-04 14:25:09,302 - INFO - 매도 조건 충족: 평단가(360,000), 현재가(356,500) -> 목표가(362,000원) (보수적 상향 보정)
2026-06-04 14:25:09,303 - INFO - [SELL] 주문 요청: 005930, 1주, 362000원
2026-06-04 14:25:11,911 - INFO - 주문 성공! 주문번호: 0000030317
2026-06-04 14:25:11,970 - INFO - 60초 후 다음 확인을 진행합니다. (현재 상태: SELLING)
2026-06-04 14:26:15,303 - INFO - [005930] 현재가: 356750, 고가: 366000, 저가: 348000
2026-06-04 14:26:15,304 - WARNING - ⚠️ 주문 고착 감지: 가격 이탈 (현재가:356,750, 목표가:362,000, 차이:5,250). 주문 취소를 시도합니다.
2026-06-04 14:26:15,305 - INFO - [CANCEL] 주문 취소 요청: 005930, 주문번호: 0000030317
2026-06-04 14:26:19,037 - INFO - 주문 취소 성공! (원주문: 0000030317)
2026-06-04 14:26:19,087 - INFO - 상태 전환 완료: HOLDING
2026-06-04 14:26:28,101 - INFO - 계좌 예수금: 9934495원
2026-06-04 14:26:28,102 - INFO - [005930] 보유: 1주, 매도 가능: 1주, 평단가: 360,000원
2026-06-04 14:26:28,114 - INFO - 미실현 손익: -3,250원 (-0.90%), 최고 수익률: 0.00%
2026-06-04 14:26:28,144 - INFO - 매도 조건 충족: 평단가(360,000), 현재가(356,750) -> 목표가(362,500원) (보수적 상향 보정)
2026-06-04 14:26:28,145 - INFO - [SELL] 주문 요청: 005930, 1주, 362500원
2026-06-04 14:26:32,159 - INFO - 주문 성공! 주문번호: 0000030380
2026-06-04 14:26:32,203 - INFO - 60초 후 다음 확인을 진행합니다. (현재 상태: SELLING)
2026-06-04 14:27:36,304 - INFO - [005930] 현재가: 356500, 고가: 366000, 저가: 348000
2026-06-04 14:27:36,305 - WARNING - ⚠️ 주문 고착 감지: 가격 이탈 (현재가:356,500, 목표가:362,500, 차이:6,000). 주문 취소를 시도합니다.
2026-06-04 14:27:36,305 - INFO - [CANCEL] 주문 취소 요청: 005930, 주문번호: 0000030380
2026-06-04 14:27:39,149 - INFO - 주문 취소 성공! (원주문: 0000030380)
2026-06-04 14:27:39,190 - INFO - 상태 전환 완료: HOLDING
2026-06-04 14:27:46,235 - INFO - 계좌 예수금: 9934495원
2026-06-04 14:27:46,236 - INFO - [005930] 보유: 1주, 매도 가능: 1주, 평단가: 360,000원
2026-06-04 14:27:46,246 - INFO - 미실현 손익: -3,500원 (-0.97%), 최고 수익률: 0.00%
2026-06-04 14:27:46,282 - INFO - 매도 조건 충족: 평단가(360,000), 현재가(356,500) -> 목표가(362,500원) (보수적 상향 보정)
2026-06-04 14:27:46,282 - INFO - [SELL] 주문 요청: 005930, 1주, 362500원
2026-06-04 14:27:51,458 - INFO - 주문 성공! 주문번호: 0000030465
2026-06-04 14:27:51,500 - INFO - 60초 후 다음 확인을 진행합니다. (현재 상태: SELLING)
2026-06-04 14:28:54,438 - INFO - [005930] 현재가: 357000, 고가: 366000, 저가: 348000
2026-06-04 14:28:54,439 - WARNING - ⚠️ 주문 고착 감지: 가격 이탈 (현재가:357,000, 목표가:362,500, 차이:5,500). 주문 취소를 시도합니다.
2026-06-04 14:28:54,439 - INFO - [CANCEL] 주문 취소 요청: 005930, 주문번호: 0000030465
2026-06-04 14:28:54,573 - INFO - 주문 취소 성공! (원주문: 0000030465)
2026-06-04 14:28:54,619 - INFO - 상태 전환 완료: HOLDING
2026-06-04 14:29:02,811 - INFO - 계좌 예수금: 9934495원
2026-06-04 14:29:02,812 - INFO - [005930] 보유: 1주, 매도 가능: 1주, 평단가: 360,000원
2026-06-04 14:29:02,825 - INFO - 미실현 손익: -3,000원 (-0.83%), 최고 수익률: 0.00%
2026-06-04 14:29:02,858 - INFO - 매도 조건 충족: 평단가(360,000), 현재가(357,000) -> 목표가(362,500원) (보수적 상향 보정)
2026-06-04 14:29:02,859 - INFO - [SELL] 주문 요청: 005930, 1주, 362500원
2026-06-04 14:29:07,035 - INFO - 주문 성공! 주문번호: 0000030556
2026-06-04 14:29:07,071 - INFO - 60초 후 다음 확인을 진행합니다. (현재 상태: SELLING)
2026-06-04 14:30:15,849 - INFO - [005930] 현재가: 357000, 고가: 366000, 저가: 348000
2026-06-04 14:30:15,850 - WARNING - ⚠️ 주문 고착 감지: 가격 이탈 (현재가:357,000, 목표가:362,500, 차이:5,500). 주문 취소를 시도합니다.
2026-06-04 14:30:15,850 - INFO - [CANCEL] 주문 취소 요청: 005930, 주문번호: 0000030556
2026-06-04 14:30:18,820 - INFO - 주문 취소 성공! (원주문: 0000030556)
2026-06-04 14:30:18,857 - INFO - 상태 전환 완료: HOLDING
2026-06-04 14:30:26,129 - INFO - 계좌 예수금: 9934495원
2026-06-04 14:30:26,129 - INFO - [005930] 보유: 1주, 매도 가능: 1주, 평단가: 360,000원
2026-06-04 14:30:26,141 - INFO - 미실현 손익: -3,000원 (-0.83%), 최고 수익률: 0.00%
2026-06-04 14:30:26,172 - INFO - 매도 조건 충족: 평단가(360,000), 현재가(357,000) -> 목표가(362,500원) (보수적 상향 보정)
2026-06-04 14:30:26,173 - INFO - [SELL] 주문 요청: 005930, 1주, 362500원
2026-06-04 14:30:36,025 - INFO - 주문 성공! 주문번호: 0000030625
2026-06-04 14:30:36,066 - INFO - 60초 후 다음 확인을 진행합니다. (현재 상태: SELLING)
2026-06-04 14:31:41,568 - INFO - [005930] 현재가: 356000, 고가: 366000, 저가: 348000
2026-06-04 14:31:41,568 - WARNING - ⚠️ 주문 고착 감지: 가격 이탈 (현재가:356,000, 목표가:362,500, 차이:6,500). 주문 취소를 시도합니다.
2026-06-04 14:31:41,569 - INFO - [CANCEL] 주문 취소 요청: 005930, 주문번호: 0000030625
2026-06-04 14:31:44,024 - INFO - 주문 취소 성공! (원주문: 0000030625)
2026-06-04 14:31:44,063 - INFO - 상태 전환 완료: HOLDING
2026-06-04 14:31:52,829 - INFO - 계좌 예수금: 9934495원
2026-06-04 14:31:52,830 - INFO - [005930] 보유: 1주, 매도 가능: 1주, 평단가: 360,000원
2026-06-04 14:31:52,841 - INFO - 미실현 손익: -4,000원 (-1.11%), 최고 수익률: 0.00%
2026-06-04 14:31:52,872 - INFO - 매도 조건 충족: 평단가(360,000), 현재가(356,000) -> 목표가(362,500원) (보수적 상향 보정)
2026-06-04 14:31:52,873 - INFO - [SELL] 주문 요청: 005930, 1주, 362500원
2026-06-04 14:31:57,028 - INFO - 주문 성공! 주문번호: 0000030683
2026-06-04 14:31:57,068 - INFO - 60초 후 다음 확인을 진행합니다. (현재 상태: SELLING)
2026-06-04 14:32:59,712 - INFO - [005930] 현재가: 355500, 고가: 366000, 저가: 348000
2026-06-04 14:32:59,712 - WARNING - ⚠️ 주문 고착 감지: 가격 이탈 (현재가:355,500, 목표가:362,500, 차이:7,000). 주문 취소를 시도합니다.
2026-06-04 14:32:59,713 - INFO - [CANCEL] 주문 취소 요청: 005930, 주문번호: 0000030683
2026-06-04 14:33:00,945 - INFO - 주문 취소 성공! (원주문: 0000030683)
2026-06-04 14:33:00,976 - INFO - 상태 전환 완료: HOLDING
2026-06-04 14:33:09,120 - INFO - 계좌 예수금: 9934495원
2026-06-04 14:33:09,121 - INFO - [005930] 보유: 1주, 매도 가능: 1주, 평단가: 360,000원
2026-06-04 14:33:09,133 - INFO - 미실현 손익: -4,500원 (-1.25%), 최고 수익률: 0.00%
2026-06-04 14:33:09,161 - INFO - 매도 조건 충족: 평단가(360,000), 현재가(355,500) -> 목표가(362,500원) (보수적 상향 보정)
2026-06-04 14:33:09,162 - INFO - [SELL] 주문 요청: 005930, 1주, 362500원
2026-06-04 14:33:11,477 - INFO - 주문 성공! 주문번호: 0000030762
2026-06-04 14:33:11,515 - INFO - 60초 후 다음 확인을 진행합니다. (현재 상태: SELLING)
2026-06-04 14:34:11,608 - INFO - [005930] 현재가: 356000, 고가: 366000, 저가: 348000
2026-06-04 14:34:11,608 - WARNING - ⚠️ 주문 고착 감지: 가격 이탈 (현재가:356,000, 목표가:362,500, 차이:6,500). 주문 취소를 시도합니다.
2026-06-04 14:34:11,609 - INFO - [CANCEL] 주문 취소 요청: 005930, 주문번호: 0000030762
2026-06-04 14:34:17,925 - INFO - 주문 취소 성공! (원주문: 0000030762)
2026-06-04 14:34:17,978 - INFO - 상태 전환 완료: HOLDING
2026-06-04 14:34:22,321 - INFO - 계좌 예수금: 9934495원
2026-06-04 14:34:22,322 - INFO - [005930] 보유: 1주, 매도 가능: 1주, 평단가: 360,000원
2026-06-04 14:34:22,332 - INFO - 미실현 손익: -4,000원 (-1.11%), 최고 수익률: 0.00%
2026-06-04 14:34:22,358 - INFO - 매도 조건 충족: 평단가(360,000), 현재가(356,000) -> 목표가(362,500원) (보수적 상향 보정)
2026-06-04 14:34:22,359 - INFO - [SELL] 주문 요청: 005930, 1주, 362500원
2026-06-04 14:34:22,502 - INFO - 주문 성공! 주문번호: 0000030840
2026-06-04 14:34:22,536 - INFO - 60초 후 다음 확인을 진행합니다. (현재 상태: SELLING)
2026-06-04 14:35:27,061 - INFO - [005930] 현재가: 357500, 고가: 366000, 저가: 348000
2026-06-04 14:35:27,062 - WARNING - ⚠️ 주문 고착 감지: 가격 이탈 (현재가:357,500, 목표가:362,500, 차이:5,000). 주문 취소를 시도합니다.
2026-06-04 14:35:27,062 - INFO - [CANCEL] 주문 취소 요청: 005930, 주문번호: 0000030840
2026-06-04 14:35:31,215 - INFO - 주문 취소 성공! (원주문: 0000030840)
2026-06-04 14:35:31,265 - INFO - 상태 전환 완료: HOLDING
2026-06-04 14:35:39,965 - INFO - 계좌 예수금: 9934495원
2026-06-04 14:35:39,965 - INFO - [005930] 보유: 1주, 매도 가능: 1주, 평단가: 360,000원
2026-06-04 14:35:39,977 - INFO - 미실현 손익: -2,500원 (-0.69%), 최고 수익률: 0.00%
2026-06-04 14:35:40,010 - INFO - 매도 조건 충족: 평단가(360,000), 현재가(357,500) -> 목표가(362,500원) (보수적 상향 보정)
2026-06-04 14:35:40,011 - INFO - [SELL] 주문 요청: 005930, 1주, 362500원
2026-06-04 14:35:44,061 - INFO - 주문 성공! 주문번호: 0000030928
2026-06-04 14:35:44,096 - INFO - 60초 후 다음 확인을 진행합니다. (현재 상태: SELLING)
2026-06-04 14:36:46,630 - INFO - [005930] 현재가: 357500, 고가: 366000, 저가: 348000
2026-06-04 14:36:46,631 - WARNING - ⚠️ 주문 고착 감지: 가격 이탈 (현재가:357,500, 목표가:362,500, 차이:5,000). 주문 취소를 시도합니다.
2026-06-04 14:36:46,631 - INFO - [CANCEL] 주문 취소 요청: 005930, 주문번호: 0000030928
2026-06-04 14:36:47,678 - INFO - 주문 취소 성공! (원주문: 0000030928)
2026-06-04 14:36:47,714 - INFO - 상태 전환 완료: HOLDING
2026-06-04 14:36:54,929 - INFO - 계좌 예수금: 9934495원
2026-06-04 14:36:54,930 - INFO - [005930] 보유: 1주, 매도 가능: 1주, 평단가: 360,000원
2026-06-04 14:36:54,945 - INFO - 미실현 손익: -2,500원 (-0.69%), 최고 수익률: 0.00%
2026-06-04 14:36:54,978 - INFO - 매도 조건 충족: 평단가(360,000), 현재가(357,500) -> 목표가(362,500원) (보수적 상향 보정)
2026-06-04 14:36:54,978 - INFO - [SELL] 주문 요청: 005930, 1주, 362500원
2026-06-04 14:36:57,384 - INFO - 주문 성공! 주문번호: 0000030999
2026-06-04 14:36:57,424 - INFO - 60초 후 다음 확인을 진행합니다. (현재 상태: SELLING)
2026-06-04 14:37:57,534 - INFO - [005930] 현재가: 357750, 고가: 366000, 저가: 348000
2026-06-04 14:37:57,535 - WARNING - ⚠️ 주문 고착 감지: 가격 이탈 (현재가:357,750, 목표가:362,500, 차이:4,750). 주문 취소를 시도합니다.
2026-06-04 14:37:57,535 - INFO - [CANCEL] 주문 취소 요청: 005930, 주문번호: 0000030999
2026-06-04 14:37:58,075 - INFO - 주문 취소 성공! (원주문: 0000030999)
2026-06-04 14:37:58,113 - INFO - 상태 전환 완료: HOLDING
2026-06-04 14:38:04,664 - INFO - 계좌 예수금: 9934495원
2026-06-04 14:38:04,664 - INFO - [005930] 보유: 1주, 매도 가능: 1주, 평단가: 360,000원
2026-06-04 14:38:04,675 - INFO - 미실현 손익: -2,250원 (-0.62%), 최고 수익률: 0.00%
2026-06-04 14:38:04,706 - INFO - 매도 조건 충족: 평단가(360,000), 현재가(357,750) -> 목표가(362,500원) (보수적 상향 보정)
2026-06-04 14:38:04,707 - INFO - [SELL] 주문 요청: 005930, 1주, 362500원
2026-06-04 14:38:07,738 - INFO - 주문 성공! 주문번호: 0000031063
2026-06-04 14:38:07,779 - INFO - 60초 후 다음 확인을 진행합니다. (현재 상태: SELLING)
2026-06-04 14:39:11,740 - INFO - [005930] 현재가: 357500, 고가: 366000, 저가: 348000
2026-06-04 14:39:11,741 - WARNING - ⚠️ 주문 고착 감지: 가격 이탈 (현재가:357,500, 목표가:362,500, 차이:5,000). 주문 취소를 시도합니다.
2026-06-04 14:39:11,741 - INFO - [CANCEL] 주문 취소 요청: 005930, 주문번호: 0000031063
2026-06-04 14:39:14,942 - INFO - 주문 취소 성공! (원주문: 0000031063)
2026-06-04 14:39:14,983 - INFO - 상태 전환 완료: HOLDING
2026-06-04 14:39:23,311 - INFO - 계좌 예수금: 9934495원
2026-06-04 14:39:23,312 - INFO - [005930] 보유: 1주, 매도 가능: 1주, 평단가: 360,000원
2026-06-04 14:39:23,322 - INFO - 미실현 손익: -2,500원 (-0.69%), 최고 수익률: 0.00%
2026-06-04 14:39:23,350 - INFO - 매도 조건 충족: 평단가(360,000), 현재가(357,500) -> 목표가(362,500원) (보수적 상향 보정)
2026-06-04 14:39:23,350 - INFO - [SELL] 주문 요청: 005930, 1주, 362500원
2026-06-04 14:39:27,612 - INFO - 주문 성공! 주문번호: 0000031126
2026-06-04 14:39:27,659 - INFO - 60초 후 다음 확인을 진행합니다. (현재 상태: SELLING)
2026-06-04 14:40:30,181 - INFO - [005930] 현재가: 357000, 고가: 366000, 저가: 348000
2026-06-04 14:40:30,181 - WARNING - ⚠️ 주문 고착 감지: 가격 이탈 (현재가:357,000, 목표가:362,500, 차이:5,500). 주문 취소를 시도합니다.
2026-06-04 14:40:30,182 - INFO - [CANCEL] 주문 취소 요청: 005930, 주문번호: 0000031126
2026-06-04 14:40:35,507 - INFO - 주문 취소 성공! (원주문: 0000031126)
2026-06-04 14:40:35,543 - INFO - 상태 전환 완료: HOLDING
2026-06-04 14:40:44,061 - INFO - 계좌 예수금: 9934495원
2026-06-04 14:40:44,062 - INFO - [005930] 보유: 1주, 매도 가능: 1주, 평단가: 360,000원
2026-06-04 14:40:44,075 - INFO - 미실현 손익: -3,000원 (-0.83%), 최고 수익률: 0.00%
2026-06-04 14:40:44,107 - INFO - 매도 조건 충족: 평단가(360,000), 현재가(357,000) -> 목표가(362,500원) (보수적 상향 보정)
2026-06-04 14:40:44,108 - INFO - [SELL] 주문 요청: 005930, 1주, 362500원
2026-06-04 14:40:49,367 - INFO - 주문 성공! 주문번호: 0000031192
2026-06-04 14:40:49,403 - INFO - 60초 후 다음 확인을 진행합니다. (현재 상태: SELLING)
2026-06-04 14:41:52,592 - INFO - [005930] 현재가: 357250, 고가: 366000, 저가: 348000
2026-06-04 14:41:52,593 - WARNING - ⚠️ 주문 고착 감지: 가격 이탈 (현재가:357,250, 목표가:362,500, 차이:5,250). 주문 취소를 시도합니다.
2026-06-04 14:41:52,593 - INFO - [CANCEL] 주문 취소 요청: 005930, 주문번호: 0000031192
2026-06-04 14:41:55,407 - INFO - 주문 취소 성공! (원주문: 0000031192)
2026-06-04 14:41:55,445 - INFO - 상태 전환 완료: HOLDING
2026-06-04 14:42:03,679 - INFO - 계좌 예수금: 9934495원
2026-06-04 14:42:03,679 - INFO - [005930] 보유: 1주, 매도 가능: 1주, 평단가: 360,000원
2026-06-04 14:42:03,689 - INFO - 미실현 손익: -2,750원 (-0.76%), 최고 수익률: 0.00%
2026-06-04 14:42:03,722 - INFO - 매도 조건 충족: 평단가(360,000), 현재가(357,250) -> 목표가(362,500원) (보수적 상향 보정)
2026-06-04 14:42:03,722 - INFO - [SELL] 주문 요청: 005930, 1주, 362500원
2026-06-04 14:42:08,893 - INFO - 주문 성공! 주문번호: 0000031268
2026-06-04 14:42:08,942 - INFO - 60초 후 다음 확인을 진행합니다. (현재 상태: SELLING)
2026-06-04 14:43:12,011 - INFO - [005930] 현재가: 357000, 고가: 366000, 저가: 348000
2026-06-04 14:43:12,012 - WARNING - ⚠️ 주문 고착 감지: 가격 이탈 (현재가:357,000, 목표가:362,500, 차이:5,500). 주문 취소를 시도합니다.
2026-06-04 14:43:12,013 - INFO - [CANCEL] 주문 취소 요청: 005930, 주문번호: 0000031268
2026-06-04 14:43:14,953 - INFO - 주문 취소 성공! (원주문: 0000031268)
2026-06-04 14:43:14,994 - INFO - 상태 전환 완료: HOLDING
2026-06-04 14:43:23,249 - INFO - 계좌 예수금: 9934495원
2026-06-04 14:43:23,250 - INFO - [005930] 보유: 1주, 매도 가능: 1주, 평단가: 360,000원
2026-06-04 14:43:23,266 - INFO - 미실현 손익: -3,000원 (-0.83%), 최고 수익률: 0.00%
2026-06-04 14:43:23,302 - INFO - 매도 조건 충족: 평단가(360,000), 현재가(357,000) -> 목표가(362,500원) (보수적 상향 보정)
2026-06-04 14:43:23,303 - INFO - [SELL] 주문 요청: 005930, 1주, 362500원
2026-06-04 14:43:25,399 - INFO - 주문 성공! 주문번호: 0000031348
2026-06-04 14:43:25,441 - INFO - 60초 후 다음 확인을 진행합니다. (현재 상태: SELLING)
2026-06-04 14:44:31,039 - INFO - [005930] 현재가: 357000, 고가: 366000, 저가: 348000
2026-06-04 14:44:31,040 - WARNING - ⚠️ 주문 고착 감지: 가격 이탈 (현재가:357,000, 목표가:362,500, 차이:5,500). 주문 취소를 시도합니다.
2026-06-04 14:44:31,040 - INFO - [CANCEL] 주문 취소 요청: 005930, 주문번호: 0000031348
2026-06-04 14:44:31,449 - INFO - 주문 취소 성공! (원주문: 0000031348)
2026-06-04 14:44:31,511 - INFO - 상태 전환 완료: HOLDING
2026-06-04 14:44:37,902 - INFO - 계좌 예수금: 9934495원
2026-06-04 14:44:37,903 - INFO - [005930] 보유: 1주, 매도 가능: 1주, 평단가: 360,000원
2026-06-04 14:44:37,918 - INFO - 미실현 손익: -3,000원 (-0.83%), 최고 수익률: 0.00%
2026-06-04 14:44:37,947 - INFO - 매도 조건 충족: 평단가(360,000), 현재가(357,000) -> 목표가(362,500원) (보수적 상향 보정)
2026-06-04 14:44:37,947 - INFO - [SELL] 주문 요청: 005930, 1주, 362500원
2026-06-04 14:44:44,558 - INFO - 주문 성공! 주문번호: 0000031407
2026-06-04 14:44:44,599 - INFO - 60초 후 다음 확인을 진행합니다. (현재 상태: SELLING)
2026-06-04 14:45:48,359 - INFO - [005930] 현재가: 356000, 고가: 366000, 저가: 348000
2026-06-04 14:45:48,360 - WARNING - ⚠️ 주문 고착 감지: 가격 이탈 (현재가:356,000, 목표가:362,500, 차이:6,500). 주문 취소를 시도합니다.
2026-06-04 14:45:48,361 - INFO - [CANCEL] 주문 취소 요청: 005930, 주문번호: 0000031407
2026-06-04 14:45:52,250 - INFO - 주문 취소 성공! (원주문: 0000031407)
2026-06-04 14:45:52,288 - INFO - 상태 전환 완료: HOLDING
2026-06-04 14:46:00,737 - INFO - 계좌 예수금: 9934495원
2026-06-04 14:46:00,738 - INFO - [005930] 보유: 1주, 매도 가능: 1주, 평단가: 360,000원
2026-06-04 14:46:00,748 - INFO - 미실현 손익: -4,000원 (-1.11%), 최고 수익률: 0.00%
2026-06-04 14:46:00,788 - INFO - 매도 조건 충족: 평단가(360,000), 현재가(356,000) -> 목표가(362,500원) (보수적 상향 보정)
2026-06-04 14:46:00,788 - INFO - [SELL] 주문 요청: 005930, 1주, 362500원
2026-06-04 14:46:03,359 - INFO - 주문 성공! 주문번호: 0000031482
2026-06-04 14:46:03,421 - INFO - 자가 최적화 기록 완료: C:\Users\witpo\OneDrive\바탕 화면\YONSEI\26-1\ECO4126 인공지능과금융공학\open-trading-api\self_optimization_history
2026-06-04 14:46:03,456 - INFO - 60초 후 다음 확인을 진행합니다. (현재 상태: SELLING)
2026-06-04 14:47:08,439 - INFO - [005930] 현재가: 355500, 고가: 366000, 저가: 348000
2026-06-04 14:47:08,440 - WARNING - ⚠️ 주문 고착 감지: 가격 이탈 (현재가:355,500, 목표가:362,500, 차이:7,000). 주문 취소를 시도합니다.
2026-06-04 14:47:08,440 - INFO - [CANCEL] 주문 취소 요청: 005930, 주문번호: 0000031482
2026-06-04 14:47:09,973 - INFO - 주문 취소 성공! (원주문: 0000031482)
2026-06-04 14:47:10,017 - INFO - 상태 전환 완료: HOLDING
2026-06-04 14:47:17,963 - INFO - 계좌 예수금: 9934495원
2026-06-04 14:47:17,964 - INFO - [005930] 보유: 1주, 매도 가능: 1주, 평단가: 360,000원
2026-06-04 14:47:17,980 - INFO - 미실현 손익: -4,500원 (-1.25%), 최고 수익률: 0.00%
2026-06-04 14:47:18,017 - INFO - 매도 조건 충족: 평단가(360,000), 현재가(355,500) -> 목표가(362,000원) (보수적 상향 보정)
2026-06-04 14:47:18,017 - INFO - [SELL] 주문 요청: 005930, 1주, 362000원
2026-06-04 14:47:22,678 - INFO - 주문 성공! 주문번호: 0000031555
2026-06-04 14:47:22,722 - INFO - 60초 후 다음 확인을 진행합니다. (현재 상태: SELLING)
2026-06-04 14:48:25,652 - INFO - [005930] 현재가: 355500, 고가: 366000, 저가: 348000
2026-06-04 14:48:25,653 - WARNING - ⚠️ 주문 고착 감지: 가격 이탈 (현재가:355,500, 목표가:362,000, 차이:6,500). 주문 취소를 시도합니다.
2026-06-04 14:48:25,653 - INFO - [CANCEL] 주문 취소 요청: 005930, 주문번호: 0000031555
2026-06-04 14:48:25,841 - INFO - 주문 취소 성공! (원주문: 0000031555)
2026-06-04 14:48:25,884 - INFO - 상태 전환 완료: HOLDING
2026-06-04 14:48:34,458 - INFO - 계좌 예수금: 9934495원
2026-06-04 14:48:34,459 - INFO - [005930] 보유: 1주, 매도 가능: 1주, 평단가: 360,000원
2026-06-04 14:48:34,470 - INFO - 미실현 손익: -4,500원 (-1.25%), 최고 수익률: 0.00%
2026-06-04 14:48:34,502 - INFO - 매도 조건 충족: 평단가(360,000), 현재가(355,500) -> 목표가(362,000원) (보수적 상향 보정)
2026-06-04 14:48:34,503 - INFO - [SELL] 주문 요청: 005930, 1주, 362000원
2026-06-04 14:48:39,067 - INFO - 주문 성공! 주문번호: 0000031626
2026-06-04 14:48:39,117 - INFO - 60초 후 다음 확인을 진행합니다. (현재 상태: SELLING)
2026-06-04 14:49:43,510 - INFO - [005930] 현재가: 355000, 고가: 366000, 저가: 348000
2026-06-04 14:49:43,510 - WARNING - ⚠️ 주문 고착 감지: 가격 이탈 (현재가:355,000, 목표가:362,000, 차이:7,000). 주문 취소를 시도합니다.
2026-06-04 14:49:43,511 - INFO - [CANCEL] 주문 취소 요청: 005930, 주문번호: 0000031626
2026-06-04 14:49:46,961 - INFO - 주문 취소 성공! (원주문: 0000031626)
2026-06-04 14:49:47,008 - INFO - 상태 전환 완료: HOLDING
2026-06-04 14:49:56,138 - INFO - 계좌 예수금: 9934495원
2026-06-04 14:49:56,139 - INFO - [005930] 보유: 1주, 매도 가능: 1주, 평단가: 360,000원
2026-06-04 14:49:56,152 - INFO - 미실현 손익: -5,000원 (-1.39%), 최고 수익률: 0.00%
2026-06-04 14:49:56,185 - INFO - 매도 조건 충족: 평단가(360,000), 현재가(355,000) -> 목표가(362,000원) (보수적 상향 보정)
2026-06-04 14:49:56,186 - INFO - [SELL] 주문 요청: 005930, 1주, 362000원
2026-06-04 14:49:59,865 - INFO - 주문 성공! 주문번호: 0000031696
2026-06-04 14:49:59,908 - INFO - 60초 후 다음 확인을 진행합니다. (현재 상태: SELLING)
2026-06-04 14:51:04,486 - INFO - [005930] 현재가: 355000, 고가: 366000, 저가: 348000
2026-06-04 14:51:04,487 - WARNING - ⚠️ 주문 고착 감지: 가격 이탈 (현재가:355,000, 목표가:362,000, 차이:7,000). 주문 취소를 시도합니다.
2026-06-04 14:51:04,488 - INFO - [CANCEL] 주문 취소 요청: 005930, 주문번호: 0000031696
2026-06-04 14:51:07,865 - INFO - 주문 취소 성공! (원주문: 0000031696)
2026-06-04 14:51:07,912 - INFO - 상태 전환 완료: HOLDING
2026-06-04 14:51:19,233 - INFO - 계좌 예수금: 9934495원
2026-06-04 14:51:19,234 - INFO - [005930] 보유: 1주, 매도 가능: 1주, 평단가: 360,000원
2026-06-04 14:51:19,249 - INFO - 미실현 손익: -5,000원 (-1.39%), 최고 수익률: 0.00%
2026-06-04 14:51:19,286 - INFO - 매도 조건 충족: 평단가(360,000), 현재가(355,000) -> 목표가(362,000원) (보수적 상향 보정)
2026-06-04 14:51:19,287 - INFO - [SELL] 주문 요청: 005930, 1주, 362000원
2026-06-04 14:51:24,044 - INFO - 주문 성공! 주문번호: 0000031806
2026-06-04 14:51:24,085 - INFO - 60초 후 다음 확인을 진행합니다. (현재 상태: SELLING)
2026-06-04 14:52:25,677 - INFO - [005930] 현재가: 355000, 고가: 366000, 저가: 348000
2026-06-04 14:52:25,677 - WARNING - ⚠️ 주문 고착 감지: 가격 이탈 (현재가:355,000, 목표가:362,000, 차이:7,000). 주문 취소를 시도합니다.
2026-06-04 14:52:25,678 - INFO - [CANCEL] 주문 취소 요청: 005930, 주문번호: 0000031806
2026-06-04 14:52:26,705 - INFO - 주문 취소 성공! (원주문: 0000031806)
2026-06-04 14:52:26,745 - INFO - 상태 전환 완료: HOLDING
2026-06-04 14:52:34,681 - INFO - 계좌 예수금: 9934495원
2026-06-04 14:52:34,681 - INFO - [005930] 보유: 1주, 매도 가능: 1주, 평단가: 360,000원
2026-06-04 14:52:34,694 - INFO - 미실현 손익: -5,000원 (-1.39%), 최고 수익률: 0.00%
2026-06-04 14:52:34,727 - INFO - 매도 조건 충족: 평단가(360,000), 현재가(355,000) -> 목표가(362,000원) (보수적 상향 보정)
2026-06-04 14:52:34,728 - INFO - [SELL] 주문 요청: 005930, 1주, 362000원
2026-06-04 14:52:38,390 - INFO - 주문 성공! 주문번호: 0000031877
2026-06-04 14:52:38,432 - INFO - 60초 후 다음 확인을 진행합니다. (현재 상태: SELLING)
2026-06-04 14:53:38,564 - INFO - [005930] 현재가: 354500, 고가: 366000, 저가: 348000
2026-06-04 14:53:38,565 - WARNING - ⚠️ 주문 고착 감지: 가격 이탈 (현재가:354,500, 목표가:362,000, 차이:7,500). 주문 취소를 시도합니다.
2026-06-04 14:53:38,566 - INFO - [CANCEL] 주문 취소 요청: 005930, 주문번호: 0000031877
2026-06-04 14:53:39,043 - ERROR - POST 요청 실패 (VTTC0013U): 500 Server Error: Internal Server Error for url: https://openapivts.koreainvestment.com:29443/uapi/domestic-stock/v1/trading/order-rvsecncl
2026-06-04 14:53:39,044 - ERROR - 상세 에러: {"rt_cd":"1","msg1":"초당 거래건수를 초과하였습니다.","msg_cd":"EGW00201","message":"EGW00201"}
2026-06-04 14:53:39,048 - ERROR - 주문 취소 실패: 응답 없음
2026-06-04 14:53:39,049 - ERROR - 주문 취소 실패. 다음 루프에서 재시도합니다.
2026-06-04 14:53:44,440 - INFO - 계좌 예수금: 9934495원
2026-06-04 14:53:44,440 - INFO - [005930] 보유: 1주, 매도 가능: 0주, 평단가: 360,000원
2026-06-04 14:53:44,454 - INFO - 미실현 손익: -5,500원 (-1.53%), 최고 수익률: 0.00%
2026-06-04 14:53:44,486 - INFO - 보유 수량(1)에 대해 매도 주문(0000031877)이 진행 중입니다.
2026-06-04 14:53:44,487 - INFO - 60초 후 다음 확인을 진행합니다. (현재 상태: SELLING)
2026-06-04 14:54:47,115 - INFO - [005930] 현재가: 354500, 고가: 366000, 저가: 348000
2026-06-04 14:54:47,116 - WARNING - ⚠️ 주문 고착 감지: 가격 이탈 (현재가:354,500, 목표가:362,000, 차이:7,500). 주문 취소를 시도합니다.
2026-06-04 14:54:47,117 - INFO - [CANCEL] 주문 취소 요청: 005930, 주문번호: 0000031877
2026-06-04 14:54:50,313 - INFO - 주문 취소 성공! (원주문: 0000031877)
2026-06-04 14:54:50,357 - INFO - 상태 전환 완료: HOLDING
2026-06-04 14:54:57,642 - INFO - 계좌 예수금: 9934495원
2026-06-04 14:54:57,643 - INFO - [005930] 보유: 1주, 매도 가능: 1주, 평단가: 360,000원
2026-06-04 14:54:57,655 - INFO - 미실현 손익: -5,500원 (-1.53%), 최고 수익률: 0.00%
2026-06-04 14:54:57,694 - INFO - 매도 조건 충족: 평단가(360,000), 현재가(354,500) -> 목표가(362,000원) (보수적 상향 보정)
2026-06-04 14:54:57,695 - INFO - [SELL] 주문 요청: 005930, 1주, 362000원
2026-06-04 14:55:00,629 - INFO - 주문 성공! 주문번호: 0000032003
2026-06-04 14:55:00,681 - INFO - 60초 후 다음 확인을 진행합니다. (현재 상태: SELLING)
2026-06-04 14:56:01,736 - INFO - [005930] 현재가: 354250, 고가: 366000, 저가: 348000
2026-06-04 14:56:01,738 - WARNING - ⚠️ 주문 고착 감지: 가격 이탈 (현재가:354,250, 목표가:362,000, 차이:7,750). 주문 취소를 시도합니다.
2026-06-04 14:56:01,739 - INFO - [CANCEL] 주문 취소 요청: 005930, 주문번호: 0000032003
2026-06-04 14:56:04,529 - INFO - 주문 취소 성공! (원주문: 0000032003)
2026-06-04 14:56:04,568 - INFO - 상태 전환 완료: HOLDING
2026-06-04 14:56:13,779 - INFO - 계좌 예수금: 9934495원
2026-06-04 14:56:13,780 - INFO - [005930] 보유: 1주, 매도 가능: 1주, 평단가: 360,000원
2026-06-04 14:56:13,792 - INFO - 미실현 손익: -5,750원 (-1.60%), 최고 수익률: 0.00%
2026-06-04 14:56:13,821 - INFO - 매도 조건 충족: 평단가(360,000), 현재가(354,250) -> 목표가(362,000원) (보수적 상향 보정)
2026-06-04 14:56:13,821 - INFO - [SELL] 주문 요청: 005930, 1주, 362000원
2026-06-04 14:56:18,070 - INFO - 주문 성공! 주문번호: 0000032075
2026-06-04 14:56:18,117 - INFO - 60초 후 다음 확인을 진행합니다. (현재 상태: SELLING)
2026-06-04 14:57:18,380 - INFO - [005930] 현재가: 354000, 고가: 366000, 저가: 348000
2026-06-04 14:57:18,381 - WARNING - ⚠️ 주문 고착 감지: 가격 이탈 (현재가:354,000, 목표가:362,000, 차이:8,000). 주문 취소를 시도합니다.
2026-06-04 14:57:18,381 - INFO - [CANCEL] 주문 취소 요청: 005930, 주문번호: 0000032075
2026-06-04 14:57:23,794 - INFO - 주문 취소 성공! (원주문: 0000032075)
2026-06-04 14:57:23,845 - INFO - 상태 전환 완료: HOLDING
2026-06-04 14:57:32,702 - INFO - 계좌 예수금: 9934495원
2026-06-04 14:57:32,703 - INFO - [005930] 보유: 1주, 매도 가능: 1주, 평단가: 360,000원
2026-06-04 14:57:32,716 - INFO - 미실현 손익: -6,000원 (-1.67%), 최고 수익률: 0.00%
2026-06-04 14:57:32,745 - INFO - 매도 조건 충족: 평단가(360,000), 현재가(354,000) -> 목표가(362,000원) (보수적 상향 보정)
2026-06-04 14:57:32,746 - INFO - [SELL] 주문 요청: 005930, 1주, 362000원
2026-06-04 14:57:36,389 - INFO - 주문 성공! 주문번호: 0000032150
2026-06-04 14:57:36,448 - INFO - 60초 후 다음 확인을 진행합니다. (현재 상태: SELLING)
2026-06-04 14:58:42,132 - INFO - [005930] 현재가: 354000, 고가: 366000, 저가: 348000
2026-06-04 14:58:42,133 - WARNING - ⚠️ 주문 고착 감지: 가격 이탈 (현재가:354,000, 목표가:362,000, 차이:8,000). 주문 취소를 시도합니다.
2026-06-04 14:58:42,133 - INFO - [CANCEL] 주문 취소 요청: 005930, 주문번호: 0000032150
2026-06-04 14:58:42,300 - INFO - 주문 취소 성공! (원주문: 0000032150)
2026-06-04 14:58:42,338 - INFO - 상태 전환 완료: HOLDING
2026-06-04 14:58:51,456 - INFO - 계좌 예수금: 9934495원
2026-06-04 14:58:51,456 - INFO - [005930] 보유: 1주, 매도 가능: 1주, 평단가: 360,000원
2026-06-04 14:58:51,470 - INFO - 미실현 손익: -6,000원 (-1.67%), 최고 수익률: 0.00%
2026-06-04 14:58:51,507 - INFO - 매도 조건 충족: 평단가(360,000), 현재가(354,000) -> 목표가(362,000원) (보수적 상향 보정)
2026-06-04 14:58:51,508 - INFO - [SELL] 주문 요청: 005930, 1주, 362000원
2026-06-04 14:58:52,255 - INFO - 주문 성공! 주문번호: 0000032201
2026-06-04 14:58:52,301 - INFO - 60초 후 다음 확인을 진행합니다. (현재 상태: SELLING)
2026-06-04 14:59:55,630 - INFO - [005930] 현재가: 355000, 고가: 366000, 저가: 348000
2026-06-04 14:59:55,630 - WARNING - ⚠️ 주문 고착 감지: 가격 이탈 (현재가:355,000, 목표가:362,000, 차이:7,000). 주문 취소를 시도합니다.
2026-06-04 14:59:55,631 - INFO - [CANCEL] 주문 취소 요청: 005930, 주문번호: 0000032201
2026-06-04 14:59:59,301 - INFO - 주문 취소 성공! (원주문: 0000032201)
2026-06-04 14:59:59,345 - INFO - 상태 전환 완료: HOLDING
2026-06-04 15:00:04,860 - INFO - 계좌 예수금: 9934495원
2026-06-04 15:00:04,861 - INFO - [005930] 보유: 1주, 매도 가능: 1주, 평단가: 360,000원
2026-06-04 15:00:04,881 - INFO - 미실현 손익: -5,000원 (-1.39%), 최고 수익률: 0.00%
2026-06-04 15:00:04,922 - INFO - 매도 조건 충족: 평단가(360,000), 현재가(355,000) -> 목표가(362,000원) (보수적 상향 보정)
2026-06-04 15:00:04,923 - INFO - [SELL] 주문 요청: 005930, 1주, 362000원
2026-06-04 15:00:12,335 - INFO - 주문 성공! 주문번호: 0000032280
2026-06-04 15:00:12,375 - INFO - 60초 후 다음 확인을 진행합니다. (현재 상태: SELLING)
2026-06-04 15:01:21,471 - INFO - [005930] 현재가: 355250, 고가: 366000, 저가: 348000
2026-06-04 15:01:21,471 - WARNING - ⚠️ 주문 고착 감지: 가격 이탈 (현재가:355,250, 목표가:362,000, 차이:6,750). 주문 취소를 시도합니다.
2026-06-04 15:01:21,472 - INFO - [CANCEL] 주문 취소 요청: 005930, 주문번호: 0000032280
2026-06-04 15:01:30,078 - INFO - 주문 취소 성공! (원주문: 0000032280)
2026-06-04 15:01:30,135 - INFO - 상태 전환 완료: HOLDING
2026-06-04 15:01:41,312 - ERROR - GET 요청 실패 (VTTC8434R): HTTPSConnectionPool(host='openapivts.koreainvestment.com', port=29443): Read timed out. (read timeout=10)
2026-06-04 15:01:41,314 - ERROR - 잔고 조회 실패
2026-06-04 15:01:48,010 - WARNING - 예수금 부족으로 매수 불가 (예수금: 0원, 필요: 353500원)
2026-06-04 15:01:48,010 - INFO - 60초 후 다음 확인을 진행합니다. (현재 상태: IDLE)
2026-06-04 15:02:53,854 - INFO - [005930] 현재가: 355000, 고가: 366000, 저가: 348000
2026-06-04 15:03:04,957 - ERROR - GET 요청 실패 (VTTC8434R): HTTPSConnectionPool(host='openapivts.koreainvestment.com', port=29443): Read timed out. (read timeout=10)
2026-06-04 15:03:04,958 - ERROR - 잔고 조회 실패
2026-06-04 15:03:11,302 - WARNING - 예수금 부족으로 매수 불가 (예수금: 0원, 필요: 353500원)
2026-06-04 15:03:11,303 - INFO - 60초 후 다음 확인을 진행합니다. (현재 상태: IDLE)
2026-06-04 15:04:14,236 - INFO - [005930] 현재가: 354750, 고가: 366000, 저가: 348000
2026-06-04 15:04:23,348 - INFO - 계좌 예수금: 9934495원
2026-06-04 15:04:23,349 - INFO - [005930] 보유: 1주, 매도 가능: 1주, 평단가: 360,000원
2026-06-04 15:04:23,361 - INFO - 미실현 손익: -5,250원 (-1.46%), 최고 수익률: 0.00%
2026-06-04 15:04:23,393 - INFO - 매도 조건 충족: 평단가(360,000), 현재가(354,750) -> 목표가(362,000원) (보수적 상향 보정)
2026-06-04 15:04:23,394 - INFO - [SELL] 주문 요청: 005930, 1주, 362000원
2026-06-04 15:04:25,927 - INFO - 주문 성공! 주문번호: 0000032536
2026-06-04 15:04:25,966 - INFO - 60초 후 다음 확인을 진행합니다. (현재 상태: SELLING)
2026-06-04 15:05:30,835 - INFO - [005930] 현재가: 354000, 고가: 366000, 저가: 348000
2026-06-04 15:05:30,836 - WARNING - ⚠️ 주문 고착 감지: 가격 이탈 (현재가:354,000, 목표가:362,000, 차이:8,000). 주문 취소를 시도합니다.
2026-06-04 15:05:30,836 - INFO - [CANCEL] 주문 취소 요청: 005930, 주문번호: 0000032536
2026-06-04 15:05:35,954 - INFO - 주문 취소 성공! (원주문: 0000032536)
2026-06-04 15:05:35,998 - INFO - 상태 전환 완료: HOLDING
2026-06-04 15:05:46,704 - INFO - 계좌 예수금: 9934495원
2026-06-04 15:05:46,705 - INFO - [005930] 보유: 1주, 매도 가능: 1주, 평단가: 360,000원
2026-06-04 15:05:46,723 - INFO - 미실현 손익: -6,000원 (-1.67%), 최고 수익률: 0.00%
2026-06-04 15:05:46,769 - INFO - 매도 조건 충족: 평단가(360,000), 현재가(354,000) -> 목표가(362,000원) (보수적 상향 보정)
2026-06-04 15:05:46,769 - INFO - [SELL] 주문 요청: 005930, 1주, 362000원
2026-06-04 15:05:51,007 - INFO - 주문 성공! 주문번호: 0000032615
2026-06-04 15:05:51,052 - INFO - 60초 후 다음 확인을 진행합니다. (현재 상태: SELLING)
2026-06-04 15:06:53,989 - INFO - [005930] 현재가: 353750, 고가: 366000, 저가: 348000
2026-06-04 15:06:53,990 - WARNING - ⚠️ 주문 고착 감지: 가격 이탈 (현재가:353,750, 목표가:362,000, 차이:8,250). 주문 취소를 시도합니다.
2026-06-04 15:06:53,990 - INFO - [CANCEL] 주문 취소 요청: 005930, 주문번호: 0000032615
2026-06-04 15:06:57,560 - INFO - 주문 취소 성공! (원주문: 0000032615)
2026-06-04 15:06:57,599 - INFO - 상태 전환 완료: HOLDING
2026-06-04 15:07:05,969 - INFO - 계좌 예수금: 9934495원
2026-06-04 15:07:05,970 - INFO - [005930] 보유: 1주, 매도 가능: 1주, 평단가: 360,000원
2026-06-04 15:07:05,981 - INFO - 미실현 손익: -6,250원 (-1.74%), 최고 수익률: 0.00%
2026-06-04 15:07:06,038 - INFO - 자가 최적화 기록 완료: C:\Users\witpo\OneDrive\바탕 화면\YONSEI\26-1\ECO4126 인공지능과금융공학\open-trading-api\self_optimization_history
2026-06-04 15:07:06,038 - INFO - 매도 조건 충족: 평단가(360,000), 현재가(353,750) -> 목표가(362,000원) (보수적 상향 보정)
2026-06-04 15:07:06,039 - INFO - [SELL] 주문 요청: 005930, 1주, 362000원
2026-06-04 15:07:09,664 - INFO - 주문 성공! 주문번호: 0000032681
2026-06-04 15:07:09,772 - INFO - 60초 후 다음 확인을 진행합니다. (현재 상태: SELLING)
2026-06-04 15:08:11,836 - INFO - [005930] 현재가: 354000, 고가: 366000, 저가: 348000
2026-06-04 15:08:11,837 - WARNING - ⚠️ 주문 고착 감지: 가격 이탈 (현재가:354,000, 목표가:362,000, 차이:8,000). 주문 취소를 시도합니다.
2026-06-04 15:08:11,837 - INFO - [CANCEL] 주문 취소 요청: 005930, 주문번호: 0000032681
2026-06-04 15:08:16,337 - INFO - 주문 취소 성공! (원주문: 0000032681)
2026-06-04 15:08:16,379 - INFO - 상태 전환 완료: HOLDING
2026-06-04 15:08:23,707 - INFO - 계좌 예수금: 9934495원
2026-06-04 15:08:23,709 - INFO - [005930] 보유: 1주, 매도 가능: 1주, 평단가: 360,000원
2026-06-04 15:08:23,726 - INFO - 미실현 손익: -6,000원 (-1.67%), 최고 수익률: 0.00%
2026-06-04 15:08:23,763 - INFO - 매도 조건 충족: 평단가(360,000), 현재가(354,000) -> 목표가(362,500원) (보수적 상향 보정)
2026-06-04 15:08:23,763 - INFO - [SELL] 주문 요청: 005930, 1주, 362500원
2026-06-04 15:08:25,957 - INFO - 주문 성공! 주문번호: 0000032725
2026-06-04 15:08:26,031 - INFO - 60초 후 다음 확인을 진행합니다. (현재 상태: SELLING)
2026-06-04 15:09:27,902 - INFO - [005930] 현재가: 354000, 고가: 366000, 저가: 348000
2026-06-04 15:09:27,903 - WARNING - ⚠️ 주문 고착 감지: 가격 이탈 (현재가:354,000, 목표가:362,500, 차이:8,500). 주문 취소를 시도합니다.
2026-06-04 15:09:27,903 - INFO - [CANCEL] 주문 취소 요청: 005930, 주문번호: 0000032725
2026-06-04 15:09:30,319 - INFO - 주문 취소 성공! (원주문: 0000032725)
2026-06-04 15:09:30,364 - INFO - 상태 전환 완료: HOLDING
2026-06-04 15:09:36,812 - INFO - 계좌 예수금: 9934495원
2026-06-04 15:09:36,813 - INFO - [005930] 보유: 1주, 매도 가능: 1주, 평단가: 360,000원
2026-06-04 15:09:36,825 - INFO - 미실현 손익: -6,000원 (-1.67%), 최고 수익률: 0.00%
2026-06-04 15:09:36,878 - INFO - 매도 조건 충족: 평단가(360,000), 현재가(354,000) -> 목표가(362,500원) (보수적 상향 보정)
2026-06-04 15:09:36,881 - INFO - [SELL] 주문 요청: 005930, 1주, 362500원
2026-06-04 15:09:39,577 - INFO - 주문 성공! 주문번호: 0000032789
2026-06-04 15:09:39,619 - INFO - 60초 후 다음 확인을 진행합니다. (현재 상태: SELLING)
2026-06-04 15:10:48,058 - INFO - [005930] 현재가: 353750, 고가: 366000, 저가: 348000
2026-06-04 15:10:48,060 - WARNING - ⚠️ 주문 고착 감지: 가격 이탈 (현재가:353,750, 목표가:362,500, 차이:8,750). 주문 취소를 시도합니다.
2026-06-04 15:10:48,066 - INFO - [CANCEL] 주문 취소 요청: 005930, 주문번호: 0000032789
2026-06-04 15:10:56,995 - INFO - 주문 취소 성공! (원주문: 0000032789)
2026-06-04 15:10:57,030 - INFO - 상태 전환 완료: HOLDING
2026-06-04 15:11:08,163 - ERROR - GET 요청 실패 (VTTC8434R): HTTPSConnectionPool(host='openapivts.koreainvestment.com', port=29443): Read timed out. (read timeout=10)
2026-06-04 15:11:08,164 - ERROR - 잔고 조회 실패
2026-06-04 15:11:13,037 - WARNING - 예수금 부족으로 매수 불가 (예수금: 0원, 필요: 351500원)
2026-06-04 15:11:13,037 - INFO - 60초 후 다음 확인을 진행합니다. (현재 상태: IDLE)
2026-06-04 15:12:16,561 - INFO - [005930] 현재가: 353250, 고가: 366000, 저가: 348000
2026-06-04 15:12:24,962 - INFO - 계좌 예수금: 9934495원
2026-06-04 15:12:24,963 - INFO - [005930] 보유: 1주, 매도 가능: 1주, 평단가: 360,000원
2026-06-04 15:12:24,976 - INFO - 미실현 손익: -6,750원 (-1.88%), 최고 수익률: 0.00%
2026-06-04 15:12:25,011 - INFO - 매도 조건 충족: 평단가(360,000), 현재가(353,250) -> 목표가(362,500원) (보수적 상향 보정)
2026-06-04 15:12:25,011 - INFO - [SELL] 주문 요청: 005930, 1주, 362500원
2026-06-04 15:12:27,726 - INFO - 주문 성공! 주문번호: 0000032965
2026-06-04 15:12:27,767 - INFO - 60초 후 다음 확인을 진행합니다. (현재 상태: SELLING)
2026-06-04 15:13:31,226 - INFO - [005930] 현재가: 353000, 고가: 366000, 저가: 348000
2026-06-04 15:13:31,228 - WARNING - ⚠️ 주문 고착 감지: 가격 이탈 (현재가:353,000, 목표가:362,500, 차이:9,500). 주문 취소를 시도합니다.
2026-06-04 15:13:31,231 - INFO - [CANCEL] 주문 취소 요청: 005930, 주문번호: 0000032965
2026-06-04 15:13:33,471 - INFO - 주문 취소 성공! (원주문: 0000032965)
2026-06-04 15:13:33,546 - INFO - 상태 전환 완료: HOLDING
2026-06-04 15:13:44,231 - INFO - 계좌 예수금: 9934495원
2026-06-04 15:13:44,232 - INFO - [005930] 보유: 1주, 매도 가능: 1주, 평단가: 360,000원
2026-06-04 15:13:44,245 - INFO - 미실현 손익: -7,000원 (-1.94%), 최고 수익률: 0.00%
2026-06-04 15:13:44,276 - INFO - 매도 조건 충족: 평단가(360,000), 현재가(353,000) -> 목표가(362,500원) (보수적 상향 보정)
2026-06-04 15:13:44,277 - INFO - [SELL] 주문 요청: 005930, 1주, 362500원
2026-06-04 15:13:47,911 - INFO - 주문 성공! 주문번호: 0000033070
2026-06-04 15:13:47,956 - INFO - 60초 후 다음 확인을 진행합니다. (현재 상태: SELLING)
2026-06-04 15:14:50,584 - INFO - [005930] 현재가: 353000, 고가: 366000, 저가: 348000
2026-06-04 15:14:50,585 - WARNING - ⚠️ 주문 고착 감지: 가격 이탈 (현재가:353,000, 목표가:362,500, 차이:9,500). 주문 취소를 시도합니다.
2026-06-04 15:14:50,585 - INFO - [CANCEL] 주문 취소 요청: 005930, 주문번호: 0000033070
2026-06-04 15:14:52,426 - INFO - 주문 취소 성공! (원주문: 0000033070)
2026-06-04 15:14:52,470 - INFO - 상태 전환 완료: HOLDING
2026-06-04 15:14:59,798 - INFO - 계좌 예수금: 9934495원
2026-06-04 15:14:59,799 - INFO - [005930] 보유: 1주, 매도 가능: 1주, 평단가: 360,000원
2026-06-04 15:14:59,811 - INFO - 미실현 손익: -7,000원 (-1.94%), 최고 수익률: 0.00%
2026-06-04 15:14:59,843 - INFO - 매도 조건 충족: 평단가(360,000), 현재가(353,000) -> 목표가(362,500원) (보수적 상향 보정)
2026-06-04 15:14:59,844 - INFO - [SELL] 주문 요청: 005930, 1주, 362500원
2026-06-04 15:15:01,335 - INFO - 주문 성공! 주문번호: 0000033176
2026-06-04 15:15:01,380 - INFO - 60초 후 다음 확인을 진행합니다. (현재 상태: SELLING)
2026-06-04 15:16:06,775 - INFO - [005930] 현재가: 352500, 고가: 366000, 저가: 348000
2026-06-04 15:16:06,775 - WARNING - ⚠️ 주문 고착 감지: 가격 이탈 (현재가:352,500, 목표가:362,500, 차이:10,000). 주문 취소를 시도합니다.
2026-06-04 15:16:06,776 - INFO - [CANCEL] 주문 취소 요청: 005930, 주문번호: 0000033176
2026-06-04 15:16:11,360 - INFO - 주문 취소 성공! (원주문: 0000033176)
2026-06-04 15:16:11,400 - INFO - 상태 전환 완료: HOLDING
2026-06-04 15:16:20,292 - INFO - 계좌 예수금: 9934495원
2026-06-04 15:16:20,292 - INFO - [005930] 보유: 1주, 매도 가능: 1주, 평단가: 360,000원
2026-06-04 15:16:20,306 - INFO - 미실현 손익: -7,500원 (-2.08%), 최고 수익률: 0.00%
2026-06-04 15:16:20,352 - INFO - 매도 조건 충족: 평단가(360,000), 현재가(352,500) -> 목표가(362,500원) (보수적 상향 보정)
2026-06-04 15:16:20,353 - INFO - [SELL] 주문 요청: 005930, 1주, 362500원
2026-06-04 15:16:27,356 - INFO - 주문 성공! 주문번호: 0000033340
2026-06-04 15:16:27,401 - INFO - 60초 후 다음 확인을 진행합니다. (현재 상태: SELLING)
2026-06-04 15:17:31,937 - INFO - [005930] 현재가: 352500, 고가: 366000, 저가: 348000
2026-06-04 15:17:31,938 - WARNING - ⚠️ 주문 고착 감지: 가격 이탈 (현재가:352,500, 목표가:362,500, 차이:10,000). 주문 취소를 시도합니다.
2026-06-04 15:17:31,939 - INFO - [CANCEL] 주문 취소 요청: 005930, 주문번호: 0000033340
2026-06-04 15:17:35,961 - INFO - 주문 취소 성공! (원주문: 0000033340)
2026-06-04 15:17:36,035 - INFO - 상태 전환 완료: HOLDING
2026-06-04 15:17:46,105 - INFO - 계좌 예수금: 9934495원
2026-06-04 15:17:46,106 - INFO - [005930] 보유: 1주, 매도 가능: 1주, 평단가: 360,000원
2026-06-04 15:17:46,119 - INFO - 미실현 손익: -7,500원 (-2.08%), 최고 수익률: 0.00%
2026-06-04 15:17:46,146 - INFO - 매도 조건 충족: 평단가(360,000), 현재가(352,500) -> 목표가(362,500원) (보수적 상향 보정)
2026-06-04 15:17:46,147 - INFO - [SELL] 주문 요청: 005930, 1주, 362500원
2026-06-04 15:17:46,307 - INFO - 주문 성공! 주문번호: 0000033419
2026-06-04 15:17:46,345 - INFO - 60초 후 다음 확인을 진행합니다. (현재 상태: SELLING)
2026-06-04 15:18:47,653 - INFO - [005930] 현재가: 352500, 고가: 366000, 저가: 348000
2026-06-04 15:18:47,654 - WARNING - ⚠️ 주문 고착 감지: 가격 이탈 (현재가:352,500, 목표가:362,500, 차이:10,000). 주문 취소를 시도합니다.
2026-06-04 15:18:47,655 - INFO - [CANCEL] 주문 취소 요청: 005930, 주문번호: 0000033419
2026-06-04 15:18:49,452 - INFO - 주문 취소 성공! (원주문: 0000033419)
2026-06-04 15:18:49,496 - INFO - 상태 전환 완료: HOLDING
2026-06-04 15:18:57,483 - INFO - 계좌 예수금: 9934495원
2026-06-04 15:18:57,483 - INFO - [005930] 보유: 1주, 매도 가능: 1주, 평단가: 360,000원
2026-06-04 15:18:57,494 - INFO - 미실현 손익: -7,500원 (-2.08%), 최고 수익률: 0.00%
2026-06-04 15:18:57,523 - INFO - 매도 조건 충족: 평단가(360,000), 현재가(352,500) -> 목표가(362,500원) (보수적 상향 보정)
2026-06-04 15:18:57,523 - INFO - [SELL] 주문 요청: 005930, 1주, 362500원
2026-06-04 15:18:59,574 - INFO - 주문 성공! 주문번호: 0000033522
2026-06-04 15:18:59,628 - INFO - 60초 후 다음 확인을 진행합니다. (현재 상태: SELLING)
2026-06-04 15:20:03,007 - INFO - [005930] 현재가: 353000, 고가: 366000, 저가: 348000
2026-06-04 15:20:03,008 - WARNING - ⚠️ 주문 고착 감지: 가격 이탈 (현재가:353,000, 목표가:362,500, 차이:9,500). 주문 취소를 시도합니다.
2026-06-04 15:20:03,009 - INFO - [CANCEL] 주문 취소 요청: 005930, 주문번호: 0000033522
2026-06-04 15:20:03,840 - INFO - 주문 취소 성공! (원주문: 0000033522)
2026-06-04 15:20:03,896 - INFO - 상태 전환 완료: HOLDING
2026-06-04 15:20:11,010 - INFO - 계좌 예수금: 9934495원
2026-06-04 15:20:11,010 - INFO - [005930] 보유: 1주, 매도 가능: 1주, 평단가: 360,000원
2026-06-04 15:20:11,025 - INFO - 미실현 손익: -7,000원 (-1.94%), 최고 수익률: 0.00%
2026-06-04 15:20:11,061 - INFO - 매도 조건 충족: 평단가(360,000), 현재가(353,000) -> 목표가(362,500원) (보수적 상향 보정)
2026-06-04 15:20:11,062 - INFO - [SELL] 주문 요청: 005930, 1주, 362500원
2026-06-04 15:20:18,381 - INFO - 주문 성공! 주문번호: 0000033662
2026-06-04 15:20:18,420 - INFO - 60초 후 다음 확인을 진행합니다. (현재 상태: SELLING)
2026-06-04 15:21:22,591 - INFO - [005930] 현재가: 353000, 고가: 366000, 저가: 348000
2026-06-04 15:21:22,592 - WARNING - ⚠️ 주문 고착 감지: 가격 이탈 (현재가:353,000, 목표가:362,500, 차이:9,500). 주문 취소를 시도합니다.
2026-06-04 15:21:22,592 - INFO - [CANCEL] 주문 취소 요청: 005930, 주문번호: 0000033662
2026-06-04 15:21:22,898 - INFO - 주문 취소 성공! (원주문: 0000033662)
2026-06-04 15:21:22,949 - INFO - 상태 전환 완료: HOLDING
2026-06-04 15:21:27,715 - INFO - 계좌 예수금: 9934495원
2026-06-04 15:21:27,716 - INFO - [005930] 보유: 1주, 매도 가능: 1주, 평단가: 360,000원
2026-06-04 15:21:27,731 - INFO - 미실현 손익: -7,000원 (-1.94%), 최고 수익률: 0.00%
2026-06-04 15:21:27,766 - INFO - 매도 조건 충족: 평단가(360,000), 현재가(353,000) -> 목표가(362,500원) (보수적 상향 보정)
2026-06-04 15:21:27,766 - INFO - [SELL] 주문 요청: 005930, 1주, 362500원
2026-06-04 15:21:31,807 - INFO - 주문 성공! 주문번호: 0000033807
2026-06-04 15:21:31,859 - INFO - 60초 후 다음 확인을 진행합니다. (현재 상태: SELLING)
2026-06-04 15:22:34,479 - INFO - [005930] 현재가: 353000, 고가: 366000, 저가: 348000
2026-06-04 15:22:34,480 - WARNING - ⚠️ 주문 고착 감지: 가격 이탈 (현재가:353,000, 목표가:362,500, 차이:9,500). 주문 취소를 시도합니다.
2026-06-04 15:22:34,480 - INFO - [CANCEL] 주문 취소 요청: 005930, 주문번호: 0000033807
2026-06-04 15:22:36,681 - INFO - 주문 취소 성공! (원주문: 0000033807)
2026-06-04 15:22:36,719 - INFO - 상태 전환 완료: HOLDING
2026-06-04 15:22:43,662 - INFO - 계좌 예수금: 9934495원
2026-06-04 15:22:43,663 - INFO - [005930] 보유: 1주, 매도 가능: 1주, 평단가: 360,000원
2026-06-04 15:22:43,679 - INFO - 미실현 손익: -7,000원 (-1.94%), 최고 수익률: 0.00%
2026-06-04 15:22:43,714 - INFO - 매도 조건 충족: 평단가(360,000), 현재가(353,000) -> 목표가(362,500원) (보수적 상향 보정)
2026-06-04 15:22:43,715 - INFO - [SELL] 주문 요청: 005930, 1주, 362500원
2026-06-04 15:22:44,925 - INFO - 주문 성공! 주문번호: 0000033912
2026-06-04 15:22:44,972 - INFO - 60초 후 다음 확인을 진행합니다. (현재 상태: SELLING)
2026-06-04 15:23:45,083 - INFO - [005930] 현재가: 353000, 고가: 366000, 저가: 348000
2026-06-04 15:23:45,084 - WARNING - ⚠️ 주문 고착 감지: 가격 이탈 (현재가:353,000, 목표가:362,500, 차이:9,500). 주문 취소를 시도합니다.
2026-06-04 15:23:45,085 - INFO - [CANCEL] 주문 취소 요청: 005930, 주문번호: 0000033912
2026-06-04 15:23:46,368 - INFO - 주문 취소 성공! (원주문: 0000033912)
2026-06-04 15:23:46,414 - INFO - 상태 전환 완료: HOLDING
2026-06-04 15:23:49,748 - INFO - 계좌 예수금: 9934495원
2026-06-04 15:23:49,748 - INFO - [005930] 보유: 1주, 매도 가능: 1주, 평단가: 360,000원
2026-06-04 15:23:49,762 - INFO - 미실현 손익: -7,000원 (-1.94%), 최고 수익률: 0.00%
2026-06-04 15:23:49,790 - INFO - 매도 조건 충족: 평단가(360,000), 현재가(353,000) -> 목표가(362,500원) (보수적 상향 보정)
2026-06-04 15:23:49,790 - INFO - [SELL] 주문 요청: 005930, 1주, 362500원
2026-06-04 15:23:51,209 - INFO - 주문 성공! 주문번호: 0000033950
2026-06-04 15:23:51,245 - INFO - 60초 후 다음 확인을 진행합니다. (현재 상태: SELLING)
2026-06-04 15:24:51,389 - INFO - [005930] 현재가: 353000, 고가: 366000, 저가: 348000
2026-06-04 15:24:51,390 - WARNING - ⚠️ 주문 고착 감지: 가격 이탈 (현재가:353,000, 목표가:362,500, 차이:9,500). 주문 취소를 시도합니다.
2026-06-04 15:24:51,390 - INFO - [CANCEL] 주문 취소 요청: 005930, 주문번호: 0000033950
2026-06-04 15:24:51,933 - INFO - 주문 취소 성공! (원주문: 0000033950)
2026-06-04 15:24:51,973 - INFO - 상태 전환 완료: HOLDING
2026-06-04 15:24:56,721 - INFO - 계좌 예수금: 9934495원
2026-06-04 15:24:56,722 - INFO - [005930] 보유: 1주, 매도 가능: 1주, 평단가: 360,000원
2026-06-04 15:24:56,735 - INFO - 미실현 손익: -7,000원 (-1.94%), 최고 수익률: 0.00%
2026-06-04 15:24:56,771 - INFO - 매도 조건 충족: 평단가(360,000), 현재가(353,000) -> 목표가(362,500원) (보수적 상향 보정)
2026-06-04 15:24:56,772 - INFO - [SELL] 주문 요청: 005930, 1주, 362500원
2026-06-04 15:24:56,930 - INFO - 주문 성공! 주문번호: 0000033986
2026-06-04 15:24:56,975 - INFO - 60초 후 다음 확인을 진행합니다. (현재 상태: SELLING)
2026-06-04 15:25:57,345 - INFO - [005930] 현재가: 353000, 고가: 366000, 저가: 348000
2026-06-04 15:25:57,346 - WARNING - ⚠️ 주문 고착 감지: 가격 이탈 (현재가:353,000, 목표가:362,500, 차이:9,500). 주문 취소를 시도합니다.
2026-06-04 15:25:57,346 - INFO - [CANCEL] 주문 취소 요청: 005930, 주문번호: 0000033986
2026-06-04 15:25:57,647 - INFO - 주문 취소 성공! (원주문: 0000033986)
2026-06-04 15:25:57,692 - INFO - 상태 전환 완료: HOLDING
2026-06-04 15:26:03,124 - INFO - 계좌 예수금: 9934495원
2026-06-04 15:26:03,125 - INFO - [005930] 보유: 1주, 매도 가능: 1주, 평단가: 360,000원
2026-06-04 15:26:03,141 - INFO - 미실현 손익: -7,000원 (-1.94%), 최고 수익률: 0.00%
2026-06-04 15:26:03,174 - INFO - 매도 조건 충족: 평단가(360,000), 현재가(353,000) -> 목표가(362,500원) (보수적 상향 보정)
2026-06-04 15:26:03,174 - INFO - [SELL] 주문 요청: 005930, 1주, 362500원
2026-06-04 15:26:03,330 - INFO - 주문 성공! 주문번호: 0000034029
2026-06-04 15:26:03,369 - INFO - 60초 후 다음 확인을 진행합니다. (현재 상태: SELLING)
2026-06-04 15:27:05,986 - INFO - [005930] 현재가: 353000, 고가: 366000, 저가: 348000
2026-06-04 15:27:05,987 - WARNING - ⚠️ 주문 고착 감지: 가격 이탈 (현재가:353,000, 목표가:362,500, 차이:9,500). 주문 취소를 시도합니다.
2026-06-04 15:27:05,988 - INFO - [CANCEL] 주문 취소 요청: 005930, 주문번호: 0000034029
2026-06-04 15:27:08,415 - INFO - 주문 취소 성공! (원주문: 0000034029)
2026-06-04 15:27:08,462 - INFO - 상태 전환 완료: HOLDING
2026-06-04 15:27:14,660 - INFO - 계좌 예수금: 9934495원
2026-06-04 15:27:14,661 - INFO - [005930] 보유: 1주, 매도 가능: 1주, 평단가: 360,000원
2026-06-04 15:27:14,681 - INFO - 미실현 손익: -7,000원 (-1.94%), 최고 수익률: 0.00%
2026-06-04 15:27:14,732 - INFO - 매도 조건 충족: 평단가(360,000), 현재가(353,000) -> 목표가(362,500원) (보수적 상향 보정)
2026-06-04 15:27:14,732 - INFO - [SELL] 주문 요청: 005930, 1주, 362500원
2026-06-04 15:27:15,583 - INFO - 주문 성공! 주문번호: 0000034081
2026-06-04 15:27:15,647 - INFO - 자가 최적화 기록 완료: C:\Users\witpo\OneDrive\바탕 화면\YONSEI\26-1\ECO4126 인공지능과금융공학\open-trading-api\self_optimization_history
2026-06-04 15:27:15,680 - INFO - 60초 후 다음 확인을 진행합니다. (현재 상태: SELLING)
2026-06-04 15:28:16,749 - INFO - [005930] 현재가: 353000, 고가: 366000, 저가: 348000
2026-06-04 15:28:16,750 - WARNING - ⚠️ 주문 고착 감지: 가격 이탈 (현재가:353,000, 목표가:362,500, 차이:9,500). 주문 취소를 시도합니다.
2026-06-04 15:28:16,750 - INFO - [CANCEL] 주문 취소 요청: 005930, 주문번호: 0000034081
2026-06-04 15:28:18,311 - INFO - 주문 취소 성공! (원주문: 0000034081)
2026-06-04 15:28:18,368 - INFO - 상태 전환 완료: HOLDING
2026-06-04 15:28:23,785 - INFO - 계좌 예수금: 9934495원
2026-06-04 15:28:23,785 - INFO - [005930] 보유: 1주, 매도 가능: 1주, 평단가: 360,000원
2026-06-04 15:28:23,799 - INFO - 미실현 손익: -7,000원 (-1.94%), 최고 수익률: 0.00%
2026-06-04 15:28:23,835 - INFO - 매도 조건 충족: 평단가(360,000), 현재가(353,000) -> 목표가(362,000원) (보수적 상향 보정)
2026-06-04 15:28:23,835 - INFO - [SELL] 주문 요청: 005930, 1주, 362000원
2026-06-04 15:28:23,978 - INFO - 주문 성공! 주문번호: 0000034110
2026-06-04 15:28:24,017 - INFO - 60초 후 다음 확인을 진행합니다. (현재 상태: SELLING)
2026-06-04 15:29:25,233 - INFO - [005930] 현재가: 353000, 고가: 366000, 저가: 348000
2026-06-04 15:29:25,234 - WARNING - ⚠️ 주문 고착 감지: 가격 이탈 (현재가:353,000, 목표가:362,000, 차이:9,000). 주문 취소를 시도합니다.
2026-06-04 15:29:25,235 - INFO - [CANCEL] 주문 취소 요청: 005930, 주문번호: 0000034110
2026-06-04 15:29:26,765 - INFO - 주문 취소 성공! (원주문: 0000034110)
2026-06-04 15:29:26,807 - INFO - 상태 전환 완료: HOLDING
2026-06-04 15:29:34,037 - INFO - 계좌 예수금: 9934495원
2026-06-04 15:29:34,038 - INFO - [005930] 보유: 1주, 매도 가능: 1주, 평단가: 360,000원
2026-06-04 15:29:34,052 - INFO - 미실현 손익: -7,000원 (-1.94%), 최고 수익률: 0.00%
2026-06-04 15:29:34,085 - INFO - 매도 조건 충족: 평단가(360,000), 현재가(353,000) -> 목표가(362,000원) (보수적 상향 보정)
2026-06-04 15:29:34,086 - INFO - [SELL] 주문 요청: 005930, 1주, 362000원
2026-06-04 15:29:34,241 - INFO - 주문 성공! 주문번호: 0000034145
2026-06-04 15:29:34,281 - INFO - 60초 후 다음 확인을 진행합니다. (현재 상태: SELLING)
2026-06-04 15:30:34,283 - INFO - 현재 시간 15:30:34, 장 종료 시간이 지났습니다. 프로그램을 종료합니다.
2026-06-04 15:30:34,284 - INFO - 프로그램을 종료합니다.
