2026-06-12 11:34:43,872 - INFO - 새로운 접근 토큰을 발급받습니다... (사유: 토큰 만료 또는 없음)
2026-06-12 11:34:46,514 - INFO - 새로운 토큰이 발급 및 저장되었습니다. 만료 시간: 2026-06-13 11:34:46
2026-06-12 11:34:46,520 - INFO - 삼성전자 자동매매 프로그램을 시작합니다. (자가 적응형 로직 활성화)
2026-06-12 11:34:46,555 - INFO - 📅 날짜 변경 감지 (2026-06-11 -> 2026-06-12). 세션 데이터를 초기화합니다.
2026-06-12 11:34:46,556 - INFO - 이전 상태 로드 완료: SELLING (목표가: 300500원)
2026-06-12 11:34:46,563 - INFO - 📅 날짜 변경 감지 (2026-06-11 -> 2026-06-12). 세션 데이터를 초기화합니다.
2026-06-12 11:34:48,204 - INFO - [005930] 현재가: 332250, 고가: 339000, 저가: 325000
2026-06-12 11:34:48,204 - WARNING - ⚠️ 주문 고착 감지: 타임아웃 (72351초 경과). 주문 취소를 시도합니다.
2026-06-12 11:34:48,205 - INFO - [CANCEL] 주문 취소 요청: 005930, 주문번호: 0000036222
2026-06-12 11:34:48,350 - ERROR - 주문 취소 실패: 모의투자 주문이 불가한 계좌입니다.
2026-06-12 11:34:48,350 - ERROR - 주문 취소 실패. 다음 루프에서 재시도합니다.
2026-06-12 11:34:55,271 - INFO - 계좌 예수금: 9882053원
2026-06-12 11:34:55,271 - INFO - [005930] 보유: 1주, 매도 가능: 1주, 평단가: 298,500원
2026-06-12 11:34:55,276 - INFO - 📅 날짜 변경 감지 (2026-06-11 -> 2026-06-12). 세션 데이터를 초기화합니다.
2026-06-12 11:34:55,280 - INFO - 📅 날짜 변경 감지 (2026-06-11 -> 2026-06-12). 세션 데이터를 초기화합니다.
2026-06-12 11:34:55,299 - INFO - 미실현 손익: 33,750원 (11.31%), 최고 수익률: 11.31%
2026-06-12 11:34:55,354 - INFO - 자가 최적화 기록 완료: C:\Users\witpo\OneDrive\바탕 화면\YONSEI\26-1\ECO4126 인공지능과금융공학\open-trading-api\self_optimization_history
2026-06-12 11:34:55,354 - INFO - 이미 매도 주문(0000036222)이 진행 중입니다. 체결을 기다립니다.
2026-06-12 11:34:55,355 - INFO - 60초 후 다음 확인을 진행합니다. (현재 상태: SELLING)
2026-06-12 11:35:55,497 - INFO - [005930] 현재가: 331750, 고가: 339000, 저가: 325000
2026-06-12 11:35:55,498 - WARNING - ⚠️ 주문 고착 감지: 타임아웃 (72418초 경과). 주문 취소를 시도합니다.
2026-06-12 11:35:55,498 - INFO - [CANCEL] 주문 취소 요청: 005930, 주문번호: 0000036222
2026-06-12 11:35:55,988 - ERROR - POST 요청 실패 (VTTC0013U): 500 Server Error: Internal Server Error for url: https://openapivts.koreainvestment.com:29443/uapi/domestic-stock/v1/trading/order-rvsecncl
2026-06-12 11:35:55,989 - ERROR - 상세 에러: {"rt_cd":"1","msg1":"초당 거래건수를 초과하였습니다.","msg_cd":"EGW00201","message":"EGW00201"}
2026-06-12 11:35:55,992 - ERROR - 주문 취소 실패: 응답 없음
2026-06-12 11:35:55,993 - ERROR - 주문 취소 실패. 다음 루프에서 재시도합니다.
2026-06-12 11:36:02,653 - INFO - 계좌 예수금: 9882053원
2026-06-12 11:36:02,654 - INFO - [005930] 보유: 1주, 매도 가능: 1주, 평단가: 298,500원
2026-06-12 11:36:02,683 - INFO - 미실현 손익: 33,250원 (11.14%), 최고 수익률: 11.31%
2026-06-12 11:36:02,710 - INFO - 이미 매도 주문(0000036222)이 진행 중입니다. 체결을 기다립니다.
2026-06-12 11:36:02,711 - INFO - 60초 후 다음 확인을 진행합니다. (현재 상태: SELLING)
2026-06-12 11:37:02,822 - INFO - [005930] 현재가: 332500, 고가: 339000, 저가: 325000
2026-06-12 11:37:02,823 - WARNING - ⚠️ 주문 고착 감지: 타임아웃 (72486초 경과). 주문 취소를 시도합니다.
2026-06-12 11:37:02,823 - INFO - [CANCEL] 주문 취소 요청: 005930, 주문번호: 0000036222
2026-06-12 11:37:06,349 - ERROR - 주문 취소 실패: 모의투자 주문이 불가한 계좌입니다.
2026-06-12 11:37:06,350 - ERROR - 주문 취소 실패. 다음 루프에서 재시도합니다.
2026-06-12 11:37:09,611 - INFO - 계좌 예수금: 9882053원
2026-06-12 11:37:09,612 - INFO - [005930] 보유: 1주, 매도 가능: 1주, 평단가: 298,500원
2026-06-12 11:37:09,642 - INFO - 미실현 손익: 34,000원 (11.39%), 최고 수익률: 11.39%
2026-06-12 11:37:09,673 - INFO - 이미 매도 주문(0000036222)이 진행 중입니다. 체결을 기다립니다.
2026-06-12 11:37:09,674 - INFO - 60초 후 다음 확인을 진행합니다. (현재 상태: SELLING)
2026-06-12 11:38:12,401 - INFO - [005930] 현재가: 333000, 고가: 339000, 저가: 325000
2026-06-12 11:38:12,402 - WARNING - ⚠️ 주문 고착 감지: 타임아웃 (72555초 경과). 주문 취소를 시도합니다.
2026-06-12 11:38:12,402 - INFO - [CANCEL] 주문 취소 요청: 005930, 주문번호: 0000036222
2026-06-12 11:38:15,063 - ERROR - 주문 취소 실패: 모의투자 주문이 불가한 계좌입니다.
2026-06-12 11:38:15,063 - ERROR - 주문 취소 실패. 다음 루프에서 재시도합니다.
2026-06-12 11:38:20,354 - INFO - 계좌 예수금: 9882053원
2026-06-12 11:38:20,355 - INFO - [005930] 보유: 1주, 매도 가능: 1주, 평단가: 298,500원
2026-06-12 11:38:20,387 - INFO - 미실현 손익: 34,500원 (11.56%), 최고 수익률: 11.56%
2026-06-12 11:38:20,419 - INFO - 이미 매도 주문(0000036222)이 진행 중입니다. 체결을 기다립니다.
2026-06-12 11:38:20,419 - INFO - 60초 후 다음 확인을 진행합니다. (현재 상태: SELLING)
2026-06-12 11:39:20,559 - INFO - [005930] 현재가: 333250, 고가: 339000, 저가: 325000
2026-06-12 11:39:20,560 - WARNING - ⚠️ 주문 고착 감지: 타임아웃 (72623초 경과). 주문 취소를 시도합니다.
2026-06-12 11:39:20,560 - INFO - [CANCEL] 주문 취소 요청: 005930, 주문번호: 0000036222
2026-06-12 11:39:21,032 - ERROR - POST 요청 실패 (VTTC0013U): 500 Server Error: Internal Server Error for url: https://openapivts.koreainvestment.com:29443/uapi/domestic-stock/v1/trading/order-rvsecncl
2026-06-12 11:39:21,033 - ERROR - 상세 에러: {"rt_cd":"1","msg1":"초당 거래건수를 초과하였습니다.","msg_cd":"EGW00201","message":"EGW00201"}
2026-06-12 11:39:21,037 - ERROR - 주문 취소 실패: 응답 없음
2026-06-12 11:39:21,037 - ERROR - 주문 취소 실패. 다음 루프에서 재시도합니다.
2026-06-12 11:39:24,494 - INFO - 계좌 예수금: 9882053원
2026-06-12 11:39:24,494 - INFO - [005930] 보유: 1주, 매도 가능: 1주, 평단가: 298,500원
2026-06-12 11:39:24,521 - INFO - 미실현 손익: 34,750원 (11.64%), 최고 수익률: 11.64%
2026-06-12 11:39:24,548 - INFO - 이미 매도 주문(0000036222)이 진행 중입니다. 체결을 기다립니다.
2026-06-12 11:39:24,549 - INFO - 60초 후 다음 확인을 진행합니다. (현재 상태: SELLING)
2026-06-12 11:40:28,497 - INFO - [005930] 현재가: 333250, 고가: 339000, 저가: 325000
2026-06-12 11:40:28,497 - WARNING - ⚠️ 주문 고착 감지: 타임아웃 (72691초 경과). 주문 취소를 시도합니다.
2026-06-12 11:40:28,498 - INFO - [CANCEL] 주문 취소 요청: 005930, 주문번호: 0000036222
2026-06-12 11:40:32,593 - ERROR - 주문 취소 실패: 모의투자 주문이 불가한 계좌입니다.
2026-06-12 11:40:32,594 - ERROR - 주문 취소 실패. 다음 루프에서 재시도합니다.
2026-06-12 11:40:41,401 - INFO - 계좌 예수금: 9882053원
2026-06-12 11:40:41,401 - INFO - [005930] 보유: 1주, 매도 가능: 1주, 평단가: 298,500원
2026-06-12 11:40:41,432 - INFO - 미실현 손익: 34,750원 (11.64%), 최고 수익률: 11.64%
2026-06-12 11:40:41,461 - INFO - 이미 매도 주문(0000036222)이 진행 중입니다. 체결을 기다립니다.
2026-06-12 11:40:41,461 - INFO - 60초 후 다음 확인을 진행합니다. (현재 상태: SELLING)
2026-06-12 11:41:41,567 - INFO - [005930] 현재가: 333250, 고가: 339000, 저가: 325000
2026-06-12 11:41:41,568 - WARNING - ⚠️ 주문 고착 감지: 타임아웃 (72764초 경과). 주문 취소를 시도합니다.
2026-06-12 11:41:41,568 - INFO - [CANCEL] 주문 취소 요청: 005930, 주문번호: 0000036222
2026-06-12 11:41:42,081 - ERROR - POST 요청 실패 (VTTC0013U): 500 Server Error: Internal Server Error for url: https://openapivts.koreainvestment.com:29443/uapi/domestic-stock/v1/trading/order-rvsecncl
2026-06-12 11:41:42,082 - ERROR - 상세 에러: {"rt_cd":"1","msg1":"초당 거래건수를 초과하였습니다.","msg_cd":"EGW00201","message":"EGW00201"}
2026-06-12 11:41:42,085 - ERROR - 주문 취소 실패: 응답 없음
2026-06-12 11:41:42,085 - ERROR - 주문 취소 실패. 다음 루프에서 재시도합니다.
2026-06-12 11:41:43,663 - INFO - 계좌 예수금: 9882053원
2026-06-12 11:41:43,663 - INFO - [005930] 보유: 1주, 매도 가능: 1주, 평단가: 298,500원
2026-06-12 11:41:43,690 - INFO - 미실현 손익: 34,750원 (11.64%), 최고 수익률: 11.64%
2026-06-12 11:41:43,718 - INFO - 이미 매도 주문(0000036222)이 진행 중입니다. 체결을 기다립니다.
2026-06-12 11:41:43,718 - INFO - 60초 후 다음 확인을 진행합니다. (현재 상태: SELLING)
2026-06-12 11:42:47,051 - INFO - [005930] 현재가: 333000, 고가: 339000, 저가: 325000
2026-06-12 11:42:47,052 - WARNING - ⚠️ 주문 고착 감지: 타임아웃 (72830초 경과). 주문 취소를 시도합니다.
2026-06-12 11:42:47,052 - INFO - [CANCEL] 주문 취소 요청: 005930, 주문번호: 0000036222
2026-06-12 11:42:47,177 - ERROR - 주문 취소 실패: 모의투자 주문이 불가한 계좌입니다.
2026-06-12 11:42:47,177 - ERROR - 주문 취소 실패. 다음 루프에서 재시도합니다.
2026-06-12 11:42:54,497 - INFO - 계좌 예수금: 9882053원
2026-06-12 11:42:54,498 - INFO - [005930] 보유: 1주, 매도 가능: 1주, 평단가: 298,500원
2026-06-12 11:42:54,527 - INFO - 미실현 손익: 34,500원 (11.56%), 최고 수익률: 11.64%
2026-06-12 11:42:54,553 - INFO - 이미 매도 주문(0000036222)이 진행 중입니다. 체결을 기다립니다.
2026-06-12 11:42:54,553 - INFO - 60초 후 다음 확인을 진행합니다. (현재 상태: SELLING)
2026-06-12 11:43:54,666 - INFO - [005930] 현재가: 333000, 고가: 339000, 저가: 325000
2026-06-12 11:43:54,666 - WARNING - ⚠️ 주문 고착 감지: 타임아웃 (72897초 경과). 주문 취소를 시도합니다.
2026-06-12 11:43:54,666 - INFO - [CANCEL] 주문 취소 요청: 005930, 주문번호: 0000036222
2026-06-12 11:43:57,439 - ERROR - 주문 취소 실패: 모의투자 주문이 불가한 계좌입니다.
2026-06-12 11:43:57,440 - ERROR - 주문 취소 실패. 다음 루프에서 재시도합니다.
2026-06-12 11:44:00,990 - INFO - 계좌 예수금: 9882053원
2026-06-12 11:44:00,990 - INFO - [005930] 보유: 1주, 매도 가능: 1주, 평단가: 298,500원
2026-06-12 11:44:01,021 - INFO - 미실현 손익: 34,500원 (11.56%), 최고 수익률: 11.64%
2026-06-12 11:44:01,052 - INFO - 이미 매도 주문(0000036222)이 진행 중입니다. 체결을 기다립니다.
2026-06-12 11:44:01,052 - INFO - 60초 후 다음 확인을 진행합니다. (현재 상태: SELLING)
2026-06-12 11:45:01,149 - INFO - [005930] 현재가: 333000, 고가: 339000, 저가: 325000
2026-06-12 11:45:01,150 - WARNING - ⚠️ 주문 고착 감지: 타임아웃 (72964초 경과). 주문 취소를 시도합니다.
2026-06-12 11:45:01,150 - INFO - [CANCEL] 주문 취소 요청: 005930, 주문번호: 0000036222
2026-06-12 11:45:01,674 - ERROR - 주문 취소 실패: 모의투자 주문이 불가한 계좌입니다.
2026-06-12 11:45:01,675 - ERROR - 주문 취소 실패. 다음 루프에서 재시도합니다.
2026-06-12 11:45:11,335 - INFO - 계좌 예수금: 9882053원
2026-06-12 11:45:11,335 - INFO - [005930] 보유: 1주, 매도 가능: 1주, 평단가: 298,500원
2026-06-12 11:45:11,363 - INFO - 미실현 손익: 34,500원 (11.56%), 최고 수익률: 11.64%
2026-06-12 11:45:11,390 - INFO - 이미 매도 주문(0000036222)이 진행 중입니다. 체결을 기다립니다.
2026-06-12 11:45:11,390 - INFO - 60초 후 다음 확인을 진행합니다. (현재 상태: SELLING)
2026-06-12 11:46:11,497 - INFO - [005930] 현재가: 333000, 고가: 339000, 저가: 325000
2026-06-12 11:46:11,498 - WARNING - ⚠️ 주문 고착 감지: 타임아웃 (73034초 경과). 주문 취소를 시도합니다.
2026-06-12 11:46:11,498 - INFO - [CANCEL] 주문 취소 요청: 005930, 주문번호: 0000036222
2026-06-12 11:46:16,061 - ERROR - 주문 취소 실패: 모의투자 주문이 불가한 계좌입니다.
2026-06-12 11:46:16,061 - ERROR - 주문 취소 실패. 다음 루프에서 재시도합니다.
2026-06-12 11:46:20,452 - INFO - 계좌 예수금: 9882053원
2026-06-12 11:46:20,453 - INFO - [005930] 보유: 1주, 매도 가능: 1주, 평단가: 298,500원
2026-06-12 11:46:20,482 - INFO - 미실현 손익: 34,500원 (11.56%), 최고 수익률: 11.64%
2026-06-12 11:46:20,510 - INFO - 이미 매도 주문(0000036222)이 진행 중입니다. 체결을 기다립니다.
2026-06-12 11:46:20,510 - INFO - 60초 후 다음 확인을 진행합니다. (현재 상태: SELLING)
2026-06-12 11:47:23,546 - INFO - [005930] 현재가: 333250, 고가: 339000, 저가: 325000
2026-06-12 11:47:23,546 - WARNING - ⚠️ 주문 고착 감지: 타임아웃 (73106초 경과). 주문 취소를 시도합니다.
2026-06-12 11:47:23,547 - INFO - [CANCEL] 주문 취소 요청: 005930, 주문번호: 0000036222
2026-06-12 11:47:23,690 - ERROR - 주문 취소 실패: 모의투자 주문이 불가한 계좌입니다.
2026-06-12 11:47:23,691 - ERROR - 주문 취소 실패. 다음 루프에서 재시도합니다.
2026-06-12 11:47:30,817 - INFO - 계좌 예수금: 9882053원
2026-06-12 11:47:30,818 - INFO - [005930] 보유: 1주, 매도 가능: 1주, 평단가: 298,500원
2026-06-12 11:47:30,844 - INFO - 미실현 손익: 34,750원 (11.64%), 최고 수익률: 11.64%
2026-06-12 11:47:30,875 - INFO - 이미 매도 주문(0000036222)이 진행 중입니다. 체결을 기다립니다.
2026-06-12 11:47:30,876 - INFO - 60초 후 다음 확인을 진행합니다. (현재 상태: SELLING)
2026-06-12 11:48:31,237 - INFO - [005930] 현재가: 333500, 고가: 339000, 저가: 325000
2026-06-12 11:48:31,237 - WARNING - ⚠️ 주문 고착 감지: 타임아웃 (73174초 경과). 주문 취소를 시도합니다.
2026-06-12 11:48:31,238 - INFO - [CANCEL] 주문 취소 요청: 005930, 주문번호: 0000036222
2026-06-12 11:48:33,079 - ERROR - 주문 취소 실패: 모의투자 주문이 불가한 계좌입니다.
2026-06-12 11:48:33,080 - ERROR - 주문 취소 실패. 다음 루프에서 재시도합니다.
2026-06-12 11:48:38,302 - INFO - 계좌 예수금: 9882053원
2026-06-12 11:48:38,303 - INFO - [005930] 보유: 1주, 매도 가능: 1주, 평단가: 298,500원
2026-06-12 11:48:38,332 - INFO - 미실현 손익: 35,000원 (11.73%), 최고 수익률: 11.73%
2026-06-12 11:48:38,360 - INFO - 이미 매도 주문(0000036222)이 진행 중입니다. 체결을 기다립니다.
2026-06-12 11:48:38,361 - INFO - 60초 후 다음 확인을 진행합니다. (현재 상태: SELLING)
2026-06-12 11:49:39,590 - INFO - [005930] 현재가: 333500, 고가: 339000, 저가: 325000
2026-06-12 11:49:39,591 - WARNING - ⚠️ 주문 고착 감지: 타임아웃 (73242초 경과). 주문 취소를 시도합니다.
2026-06-12 11:49:39,591 - INFO - [CANCEL] 주문 취소 요청: 005930, 주문번호: 0000036222
2026-06-12 11:49:41,077 - ERROR - 주문 취소 실패: 모의투자 주문이 불가한 계좌입니다.
2026-06-12 11:49:41,078 - ERROR - 주문 취소 실패. 다음 루프에서 재시도합니다.
2026-06-12 11:49:47,650 - INFO - 계좌 예수금: 9882053원
2026-06-12 11:49:47,651 - INFO - [005930] 보유: 1주, 매도 가능: 1주, 평단가: 298,500원
2026-06-12 11:49:47,680 - INFO - 미실현 손익: 35,000원 (11.73%), 최고 수익률: 11.73%
2026-06-12 11:49:47,713 - INFO - 이미 매도 주문(0000036222)이 진행 중입니다. 체결을 기다립니다.
2026-06-12 11:49:47,713 - INFO - 60초 후 다음 확인을 진행합니다. (현재 상태: SELLING)
2026-06-12 11:50:47,804 - INFO - [005930] 현재가: 333250, 고가: 339000, 저가: 325000
2026-06-12 11:50:47,805 - WARNING - ⚠️ 주문 고착 감지: 타임아웃 (73311초 경과). 주문 취소를 시도합니다.
2026-06-12 11:50:47,805 - INFO - [CANCEL] 주문 취소 요청: 005930, 주문번호: 0000036222
2026-06-12 11:50:49,994 - ERROR - 주문 취소 실패: 모의투자 주문이 불가한 계좌입니다.
2026-06-12 11:50:49,995 - ERROR - 주문 취소 실패. 다음 루프에서 재시도합니다.
2026-06-12 11:50:54,612 - INFO - 계좌 예수금: 9882053원
2026-06-12 11:50:54,613 - INFO - [005930] 보유: 1주, 매도 가능: 1주, 평단가: 298,500원
2026-06-12 11:50:54,642 - INFO - 미실현 손익: 34,750원 (11.64%), 최고 수익률: 11.73%
2026-06-12 11:50:54,671 - INFO - 이미 매도 주문(0000036222)이 진행 중입니다. 체결을 기다립니다.
2026-06-12 11:50:54,672 - INFO - 60초 후 다음 확인을 진행합니다. (현재 상태: SELLING)
2026-06-12 11:51:54,777 - INFO - [005930] 현재가: 333250, 고가: 339000, 저가: 325000
2026-06-12 11:51:54,778 - WARNING - ⚠️ 주문 고착 감지: 타임아웃 (73378초 경과). 주문 취소를 시도합니다.
2026-06-12 11:51:54,778 - INFO - [CANCEL] 주문 취소 요청: 005930, 주문번호: 0000036222
2026-06-12 11:51:58,315 - ERROR - 주문 취소 실패: 모의투자 주문이 불가한 계좌입니다.
2026-06-12 11:51:58,316 - ERROR - 주문 취소 실패. 다음 루프에서 재시도합니다.
2026-06-12 11:52:02,294 - INFO - 계좌 예수금: 9882053원
2026-06-12 11:52:02,294 - INFO - [005930] 보유: 1주, 매도 가능: 1주, 평단가: 298,500원
2026-06-12 11:52:02,323 - INFO - 미실현 손익: 34,750원 (11.64%), 최고 수익률: 11.73%
2026-06-12 11:52:02,351 - INFO - 이미 매도 주문(0000036222)이 진행 중입니다. 체결을 기다립니다.
2026-06-12 11:52:02,352 - INFO - 60초 후 다음 확인을 진행합니다. (현재 상태: SELLING)
2026-06-12 11:53:02,497 - INFO - [005930] 현재가: 333500, 고가: 339000, 저가: 325000
2026-06-12 11:53:02,497 - WARNING - ⚠️ 주문 고착 감지: 타임아웃 (73445초 경과). 주문 취소를 시도합니다.
2026-06-12 11:53:02,497 - INFO - [CANCEL] 주문 취소 요청: 005930, 주문번호: 0000036222
2026-06-12 11:53:05,376 - ERROR - 주문 취소 실패: 모의투자 주문이 불가한 계좌입니다.
2026-06-12 11:53:05,377 - ERROR - 주문 취소 실패. 다음 루프에서 재시도합니다.
2026-06-12 11:53:12,544 - INFO - 계좌 예수금: 9882053원
2026-06-12 11:53:12,545 - INFO - [005930] 보유: 1주, 매도 가능: 1주, 평단가: 298,500원
2026-06-12 11:53:12,574 - INFO - 미실현 손익: 35,000원 (11.73%), 최고 수익률: 11.73%
2026-06-12 11:53:12,609 - INFO - 이미 매도 주문(0000036222)이 진행 중입니다. 체결을 기다립니다.
2026-06-12 11:53:12,609 - INFO - 60초 후 다음 확인을 진행합니다. (현재 상태: SELLING)
2026-06-12 11:54:15,832 - INFO - [005930] 현재가: 333750, 고가: 339000, 저가: 325000
2026-06-12 11:54:15,833 - WARNING - ⚠️ 주문 고착 감지: 타임아웃 (73519초 경과). 주문 취소를 시도합니다.
2026-06-12 11:54:15,833 - INFO - [CANCEL] 주문 취소 요청: 005930, 주문번호: 0000036222
2026-06-12 11:54:18,904 - ERROR - 주문 취소 실패: 모의투자 주문이 불가한 계좌입니다.
2026-06-12 11:54:18,904 - ERROR - 주문 취소 실패. 다음 루프에서 재시도합니다.
2026-06-12 11:54:24,433 - INFO - 계좌 예수금: 9882053원
2026-06-12 11:54:24,434 - INFO - [005930] 보유: 1주, 매도 가능: 1주, 평단가: 298,500원
2026-06-12 11:54:24,463 - INFO - 미실현 손익: 35,250원 (11.81%), 최고 수익률: 11.81%
2026-06-12 11:54:24,491 - INFO - 이미 매도 주문(0000036222)이 진행 중입니다. 체결을 기다립니다.
2026-06-12 11:54:24,492 - INFO - 60초 후 다음 확인을 진행합니다. (현재 상태: SELLING)
2026-06-12 11:55:25,774 - INFO - [005930] 현재가: 334000, 고가: 339000, 저가: 325000
2026-06-12 11:55:25,775 - WARNING - ⚠️ 주문 고착 감지: 타임아웃 (73589초 경과). 주문 취소를 시도합니다.
2026-06-12 11:55:25,775 - INFO - [CANCEL] 주문 취소 요청: 005930, 주문번호: 0000036222
2026-06-12 11:55:26,901 - ERROR - 주문 취소 실패: 모의투자 주문이 불가한 계좌입니다.
2026-06-12 11:55:26,901 - ERROR - 주문 취소 실패. 다음 루프에서 재시도합니다.
2026-06-12 11:55:32,738 - INFO - 계좌 예수금: 9882053원
2026-06-12 11:55:32,739 - INFO - [005930] 보유: 1주, 매도 가능: 1주, 평단가: 298,500원
2026-06-12 11:55:32,766 - INFO - 미실현 손익: 35,500원 (11.89%), 최고 수익률: 11.89%
2026-06-12 11:55:32,798 - INFO - 이미 매도 주문(0000036222)이 진행 중입니다. 체결을 기다립니다.
2026-06-12 11:55:32,799 - INFO - 60초 후 다음 확인을 진행합니다. (현재 상태: SELLING)
2026-06-12 11:56:33,260 - INFO - [005930] 현재가: 334000, 고가: 339000, 저가: 325000
2026-06-12 11:56:33,261 - WARNING - ⚠️ 주문 고착 감지: 타임아웃 (73656초 경과). 주문 취소를 시도합니다.
2026-06-12 11:56:33,261 - INFO - [CANCEL] 주문 취소 요청: 005930, 주문번호: 0000036222
2026-06-12 11:56:33,563 - ERROR - 주문 취소 실패: 모의투자 주문이 불가한 계좌입니다.
2026-06-12 11:56:33,563 - ERROR - 주문 취소 실패. 다음 루프에서 재시도합니다.
2026-06-12 11:56:38,175 - INFO - 계좌 예수금: 9882053원
2026-06-12 11:56:38,176 - INFO - [005930] 보유: 1주, 매도 가능: 1주, 평단가: 298,500원
2026-06-12 11:56:38,206 - INFO - 미실현 손익: 35,500원 (11.89%), 최고 수익률: 11.89%
2026-06-12 11:56:38,233 - INFO - 이미 매도 주문(0000036222)이 진행 중입니다. 체결을 기다립니다.
2026-06-12 11:56:38,234 - INFO - 60초 후 다음 확인을 진행합니다. (현재 상태: SELLING)
2026-06-12 11:57:41,155 - INFO - [005930] 현재가: 335000, 고가: 339000, 저가: 325000
2026-06-12 11:57:41,155 - WARNING - ⚠️ 주문 고착 감지: 타임아웃 (73724초 경과). 주문 취소를 시도합니다.
2026-06-12 11:57:41,156 - INFO - [CANCEL] 주문 취소 요청: 005930, 주문번호: 0000036222
2026-06-12 11:57:43,818 - ERROR - 주문 취소 실패: 모의투자 주문이 불가한 계좌입니다.
2026-06-12 11:57:43,819 - ERROR - 주문 취소 실패. 다음 루프에서 재시도합니다.
2026-06-12 11:57:49,142 - INFO - 계좌 예수금: 9882053원
2026-06-12 11:57:49,143 - INFO - [005930] 보유: 1주, 매도 가능: 1주, 평단가: 298,500원
2026-06-12 11:57:49,172 - INFO - 미실현 손익: 36,500원 (12.23%), 최고 수익률: 12.23%
2026-06-12 11:57:49,203 - INFO - 이미 매도 주문(0000036222)이 진행 중입니다. 체결을 기다립니다.
2026-06-12 11:57:49,203 - INFO - 60초 후 다음 확인을 진행합니다. (현재 상태: SELLING)
2026-06-12 11:58:49,315 - INFO - [005930] 현재가: 335000, 고가: 339000, 저가: 325000
2026-06-12 11:58:49,316 - WARNING - ⚠️ 주문 고착 감지: 타임아웃 (73792초 경과). 주문 취소를 시도합니다.
2026-06-12 11:58:49,316 - INFO - [CANCEL] 주문 취소 요청: 005930, 주문번호: 0000036222
2026-06-12 11:58:49,799 - ERROR - POST 요청 실패 (VTTC0013U): 500 Server Error: Internal Server Error for url: https://openapivts.koreainvestment.com:29443/uapi/domestic-stock/v1/trading/order-rvsecncl
2026-06-12 11:58:49,799 - ERROR - 상세 에러: {"rt_cd":"1","msg1":"초당 거래건수를 초과하였습니다.","msg_cd":"EGW00201","message":"EGW00201"}
2026-06-12 11:58:49,802 - ERROR - 주문 취소 실패: 응답 없음
2026-06-12 11:58:49,803 - ERROR - 주문 취소 실패. 다음 루프에서 재시도합니다.
2026-06-12 11:58:52,748 - INFO - 계좌 예수금: 9882053원
2026-06-12 11:58:52,748 - INFO - [005930] 보유: 1주, 매도 가능: 1주, 평단가: 298,500원
2026-06-12 11:58:52,777 - INFO - 미실현 손익: 36,500원 (12.23%), 최고 수익률: 12.23%
2026-06-12 11:58:52,806 - INFO - 이미 매도 주문(0000036222)이 진행 중입니다. 체결을 기다립니다.
2026-06-12 11:58:52,807 - INFO - 60초 후 다음 확인을 진행합니다. (현재 상태: SELLING)
2026-06-12 11:59:52,944 - INFO - [005930] 현재가: 334500, 고가: 339000, 저가: 325000
2026-06-12 11:59:52,945 - WARNING - ⚠️ 주문 고착 감지: 타임아웃 (73856초 경과). 주문 취소를 시도합니다.
2026-06-12 11:59:52,945 - INFO - [CANCEL] 주문 취소 요청: 005930, 주문번호: 0000036222
2026-06-12 11:59:53,441 - ERROR - 주문 취소 실패: 모의투자 주문이 불가한 계좌입니다.
2026-06-12 11:59:53,441 - ERROR - 주문 취소 실패. 다음 루프에서 재시도합니다.
2026-06-12 12:00:01,648 - INFO - 계좌 예수금: 9882053원
2026-06-12 12:00:01,648 - INFO - [005930] 보유: 1주, 매도 가능: 1주, 평단가: 298,500원
2026-06-12 12:00:01,676 - INFO - 미실현 손익: 36,000원 (12.06%), 최고 수익률: 12.23%
2026-06-12 12:00:01,704 - INFO - 이미 매도 주문(0000036222)이 진행 중입니다. 체결을 기다립니다.
2026-06-12 12:00:01,705 - INFO - 60초 후 다음 확인을 진행합니다. (현재 상태: SELLING)
2026-06-12 12:01:05,454 - INFO - [005930] 현재가: 335000, 고가: 339000, 저가: 325000
2026-06-12 12:01:05,454 - WARNING - ⚠️ 주문 고착 감지: 타임아웃 (73928초 경과). 주문 취소를 시도합니다.
2026-06-12 12:01:05,455 - INFO - [CANCEL] 주문 취소 요청: 005930, 주문번호: 0000036222
2026-06-12 12:01:09,345 - ERROR - 주문 취소 실패: 모의투자 주문이 불가한 계좌입니다.
2026-06-12 12:01:09,345 - ERROR - 주문 취소 실패. 다음 루프에서 재시도합니다.
2026-06-12 12:01:17,332 - INFO - 계좌 예수금: 9882053원
2026-06-12 12:01:17,332 - INFO - [005930] 보유: 1주, 매도 가능: 1주, 평단가: 298,500원
2026-06-12 12:01:17,362 - INFO - 미실현 손익: 36,500원 (12.23%), 최고 수익률: 12.23%
2026-06-12 12:01:17,389 - INFO - 이미 매도 주문(0000036222)이 진행 중입니다. 체결을 기다립니다.
2026-06-12 12:01:17,389 - INFO - 60초 후 다음 확인을 진행합니다. (현재 상태: SELLING)
2026-06-12 12:02:20,620 - INFO - [005930] 현재가: 335500, 고가: 339000, 저가: 325000
2026-06-12 12:02:20,620 - WARNING - ⚠️ 주문 고착 감지: 타임아웃 (74003초 경과). 주문 취소를 시도합니다.
2026-06-12 12:02:20,621 - INFO - [CANCEL] 주문 취소 요청: 005930, 주문번호: 0000036222
2026-06-12 12:02:21,542 - ERROR - 주문 취소 실패: 모의투자 주문이 불가한 계좌입니다.
2026-06-12 12:02:21,542 - ERROR - 주문 취소 실패. 다음 루프에서 재시도합니다.
2026-06-12 12:02:28,096 - INFO - 계좌 예수금: 9882053원
2026-06-12 12:02:28,098 - INFO - [005930] 보유: 1주, 매도 가능: 1주, 평단가: 298,500원
2026-06-12 12:02:28,128 - INFO - 미실현 손익: 37,000원 (12.40%), 최고 수익률: 12.40%
2026-06-12 12:02:28,152 - INFO - 이미 매도 주문(0000036222)이 진행 중입니다. 체결을 기다립니다.
2026-06-12 12:02:28,153 - INFO - 60초 후 다음 확인을 진행합니다. (현재 상태: SELLING)
2026-06-12 12:03:28,616 - INFO - [005930] 현재가: 335500, 고가: 339000, 저가: 325000
2026-06-12 12:03:28,617 - WARNING - ⚠️ 주문 고착 감지: 타임아웃 (74071초 경과). 주문 취소를 시도합니다.
2026-06-12 12:03:28,617 - INFO - [CANCEL] 주문 취소 요청: 005930, 주문번호: 0000036222
2026-06-12 12:03:30,371 - ERROR - 주문 취소 실패: 모의투자 주문이 불가한 계좌입니다.
2026-06-12 12:03:30,371 - ERROR - 주문 취소 실패. 다음 루프에서 재시도합니다.
2026-06-12 12:03:34,658 - INFO - 계좌 예수금: 9882053원
2026-06-12 12:03:34,659 - INFO - [005930] 보유: 1주, 매도 가능: 1주, 평단가: 298,500원
2026-06-12 12:03:34,689 - INFO - 미실현 손익: 37,000원 (12.40%), 최고 수익률: 12.40%
2026-06-12 12:03:34,720 - INFO - 이미 매도 주문(0000036222)이 진행 중입니다. 체결을 기다립니다.
2026-06-12 12:03:34,721 - INFO - 60초 후 다음 확인을 진행합니다. (현재 상태: SELLING)
2026-06-12 12:04:34,826 - INFO - [005930] 현재가: 334500, 고가: 339000, 저가: 325000
2026-06-12 12:04:34,826 - WARNING - ⚠️ 주문 고착 감지: 타임아웃 (74138초 경과). 주문 취소를 시도합니다.
2026-06-12 12:04:34,826 - INFO - [CANCEL] 주문 취소 요청: 005930, 주문번호: 0000036222
2026-06-12 12:04:35,353 - ERROR - 주문 취소 실패: 모의투자 주문이 불가한 계좌입니다.
2026-06-12 12:04:35,354 - ERROR - 주문 취소 실패. 다음 루프에서 재시도합니다.
2026-06-12 12:04:40,608 - INFO - 계좌 예수금: 9882053원
2026-06-12 12:04:40,608 - INFO - [005930] 보유: 1주, 매도 가능: 1주, 평단가: 298,500원
2026-06-12 12:04:40,638 - INFO - 미실현 손익: 36,000원 (12.06%), 최고 수익률: 12.40%
2026-06-12 12:04:40,665 - INFO - 이미 매도 주문(0000036222)이 진행 중입니다. 체결을 기다립니다.
2026-06-12 12:04:40,666 - INFO - 60초 후 다음 확인을 진행합니다. (현재 상태: SELLING)
2026-06-12 12:05:43,382 - INFO - [005930] 현재가: 334500, 고가: 339000, 저가: 325000
2026-06-12 12:05:43,382 - WARNING - ⚠️ 주문 고착 감지: 타임아웃 (74206초 경과). 주문 취소를 시도합니다.
2026-06-12 12:05:43,383 - INFO - [CANCEL] 주문 취소 요청: 005930, 주문번호: 0000036222
2026-06-12 12:05:46,660 - ERROR - 주문 취소 실패: 모의투자 주문이 불가한 계좌입니다.
2026-06-12 12:05:46,661 - ERROR - 주문 취소 실패. 다음 루프에서 재시도합니다.
2026-06-12 12:05:53,847 - INFO - 계좌 예수금: 9882053원
2026-06-12 12:05:53,847 - INFO - [005930] 보유: 1주, 매도 가능: 1주, 평단가: 298,500원
2026-06-12 12:05:53,877 - INFO - 미실현 손익: 36,000원 (12.06%), 최고 수익률: 12.40%
2026-06-12 12:05:53,902 - INFO - 이미 매도 주문(0000036222)이 진행 중입니다. 체결을 기다립니다.
2026-06-12 12:05:53,903 - INFO - 60초 후 다음 확인을 진행합니다. (현재 상태: SELLING)
2026-06-12 12:06:54,001 - INFO - [005930] 현재가: 335000, 고가: 339000, 저가: 325000
2026-06-12 12:06:54,001 - WARNING - ⚠️ 주문 고착 감지: 타임아웃 (74277초 경과). 주문 취소를 시도합니다.
2026-06-12 12:06:54,002 - INFO - [CANCEL] 주문 취소 요청: 005930, 주문번호: 0000036222
2026-06-12 12:06:54,537 - ERROR - 주문 취소 실패: 모의투자 주문이 불가한 계좌입니다.
2026-06-12 12:06:54,537 - ERROR - 주문 취소 실패. 다음 루프에서 재시도합니다.
2026-06-12 12:06:59,059 - INFO - 계좌 예수금: 9882053원
2026-06-12 12:06:59,060 - INFO - [005930] 보유: 1주, 매도 가능: 1주, 평단가: 298,500원
2026-06-12 12:06:59,090 - INFO - 미실현 손익: 36,500원 (12.23%), 최고 수익률: 12.40%
2026-06-12 12:06:59,117 - INFO - 이미 매도 주문(0000036222)이 진행 중입니다. 체결을 기다립니다.
2026-06-12 12:06:59,118 - INFO - 60초 후 다음 확인을 진행합니다. (현재 상태: SELLING)
2026-06-12 12:08:01,117 - INFO - [005930] 현재가: 334750, 고가: 339000, 저가: 325000
2026-06-12 12:08:01,118 - WARNING - ⚠️ 주문 고착 감지: 타임아웃 (74344초 경과). 주문 취소를 시도합니다.
2026-06-12 12:08:01,118 - INFO - [CANCEL] 주문 취소 요청: 005930, 주문번호: 0000036222
2026-06-12 12:08:03,268 - ERROR - 주문 취소 실패: 모의투자 주문이 불가한 계좌입니다.
2026-06-12 12:08:03,269 - ERROR - 주문 취소 실패. 다음 루프에서 재시도합니다.
2026-06-12 12:08:08,492 - INFO - 계좌 예수금: 9882053원
2026-06-12 12:08:08,492 - INFO - [005930] 보유: 1주, 매도 가능: 1주, 평단가: 298,500원
2026-06-12 12:08:08,527 - INFO - 미실현 손익: 36,250원 (12.14%), 최고 수익률: 12.40%
2026-06-12 12:08:08,557 - INFO - 이미 매도 주문(0000036222)이 진행 중입니다. 체결을 기다립니다.
2026-06-12 12:08:08,558 - INFO - 60초 후 다음 확인을 진행합니다. (현재 상태: SELLING)
2026-06-12 12:09:08,669 - INFO - [005930] 현재가: 334500, 고가: 339000, 저가: 325000
2026-06-12 12:09:08,670 - WARNING - ⚠️ 주문 고착 감지: 타임아웃 (74411초 경과). 주문 취소를 시도합니다.
2026-06-12 12:09:08,670 - INFO - [CANCEL] 주문 취소 요청: 005930, 주문번호: 0000036222
2026-06-12 12:09:13,416 - ERROR - 주문 취소 실패: 모의투자 주문이 불가한 계좌입니다.
2026-06-12 12:09:13,417 - ERROR - 주문 취소 실패. 다음 루프에서 재시도합니다.
2026-06-12 12:09:21,097 - INFO - 계좌 예수금: 9882053원
2026-06-12 12:09:21,098 - INFO - [005930] 보유: 1주, 매도 가능: 1주, 평단가: 298,500원
2026-06-12 12:09:21,125 - INFO - 미실현 손익: 36,000원 (12.06%), 최고 수익률: 12.40%
2026-06-12 12:09:21,157 - INFO - 이미 매도 주문(0000036222)이 진행 중입니다. 체결을 기다립니다.
2026-06-12 12:09:21,158 - INFO - 60초 후 다음 확인을 진행합니다. (현재 상태: SELLING)
2026-06-12 12:10:25,715 - INFO - [005930] 현재가: 335000, 고가: 339000, 저가: 325000
2026-06-12 12:10:25,716 - WARNING - ⚠️ 주문 고착 감지: 타임아웃 (74488초 경과). 주문 취소를 시도합니다.
2026-06-12 12:10:25,716 - INFO - [CANCEL] 주문 취소 요청: 005930, 주문번호: 0000036222
2026-06-12 12:10:25,896 - ERROR - 주문 취소 실패: 모의투자 주문이 불가한 계좌입니다.
2026-06-12 12:10:25,897 - ERROR - 주문 취소 실패. 다음 루프에서 재시도합니다.
2026-06-12 12:10:30,629 - INFO - 계좌 예수금: 9882053원
2026-06-12 12:10:30,629 - INFO - [005930] 보유: 1주, 매도 가능: 1주, 평단가: 298,500원
2026-06-12 12:10:30,660 - INFO - 미실현 손익: 36,500원 (12.23%), 최고 수익률: 12.40%
2026-06-12 12:10:30,691 - INFO - 이미 매도 주문(0000036222)이 진행 중입니다. 체결을 기다립니다.
2026-06-12 12:10:30,692 - INFO - 60초 후 다음 확인을 진행합니다. (현재 상태: SELLING)
2026-06-12 12:11:30,799 - INFO - [005930] 현재가: 335000, 고가: 339000, 저가: 325000
2026-06-12 12:11:30,800 - WARNING - ⚠️ 주문 고착 감지: 타임아웃 (74554초 경과). 주문 취소를 시도합니다.
2026-06-12 12:11:30,800 - INFO - [CANCEL] 주문 취소 요청: 005930, 주문번호: 0000036222
2026-06-12 12:11:31,322 - ERROR - 주문 취소 실패: 모의투자 주문이 불가한 계좌입니다.
2026-06-12 12:11:31,323 - ERROR - 주문 취소 실패. 다음 루프에서 재시도합니다.
2026-06-12 12:11:36,373 - INFO - 계좌 예수금: 9882053원
2026-06-12 12:11:36,374 - INFO - [005930] 보유: 1주, 매도 가능: 1주, 평단가: 298,500원
2026-06-12 12:11:36,401 - INFO - 미실현 손익: 36,500원 (12.23%), 최고 수익률: 12.40%
2026-06-12 12:11:36,429 - INFO - 이미 매도 주문(0000036222)이 진행 중입니다. 체결을 기다립니다.
2026-06-12 12:11:36,430 - INFO - 60초 후 다음 확인을 진행합니다. (현재 상태: SELLING)
2026-06-12 12:12:37,511 - INFO - [005930] 현재가: 335000, 고가: 339000, 저가: 325000
2026-06-12 12:12:37,512 - WARNING - ⚠️ 주문 고착 감지: 타임아웃 (74620초 경과). 주문 취소를 시도합니다.
2026-06-12 12:12:37,512 - INFO - [CANCEL] 주문 취소 요청: 005930, 주문번호: 0000036222
2026-06-12 12:12:38,636 - ERROR - 주문 취소 실패: 모의투자 주문이 불가한 계좌입니다.
2026-06-12 12:12:38,637 - ERROR - 주문 취소 실패. 다음 루프에서 재시도합니다.
2026-06-12 12:12:44,782 - INFO - 계좌 예수금: 9882053원
2026-06-12 12:12:44,782 - INFO - [005930] 보유: 1주, 매도 가능: 1주, 평단가: 298,500원
2026-06-12 12:12:44,809 - INFO - 미실현 손익: 36,500원 (12.23%), 최고 수익률: 12.40%
2026-06-12 12:12:44,841 - INFO - 이미 매도 주문(0000036222)이 진행 중입니다. 체결을 기다립니다.
2026-06-12 12:12:44,841 - INFO - 60초 후 다음 확인을 진행합니다. (현재 상태: SELLING)
2026-06-12 12:13:47,965 - INFO - [005930] 현재가: 335000, 고가: 339000, 저가: 325000
2026-06-12 12:13:47,966 - WARNING - ⚠️ 주문 고착 감지: 타임아웃 (74691초 경과). 주문 취소를 시도합니다.
2026-06-12 12:13:47,966 - INFO - [CANCEL] 주문 취소 요청: 005930, 주문번호: 0000036222
2026-06-12 12:13:48,122 - ERROR - 주문 취소 실패: 모의투자 주문이 불가한 계좌입니다.
2026-06-12 12:13:48,123 - ERROR - 주문 취소 실패. 다음 루프에서 재시도합니다.
2026-06-12 12:13:55,544 - INFO - 계좌 예수금: 9882053원
2026-06-12 12:13:55,545 - INFO - [005930] 보유: 1주, 매도 가능: 1주, 평단가: 298,500원
2026-06-12 12:13:55,573 - INFO - 미실현 손익: 36,500원 (12.23%), 최고 수익률: 12.40%
2026-06-12 12:13:55,601 - INFO - 이미 매도 주문(0000036222)이 진행 중입니다. 체결을 기다립니다.
2026-06-12 12:13:55,601 - INFO - 60초 후 다음 확인을 진행합니다. (현재 상태: SELLING)
2026-06-12 12:14:55,711 - INFO - [005930] 현재가: 334500, 고가: 339000, 저가: 325000
2026-06-12 12:14:55,712 - WARNING - ⚠️ 주문 고착 감지: 타임아웃 (74758초 경과). 주문 취소를 시도합니다.
2026-06-12 12:14:55,712 - INFO - [CANCEL] 주문 취소 요청: 005930, 주문번호: 0000036222
2026-06-12 12:14:58,114 - ERROR - 주문 취소 실패: 모의투자 주문이 불가한 계좌입니다.
2026-06-12 12:14:58,114 - ERROR - 주문 취소 실패. 다음 루프에서 재시도합니다.
2026-06-12 12:15:00,572 - INFO - 계좌 예수금: 9882053원
2026-06-12 12:15:00,572 - INFO - [005930] 보유: 1주, 매도 가능: 1주, 평단가: 298,500원
2026-06-12 12:15:00,602 - INFO - 미실현 손익: 36,000원 (12.06%), 최고 수익률: 12.40%
2026-06-12 12:15:00,634 - INFO - 이미 매도 주문(0000036222)이 진행 중입니다. 체결을 기다립니다.
2026-06-12 12:15:00,635 - INFO - 60초 후 다음 확인을 진행합니다. (현재 상태: SELLING)
2026-06-12 12:16:04,575 - INFO - [005930] 현재가: 334500, 고가: 339000, 저가: 325000
2026-06-12 12:16:04,576 - WARNING - ⚠️ 주문 고착 감지: 타임아웃 (74827초 경과). 주문 취소를 시도합니다.
2026-06-12 12:16:04,576 - INFO - [CANCEL] 주문 취소 요청: 005930, 주문번호: 0000036222
2026-06-12 12:16:05,087 - ERROR - 주문 취소 실패: 모의투자 주문이 불가한 계좌입니다.
2026-06-12 12:16:05,088 - ERROR - 주문 취소 실패. 다음 루프에서 재시도합니다.
2026-06-12 12:16:13,485 - INFO - 계좌 예수금: 9882053원
2026-06-12 12:16:13,485 - INFO - [005930] 보유: 1주, 매도 가능: 1주, 평단가: 298,500원
2026-06-12 12:16:13,516 - INFO - 미실현 손익: 36,000원 (12.06%), 최고 수익률: 12.40%
2026-06-12 12:16:13,546 - INFO - 이미 매도 주문(0000036222)이 진행 중입니다. 체결을 기다립니다.
2026-06-12 12:16:13,546 - INFO - 60초 후 다음 확인을 진행합니다. (현재 상태: SELLING)
2026-06-12 12:17:13,669 - INFO - [005930] 현재가: 334500, 고가: 339000, 저가: 325000
2026-06-12 12:17:13,670 - WARNING - ⚠️ 주문 고착 감지: 타임아웃 (74896초 경과). 주문 취소를 시도합니다.
2026-06-12 12:17:13,670 - INFO - [CANCEL] 주문 취소 요청: 005930, 주문번호: 0000036222
2026-06-12 12:17:17,488 - ERROR - 주문 취소 실패: 모의투자 주문이 불가한 계좌입니다.
2026-06-12 12:17:17,488 - ERROR - 주문 취소 실패. 다음 루프에서 재시도합니다.
2026-06-12 12:17:22,198 - INFO - 계좌 예수금: 9882053원
2026-06-12 12:17:22,198 - INFO - [005930] 보유: 1주, 매도 가능: 1주, 평단가: 298,500원
2026-06-12 12:17:22,226 - INFO - 미실현 손익: 36,000원 (12.06%), 최고 수익률: 12.40%
2026-06-12 12:17:22,257 - INFO - 이미 매도 주문(0000036222)이 진행 중입니다. 체결을 기다립니다.
2026-06-12 12:17:22,257 - INFO - 60초 후 다음 확인을 진행합니다. (현재 상태: SELLING)
2026-06-12 12:18:22,385 - INFO - [005930] 현재가: 334500, 고가: 339000, 저가: 325000
2026-06-12 12:18:22,385 - WARNING - ⚠️ 주문 고착 감지: 타임아웃 (74965초 경과). 주문 취소를 시도합니다.
2026-06-12 12:18:22,386 - INFO - [CANCEL] 주문 취소 요청: 005930, 주문번호: 0000036222
2026-06-12 12:18:26,446 - ERROR - 주문 취소 실패: 모의투자 주문이 불가한 계좌입니다.
2026-06-12 12:18:26,447 - ERROR - 주문 취소 실패. 다음 루프에서 재시도합니다.
2026-06-12 12:18:33,473 - INFO - 계좌 예수금: 9882053원
2026-06-12 12:18:33,473 - INFO - [005930] 보유: 1주, 매도 가능: 1주, 평단가: 298,500원
2026-06-12 12:18:33,503 - INFO - 미실현 손익: 36,000원 (12.06%), 최고 수익률: 12.40%
2026-06-12 12:18:33,529 - INFO - 이미 매도 주문(0000036222)이 진행 중입니다. 체결을 기다립니다.
2026-06-12 12:18:33,530 - INFO - 60초 후 다음 확인을 진행합니다. (현재 상태: SELLING)
2026-06-12 12:19:33,647 - INFO - [005930] 현재가: 333000, 고가: 339000, 저가: 325000
2026-06-12 12:19:33,648 - WARNING - ⚠️ 주문 고착 감지: 타임아웃 (75036초 경과). 주문 취소를 시도합니다.
2026-06-12 12:19:33,648 - INFO - [CANCEL] 주문 취소 요청: 005930, 주문번호: 0000036222
2026-06-12 12:19:37,681 - ERROR - 주문 취소 실패: 모의투자 주문이 불가한 계좌입니다.
2026-06-12 12:19:37,681 - ERROR - 주문 취소 실패. 다음 루프에서 재시도합니다.
2026-06-12 12:19:45,567 - INFO - 계좌 예수금: 9882053원
2026-06-12 12:19:45,567 - INFO - [005930] 보유: 1주, 매도 가능: 1주, 평단가: 298,500원
2026-06-12 12:19:45,594 - INFO - 미실현 손익: 34,500원 (11.56%), 최고 수익률: 12.40%
2026-06-12 12:19:45,595 - WARNING - 💰 수익 보존 조건 충족 (고점 12.40% -> 현재 11.56%). 이익 확정 권장.
2026-06-12 12:19:45,625 - INFO - 이미 매도 주문(0000036222)이 진행 중입니다. 체결을 기다립니다.
2026-06-12 12:19:45,625 - INFO - 60초 후 다음 확인을 진행합니다. (현재 상태: SELLING)
2026-06-12 12:20:45,730 - INFO - [005930] 현재가: 333500, 고가: 339000, 저가: 325000
2026-06-12 12:20:45,730 - WARNING - ⚠️ 주문 고착 감지: 타임아웃 (75108초 경과). 주문 취소를 시도합니다.
2026-06-12 12:20:45,730 - INFO - [CANCEL] 주문 취소 요청: 005930, 주문번호: 0000036222
2026-06-12 12:20:49,905 - ERROR - 주문 취소 실패: 모의투자 주문이 불가한 계좌입니다.
2026-06-12 12:20:49,905 - ERROR - 주문 취소 실패. 다음 루프에서 재시도합니다.
2026-06-12 12:20:53,974 - INFO - 계좌 예수금: 9882053원
2026-06-12 12:20:53,974 - INFO - [005930] 보유: 1주, 매도 가능: 1주, 평단가: 298,500원
2026-06-12 12:20:54,002 - INFO - 미실현 손익: 35,000원 (11.73%), 최고 수익률: 12.40%
2026-06-12 12:20:54,002 - WARNING - 💰 수익 보존 조건 충족 (고점 12.40% -> 현재 11.73%). 이익 확정 권장.
2026-06-12 12:20:54,032 - INFO - 이미 매도 주문(0000036222)이 진행 중입니다. 체결을 기다립니다.
2026-06-12 12:20:54,032 - INFO - 60초 후 다음 확인을 진행합니다. (현재 상태: SELLING)
2026-06-12 12:21:56,133 - INFO - [005930] 현재가: 334000, 고가: 339000, 저가: 325000
2026-06-12 12:21:56,134 - WARNING - ⚠️ 주문 고착 감지: 타임아웃 (75179초 경과). 주문 취소를 시도합니다.
2026-06-12 12:21:56,134 - INFO - [CANCEL] 주문 취소 요청: 005930, 주문번호: 0000036222
2026-06-12 12:21:57,737 - ERROR - 주문 취소 실패: 모의투자 주문이 불가한 계좌입니다.
2026-06-12 12:21:57,738 - ERROR - 주문 취소 실패. 다음 루프에서 재시도합니다.
2026-06-12 12:22:03,302 - INFO - 계좌 예수금: 9882053원
2026-06-12 12:22:03,303 - INFO - [005930] 보유: 1주, 매도 가능: 1주, 평단가: 298,500원
2026-06-12 12:22:03,331 - INFO - 미실현 손익: 35,500원 (11.89%), 최고 수익률: 12.40%
2026-06-12 12:22:03,332 - WARNING - 💰 수익 보존 조건 충족 (고점 12.40% -> 현재 11.89%). 이익 확정 권장.
2026-06-12 12:22:03,362 - INFO - 이미 매도 주문(0000036222)이 진행 중입니다. 체결을 기다립니다.
2026-06-12 12:22:03,363 - INFO - 60초 후 다음 확인을 진행합니다. (현재 상태: SELLING)
2026-06-12 12:23:03,801 - INFO - [005930] 현재가: 334000, 고가: 339000, 저가: 325000
2026-06-12 12:23:03,801 - WARNING - ⚠️ 주문 고착 감지: 타임아웃 (75247초 경과). 주문 취소를 시도합니다.
2026-06-12 12:23:03,802 - INFO - [CANCEL] 주문 취소 요청: 005930, 주문번호: 0000036222
2026-06-12 12:23:04,643 - ERROR - 주문 취소 실패: 모의투자 주문이 불가한 계좌입니다.
2026-06-12 12:23:04,644 - ERROR - 주문 취소 실패. 다음 루프에서 재시도합니다.
2026-06-12 12:23:12,120 - INFO - 계좌 예수금: 9882053원
2026-06-12 12:23:12,120 - INFO - [005930] 보유: 1주, 매도 가능: 1주, 평단가: 298,500원
2026-06-12 12:23:12,148 - INFO - 미실현 손익: 35,500원 (11.89%), 최고 수익률: 12.40%
2026-06-12 12:23:12,149 - WARNING - 💰 수익 보존 조건 충족 (고점 12.40% -> 현재 11.89%). 이익 확정 권장.
2026-06-12 12:23:12,177 - INFO - 이미 매도 주문(0000036222)이 진행 중입니다. 체결을 기다립니다.
2026-06-12 12:23:12,177 - INFO - 60초 후 다음 확인을 진행합니다. (현재 상태: SELLING)
2026-06-12 12:24:13,254 - INFO - [005930] 현재가: 333000, 고가: 339000, 저가: 325000
2026-06-12 12:24:13,254 - WARNING - ⚠️ 주문 고착 감지: 타임아웃 (75316초 경과). 주문 취소를 시도합니다.
2026-06-12 12:24:13,255 - INFO - [CANCEL] 주문 취소 요청: 005930, 주문번호: 0000036222
2026-06-12 12:24:15,815 - ERROR - 주문 취소 실패: 모의투자 주문이 불가한 계좌입니다.
2026-06-12 12:24:15,816 - ERROR - 주문 취소 실패. 다음 루프에서 재시도합니다.
2026-06-12 12:24:22,676 - INFO - 계좌 예수금: 9882053원
2026-06-12 12:24:22,676 - INFO - [005930] 보유: 1주, 매도 가능: 1주, 평단가: 298,500원
2026-06-12 12:24:22,703 - INFO - 미실현 손익: 34,500원 (11.56%), 최고 수익률: 12.40%
2026-06-12 12:24:22,704 - WARNING - 💰 수익 보존 조건 충족 (고점 12.40% -> 현재 11.56%). 이익 확정 권장.
2026-06-12 12:24:22,735 - INFO - 이미 매도 주문(0000036222)이 진행 중입니다. 체결을 기다립니다.
2026-06-12 12:24:22,735 - INFO - 60초 후 다음 확인을 진행합니다. (현재 상태: SELLING)
2026-06-12 12:25:22,840 - INFO - [005930] 현재가: 333500, 고가: 339000, 저가: 325000
2026-06-12 12:25:22,840 - WARNING - ⚠️ 주문 고착 감지: 타임아웃 (75386초 경과). 주문 취소를 시도합니다.
2026-06-12 12:25:22,841 - INFO - [CANCEL] 주문 취소 요청: 005930, 주문번호: 0000036222
2026-06-12 12:25:23,361 - ERROR - 주문 취소 실패: 모의투자 주문이 불가한 계좌입니다.
2026-06-12 12:25:23,361 - ERROR - 주문 취소 실패. 다음 루프에서 재시도합니다.
2026-06-12 12:25:34,436 - ERROR - GET 요청 실패 (VTTC8434R): HTTPSConnectionPool(host='openapivts.koreainvestment.com', port=29443): Read timed out. (read timeout=10)
2026-06-12 12:25:34,436 - ERROR - 잔고 조회 실패
2026-06-12 12:25:34,516 - INFO - 자가 최적화 기록 완료: C:\Users\witpo\OneDrive\바탕 화면\YONSEI\26-1\ECO4126 인공지능과금융공학\open-trading-api\self_optimization_history
2026-06-12 12:25:46,998 - INFO - 매도 주문 완료 확인: 상태를 IDLE로 전환합니다.
2026-06-12 12:25:47,064 - WARNING - 예수금 부족으로 매수 불가 (예수금: 0원, 필요: 331500원)
2026-06-12 12:25:47,065 - INFO - 60초 후 다음 확인을 진행합니다. (현재 상태: IDLE)
2026-06-12 12:26:49,730 - INFO - [005930] 현재가: 334000, 고가: 339000, 저가: 325000
2026-06-12 12:26:53,724 - INFO - 계좌 예수금: 9882053원
2026-06-12 12:26:53,725 - INFO - [005930] 보유: 1주, 매도 가능: 1주, 평단가: 298,500원
2026-06-12 12:26:53,754 - INFO - 미실현 손익: 35,500원 (11.89%), 최고 수익률: 11.89%
2026-06-12 12:26:53,783 - INFO - 매도 조건 충족: 평단가(298,500), 현재가(334,000) -> 목표가(336,500원) (보수적 상향 보정)
2026-06-12 12:26:53,783 - INFO - [SELL] 주문 요청: 005930, 1주, 336500원
2026-06-12 12:26:55,568 - ERROR - 주문 실패: 모의투자 주문이 불가한 계좌입니다.
2026-06-12 12:26:55,569 - INFO - 60초 후 다음 확인을 진행합니다. (현재 상태: IDLE)
2026-06-12 12:27:58,343 - INFO - [005930] 현재가: 334500, 고가: 339000, 저가: 325000
2026-06-12 12:28:05,130 - INFO - 계좌 예수금: 9882053원
2026-06-12 12:28:05,130 - INFO - [005930] 보유: 1주, 매도 가능: 1주, 평단가: 298,500원
2026-06-12 12:28:05,157 - INFO - 미실현 손익: 36,000원 (12.06%), 최고 수익률: 12.06%
2026-06-12 12:28:05,187 - INFO - 매도 조건 충족: 평단가(298,500), 현재가(334,500) -> 목표가(337,000원) (보수적 상향 보정)
2026-06-12 12:28:05,188 - INFO - [SELL] 주문 요청: 005930, 1주, 337000원
2026-06-12 12:28:08,480 - ERROR - 주문 실패: 모의투자 주문이 불가한 계좌입니다.
2026-06-12 12:28:08,480 - INFO - 60초 후 다음 확인을 진행합니다. (현재 상태: IDLE)
2026-06-12 12:29:10,192 - INFO - [005930] 현재가: 334250, 고가: 339000, 저가: 325000
2026-06-12 12:29:17,194 - INFO - 계좌 예수금: 9882053원
2026-06-12 12:29:17,195 - INFO - [005930] 보유: 1주, 매도 가능: 1주, 평단가: 298,500원
2026-06-12 12:29:17,222 - INFO - 미실현 손익: 35,750원 (11.98%), 최고 수익률: 12.06%
2026-06-12 12:29:17,250 - INFO - 매도 조건 충족: 평단가(298,500), 현재가(334,250) -> 목표가(336,500원) (보수적 상향 보정)
2026-06-12 12:29:17,250 - INFO - [SELL] 주문 요청: 005930, 1주, 336500원
2026-06-12 12:29:17,390 - ERROR - 주문 실패: 모의투자 주문이 불가한 계좌입니다.
2026-06-12 12:29:17,391 - INFO - 60초 후 다음 확인을 진행합니다. (현재 상태: IDLE)
2026-06-12 12:30:19,561 - INFO - [005930] 현재가: 334250, 고가: 339000, 저가: 325000
2026-06-12 12:30:30,209 - INFO - 계좌 예수금: 9882053원
2026-06-12 12:30:30,209 - INFO - [005930] 보유: 1주, 매도 가능: 1주, 평단가: 298,500원
2026-06-12 12:30:30,237 - INFO - 미실현 손익: 35,750원 (11.98%), 최고 수익률: 12.06%
2026-06-12 12:30:30,264 - INFO - 매도 조건 충족: 평단가(298,500), 현재가(334,250) -> 목표가(336,500원) (보수적 상향 보정)
2026-06-12 12:30:30,264 - INFO - [SELL] 주문 요청: 005930, 1주, 336500원
2026-06-12 12:30:35,433 - ERROR - 주문 실패: 모의투자 주문이 불가한 계좌입니다.
2026-06-12 12:30:35,434 - INFO - 60초 후 다음 확인을 진행합니다. (현재 상태: IDLE)
2026-06-12 12:31:35,544 - INFO - [005930] 현재가: 334250, 고가: 339000, 저가: 325000
2026-06-12 12:31:40,562 - INFO - 계좌 예수금: 9882053원
2026-06-12 12:31:40,562 - INFO - [005930] 보유: 1주, 매도 가능: 1주, 평단가: 298,500원
2026-06-12 12:31:40,590 - INFO - 미실현 손익: 35,750원 (11.98%), 최고 수익률: 12.06%
2026-06-12 12:31:40,617 - INFO - 매도 조건 충족: 평단가(298,500), 현재가(334,250) -> 목표가(336,500원) (보수적 상향 보정)
2026-06-12 12:31:40,618 - INFO - [SELL] 주문 요청: 005930, 1주, 336500원
2026-06-12 12:31:40,795 - ERROR - 주문 실패: 모의투자 주문이 불가한 계좌입니다.
2026-06-12 12:31:40,795 - INFO - 60초 후 다음 확인을 진행합니다. (현재 상태: IDLE)
2026-06-12 12:32:45,796 - INFO - [005930] 현재가: 334750, 고가: 339000, 저가: 325000
2026-06-12 12:32:49,792 - INFO - 계좌 예수금: 9882053원
2026-06-12 12:32:49,792 - INFO - [005930] 보유: 1주, 매도 가능: 1주, 평단가: 298,500원
2026-06-12 12:32:49,824 - INFO - 미실현 손익: 36,250원 (12.14%), 최고 수익률: 12.14%
2026-06-12 12:32:49,851 - INFO - 매도 조건 충족: 평단가(298,500), 현재가(334,750) -> 목표가(337,000원) (보수적 상향 보정)
2026-06-12 12:32:49,851 - INFO - [SELL] 주문 요청: 005930, 1주, 337000원
2026-06-12 12:32:49,989 - ERROR - 주문 실패: 모의투자 주문이 불가한 계좌입니다.
2026-06-12 12:32:49,990 - INFO - 60초 후 다음 확인을 진행합니다. (현재 상태: IDLE)
2026-06-12 12:33:53,075 - INFO - [005930] 현재가: 334500, 고가: 339000, 저가: 325000
2026-06-12 12:33:57,069 - INFO - 계좌 예수금: 9882053원
2026-06-12 12:33:57,069 - INFO - [005930] 보유: 1주, 매도 가능: 1주, 평단가: 298,500원
2026-06-12 12:33:57,097 - INFO - 미실현 손익: 36,000원 (12.06%), 최고 수익률: 12.14%
2026-06-12 12:33:57,127 - INFO - 매도 조건 충족: 평단가(298,500), 현재가(334,500) -> 목표가(337,000원) (보수적 상향 보정)
2026-06-12 12:33:57,128 - INFO - [SELL] 주문 요청: 005930, 1주, 337000원
2026-06-12 12:33:59,527 - ERROR - 주문 실패: 모의투자 주문이 불가한 계좌입니다.
2026-06-12 12:33:59,528 - INFO - 60초 후 다음 확인을 진행합니다. (현재 상태: IDLE)
2026-06-12 12:34:59,953 - INFO - [005930] 현재가: 335000, 고가: 339000, 저가: 325000
2026-06-12 12:35:05,957 - INFO - 계좌 예수금: 9882053원
2026-06-12 12:35:05,958 - INFO - [005930] 보유: 1주, 매도 가능: 1주, 평단가: 298,500원
2026-06-12 12:35:05,986 - INFO - 미실현 손익: 36,500원 (12.23%), 최고 수익률: 12.23%
2026-06-12 12:35:06,012 - INFO - 매도 조건 충족: 평단가(298,500), 현재가(335,000) -> 목표가(337,500원) (보수적 상향 보정)
2026-06-12 12:35:06,012 - INFO - [SELL] 주문 요청: 005930, 1주, 337500원
2026-06-12 12:35:09,470 - ERROR - 주문 실패: 모의투자 주문이 불가한 계좌입니다.
2026-06-12 12:35:09,470 - INFO - 60초 후 다음 확인을 진행합니다. (현재 상태: IDLE)
2026-06-12 12:36:12,145 - INFO - [005930] 현재가: 334500, 고가: 339000, 저가: 325000
2026-06-12 12:36:19,105 - INFO - 계좌 예수금: 9882053원
2026-06-12 12:36:19,105 - INFO - [005930] 보유: 1주, 매도 가능: 1주, 평단가: 298,500원
2026-06-12 12:36:19,133 - INFO - 미실현 손익: 36,000원 (12.06%), 최고 수익률: 12.23%
2026-06-12 12:36:19,161 - INFO - 매도 조건 충족: 평단가(298,500), 현재가(334,500) -> 목표가(337,000원) (보수적 상향 보정)
2026-06-12 12:36:19,162 - INFO - [SELL] 주문 요청: 005930, 1주, 337000원
2026-06-12 12:36:21,152 - ERROR - 주문 실패: 모의투자 주문이 불가한 계좌입니다.
2026-06-12 12:36:21,153 - INFO - 60초 후 다음 확인을 진행합니다. (현재 상태: IDLE)
2026-06-12 12:37:21,265 - INFO - [005930] 현재가: 334750, 고가: 339000, 저가: 325000
2026-06-12 12:37:26,182 - INFO - 계좌 예수금: 9882053원
2026-06-12 12:37:26,182 - INFO - [005930] 보유: 1주, 매도 가능: 1주, 평단가: 298,500원
2026-06-12 12:37:26,210 - INFO - 미실현 손익: 36,250원 (12.14%), 최고 수익률: 12.23%
2026-06-12 12:37:26,245 - INFO - 매도 조건 충족: 평단가(298,500), 현재가(334,750) -> 목표가(337,000원) (보수적 상향 보정)
2026-06-12 12:37:26,246 - INFO - [SELL] 주문 요청: 005930, 1주, 337000원
2026-06-12 12:37:29,458 - ERROR - 주문 실패: 모의투자 주문이 불가한 계좌입니다.
2026-06-12 12:37:29,459 - INFO - 60초 후 다음 확인을 진행합니다. (현재 상태: IDLE)
2026-06-12 12:38:32,317 - INFO - [005930] 현재가: 335500, 고가: 339000, 저가: 325000
2026-06-12 12:38:40,015 - INFO - 계좌 예수금: 9882053원
2026-06-12 12:38:40,016 - INFO - [005930] 보유: 1주, 매도 가능: 1주, 평단가: 298,500원
2026-06-12 12:38:40,043 - INFO - 미실현 손익: 37,000원 (12.40%), 최고 수익률: 12.40%
2026-06-12 12:38:40,069 - INFO - 매도 조건 충족: 평단가(298,500), 현재가(335,500) -> 목표가(338,000원) (보수적 상향 보정)
2026-06-12 12:38:40,069 - INFO - [SELL] 주문 요청: 005930, 1주, 338000원
2026-06-12 12:38:40,219 - ERROR - 주문 실패: 모의투자 주문이 불가한 계좌입니다.
2026-06-12 12:38:40,220 - INFO - 60초 후 다음 확인을 진행합니다. (현재 상태: IDLE)
2026-06-12 12:39:43,059 - INFO - [005930] 현재가: 335500, 고가: 339000, 저가: 325000
2026-06-12 12:39:50,237 - INFO - 계좌 예수금: 9882053원
2026-06-12 12:39:50,238 - INFO - [005930] 보유: 1주, 매도 가능: 1주, 평단가: 298,500원
2026-06-12 12:39:50,264 - INFO - 미실현 손익: 37,000원 (12.40%), 최고 수익률: 12.40%
2026-06-12 12:39:50,292 - INFO - 매도 조건 충족: 평단가(298,500), 현재가(335,500) -> 목표가(338,000원) (보수적 상향 보정)
2026-06-12 12:39:50,292 - INFO - [SELL] 주문 요청: 005930, 1주, 338000원
2026-06-12 12:39:50,429 - ERROR - 주문 실패: 모의투자 주문이 불가한 계좌입니다.
2026-06-12 12:39:50,430 - INFO - 60초 후 다음 확인을 진행합니다. (현재 상태: IDLE)
2026-06-12 12:40:52,631 - INFO - [005930] 현재가: 335500, 고가: 339000, 저가: 325000
2026-06-12 12:41:03,718 - ERROR - GET 요청 실패 (VTTC8434R): HTTPSConnectionPool(host='openapivts.koreainvestment.com', port=29443): Read timed out. (read timeout=10)
2026-06-12 12:41:03,719 - ERROR - 잔고 조회 실패
2026-06-12 12:41:11,137 - WARNING - 예수금 부족으로 매수 불가 (예수금: 0원, 필요: 333000원)
2026-06-12 12:41:11,137 - INFO - 60초 후 다음 확인을 진행합니다. (현재 상태: IDLE)
2026-06-12 12:42:16,400 - INFO - [005930] 현재가: 335500, 고가: 339000, 저가: 325000
2026-06-12 12:42:26,229 - INFO - 계좌 예수금: 9882053원
2026-06-12 12:42:26,230 - INFO - [005930] 보유: 1주, 매도 가능: 1주, 평단가: 298,500원
2026-06-12 12:42:26,255 - INFO - 미실현 손익: 37,000원 (12.40%), 최고 수익률: 12.40%
2026-06-12 12:42:26,288 - INFO - 매도 조건 충족: 평단가(298,500), 현재가(335,500) -> 목표가(338,000원) (보수적 상향 보정)
2026-06-12 12:42:26,288 - INFO - [SELL] 주문 요청: 005930, 1주, 338000원
2026-06-12 12:42:26,449 - ERROR - 주문 실패: 모의투자 주문이 불가한 계좌입니다.
2026-06-12 12:42:26,450 - INFO - 60초 후 다음 확인을 진행합니다. (현재 상태: IDLE)
2026-06-12 12:43:26,553 - INFO - [005930] 현재가: 335750, 고가: 339000, 저가: 325000
2026-06-12 12:43:29,208 - INFO - 계좌 예수금: 9882053원
2026-06-12 12:43:29,209 - INFO - [005930] 보유: 1주, 매도 가능: 1주, 평단가: 298,500원
2026-06-12 12:43:29,236 - INFO - 미실현 손익: 37,250원 (12.48%), 최고 수익률: 12.48%
2026-06-12 12:43:29,265 - INFO - 매도 조건 충족: 평단가(298,500), 현재가(335,750) -> 목표가(338,000원) (보수적 상향 보정)
2026-06-12 12:43:29,266 - INFO - [SELL] 주문 요청: 005930, 1주, 338000원
2026-06-12 12:43:32,385 - ERROR - 주문 실패: 모의투자 주문이 불가한 계좌입니다.
2026-06-12 12:43:32,386 - INFO - 60초 후 다음 확인을 진행합니다. (현재 상태: IDLE)
2026-06-12 12:44:35,159 - INFO - [005930] 현재가: 336000, 고가: 339000, 저가: 325000
2026-06-12 12:44:42,781 - INFO - 계좌 예수금: 9882053원
2026-06-12 12:44:42,781 - INFO - [005930] 보유: 1주, 매도 가능: 1주, 평단가: 298,500원
2026-06-12 12:44:42,807 - INFO - 미실현 손익: 37,500원 (12.56%), 최고 수익률: 12.56%
2026-06-12 12:44:42,838 - INFO - 매도 조건 충족: 평단가(298,500), 현재가(336,000) -> 목표가(338,500원) (보수적 상향 보정)
2026-06-12 12:44:42,838 - INFO - [SELL] 주문 요청: 005930, 1주, 338500원
2026-06-12 12:44:42,952 - ERROR - 주문 실패: 모의투자 주문이 불가한 계좌입니다.
2026-06-12 12:44:42,953 - INFO - 60초 후 다음 확인을 진행합니다. (현재 상태: IDLE)
2026-06-12 12:45:43,668 - INFO - [005930] 현재가: 336250, 고가: 339000, 저가: 325000
2026-06-12 12:45:50,836 - INFO - 계좌 예수금: 9882053원
2026-06-12 12:45:50,836 - INFO - [005930] 보유: 1주, 매도 가능: 1주, 평단가: 298,500원
2026-06-12 12:45:50,863 - INFO - 미실현 손익: 37,750원 (12.65%), 최고 수익률: 12.65%
2026-06-12 12:45:50,917 - INFO - 자가 최적화 기록 완료: C:\Users\witpo\OneDrive\바탕 화면\YONSEI\26-1\ECO4126 인공지능과금융공학\open-trading-api\self_optimization_history
2026-06-12 12:45:50,918 - INFO - 매도 조건 충족: 평단가(298,500), 현재가(336,250) -> 목표가(338,500원) (보수적 상향 보정)
2026-06-12 12:45:50,918 - INFO - [SELL] 주문 요청: 005930, 1주, 338500원
2026-06-12 12:45:52,987 - ERROR - 주문 실패: 모의투자 주문이 불가한 계좌입니다.
2026-06-12 12:45:52,987 - INFO - 60초 후 다음 확인을 진행합니다. (현재 상태: IDLE)
2026-06-12 12:46:53,116 - INFO - [005930] 현재가: 336500, 고가: 339000, 저가: 325000
2026-06-12 12:46:57,401 - INFO - 계좌 예수금: 9882053원
2026-06-12 12:46:57,401 - INFO - [005930] 보유: 1주, 매도 가능: 1주, 평단가: 298,500원
2026-06-12 12:46:57,428 - INFO - 미실현 손익: 38,000원 (12.73%), 최고 수익률: 12.73%
2026-06-12 12:46:57,456 - INFO - 매도 조건 충족: 평단가(298,500), 현재가(336,500) -> 목표가(338,500원) (보수적 상향 보정)
2026-06-12 12:46:57,456 - INFO - [SELL] 주문 요청: 005930, 1주, 338500원
2026-06-12 12:46:57,615 - ERROR - 주문 실패: 모의투자 주문이 불가한 계좌입니다.
2026-06-12 12:46:57,615 - INFO - 60초 후 다음 확인을 진행합니다. (현재 상태: IDLE)
2026-06-12 12:48:00,174 - INFO - [005930] 현재가: 336000, 고가: 339000, 저가: 325000
2026-06-12 12:48:05,499 - INFO - 계좌 예수금: 9882053원
2026-06-12 12:48:05,499 - INFO - [005930] 보유: 1주, 매도 가능: 1주, 평단가: 298,500원
2026-06-12 12:48:05,527 - INFO - 미실현 손익: 37,500원 (12.56%), 최고 수익률: 12.73%
2026-06-12 12:48:05,555 - INFO - 매도 조건 충족: 평단가(298,500), 현재가(336,000) -> 목표가(338,000원) (보수적 상향 보정)
2026-06-12 12:48:05,556 - INFO - [SELL] 주문 요청: 005930, 1주, 338000원
2026-06-12 12:48:06,218 - ERROR - 주문 실패: 모의투자 주문이 불가한 계좌입니다.
2026-06-12 12:48:06,218 - INFO - 60초 후 다음 확인을 진행합니다. (현재 상태: IDLE)
2026-06-12 12:49:10,173 - INFO - [005930] 현재가: 336000, 고가: 339000, 저가: 325000
2026-06-12 12:49:14,931 - INFO - 계좌 예수금: 9882053원
2026-06-12 12:49:14,931 - INFO - [005930] 보유: 1주, 매도 가능: 1주, 평단가: 298,500원
2026-06-12 12:49:14,958 - INFO - 미실현 손익: 37,500원 (12.56%), 최고 수익률: 12.73%
2026-06-12 12:49:14,985 - INFO - 매도 조건 충족: 평단가(298,500), 현재가(336,000) -> 목표가(338,000원) (보수적 상향 보정)
2026-06-12 12:49:14,986 - INFO - [SELL] 주문 요청: 005930, 1주, 338000원
2026-06-12 12:49:15,144 - ERROR - 주문 실패: 모의투자 주문이 불가한 계좌입니다.
2026-06-12 12:49:15,144 - INFO - 60초 후 다음 확인을 진행합니다. (현재 상태: IDLE)
2026-06-12 12:50:20,778 - INFO - [005930] 현재가: 336250, 고가: 339000, 저가: 325000
2026-06-12 12:50:25,181 - INFO - 계좌 예수금: 9882053원
2026-06-12 12:50:25,182 - INFO - [005930] 보유: 1주, 매도 가능: 1주, 평단가: 298,500원
2026-06-12 12:50:25,209 - INFO - 미실현 손익: 37,750원 (12.65%), 최고 수익률: 12.73%
2026-06-12 12:50:25,243 - INFO - 매도 조건 충족: 평단가(298,500), 현재가(336,250) -> 목표가(338,500원) (보수적 상향 보정)
2026-06-12 12:50:25,244 - INFO - [SELL] 주문 요청: 005930, 1주, 338500원
2026-06-12 12:50:30,916 - ERROR - 주문 실패: 모의투자 주문이 불가한 계좌입니다.
2026-06-12 12:50:30,916 - INFO - 60초 후 다음 확인을 진행합니다. (현재 상태: IDLE)
2026-06-12 12:51:35,021 - INFO - [005930] 현재가: 336250, 고가: 339000, 저가: 325000
2026-06-12 12:51:38,810 - INFO - 계좌 예수금: 9882053원
2026-06-12 12:51:38,811 - INFO - [005930] 보유: 1주, 매도 가능: 1주, 평단가: 298,500원
2026-06-12 12:51:38,838 - INFO - 미실현 손익: 37,750원 (12.65%), 최고 수익률: 12.73%
2026-06-12 12:51:38,865 - INFO - 매도 조건 충족: 평단가(298,500), 현재가(336,250) -> 목표가(338,500원) (보수적 상향 보정)
2026-06-12 12:51:38,865 - INFO - [SELL] 주문 요청: 005930, 1주, 338500원
2026-06-12 12:51:38,981 - ERROR - 주문 실패: 모의투자 주문이 불가한 계좌입니다.
2026-06-12 12:51:38,982 - INFO - 60초 후 다음 확인을 진행합니다. (현재 상태: IDLE)
2026-06-12 12:52:42,717 - INFO - [005930] 현재가: 335500, 고가: 339000, 저가: 325000
2026-06-12 12:52:47,732 - INFO - 계좌 예수금: 9882053원
2026-06-12 12:52:47,732 - INFO - [005930] 보유: 1주, 매도 가능: 1주, 평단가: 298,500원
2026-06-12 12:52:47,763 - INFO - 미실현 손익: 37,000원 (12.40%), 최고 수익률: 12.73%
2026-06-12 12:52:47,792 - INFO - 매도 조건 충족: 평단가(298,500), 현재가(335,500) -> 목표가(337,500원) (보수적 상향 보정)
2026-06-12 12:52:47,793 - INFO - [SELL] 주문 요청: 005930, 1주, 337500원
2026-06-12 12:52:50,699 - ERROR - 주문 실패: 모의투자 주문이 불가한 계좌입니다.
2026-06-12 12:52:50,700 - INFO - 60초 후 다음 확인을 진행합니다. (현재 상태: IDLE)
2026-06-12 12:53:52,246 - INFO - [005930] 현재가: 336250, 고가: 339000, 저가: 325000
2026-06-12 12:53:57,468 - INFO - 계좌 예수금: 9882053원
2026-06-12 12:53:57,469 - INFO - [005930] 보유: 1주, 매도 가능: 1주, 평단가: 298,500원
2026-06-12 12:53:57,497 - INFO - 미실현 손익: 37,750원 (12.65%), 최고 수익률: 12.73%
2026-06-12 12:53:57,526 - INFO - 매도 조건 충족: 평단가(298,500), 현재가(336,250) -> 목표가(338,500원) (보수적 상향 보정)
2026-06-12 12:53:57,527 - INFO - [SELL] 주문 요청: 005930, 1주, 338500원
2026-06-12 12:53:58,083 - ERROR - 주문 실패: 모의투자 주문이 불가한 계좌입니다.
2026-06-12 12:53:58,083 - INFO - 60초 후 다음 확인을 진행합니다. (현재 상태: IDLE)
2026-06-12 12:55:01,020 - INFO - [005930] 현재가: 335500, 고가: 339000, 저가: 325000
2026-06-12 12:55:10,893 - INFO - 계좌 예수금: 9882053원
2026-06-12 12:55:10,893 - INFO - [005930] 보유: 1주, 매도 가능: 1주, 평단가: 298,500원
2026-06-12 12:55:10,919 - INFO - 미실현 손익: 37,000원 (12.40%), 최고 수익률: 12.73%
2026-06-12 12:55:10,948 - INFO - 매도 조건 충족: 평단가(298,500), 현재가(335,500) -> 목표가(337,500원) (보수적 상향 보정)
2026-06-12 12:55:10,948 - INFO - [SELL] 주문 요청: 005930, 1주, 337500원
2026-06-12 12:55:16,936 - ERROR - 주문 실패: 모의투자 주문이 불가한 계좌입니다.
2026-06-12 12:55:16,937 - INFO - 60초 후 다음 확인을 진행합니다. (현재 상태: IDLE)
2026-06-12 12:56:19,915 - INFO - [005930] 현재가: 335500, 고가: 339000, 저가: 325000
2026-06-12 12:56:27,390 - INFO - 계좌 예수금: 9882053원
2026-06-12 12:56:27,391 - INFO - [005930] 보유: 1주, 매도 가능: 1주, 평단가: 298,500원
2026-06-12 12:56:27,419 - INFO - 미실현 손익: 37,000원 (12.40%), 최고 수익률: 12.73%
2026-06-12 12:56:27,445 - INFO - 매도 조건 충족: 평단가(298,500), 현재가(335,500) -> 목표가(337,500원) (보수적 상향 보정)
2026-06-12 12:56:27,446 - INFO - [SELL] 주문 요청: 005930, 1주, 337500원
2026-06-12 12:56:27,573 - ERROR - 주문 실패: 모의투자 주문이 불가한 계좌입니다.
2026-06-12 12:56:27,573 - INFO - 60초 후 다음 확인을 진행합니다. (현재 상태: IDLE)
2026-06-12 12:57:30,165 - INFO - [005930] 현재가: 335500, 고가: 339000, 저가: 325000
2026-06-12 12:57:35,080 - INFO - 계좌 예수금: 9882053원
2026-06-12 12:57:35,081 - INFO - [005930] 보유: 1주, 매도 가능: 1주, 평단가: 298,500원
2026-06-12 12:57:35,108 - INFO - 미실현 손익: 37,000원 (12.40%), 최고 수익률: 12.73%
2026-06-12 12:57:35,139 - INFO - 매도 조건 충족: 평단가(298,500), 현재가(335,500) -> 목표가(337,500원) (보수적 상향 보정)
2026-06-12 12:57:35,140 - INFO - [SELL] 주문 요청: 005930, 1주, 337500원
2026-06-12 12:57:35,392 - ERROR - 주문 실패: 모의투자 주문이 불가한 계좌입니다.
2026-06-12 12:57:35,392 - INFO - 60초 후 다음 확인을 진행합니다. (현재 상태: IDLE)
2026-06-12 12:58:36,113 - INFO - [005930] 현재가: 335750, 고가: 339000, 저가: 325000
2026-06-12 12:58:41,127 - INFO - 계좌 예수금: 9882053원
2026-06-12 12:58:41,128 - INFO - [005930] 보유: 1주, 매도 가능: 1주, 평단가: 298,500원
2026-06-12 12:58:41,157 - INFO - 미실현 손익: 37,250원 (12.48%), 최고 수익률: 12.73%
2026-06-12 12:58:41,187 - INFO - 매도 조건 충족: 평단가(298,500), 현재가(335,750) -> 목표가(338,000원) (보수적 상향 보정)
2026-06-12 12:58:41,187 - INFO - [SELL] 주문 요청: 005930, 1주, 338000원
2026-06-12 12:58:42,269 - ERROR - 주문 실패: 모의투자 주문이 불가한 계좌입니다.
2026-06-12 12:58:42,270 - INFO - 60초 후 다음 확인을 진행합니다. (현재 상태: IDLE)
2026-06-12 12:59:45,749 - INFO - [005930] 현재가: 335500, 고가: 339000, 저가: 325000
2026-06-12 12:59:53,531 - INFO - 계좌 예수금: 9882053원
2026-06-12 12:59:53,531 - INFO - [005930] 보유: 1주, 매도 가능: 1주, 평단가: 298,500원
2026-06-12 12:59:53,559 - INFO - 미실현 손익: 37,000원 (12.40%), 최고 수익률: 12.73%
2026-06-12 12:59:53,585 - INFO - 매도 조건 충족: 평단가(298,500), 현재가(335,500) -> 목표가(337,500원) (보수적 상향 보정)
2026-06-12 12:59:53,586 - INFO - [SELL] 주문 요청: 005930, 1주, 337500원
2026-06-12 12:59:55,990 - ERROR - 주문 실패: 모의투자 주문이 불가한 계좌입니다.
2026-06-12 12:59:55,990 - INFO - 60초 후 다음 확인을 진행합니다. (현재 상태: IDLE)
2026-06-12 13:00:58,868 - INFO - [005930] 현재가: 334500, 고가: 339000, 저가: 325000
2026-06-12 13:01:08,777 - INFO - 계좌 예수금: 9882053원
2026-06-12 13:01:08,778 - INFO - [005930] 보유: 1주, 매도 가능: 1주, 평단가: 298,500원
2026-06-12 13:01:08,807 - INFO - 미실현 손익: 36,000원 (12.06%), 최고 수익률: 12.73%
2026-06-12 13:01:08,807 - WARNING - 💰 수익 보존 조건 충족 (고점 12.73% -> 현재 12.06%). 이익 확정 권장.
2026-06-12 13:01:08,830 - INFO - 🔥 수익보존(PROFIT_PROTECTION) 실행: 현재가 근처(334,500원)로 즉시 매도 주문 (공격적 하향 보정)
2026-06-12 13:01:08,830 - INFO - [SELL] 주문 요청: 005930, 1주, 334500원
2026-06-12 13:01:14,223 - ERROR - 주문 실패: 모의투자 주문이 불가한 계좌입니다.
2026-06-12 13:01:14,223 - INFO - 60초 후 다음 확인을 진행합니다. (현재 상태: IDLE)
2026-06-12 13:02:14,851 - INFO - [005930] 현재가: 335000, 고가: 339000, 저가: 325000
2026-06-12 13:02:25,808 - INFO - 계좌 예수금: 9882053원
2026-06-12 13:02:25,809 - INFO - [005930] 보유: 1주, 매도 가능: 1주, 평단가: 298,500원
2026-06-12 13:02:25,835 - INFO - 미실현 손익: 36,500원 (12.23%), 최고 수익률: 12.73%
2026-06-12 13:02:25,835 - WARNING - 💰 수익 보존 조건 충족 (고점 12.73% -> 현재 12.23%). 이익 확정 권장.
2026-06-12 13:02:25,860 - INFO - 🔥 수익보존(PROFIT_PROTECTION) 실행: 현재가 근처(335,000원)로 즉시 매도 주문 (공격적 하향 보정)
2026-06-12 13:02:25,860 - INFO - [SELL] 주문 요청: 005930, 1주, 335000원
2026-06-12 13:02:32,107 - ERROR - 주문 실패: 모의투자 주문이 불가한 계좌입니다.
2026-06-12 13:02:32,108 - INFO - 60초 후 다음 확인을 진행합니다. (현재 상태: IDLE)
2026-06-12 13:03:35,445 - INFO - [005930] 현재가: 335000, 고가: 339000, 저가: 325000
2026-06-12 13:03:42,800 - INFO - 계좌 예수금: 9882053원
2026-06-12 13:03:42,801 - INFO - [005930] 보유: 1주, 매도 가능: 1주, 평단가: 298,500원
2026-06-12 13:03:42,828 - INFO - 미실현 손익: 36,500원 (12.23%), 최고 수익률: 12.73%
2026-06-12 13:03:42,828 - WARNING - 💰 수익 보존 조건 충족 (고점 12.73% -> 현재 12.23%). 이익 확정 권장.
2026-06-12 13:03:42,853 - INFO - 🔥 수익보존(PROFIT_PROTECTION) 실행: 현재가 근처(335,000원)로 즉시 매도 주문 (공격적 하향 보정)
2026-06-12 13:03:42,854 - INFO - [SELL] 주문 요청: 005930, 1주, 335000원
2026-06-12 13:03:44,867 - ERROR - 주문 실패: 모의투자 주문이 불가한 계좌입니다.
2026-06-12 13:03:44,868 - INFO - 60초 후 다음 확인을 진행합니다. (현재 상태: IDLE)
2026-06-12 13:04:48,668 - INFO - [005930] 현재가: 335500, 고가: 339000, 저가: 325000
2026-06-12 13:04:53,687 - INFO - 계좌 예수금: 9882053원
2026-06-12 13:04:53,687 - INFO - [005930] 보유: 1주, 매도 가능: 1주, 평단가: 298,500원
2026-06-12 13:04:53,715 - INFO - 미실현 손익: 37,000원 (12.40%), 최고 수익률: 12.73%
2026-06-12 13:04:53,741 - INFO - 매도 조건 충족: 평단가(298,500), 현재가(335,500) -> 목표가(337,500원) (보수적 상향 보정)
2026-06-12 13:04:53,742 - INFO - [SELL] 주문 요청: 005930, 1주, 337500원
2026-06-12 13:04:56,756 - ERROR - 주문 실패: 모의투자 주문이 불가한 계좌입니다.
2026-06-12 13:04:56,756 - INFO - 60초 후 다음 확인을 진행합니다. (현재 상태: IDLE)
2026-06-12 13:05:57,807 - INFO - [005930] 현재가: 334500, 고가: 339000, 저가: 325000
2026-06-12 13:06:04,548 - INFO - 계좌 예수금: 9882053원
2026-06-12 13:06:04,549 - INFO - [005930] 보유: 1주, 매도 가능: 1주, 평단가: 298,500원
2026-06-12 13:06:04,575 - INFO - 미실현 손익: 36,000원 (12.06%), 최고 수익률: 12.73%
2026-06-12 13:06:04,576 - WARNING - 💰 수익 보존 조건 충족 (고점 12.73% -> 현재 12.06%). 이익 확정 권장.
2026-06-12 13:06:04,606 - INFO - 🔥 수익보존(PROFIT_PROTECTION) 실행: 현재가 근처(334,500원)로 즉시 매도 주문 (공격적 하향 보정)
2026-06-12 13:06:04,607 - INFO - [SELL] 주문 요청: 005930, 1주, 334500원
2026-06-12 13:06:07,005 - ERROR - 주문 실패: 모의투자 주문이 불가한 계좌입니다.
2026-06-12 13:06:07,006 - INFO - 60초 후 다음 확인을 진행합니다. (현재 상태: IDLE)
2026-06-12 13:07:07,530 - INFO - [005930] 현재가: 334500, 고가: 339000, 저가: 325000
2026-06-12 13:07:16,232 - INFO - 계좌 예수금: 9882053원
2026-06-12 13:07:16,232 - INFO - [005930] 보유: 1주, 매도 가능: 1주, 평단가: 298,500원
2026-06-12 13:07:16,258 - INFO - 미실현 손익: 36,000원 (12.06%), 최고 수익률: 12.73%
2026-06-12 13:07:16,258 - WARNING - 💰 수익 보존 조건 충족 (고점 12.73% -> 현재 12.06%). 이익 확정 권장.
2026-06-12 13:07:16,286 - INFO - 🔥 수익보존(PROFIT_PROTECTION) 실행: 현재가 근처(334,500원)로 즉시 매도 주문 (공격적 하향 보정)
2026-06-12 13:07:16,287 - INFO - [SELL] 주문 요청: 005930, 1주, 334500원
2026-06-12 13:07:16,414 - ERROR - 주문 실패: 모의투자 주문이 불가한 계좌입니다.
2026-06-12 13:07:16,414 - INFO - 60초 후 다음 확인을 진행합니다. (현재 상태: IDLE)
2026-06-12 13:08:18,289 - INFO - [005930] 현재가: 334500, 고가: 339000, 저가: 325000
2026-06-12 13:08:24,434 - INFO - 계좌 예수금: 9882053원
2026-06-12 13:08:24,434 - INFO - [005930] 보유: 1주, 매도 가능: 1주, 평단가: 298,500원
2026-06-12 13:08:24,461 - INFO - 미실현 손익: 36,000원 (12.06%), 최고 수익률: 12.73%
2026-06-12 13:08:24,462 - WARNING - 💰 수익 보존 조건 충족 (고점 12.73% -> 현재 12.06%). 이익 확정 권장.
2026-06-12 13:08:24,492 - INFO - 🔥 수익보존(PROFIT_PROTECTION) 실행: 현재가 근처(334,500원)로 즉시 매도 주문 (공격적 하향 보정)
2026-06-12 13:08:24,492 - INFO - [SELL] 주문 요청: 005930, 1주, 334500원
2026-06-12 13:08:26,380 - ERROR - 주문 실패: 모의투자 주문이 불가한 계좌입니다.
2026-06-12 13:08:26,380 - INFO - 60초 후 다음 확인을 진행합니다. (현재 상태: IDLE)
2026-06-12 13:09:29,155 - INFO - [005930] 현재가: 334500, 고가: 339000, 저가: 325000
2026-06-12 13:09:34,274 - INFO - 계좌 예수금: 9882053원
2026-06-12 13:09:34,275 - INFO - [005930] 보유: 1주, 매도 가능: 1주, 평단가: 298,500원
2026-06-12 13:09:34,303 - INFO - 미실현 손익: 36,000원 (12.06%), 최고 수익률: 12.73%
2026-06-12 13:09:34,304 - WARNING - 💰 수익 보존 조건 충족 (고점 12.73% -> 현재 12.06%). 이익 확정 권장.
2026-06-12 13:09:34,336 - INFO - 🔥 수익보존(PROFIT_PROTECTION) 실행: 현재가 근처(334,500원)로 즉시 매도 주문 (공격적 하향 보정)
2026-06-12 13:09:34,336 - INFO - [SELL] 주문 요청: 005930, 1주, 334500원
2026-06-12 13:09:34,492 - ERROR - 주문 실패: 모의투자 주문이 불가한 계좌입니다.
2026-06-12 13:09:34,492 - INFO - 60초 후 다음 확인을 진행합니다. (현재 상태: IDLE)
2026-06-12 13:10:38,085 - INFO - [005930] 현재가: 334500, 고가: 339000, 저가: 325000
2026-06-12 13:10:45,856 - INFO - 계좌 예수금: 9882053원
2026-06-12 13:10:45,857 - INFO - [005930] 보유: 1주, 매도 가능: 1주, 평단가: 298,500원
2026-06-12 13:10:45,884 - INFO - 미실현 손익: 36,000원 (12.06%), 최고 수익률: 12.73%
2026-06-12 13:10:45,884 - WARNING - 💰 수익 보존 조건 충족 (고점 12.73% -> 현재 12.06%). 이익 확정 권장.
2026-06-12 13:10:45,912 - INFO - 🔥 수익보존(PROFIT_PROTECTION) 실행: 현재가 근처(334,500원)로 즉시 매도 주문 (공격적 하향 보정)
2026-06-12 13:10:45,913 - INFO - [SELL] 주문 요청: 005930, 1주, 334500원
2026-06-12 13:10:47,597 - ERROR - 주문 실패: 모의투자 주문이 불가한 계좌입니다.
2026-06-12 13:10:47,597 - INFO - 60초 후 다음 확인을 진행합니다. (현재 상태: IDLE)
2026-06-12 13:11:48,017 - INFO - [005930] 현재가: 335000, 고가: 339000, 저가: 325000
2026-06-12 13:11:55,799 - INFO - 계좌 예수금: 9882053원
2026-06-12 13:11:55,800 - INFO - [005930] 보유: 1주, 매도 가능: 1주, 평단가: 298,500원
2026-06-12 13:11:55,826 - INFO - 미실현 손익: 36,500원 (12.23%), 최고 수익률: 12.73%
2026-06-12 13:11:55,827 - WARNING - 💰 수익 보존 조건 충족 (고점 12.73% -> 현재 12.23%). 이익 확정 권장.
2026-06-12 13:11:55,856 - INFO - 🔥 수익보존(PROFIT_PROTECTION) 실행: 현재가 근처(335,000원)로 즉시 매도 주문 (공격적 하향 보정)
2026-06-12 13:11:55,857 - INFO - [SELL] 주문 요청: 005930, 1주, 335000원
2026-06-12 13:11:58,667 - ERROR - 주문 실패: 모의투자 주문이 불가한 계좌입니다.
2026-06-12 13:11:58,667 - INFO - 60초 후 다음 확인을 진행합니다. (현재 상태: IDLE)
2026-06-12 13:12:58,771 - INFO - [005930] 현재가: 335500, 고가: 339000, 저가: 325000
2026-06-12 13:13:03,182 - INFO - 계좌 예수금: 9882053원
2026-06-12 13:13:03,182 - INFO - [005930] 보유: 1주, 매도 가능: 1주, 평단가: 298,500원
2026-06-12 13:13:03,211 - INFO - 미실현 손익: 37,000원 (12.40%), 최고 수익률: 12.73%
2026-06-12 13:13:03,237 - INFO - 매도 조건 충족: 평단가(298,500), 현재가(335,500) -> 목표가(337,500원) (보수적 상향 보정)
2026-06-12 13:13:03,238 - INFO - [SELL] 주문 요청: 005930, 1주, 337500원
2026-06-12 13:13:03,380 - ERROR - 주문 실패: 모의투자 주문이 불가한 계좌입니다.
2026-06-12 13:13:03,381 - INFO - 60초 후 다음 확인을 진행합니다. (현재 상태: IDLE)
2026-06-12 13:14:07,187 - INFO - [005930] 현재가: 334750, 고가: 339000, 저가: 325000
2026-06-12 13:14:16,914 - INFO - 계좌 예수금: 9882053원
2026-06-12 13:14:16,914 - INFO - [005930] 보유: 1주, 매도 가능: 1주, 평단가: 298,500원
2026-06-12 13:14:16,942 - INFO - 미실현 손익: 36,250원 (12.14%), 최고 수익률: 12.73%
2026-06-12 13:14:16,942 - WARNING - 💰 수익 보존 조건 충족 (고점 12.73% -> 현재 12.14%). 이익 확정 권장.
2026-06-12 13:14:16,970 - INFO - 🔥 수익보존(PROFIT_PROTECTION) 실행: 현재가 근처(334,500원)로 즉시 매도 주문 (공격적 하향 보정)
2026-06-12 13:14:16,970 - INFO - [SELL] 주문 요청: 005930, 1주, 334500원
2026-06-12 13:14:17,118 - ERROR - 주문 실패: 모의투자 주문이 불가한 계좌입니다.
2026-06-12 13:14:17,119 - INFO - 60초 후 다음 확인을 진행합니다. (현재 상태: IDLE)
2026-06-12 13:15:19,381 - INFO - [005930] 현재가: 335000, 고가: 339000, 저가: 325000
2026-06-12 13:15:28,599 - INFO - 계좌 예수금: 9882053원
2026-06-12 13:15:28,599 - INFO - [005930] 보유: 1주, 매도 가능: 1주, 평단가: 298,500원
2026-06-12 13:15:28,627 - INFO - 미실현 손익: 36,500원 (12.23%), 최고 수익률: 12.73%
2026-06-12 13:15:28,627 - WARNING - 💰 수익 보존 조건 충족 (고점 12.73% -> 현재 12.23%). 이익 확정 권장.
2026-06-12 13:15:28,658 - INFO - 🔥 수익보존(PROFIT_PROTECTION) 실행: 현재가 근처(335,000원)로 즉시 매도 주문 (공격적 하향 보정)
2026-06-12 13:15:28,658 - INFO - [SELL] 주문 요청: 005930, 1주, 335000원
2026-06-12 13:15:31,977 - ERROR - 주문 실패: 모의투자 주문이 불가한 계좌입니다.
2026-06-12 13:15:31,977 - INFO - 60초 후 다음 확인을 진행합니다. (현재 상태: IDLE)
2026-06-12 13:16:32,077 - INFO - [005930] 현재가: 335500, 고가: 339000, 저가: 325000
2026-06-12 13:16:36,017 - INFO - 계좌 예수금: 9882053원
2026-06-12 13:16:36,018 - INFO - [005930] 보유: 1주, 매도 가능: 1주, 평단가: 298,500원
2026-06-12 13:16:36,046 - INFO - 미실현 손익: 37,000원 (12.40%), 최고 수익률: 12.73%
2026-06-12 13:16:36,074 - INFO - 매도 조건 충족: 평단가(298,500), 현재가(335,500) -> 목표가(337,500원) (보수적 상향 보정)
2026-06-12 13:16:36,075 - INFO - [SELL] 주문 요청: 005930, 1주, 337500원
2026-06-12 13:16:36,220 - ERROR - 주문 실패: 모의투자 주문이 불가한 계좌입니다.
2026-06-12 13:16:36,220 - INFO - 60초 후 다음 확인을 진행합니다. (현재 상태: IDLE)
2026-06-12 13:17:39,780 - INFO - [005930] 현재가: 335750, 고가: 339000, 저가: 325000
2026-06-12 13:17:44,183 - INFO - 계좌 예수금: 9882053원
2026-06-12 13:17:44,183 - INFO - [005930] 보유: 1주, 매도 가능: 1주, 평단가: 298,500원
2026-06-12 13:17:44,211 - INFO - 미실현 손익: 37,250원 (12.48%), 최고 수익률: 12.73%
2026-06-12 13:17:44,242 - INFO - 매도 조건 충족: 평단가(298,500), 현재가(335,750) -> 목표가(338,000원) (보수적 상향 보정)
2026-06-12 13:17:44,242 - INFO - [SELL] 주문 요청: 005930, 1주, 338000원
2026-06-12 13:17:44,367 - ERROR - 주문 실패: 모의투자 주문이 불가한 계좌입니다.
2026-06-12 13:17:44,367 - INFO - 60초 후 다음 확인을 진행합니다. (현재 상태: IDLE)
2026-06-12 13:18:47,078 - INFO - [005930] 현재가: 336000, 고가: 339000, 저가: 325000
2026-06-12 13:18:53,818 - INFO - 계좌 예수금: 9882053원
2026-06-12 13:18:53,819 - INFO - [005930] 보유: 1주, 매도 가능: 1주, 평단가: 298,500원
2026-06-12 13:18:53,845 - INFO - 미실현 손익: 37,500원 (12.56%), 최고 수익률: 12.73%
2026-06-12 13:18:53,872 - INFO - 매도 조건 충족: 평단가(298,500), 현재가(336,000) -> 목표가(338,000원) (보수적 상향 보정)
2026-06-12 13:18:53,873 - INFO - [SELL] 주문 요청: 005930, 1주, 338000원
2026-06-12 13:18:55,354 - ERROR - 주문 실패: 모의투자 주문이 불가한 계좌입니다.
2026-06-12 13:18:55,355 - INFO - 60초 후 다음 확인을 진행합니다. (현재 상태: IDLE)
2026-06-12 13:19:58,130 - INFO - [005930] 현재가: 335500, 고가: 339000, 저가: 325000
2026-06-12 13:20:05,283 - INFO - 계좌 예수금: 9882053원
2026-06-12 13:20:05,284 - INFO - [005930] 보유: 1주, 매도 가능: 1주, 평단가: 298,500원
2026-06-12 13:20:05,312 - INFO - 미실현 손익: 37,000원 (12.40%), 최고 수익률: 12.73%
2026-06-12 13:20:05,341 - INFO - 매도 조건 충족: 평단가(298,500), 현재가(335,500) -> 목표가(337,500원) (보수적 상향 보정)
2026-06-12 13:20:05,342 - INFO - [SELL] 주문 요청: 005930, 1주, 337500원
2026-06-12 13:20:07,858 - ERROR - 주문 실패: 모의투자 주문이 불가한 계좌입니다.
2026-06-12 13:20:07,859 - INFO - 60초 후 다음 확인을 진행합니다. (현재 상태: IDLE)
2026-06-12 13:21:14,686 - INFO - [005930] 현재가: 335500, 고가: 339000, 저가: 325000
2026-06-12 13:21:20,770 - INFO - 계좌 예수금: 9882053원
2026-06-12 13:21:20,771 - INFO - [005930] 보유: 1주, 매도 가능: 1주, 평단가: 298,500원
2026-06-12 13:21:20,802 - INFO - 미실현 손익: 37,000원 (12.40%), 최고 수익률: 12.73%
2026-06-12 13:21:20,842 - INFO - 매도 조건 충족: 평단가(298,500), 현재가(335,500) -> 목표가(337,500원) (보수적 상향 보정)
2026-06-12 13:21:20,843 - INFO - [SELL] 주문 요청: 005930, 1주, 337500원
2026-06-12 13:21:26,198 - ERROR - 주문 실패: 모의투자 주문이 불가한 계좌입니다.
2026-06-12 13:21:26,198 - INFO - 60초 후 다음 확인을 진행합니다. (현재 상태: IDLE)
2026-06-12 13:22:27,273 - INFO - [005930] 현재가: 335500, 고가: 339000, 저가: 325000
2026-06-12 13:22:35,219 - INFO - 계좌 예수금: 9882053원
2026-06-12 13:22:35,220 - INFO - [005930] 보유: 1주, 매도 가능: 1주, 평단가: 298,500원
2026-06-12 13:22:35,247 - INFO - 미실현 손익: 37,000원 (12.40%), 최고 수익률: 12.73%
2026-06-12 13:22:35,273 - INFO - 매도 조건 충족: 평단가(298,500), 현재가(335,500) -> 목표가(337,500원) (보수적 상향 보정)
2026-06-12 13:22:35,274 - INFO - [SELL] 주문 요청: 005930, 1주, 337500원
2026-06-12 13:22:38,667 - ERROR - 주문 실패: 모의투자 주문이 불가한 계좌입니다.
2026-06-12 13:22:38,667 - INFO - 60초 후 다음 확인을 진행합니다. (현재 상태: IDLE)
2026-06-12 13:23:41,374 - INFO - [005930] 현재가: 335500, 고가: 339000, 저가: 325000
2026-06-12 13:23:47,006 - INFO - 계좌 예수금: 9882053원
2026-06-12 13:23:47,006 - INFO - [005930] 보유: 1주, 매도 가능: 1주, 평단가: 298,500원
2026-06-12 13:23:47,033 - INFO - 미실현 손익: 37,000원 (12.40%), 최고 수익률: 12.73%
2026-06-12 13:23:47,064 - INFO - 매도 조건 충족: 평단가(298,500), 현재가(335,500) -> 목표가(337,500원) (보수적 상향 보정)
2026-06-12 13:23:47,064 - INFO - [SELL] 주문 요청: 005930, 1주, 337500원
2026-06-12 13:23:49,977 - ERROR - 주문 실패: 모의투자 주문이 불가한 계좌입니다.
2026-06-12 13:23:49,977 - INFO - 60초 후 다음 확인을 진행합니다. (현재 상태: IDLE)
2026-06-12 13:24:50,784 - INFO - [005930] 현재가: 335500, 고가: 339000, 저가: 325000
2026-06-12 13:24:57,350 - INFO - 계좌 예수금: 9882053원
2026-06-12 13:24:57,350 - INFO - [005930] 보유: 1주, 매도 가능: 1주, 평단가: 298,500원
2026-06-12 13:24:57,378 - INFO - 미실현 손익: 37,000원 (12.40%), 최고 수익률: 12.73%
2026-06-12 13:24:57,404 - INFO - 매도 조건 충족: 평단가(298,500), 현재가(335,500) -> 목표가(337,500원) (보수적 상향 보정)
2026-06-12 13:24:57,405 - INFO - [SELL] 주문 요청: 005930, 1주, 337500원
2026-06-12 13:24:57,591 - ERROR - 주문 실패: 모의투자 주문이 불가한 계좌입니다.
2026-06-12 13:24:57,591 - INFO - 60초 후 다음 확인을 진행합니다. (현재 상태: IDLE)
2026-06-12 13:25:57,708 - INFO - [005930] 현재가: 335500, 고가: 339000, 저가: 325000
2026-06-12 13:26:06,484 - INFO - 계좌 예수금: 9882053원
2026-06-12 13:26:06,484 - INFO - [005930] 보유: 1주, 매도 가능: 1주, 평단가: 298,500원
2026-06-12 13:26:06,512 - INFO - 미실현 손익: 37,000원 (12.40%), 최고 수익률: 12.73%
2026-06-12 13:26:06,541 - INFO - 매도 조건 충족: 평단가(298,500), 현재가(335,500) -> 목표가(337,500원) (보수적 상향 보정)
2026-06-12 13:26:06,542 - INFO - [SELL] 주문 요청: 005930, 1주, 337500원
2026-06-12 13:26:07,199 - ERROR - 주문 실패: 모의투자 주문이 불가한 계좌입니다.
2026-06-12 13:26:07,200 - INFO - 60초 후 다음 확인을 진행합니다. (현재 상태: IDLE)
2026-06-12 13:27:07,745 - INFO - [005930] 현재가: 336000, 고가: 339000, 저가: 325000
2026-06-12 13:27:13,841 - INFO - 계좌 예수금: 9882053원
2026-06-12 13:27:13,842 - INFO - [005930] 보유: 1주, 매도 가능: 1주, 평단가: 298,500원
2026-06-12 13:27:13,868 - INFO - 미실현 손익: 37,500원 (12.56%), 최고 수익률: 12.73%
2026-06-12 13:27:13,899 - INFO - 매도 조건 충족: 평단가(298,500), 현재가(336,000) -> 목표가(338,000원) (보수적 상향 보정)
2026-06-12 13:27:13,900 - INFO - [SELL] 주문 요청: 005930, 1주, 338000원
2026-06-12 13:27:14,276 - ERROR - 주문 실패: 모의투자 주문이 불가한 계좌입니다.
2026-06-12 13:27:14,277 - INFO - 60초 후 다음 확인을 진행합니다. (현재 상태: IDLE)
2026-06-12 13:28:18,178 - INFO - [005930] 현재가: 336000, 고가: 339000, 저가: 325000
2026-06-12 13:28:26,620 - INFO - 계좌 예수금: 9882053원
2026-06-12 13:28:26,621 - INFO - [005930] 보유: 1주, 매도 가능: 1주, 평단가: 298,500원
2026-06-12 13:28:26,649 - INFO - 미실현 손익: 37,500원 (12.56%), 최고 수익률: 12.73%
2026-06-12 13:28:26,680 - INFO - 매도 조건 충족: 평단가(298,500), 현재가(336,000) -> 목표가(338,000원) (보수적 상향 보정)
2026-06-12 13:28:26,681 - INFO - [SELL] 주문 요청: 005930, 1주, 338000원
2026-06-12 13:28:27,055 - ERROR - 주문 실패: 모의투자 주문이 불가한 계좌입니다.
2026-06-12 13:28:27,055 - INFO - 60초 후 다음 확인을 진행합니다. (현재 상태: IDLE)
2026-06-12 13:29:28,177 - INFO - [005930] 현재가: 335750, 고가: 339000, 저가: 325000
2026-06-12 13:29:34,775 - INFO - 계좌 예수금: 9882053원
2026-06-12 13:29:34,775 - INFO - [005930] 보유: 1주, 매도 가능: 1주, 평단가: 298,500원
2026-06-12 13:29:34,803 - INFO - 미실현 손익: 37,250원 (12.48%), 최고 수익률: 12.73%
2026-06-12 13:29:34,831 - INFO - 매도 조건 충족: 평단가(298,500), 현재가(335,750) -> 목표가(338,000원) (보수적 상향 보정)
2026-06-12 13:29:34,831 - INFO - [SELL] 주문 요청: 005930, 1주, 338000원
2026-06-12 13:29:37,541 - ERROR - 주문 실패: 모의투자 주문이 불가한 계좌입니다.
2026-06-12 13:29:37,542 - INFO - 60초 후 다음 확인을 진행합니다. (현재 상태: IDLE)
2026-06-12 13:30:44,103 - INFO - [005930] 현재가: 336500, 고가: 339000, 저가: 325000
2026-06-12 13:30:54,727 - INFO - 계좌 예수금: 9882053원
2026-06-12 13:30:54,727 - INFO - [005930] 보유: 1주, 매도 가능: 1주, 평단가: 298,500원
2026-06-12 13:30:54,757 - INFO - 미실현 손익: 38,000원 (12.73%), 최고 수익률: 12.73%
2026-06-12 13:30:54,785 - INFO - 매도 조건 충족: 평단가(298,500), 현재가(336,500) -> 목표가(338,500원) (보수적 상향 보정)
2026-06-12 13:30:54,786 - INFO - [SELL] 주문 요청: 005930, 1주, 338500원
2026-06-12 13:30:58,544 - ERROR - 주문 실패: 모의투자 주문이 불가한 계좌입니다.
2026-06-12 13:30:58,544 - INFO - 60초 후 다음 확인을 진행합니다. (현재 상태: IDLE)
2026-06-12 13:32:01,728 - INFO - [005930] 현재가: 336000, 고가: 339000, 저가: 325000
2026-06-12 13:32:07,163 - INFO - 계좌 예수금: 9882053원
2026-06-12 13:32:07,164 - INFO - [005930] 보유: 1주, 매도 가능: 1주, 평단가: 298,500원
2026-06-12 13:32:07,191 - INFO - 미실현 손익: 37,500원 (12.56%), 최고 수익률: 12.73%
2026-06-12 13:32:07,231 - INFO - 매도 조건 충족: 평단가(298,500), 현재가(336,000) -> 목표가(338,000원) (보수적 상향 보정)
2026-06-12 13:32:07,232 - INFO - [SELL] 주문 요청: 005930, 1주, 338000원
2026-06-12 13:32:13,197 - ERROR - 주문 실패: 모의투자 주문이 불가한 계좌입니다.
2026-06-12 13:32:13,198 - INFO - 60초 후 다음 확인을 진행합니다. (현재 상태: IDLE)
2026-06-12 13:33:17,200 - INFO - [005930] 현재가: 336500, 고가: 339000, 저가: 325000
2026-06-12 13:33:25,785 - INFO - 계좌 예수금: 9882053원
2026-06-12 13:33:25,786 - INFO - [005930] 보유: 1주, 매도 가능: 1주, 평단가: 298,500원
2026-06-12 13:33:25,817 - INFO - 미실현 손익: 38,000원 (12.73%), 최고 수익률: 12.73%
2026-06-12 13:33:25,847 - INFO - 매도 조건 충족: 평단가(298,500), 현재가(336,500) -> 목표가(338,500원) (보수적 상향 보정)
2026-06-12 13:33:25,848 - INFO - [SELL] 주문 요청: 005930, 1주, 338500원
2026-06-12 13:33:26,621 - ERROR - 주문 실패: 모의투자 주문이 불가한 계좌입니다.
2026-06-12 13:33:26,622 - INFO - 60초 후 다음 확인을 진행합니다. (현재 상태: IDLE)
2026-06-12 13:34:29,690 - INFO - [005930] 현재가: 336000, 고가: 339000, 저가: 325000
2026-06-12 13:34:34,313 - INFO - 계좌 예수금: 9882053원
2026-06-12 13:34:34,314 - INFO - [005930] 보유: 1주, 매도 가능: 1주, 평단가: 298,500원
2026-06-12 13:34:34,341 - INFO - 미실현 손익: 37,500원 (12.56%), 최고 수익률: 12.73%
2026-06-12 13:34:34,373 - INFO - 매도 조건 충족: 평단가(298,500), 현재가(336,000) -> 목표가(338,000원) (보수적 상향 보정)
2026-06-12 13:34:34,373 - INFO - [SELL] 주문 요청: 005930, 1주, 338000원
2026-06-12 13:34:34,494 - ERROR - 주문 실패: 모의투자 주문이 불가한 계좌입니다.
2026-06-12 13:34:34,494 - INFO - 60초 후 다음 확인을 진행합니다. (현재 상태: IDLE)
2026-06-12 13:35:34,638 - INFO - [005930] 현재가: 336500, 고가: 339000, 저가: 325000
2026-06-12 13:35:40,191 - INFO - 계좌 예수금: 9882053원
2026-06-12 13:35:40,192 - INFO - [005930] 보유: 1주, 매도 가능: 1주, 평단가: 298,500원
2026-06-12 13:35:40,216 - INFO - 미실현 손익: 38,000원 (12.73%), 최고 수익률: 12.73%
2026-06-12 13:35:40,247 - INFO - 매도 조건 충족: 평단가(298,500), 현재가(336,500) -> 목표가(338,500원) (보수적 상향 보정)
2026-06-12 13:35:40,248 - INFO - [SELL] 주문 요청: 005930, 1주, 338500원
2026-06-12 13:35:41,186 - ERROR - 주문 실패: 모의투자 주문이 불가한 계좌입니다.
2026-06-12 13:35:41,186 - INFO - 60초 후 다음 확인을 진행합니다. (현재 상태: IDLE)
2026-06-12 13:36:41,314 - INFO - [005930] 현재가: 336000, 고가: 339000, 저가: 325000
2026-06-12 13:36:45,085 - INFO - 계좌 예수금: 9882053원
2026-06-12 13:36:45,085 - INFO - [005930] 보유: 1주, 매도 가능: 1주, 평단가: 298,500원
2026-06-12 13:36:45,114 - INFO - 미실현 손익: 37,500원 (12.56%), 최고 수익률: 12.73%
2026-06-12 13:36:45,148 - INFO - 매도 조건 충족: 평단가(298,500), 현재가(336,000) -> 목표가(338,000원) (보수적 상향 보정)
2026-06-12 13:36:45,149 - INFO - [SELL] 주문 요청: 005930, 1주, 338000원
2026-06-12 13:36:45,266 - ERROR - 주문 실패: 모의투자 주문이 불가한 계좌입니다.
2026-06-12 13:36:45,266 - INFO - 60초 후 다음 확인을 진행합니다. (현재 상태: IDLE)
2026-06-12 13:37:48,144 - INFO - [005930] 현재가: 336000, 고가: 339000, 저가: 325000
2026-06-12 13:37:55,436 - INFO - 계좌 예수금: 9882053원
2026-06-12 13:37:55,437 - INFO - [005930] 보유: 1주, 매도 가능: 1주, 평단가: 298,500원
2026-06-12 13:37:55,465 - INFO - 미실현 손익: 37,500원 (12.56%), 최고 수익률: 12.73%
2026-06-12 13:37:55,492 - INFO - 매도 조건 충족: 평단가(298,500), 현재가(336,000) -> 목표가(338,000원) (보수적 상향 보정)
2026-06-12 13:37:55,492 - INFO - [SELL] 주문 요청: 005930, 1주, 338000원
2026-06-12 13:37:57,616 - ERROR - 주문 실패: 모의투자 주문이 불가한 계좌입니다.
2026-06-12 13:37:57,617 - INFO - 60초 후 다음 확인을 진행합니다. (현재 상태: IDLE)
2026-06-12 13:38:58,724 - INFO - [005930] 현재가: 336500, 고가: 339000, 저가: 325000
2026-06-12 13:39:04,663 - INFO - 계좌 예수금: 9882053원
2026-06-12 13:39:04,663 - INFO - [005930] 보유: 1주, 매도 가능: 1주, 평단가: 298,500원
2026-06-12 13:39:04,691 - INFO - 미실현 손익: 38,000원 (12.73%), 최고 수익률: 12.73%
2026-06-12 13:39:04,720 - INFO - 매도 조건 충족: 평단가(298,500), 현재가(336,500) -> 목표가(338,500원) (보수적 상향 보정)
2026-06-12 13:39:04,720 - INFO - [SELL] 주문 요청: 005930, 1주, 338500원
2026-06-12 13:39:07,325 - ERROR - 주문 실패: 모의투자 주문이 불가한 계좌입니다.
2026-06-12 13:39:07,325 - INFO - 60초 후 다음 확인을 진행합니다. (현재 상태: IDLE)
2026-06-12 13:40:11,636 - INFO - [005930] 현재가: 336500, 고가: 339000, 저가: 325000
2026-06-12 13:40:20,090 - INFO - 계좌 예수금: 9882053원
2026-06-12 13:40:20,091 - INFO - [005930] 보유: 1주, 매도 가능: 1주, 평단가: 298,500원
2026-06-12 13:40:20,119 - INFO - 미실현 손익: 38,000원 (12.73%), 최고 수익률: 12.73%
2026-06-12 13:40:20,149 - INFO - 매도 조건 충족: 평단가(298,500), 현재가(336,500) -> 목표가(338,500원) (보수적 상향 보정)
2026-06-12 13:40:20,149 - INFO - [SELL] 주문 요청: 005930, 1주, 338500원
2026-06-12 13:40:23,516 - ERROR - 주문 실패: 모의투자 주문이 불가한 계좌입니다.
2026-06-12 13:40:23,517 - INFO - 60초 후 다음 확인을 진행합니다. (현재 상태: IDLE)
2026-06-12 13:41:23,624 - INFO - [005930] 현재가: 336750, 고가: 339000, 저가: 325000
2026-06-12 13:41:27,622 - INFO - 계좌 예수금: 9882053원
2026-06-12 13:41:27,623 - INFO - [005930] 보유: 1주, 매도 가능: 1주, 평단가: 298,500원
2026-06-12 13:41:27,650 - INFO - 미실현 손익: 38,250원 (12.81%), 최고 수익률: 12.81%
2026-06-12 13:41:27,683 - INFO - 매도 조건 충족: 평단가(298,500), 현재가(336,750) -> 목표가(339,000원) (보수적 상향 보정)
2026-06-12 13:41:27,683 - INFO - [SELL] 주문 요청: 005930, 1주, 339000원
2026-06-12 13:41:27,806 - ERROR - 주문 실패: 모의투자 주문이 불가한 계좌입니다.
2026-06-12 13:41:27,807 - INFO - 60초 후 다음 확인을 진행합니다. (현재 상태: IDLE)
2026-06-12 13:42:31,420 - INFO - [005930] 현재가: 337000, 고가: 339000, 저가: 325000
2026-06-12 13:42:38,383 - INFO - 계좌 예수금: 9882053원
2026-06-12 13:42:38,384 - INFO - [005930] 보유: 1주, 매도 가능: 1주, 평단가: 298,500원
2026-06-12 13:42:38,412 - INFO - 미실현 손익: 38,500원 (12.90%), 최고 수익률: 12.90%
2026-06-12 13:42:38,441 - INFO - 매도 조건 충족: 평단가(298,500), 현재가(337,000) -> 목표가(339,000원) (보수적 상향 보정)
2026-06-12 13:42:38,442 - INFO - [SELL] 주문 요청: 005930, 1주, 339000원
2026-06-12 13:42:40,944 - ERROR - 주문 실패: 모의투자 주문이 불가한 계좌입니다.
2026-06-12 13:42:40,945 - INFO - 60초 후 다음 확인을 진행합니다. (현재 상태: IDLE)
2026-06-12 13:43:44,436 - INFO - [005930] 현재가: 336750, 고가: 339000, 저가: 325000
2026-06-12 13:43:49,436 - INFO - 계좌 예수금: 9882053원
2026-06-12 13:43:49,436 - INFO - [005930] 보유: 1주, 매도 가능: 1주, 평단가: 298,500원
2026-06-12 13:43:49,463 - INFO - 미실현 손익: 38,250원 (12.81%), 최고 수익률: 12.90%
2026-06-12 13:43:49,492 - INFO - 매도 조건 충족: 평단가(298,500), 현재가(336,750) -> 목표가(339,000원) (보수적 상향 보정)
2026-06-12 13:43:49,493 - INFO - [SELL] 주문 요청: 005930, 1주, 339000원
2026-06-12 13:43:50,170 - ERROR - 주문 실패: 모의투자 주문이 불가한 계좌입니다.
2026-06-12 13:43:50,171 - INFO - 60초 후 다음 확인을 진행합니다. (현재 상태: IDLE)
2026-06-12 13:44:50,694 - INFO - [005930] 현재가: 336500, 고가: 339000, 저가: 325000
2026-06-12 13:44:56,939 - INFO - 계좌 예수금: 9882053원
2026-06-12 13:44:56,940 - INFO - [005930] 보유: 1주, 매도 가능: 1주, 평단가: 298,500원
2026-06-12 13:44:56,967 - INFO - 미실현 손익: 38,000원 (12.73%), 최고 수익률: 12.90%
2026-06-12 13:44:56,995 - INFO - 매도 조건 충족: 평단가(298,500), 현재가(336,500) -> 목표가(338,500원) (보수적 상향 보정)
2026-06-12 13:44:56,995 - INFO - [SELL] 주문 요청: 005930, 1주, 338500원
2026-06-12 13:44:57,962 - ERROR - 주문 실패: 모의투자 주문이 불가한 계좌입니다.
2026-06-12 13:44:57,963 - INFO - 60초 후 다음 확인을 진행합니다. (현재 상태: IDLE)
2026-06-12 13:46:00,812 - INFO - [005930] 현재가: 336500, 고가: 339000, 저가: 325000
2026-06-12 13:46:07,761 - INFO - 계좌 예수금: 9882053원
2026-06-12 13:46:07,762 - INFO - [005930] 보유: 1주, 매도 가능: 1주, 평단가: 298,500원
2026-06-12 13:46:07,789 - INFO - 미실현 손익: 38,000원 (12.73%), 최고 수익률: 12.90%
2026-06-12 13:46:07,816 - INFO - 매도 조건 충족: 평단가(298,500), 현재가(336,500) -> 목표가(338,500원) (보수적 상향 보정)
2026-06-12 13:46:07,816 - INFO - [SELL] 주문 요청: 005930, 1주, 338500원
2026-06-12 13:46:10,055 - ERROR - 주문 실패: 모의투자 주문이 불가한 계좌입니다.
2026-06-12 13:46:10,056 - INFO - 60초 후 다음 확인을 진행합니다. (현재 상태: IDLE)
2026-06-12 13:47:15,494 - INFO - [005930] 현재가: 336000, 고가: 339000, 저가: 325000
2026-06-12 13:47:25,427 - INFO - 계좌 예수금: 9882053원
2026-06-12 13:47:25,428 - INFO - [005930] 보유: 1주, 매도 가능: 1주, 평단가: 298,500원
2026-06-12 13:47:25,455 - INFO - 미실현 손익: 37,500원 (12.56%), 최고 수익률: 12.90%
2026-06-12 13:47:25,487 - INFO - 매도 조건 충족: 평단가(298,500), 현재가(336,000) -> 목표가(338,000원) (보수적 상향 보정)
2026-06-12 13:47:25,487 - INFO - [SELL] 주문 요청: 005930, 1주, 338000원
2026-06-12 13:47:29,697 - ERROR - 주문 실패: 모의투자 주문이 불가한 계좌입니다.
2026-06-12 13:47:29,698 - INFO - 60초 후 다음 확인을 진행합니다. (현재 상태: IDLE)
2026-06-12 13:48:33,117 - INFO - [005930] 현재가: 336500, 고가: 339000, 저가: 325000
2026-06-12 13:48:41,617 - INFO - 계좌 예수금: 9882053원
2026-06-12 13:48:41,617 - INFO - [005930] 보유: 1주, 매도 가능: 1주, 평단가: 298,500원
2026-06-12 13:48:41,645 - INFO - 미실현 손익: 38,000원 (12.73%), 최고 수익률: 12.90%
2026-06-12 13:48:41,676 - INFO - 매도 조건 충족: 평단가(298,500), 현재가(336,500) -> 목표가(338,500원) (보수적 상향 보정)
2026-06-12 13:48:41,676 - INFO - [SELL] 주문 요청: 005930, 1주, 338500원
2026-06-12 13:48:45,508 - ERROR - 주문 실패: 모의투자 주문이 불가한 계좌입니다.
2026-06-12 13:48:45,509 - INFO - 60초 후 다음 확인을 진행합니다. (현재 상태: IDLE)
2026-06-12 13:49:45,612 - INFO - [005930] 현재가: 336000, 고가: 339000, 저가: 325000
2026-06-12 13:49:50,638 - INFO - 계좌 예수금: 9882053원
2026-06-12 13:49:50,639 - INFO - [005930] 보유: 1주, 매도 가능: 1주, 평단가: 298,500원
2026-06-12 13:49:50,664 - INFO - 미실현 손익: 37,500원 (12.56%), 최고 수익률: 12.90%
2026-06-12 13:49:50,697 - INFO - 매도 조건 충족: 평단가(298,500), 현재가(336,000) -> 목표가(338,000원) (보수적 상향 보정)
2026-06-12 13:49:50,697 - INFO - [SELL] 주문 요청: 005930, 1주, 338000원
2026-06-12 13:49:51,048 - ERROR - 주문 실패: 모의투자 주문이 불가한 계좌입니다.
2026-06-12 13:49:51,048 - INFO - 60초 후 다음 확인을 진행합니다. (현재 상태: IDLE)
2026-06-12 13:50:53,823 - INFO - [005930] 현재가: 335500, 고가: 339000, 저가: 325000
2026-06-12 13:51:01,401 - INFO - 계좌 예수금: 9882053원
2026-06-12 13:51:01,402 - INFO - [005930] 보유: 1주, 매도 가능: 1주, 평단가: 298,500원
2026-06-12 13:51:01,429 - INFO - 미실현 손익: 37,000원 (12.40%), 최고 수익률: 12.90%
2026-06-12 13:51:01,430 - WARNING - 💰 수익 보존 조건 충족 (고점 12.90% -> 현재 12.40%). 이익 확정 권장.
2026-06-12 13:51:01,460 - INFO - 🔥 수익보존(PROFIT_PROTECTION) 실행: 현재가 근처(335,500원)로 즉시 매도 주문 (공격적 하향 보정)
2026-06-12 13:51:01,460 - INFO - [SELL] 주문 요청: 005930, 1주, 335500원
2026-06-12 13:51:04,370 - ERROR - 주문 실패: 모의투자 주문이 불가한 계좌입니다.
2026-06-12 13:51:04,371 - INFO - 60초 후 다음 확인을 진행합니다. (현재 상태: IDLE)
2026-06-12 13:52:08,987 - INFO - [005930] 현재가: 335250, 고가: 339000, 저가: 325000
2026-06-12 13:52:18,414 - INFO - 계좌 예수금: 9882053원
2026-06-12 13:52:18,415 - INFO - [005930] 보유: 1주, 매도 가능: 1주, 평단가: 298,500원
2026-06-12 13:52:18,442 - INFO - 미실현 손익: 36,750원 (12.31%), 최고 수익률: 12.90%
2026-06-12 13:52:18,443 - WARNING - 💰 수익 보존 조건 충족 (고점 12.90% -> 현재 12.31%). 이익 확정 권장.
2026-06-12 13:52:18,469 - INFO - 🔥 수익보존(PROFIT_PROTECTION) 실행: 현재가 근처(335,000원)로 즉시 매도 주문 (공격적 하향 보정)
2026-06-12 13:52:18,469 - INFO - [SELL] 주문 요청: 005930, 1주, 335000원
2026-06-12 13:52:21,768 - ERROR - 주문 실패: 모의투자 주문이 불가한 계좌입니다.
2026-06-12 13:52:21,768 - INFO - 60초 후 다음 확인을 진행합니다. (현재 상태: IDLE)
2026-06-12 13:53:21,992 - INFO - [005930] 현재가: 335500, 고가: 339000, 저가: 325000
2026-06-12 13:53:29,273 - INFO - 계좌 예수금: 9882053원
2026-06-12 13:53:29,274 - INFO - [005930] 보유: 1주, 매도 가능: 1주, 평단가: 298,500원
2026-06-12 13:53:29,301 - INFO - 미실현 손익: 37,000원 (12.40%), 최고 수익률: 12.90%
2026-06-12 13:53:29,301 - WARNING - 💰 수익 보존 조건 충족 (고점 12.90% -> 현재 12.40%). 이익 확정 권장.
2026-06-12 13:53:29,337 - INFO - 🔥 수익보존(PROFIT_PROTECTION) 실행: 현재가 근처(335,500원)로 즉시 매도 주문 (공격적 하향 보정)
2026-06-12 13:53:29,338 - INFO - [SELL] 주문 요청: 005930, 1주, 335500원
2026-06-12 13:53:29,474 - ERROR - 주문 실패: 모의투자 주문이 불가한 계좌입니다.
2026-06-12 13:53:29,475 - INFO - 60초 후 다음 확인을 진행합니다. (현재 상태: IDLE)
2026-06-12 13:54:33,380 - INFO - [005930] 현재가: 335000, 고가: 339000, 저가: 325000
2026-06-12 13:54:42,802 - INFO - 계좌 예수금: 9882053원
2026-06-12 13:54:42,802 - INFO - [005930] 보유: 1주, 매도 가능: 1주, 평단가: 298,500원
2026-06-12 13:54:42,832 - INFO - 미실현 손익: 36,500원 (12.23%), 최고 수익률: 12.90%
2026-06-12 13:54:42,832 - WARNING - 💰 수익 보존 조건 충족 (고점 12.90% -> 현재 12.23%). 이익 확정 권장.
2026-06-12 13:54:42,868 - INFO - 🔥 수익보존(PROFIT_PROTECTION) 실행: 현재가 근처(335,000원)로 즉시 매도 주문 (공격적 하향 보정)
2026-06-12 13:54:42,868 - INFO - [SELL] 주문 요청: 005930, 1주, 335000원
2026-06-12 13:54:42,998 - ERROR - 주문 실패: 모의투자 주문이 불가한 계좌입니다.
2026-06-12 13:54:42,999 - INFO - 60초 후 다음 확인을 진행합니다. (현재 상태: IDLE)
2026-06-12 13:55:43,116 - INFO - [005930] 현재가: 335500, 고가: 339000, 저가: 325000
2026-06-12 13:55:47,624 - INFO - 계좌 예수금: 9882053원
2026-06-12 13:55:47,625 - INFO - [005930] 보유: 1주, 매도 가능: 1주, 평단가: 298,500원
2026-06-12 13:55:47,652 - INFO - 미실현 손익: 37,000원 (12.40%), 최고 수익률: 12.90%
2026-06-12 13:55:47,653 - WARNING - 💰 수익 보존 조건 충족 (고점 12.90% -> 현재 12.40%). 이익 확정 권장.
2026-06-12 13:55:47,688 - INFO - 🔥 수익보존(PROFIT_PROTECTION) 실행: 현재가 근처(335,500원)로 즉시 매도 주문 (공격적 하향 보정)
2026-06-12 13:55:47,689 - INFO - [SELL] 주문 요청: 005930, 1주, 335500원
2026-06-12 13:55:50,697 - ERROR - 주문 실패: 모의투자 주문이 불가한 계좌입니다.
2026-06-12 13:55:50,698 - INFO - 60초 후 다음 확인을 진행합니다. (현재 상태: IDLE)
2026-06-12 13:56:53,848 - INFO - [005930] 현재가: 335000, 고가: 339000, 저가: 325000
2026-06-12 13:56:58,386 - INFO - 계좌 예수금: 9882053원
2026-06-12 13:56:58,386 - INFO - [005930] 보유: 1주, 매도 가능: 1주, 평단가: 298,500원
2026-06-12 13:56:58,413 - INFO - 미실현 손익: 36,500원 (12.23%), 최고 수익률: 12.90%
2026-06-12 13:56:58,414 - WARNING - 💰 수익 보존 조건 충족 (고점 12.90% -> 현재 12.23%). 이익 확정 권장.
2026-06-12 13:56:58,450 - INFO - 🔥 수익보존(PROFIT_PROTECTION) 실행: 현재가 근처(335,000원)로 즉시 매도 주문 (공격적 하향 보정)
2026-06-12 13:56:58,450 - INFO - [SELL] 주문 요청: 005930, 1주, 335000원
2026-06-12 13:56:58,789 - ERROR - 주문 실패: 모의투자 주문이 불가한 계좌입니다.
2026-06-12 13:56:58,790 - INFO - 60초 후 다음 확인을 진행합니다. (현재 상태: IDLE)
2026-06-12 13:57:58,897 - INFO - [005930] 현재가: 335500, 고가: 339000, 저가: 325000
2026-06-12 13:58:08,534 - INFO - 계좌 예수금: 9882053원
2026-06-12 13:58:08,535 - INFO - [005930] 보유: 1주, 매도 가능: 1주, 평단가: 298,500원
2026-06-12 13:58:08,560 - INFO - 미실현 손익: 37,000원 (12.40%), 최고 수익률: 12.90%
2026-06-12 13:58:08,561 - WARNING - 💰 수익 보존 조건 충족 (고점 12.90% -> 현재 12.40%). 이익 확정 권장.
2026-06-12 13:58:08,591 - INFO - 🔥 수익보존(PROFIT_PROTECTION) 실행: 현재가 근처(335,500원)로 즉시 매도 주문 (공격적 하향 보정)
2026-06-12 13:58:08,591 - INFO - [SELL] 주문 요청: 005930, 1주, 335500원
2026-06-12 13:58:08,737 - ERROR - 주문 실패: 모의투자 주문이 불가한 계좌입니다.
2026-06-12 13:58:08,737 - INFO - 60초 후 다음 확인을 진행합니다. (현재 상태: IDLE)
2026-06-12 13:59:09,072 - INFO - [005930] 현재가: 335500, 고가: 339000, 저가: 325000
2026-06-12 13:59:18,154 - INFO - 계좌 예수금: 9882053원
2026-06-12 13:59:18,154 - INFO - [005930] 보유: 1주, 매도 가능: 1주, 평단가: 298,500원
2026-06-12 13:59:18,195 - INFO - 미실현 손익: 37,000원 (12.40%), 최고 수익률: 12.90%
2026-06-12 13:59:18,195 - WARNING - 💰 수익 보존 조건 충족 (고점 12.90% -> 현재 12.40%). 이익 확정 권장.
2026-06-12 13:59:18,222 - INFO - 🔥 수익보존(PROFIT_PROTECTION) 실행: 현재가 근처(335,500원)로 즉시 매도 주문 (공격적 하향 보정)
2026-06-12 13:59:18,222 - INFO - [SELL] 주문 요청: 005930, 1주, 335500원
2026-06-12 13:59:22,164 - ERROR - 주문 실패: 모의투자 주문이 불가한 계좌입니다.
2026-06-12 13:59:22,164 - INFO - 60초 후 다음 확인을 진행합니다. (현재 상태: IDLE)
2026-06-12 14:00:30,877 - INFO - [005930] 현재가: 335000, 고가: 339000, 저가: 325000
2026-06-12 14:00:41,948 - ERROR - GET 요청 실패 (VTTC8434R): HTTPSConnectionPool(host='openapivts.koreainvestment.com', port=29443): Read timed out. (read timeout=10)
2026-06-12 14:00:41,949 - ERROR - 잔고 조회 실패
2026-06-12 14:00:42,033 - INFO - 자가 최적화 기록 완료: C:\Users\witpo\OneDrive\바탕 화면\YONSEI\26-1\ECO4126 인공지능과금융공학\open-trading-api\self_optimization_history
2026-06-12 14:00:52,726 - WARNING - 예수금 부족으로 매수 불가 (예수금: 0원, 필요: 333000원)
2026-06-12 14:00:52,726 - INFO - 60초 후 다음 확인을 진행합니다. (현재 상태: IDLE)
2026-06-12 14:01:54,339 - INFO - [005930] 현재가: 334000, 고가: 339000, 저가: 325000
2026-06-12 14:02:01,814 - INFO - 계좌 예수금: 9882053원
2026-06-12 14:02:01,815 - INFO - [005930] 보유: 1주, 매도 가능: 1주, 평단가: 298,500원
2026-06-12 14:02:01,844 - INFO - 미실현 손익: 35,500원 (11.89%), 최고 수익률: 11.89%
2026-06-12 14:02:01,869 - INFO - 매도 조건 충족: 평단가(298,500), 현재가(334,000) -> 목표가(336,500원) (보수적 상향 보정)
2026-06-12 14:02:01,870 - INFO - [SELL] 주문 요청: 005930, 1주, 336500원
2026-06-12 14:02:05,283 - ERROR - 주문 실패: 모의투자 주문이 불가한 계좌입니다.
2026-06-12 14:02:05,284 - INFO - 60초 후 다음 확인을 진행합니다. (현재 상태: IDLE)
2026-06-12 14:03:08,789 - INFO - [005930] 현재가: 333250, 고가: 339000, 저가: 325000
2026-06-12 14:03:15,664 - INFO - 계좌 예수금: 9882053원
2026-06-12 14:03:15,665 - INFO - [005930] 보유: 1주, 매도 가능: 1주, 평단가: 298,500원
2026-06-12 14:03:15,692 - INFO - 미실현 손익: 34,750원 (11.64%), 최고 수익률: 11.89%
2026-06-12 14:03:15,721 - INFO - 매도 조건 충족: 평단가(298,500), 현재가(333,250) -> 목표가(335,500원) (보수적 상향 보정)
2026-06-12 14:03:15,722 - INFO - [SELL] 주문 요청: 005930, 1주, 335500원
2026-06-12 14:03:17,254 - ERROR - 주문 실패: 모의투자 주문이 불가한 계좌입니다.
2026-06-12 14:03:17,255 - INFO - 60초 후 다음 확인을 진행합니다. (현재 상태: IDLE)
2026-06-12 14:04:19,856 - INFO - [005930] 현재가: 333500, 고가: 339000, 저가: 325000
2026-06-12 14:04:25,797 - INFO - 계좌 예수금: 9882053원
2026-06-12 14:04:25,798 - INFO - [005930] 보유: 1주, 매도 가능: 1주, 평단가: 298,500원
2026-06-12 14:04:25,826 - INFO - 미실현 손익: 35,000원 (11.73%), 최고 수익률: 11.89%
2026-06-12 14:04:25,853 - INFO - 매도 조건 충족: 평단가(298,500), 현재가(333,500) -> 목표가(336,000원) (보수적 상향 보정)
2026-06-12 14:04:25,854 - INFO - [SELL] 주문 요청: 005930, 1주, 336000원
2026-06-12 14:04:29,585 - ERROR - 주문 실패: 모의투자 주문이 불가한 계좌입니다.
2026-06-12 14:04:29,586 - INFO - 60초 후 다음 확인을 진행합니다. (현재 상태: IDLE)
2026-06-12 14:05:32,667 - INFO - [005930] 현재가: 333000, 고가: 339000, 저가: 325000
2026-06-12 14:05:40,245 - INFO - 계좌 예수금: 9882053원
2026-06-12 14:05:40,245 - INFO - [005930] 보유: 1주, 매도 가능: 1주, 평단가: 298,500원
2026-06-12 14:05:40,273 - INFO - 미실현 손익: 34,500원 (11.56%), 최고 수익률: 11.89%
2026-06-12 14:05:40,300 - INFO - 매도 조건 충족: 평단가(298,500), 현재가(333,000) -> 목표가(335,500원) (보수적 상향 보정)
2026-06-12 14:05:40,301 - INFO - [SELL] 주문 요청: 005930, 1주, 335500원
2026-06-12 14:05:42,805 - ERROR - 주문 실패: 모의투자 주문이 불가한 계좌입니다.
2026-06-12 14:05:42,806 - INFO - 60초 후 다음 확인을 진행합니다. (현재 상태: IDLE)
2026-06-12 14:06:42,917 - INFO - [005930] 현재가: 333250, 고가: 339000, 저가: 325000
2026-06-12 14:06:46,608 - INFO - 계좌 예수금: 9882053원
2026-06-12 14:06:46,608 - INFO - [005930] 보유: 1주, 매도 가능: 1주, 평단가: 298,500원
2026-06-12 14:06:46,637 - INFO - 미실현 손익: 34,750원 (11.64%), 최고 수익률: 11.89%
2026-06-12 14:06:46,667 - INFO - 매도 조건 충족: 평단가(298,500), 현재가(333,250) -> 목표가(335,500원) (보수적 상향 보정)
2026-06-12 14:06:46,668 - INFO - [SELL] 주문 요청: 005930, 1주, 335500원
2026-06-12 14:06:50,597 - ERROR - 주문 실패: 모의투자 주문이 불가한 계좌입니다.
2026-06-12 14:06:50,598 - INFO - 60초 후 다음 확인을 진행합니다. (현재 상태: IDLE)
2026-06-12 14:07:51,221 - INFO - [005930] 현재가: 333000, 고가: 339000, 저가: 325000
2026-06-12 14:07:59,312 - INFO - 계좌 예수금: 9882053원
2026-06-12 14:07:59,312 - INFO - [005930] 보유: 1주, 매도 가능: 1주, 평단가: 298,500원
2026-06-12 14:07:59,341 - INFO - 미실현 손익: 34,500원 (11.56%), 최고 수익률: 11.89%
2026-06-12 14:07:59,368 - INFO - 매도 조건 충족: 평단가(298,500), 현재가(333,000) -> 목표가(335,500원) (보수적 상향 보정)
2026-06-12 14:07:59,369 - INFO - [SELL] 주문 요청: 005930, 1주, 335500원
2026-06-12 14:08:02,692 - ERROR - 주문 실패: 모의투자 주문이 불가한 계좌입니다.
2026-06-12 14:08:02,692 - INFO - 60초 후 다음 확인을 진행합니다. (현재 상태: IDLE)
2026-06-12 14:09:05,796 - INFO - [005930] 현재가: 333000, 고가: 339000, 저가: 325000
2026-06-12 14:09:14,335 - INFO - 계좌 예수금: 9882053원
2026-06-12 14:09:14,336 - INFO - [005930] 보유: 1주, 매도 가능: 1주, 평단가: 298,500원
2026-06-12 14:09:14,365 - INFO - 미실현 손익: 34,500원 (11.56%), 최고 수익률: 11.89%
2026-06-12 14:09:14,393 - INFO - 매도 조건 충족: 평단가(298,500), 현재가(333,000) -> 목표가(335,500원) (보수적 상향 보정)
2026-06-12 14:09:14,394 - INFO - [SELL] 주문 요청: 005930, 1주, 335500원
2026-06-12 14:09:17,140 - ERROR - 주문 실패: 모의투자 주문이 불가한 계좌입니다.
2026-06-12 14:09:17,141 - INFO - 60초 후 다음 확인을 진행합니다. (현재 상태: IDLE)
2026-06-12 14:10:18,890 - INFO - [005930] 현재가: 333500, 고가: 339000, 저가: 325000
2026-06-12 14:10:26,776 - INFO - 계좌 예수금: 9882053원
2026-06-12 14:10:26,777 - INFO - [005930] 보유: 1주, 매도 가능: 1주, 평단가: 298,500원
2026-06-12 14:10:26,805 - INFO - 미실현 손익: 35,000원 (11.73%), 최고 수익률: 11.89%
2026-06-12 14:10:26,835 - INFO - 매도 조건 충족: 평단가(298,500), 현재가(333,500) -> 목표가(336,000원) (보수적 상향 보정)
2026-06-12 14:10:26,835 - INFO - [SELL] 주문 요청: 005930, 1주, 336000원
2026-06-12 14:10:29,950 - ERROR - 주문 실패: 모의투자 주문이 불가한 계좌입니다.
2026-06-12 14:10:29,951 - INFO - 60초 후 다음 확인을 진행합니다. (현재 상태: IDLE)
2026-06-12 14:11:30,113 - INFO - [005930] 현재가: 333500, 고가: 339000, 저가: 325000
2026-06-12 14:11:35,900 - INFO - 계좌 예수금: 9882053원
2026-06-12 14:11:35,901 - INFO - [005930] 보유: 1주, 매도 가능: 1주, 평단가: 298,500원
2026-06-12 14:11:35,927 - INFO - 미실현 손익: 35,000원 (11.73%), 최고 수익률: 11.89%
2026-06-12 14:11:35,959 - INFO - 매도 조건 충족: 평단가(298,500), 현재가(333,500) -> 목표가(336,000원) (보수적 상향 보정)
2026-06-12 14:11:35,960 - INFO - [SELL] 주문 요청: 005930, 1주, 336000원
2026-06-12 14:11:36,158 - ERROR - 주문 실패: 모의투자 주문이 불가한 계좌입니다.
2026-06-12 14:11:36,159 - INFO - 60초 후 다음 확인을 진행합니다. (현재 상태: IDLE)
2026-06-12 14:12:39,493 - INFO - [005930] 현재가: 333750, 고가: 339000, 저가: 325000
2026-06-12 14:12:47,071 - INFO - 계좌 예수금: 9882053원
2026-06-12 14:12:47,072 - INFO - [005930] 보유: 1주, 매도 가능: 1주, 평단가: 298,500원
2026-06-12 14:12:47,099 - INFO - 미실현 손익: 35,250원 (11.81%), 최고 수익률: 11.89%
2026-06-12 14:12:47,131 - INFO - 매도 조건 충족: 평단가(298,500), 현재가(333,750) -> 목표가(336,000원) (보수적 상향 보정)
2026-06-12 14:12:47,131 - INFO - [SELL] 주문 요청: 005930, 1주, 336000원
2026-06-12 14:12:47,259 - ERROR - 주문 실패: 모의투자 주문이 불가한 계좌입니다.
2026-06-12 14:12:47,260 - INFO - 60초 후 다음 확인을 진행합니다. (현재 상태: IDLE)
2026-06-12 14:13:48,822 - INFO - [005930] 현재가: 333500, 고가: 339000, 저가: 325000
2026-06-12 14:13:54,250 - INFO - 계좌 예수금: 9882053원
2026-06-12 14:13:54,251 - INFO - [005930] 보유: 1주, 매도 가능: 1주, 평단가: 298,500원
2026-06-12 14:13:54,278 - INFO - 미실현 손익: 35,000원 (11.73%), 최고 수익률: 11.89%
2026-06-12 14:13:54,304 - INFO - 매도 조건 충족: 평단가(298,500), 현재가(333,500) -> 목표가(336,000원) (보수적 상향 보정)
2026-06-12 14:13:54,304 - INFO - [SELL] 주문 요청: 005930, 1주, 336000원
2026-06-12 14:13:54,487 - ERROR - 주문 실패: 모의투자 주문이 불가한 계좌입니다.
2026-06-12 14:13:54,487 - INFO - 60초 후 다음 확인을 진행합니다. (현재 상태: IDLE)
2026-06-12 14:14:56,000 - INFO - [005930] 현재가: 334000, 고가: 339000, 저가: 325000
2026-06-12 14:15:03,168 - INFO - 계좌 예수금: 9882053원
2026-06-12 14:15:03,169 - INFO - [005930] 보유: 1주, 매도 가능: 1주, 평단가: 298,500원
2026-06-12 14:15:03,199 - INFO - 미실현 손익: 35,500원 (11.89%), 최고 수익률: 11.89%
2026-06-12 14:15:03,225 - INFO - 매도 조건 충족: 평단가(298,500), 현재가(334,000) -> 목표가(336,500원) (보수적 상향 보정)
2026-06-12 14:15:03,226 - INFO - [SELL] 주문 요청: 005930, 1주, 336500원
2026-06-12 14:15:03,374 - ERROR - 주문 실패: 모의투자 주문이 불가한 계좌입니다.
2026-06-12 14:15:03,374 - INFO - 60초 후 다음 확인을 진행합니다. (현재 상태: IDLE)
2026-06-12 14:16:07,991 - INFO - [005930] 현재가: 333750, 고가: 339000, 저가: 325000
2026-06-12 14:16:16,902 - INFO - 계좌 예수금: 9882053원
2026-06-12 14:16:16,902 - INFO - [005930] 보유: 1주, 매도 가능: 1주, 평단가: 298,500원
2026-06-12 14:16:16,930 - INFO - 미실현 손익: 35,250원 (11.81%), 최고 수익률: 11.89%
2026-06-12 14:16:16,956 - INFO - 매도 조건 충족: 평단가(298,500), 현재가(333,750) -> 목표가(336,000원) (보수적 상향 보정)
2026-06-12 14:16:16,956 - INFO - [SELL] 주문 요청: 005930, 1주, 336000원
2026-06-12 14:16:19,985 - ERROR - 주문 실패: 모의투자 주문이 불가한 계좌입니다.
2026-06-12 14:16:19,986 - INFO - 60초 후 다음 확인을 진행합니다. (현재 상태: IDLE)
2026-06-12 14:17:22,646 - INFO - [005930] 현재가: 333500, 고가: 339000, 저가: 325000
2026-06-12 14:17:29,813 - INFO - 계좌 예수금: 9882053원
2026-06-12 14:17:29,814 - INFO - [005930] 보유: 1주, 매도 가능: 1주, 평단가: 298,500원
2026-06-12 14:17:29,848 - INFO - 미실현 손익: 35,000원 (11.73%), 최고 수익률: 11.89%
2026-06-12 14:17:29,882 - INFO - 매도 조건 충족: 평단가(298,500), 현재가(333,500) -> 목표가(336,000원) (보수적 상향 보정)
2026-06-12 14:17:29,882 - INFO - [SELL] 주문 요청: 005930, 1주, 336000원
2026-06-12 14:17:31,759 - ERROR - 주문 실패: 모의투자 주문이 불가한 계좌입니다.
2026-06-12 14:17:31,759 - INFO - 60초 후 다음 확인을 진행합니다. (현재 상태: IDLE)
2026-06-12 14:18:35,763 - INFO - [005930] 현재가: 333500, 고가: 339000, 저가: 325000
2026-06-12 14:18:40,678 - INFO - 계좌 예수금: 9882053원
2026-06-12 14:18:40,679 - INFO - [005930] 보유: 1주, 매도 가능: 1주, 평단가: 298,500원
2026-06-12 14:18:40,708 - INFO - 미실현 손익: 35,000원 (11.73%), 최고 수익률: 11.89%
2026-06-12 14:18:40,736 - INFO - 매도 조건 충족: 평단가(298,500), 현재가(333,500) -> 목표가(336,000원) (보수적 상향 보정)
2026-06-12 14:18:40,736 - INFO - [SELL] 주문 요청: 005930, 1주, 336000원
2026-06-12 14:18:40,855 - ERROR - 주문 실패: 모의투자 주문이 불가한 계좌입니다.
2026-06-12 14:18:40,856 - INFO - 60초 후 다음 확인을 진행합니다. (현재 상태: IDLE)
2026-06-12 14:19:41,815 - INFO - [005930] 현재가: 334000, 고가: 339000, 저가: 325000
2026-06-12 14:19:49,596 - INFO - 계좌 예수금: 9882053원
2026-06-12 14:19:49,597 - INFO - [005930] 보유: 1주, 매도 가능: 1주, 평단가: 298,500원
2026-06-12 14:19:49,627 - INFO - 미실현 손익: 35,500원 (11.89%), 최고 수익률: 11.89%
2026-06-12 14:19:49,658 - INFO - 매도 조건 충족: 평단가(298,500), 현재가(334,000) -> 목표가(336,500원) (보수적 상향 보정)
2026-06-12 14:19:49,659 - INFO - [SELL] 주문 요청: 005930, 1주, 336500원
2026-06-12 14:19:51,646 - ERROR - 주문 실패: 모의투자 주문이 불가한 계좌입니다.
2026-06-12 14:19:51,646 - INFO - 60초 후 다음 확인을 진행합니다. (현재 상태: IDLE)
2026-06-12 14:20:56,107 - INFO - [005930] 현재가: 333500, 고가: 339000, 저가: 325000
2026-06-12 14:21:05,127 - INFO - 계좌 예수금: 9882053원
2026-06-12 14:21:05,128 - INFO - [005930] 보유: 1주, 매도 가능: 1주, 평단가: 298,500원
2026-06-12 14:21:05,156 - INFO - 미실현 손익: 35,000원 (11.73%), 최고 수익률: 11.89%
2026-06-12 14:21:05,216 - INFO - 자가 최적화 기록 완료: C:\Users\witpo\OneDrive\바탕 화면\YONSEI\26-1\ECO4126 인공지능과금융공학\open-trading-api\self_optimization_history
2026-06-12 14:21:05,217 - INFO - 매도 조건 충족: 평단가(298,500), 현재가(333,500) -> 목표가(336,000원) (보수적 상향 보정)
2026-06-12 14:21:05,217 - INFO - [SELL] 주문 요청: 005930, 1주, 336000원
2026-06-12 14:21:10,308 - ERROR - 주문 실패: 모의투자 주문이 불가한 계좌입니다.
2026-06-12 14:21:10,308 - INFO - 60초 후 다음 확인을 진행합니다. (현재 상태: IDLE)
2026-06-12 14:22:15,218 - INFO - [005930] 현재가: 333000, 고가: 339000, 저가: 325000
2026-06-12 14:22:24,229 - INFO - 계좌 예수금: 9882053원
2026-06-12 14:22:24,230 - INFO - [005930] 보유: 1주, 매도 가능: 1주, 평단가: 298,500원
2026-06-12 14:22:24,259 - INFO - 미실현 손익: 34,500원 (11.56%), 최고 수익률: 11.89%
2026-06-12 14:22:24,287 - INFO - 매도 조건 충족: 평단가(298,500), 현재가(333,000) -> 목표가(335,000원) (보수적 상향 보정)
2026-06-12 14:22:24,287 - INFO - [SELL] 주문 요청: 005930, 1주, 335000원
2026-06-12 14:22:28,327 - ERROR - 주문 실패: 모의투자 주문이 불가한 계좌입니다.
2026-06-12 14:22:28,328 - INFO - 60초 후 다음 확인을 진행합니다. (현재 상태: IDLE)
2026-06-12 14:23:31,408 - INFO - [005930] 현재가: 333000, 고가: 339000, 저가: 325000
2026-06-12 14:23:39,465 - INFO - 계좌 예수금: 9882053원
2026-06-12 14:23:39,465 - INFO - [005930] 보유: 1주, 매도 가능: 1주, 평단가: 298,500원
2026-06-12 14:23:39,493 - INFO - 미실현 손익: 34,500원 (11.56%), 최고 수익률: 11.89%
2026-06-12 14:23:39,523 - INFO - 매도 조건 충족: 평단가(298,500), 현재가(333,000) -> 목표가(335,000원) (보수적 상향 보정)
2026-06-12 14:23:39,523 - INFO - [SELL] 주문 요청: 005930, 1주, 335000원
2026-06-12 14:23:42,263 - ERROR - 주문 실패: 모의투자 주문이 불가한 계좌입니다.
2026-06-12 14:23:42,264 - INFO - 60초 후 다음 확인을 진행합니다. (현재 상태: IDLE)
2026-06-12 14:24:45,345 - INFO - [005930] 현재가: 333000, 고가: 339000, 저가: 325000
2026-06-12 14:24:53,332 - INFO - 계좌 예수금: 9882053원
2026-06-12 14:24:53,333 - INFO - [005930] 보유: 1주, 매도 가능: 1주, 평단가: 298,500원
2026-06-12 14:24:53,361 - INFO - 미실현 손익: 34,500원 (11.56%), 최고 수익률: 11.89%
2026-06-12 14:24:53,388 - INFO - 매도 조건 충족: 평단가(298,500), 현재가(333,000) -> 목표가(335,000원) (보수적 상향 보정)
2026-06-12 14:24:53,388 - INFO - [SELL] 주문 요청: 005930, 1주, 335000원
2026-06-12 14:24:55,381 - ERROR - 주문 실패: 모의투자 주문이 불가한 계좌입니다.
2026-06-12 14:24:55,381 - INFO - 60초 후 다음 확인을 진행합니다. (현재 상태: IDLE)
2026-06-12 14:25:57,848 - INFO - [005930] 현재가: 332750, 고가: 339000, 저가: 325000
2026-06-12 14:26:05,328 - INFO - 계좌 예수금: 9882053원
2026-06-12 14:26:05,329 - INFO - [005930] 보유: 1주, 매도 가능: 1주, 평단가: 298,500원
2026-06-12 14:26:05,358 - INFO - 미실현 손익: 34,250원 (11.47%), 최고 수익률: 11.89%
2026-06-12 14:26:05,387 - INFO - 매도 조건 충족: 평단가(298,500), 현재가(332,750) -> 목표가(335,000원) (보수적 상향 보정)
2026-06-12 14:26:05,388 - INFO - [SELL] 주문 요청: 005930, 1주, 335000원
2026-06-12 14:26:10,137 - ERROR - 주문 실패: 모의투자 주문이 불가한 계좌입니다.
2026-06-12 14:26:10,137 - INFO - 60초 후 다음 확인을 진행합니다. (현재 상태: IDLE)
2026-06-12 14:27:13,306 - INFO - [005930] 현재가: 333000, 고가: 339000, 저가: 325000
2026-06-12 14:27:19,363 - INFO - 계좌 예수금: 9882053원
2026-06-12 14:27:19,363 - INFO - [005930] 보유: 1주, 매도 가능: 1주, 평단가: 298,500원
2026-06-12 14:27:19,395 - INFO - 미실현 손익: 34,500원 (11.56%), 최고 수익률: 11.89%
2026-06-12 14:27:19,422 - INFO - 매도 조건 충족: 평단가(298,500), 현재가(333,000) -> 목표가(335,000원) (보수적 상향 보정)
2026-06-12 14:27:19,422 - INFO - [SELL] 주문 요청: 005930, 1주, 335000원
2026-06-12 14:27:22,027 - ERROR - 주문 실패: 모의투자 주문이 불가한 계좌입니다.
2026-06-12 14:27:22,028 - INFO - 60초 후 다음 확인을 진행합니다. (현재 상태: IDLE)
2026-06-12 14:28:24,392 - INFO - [005930] 현재가: 333000, 고가: 339000, 저가: 325000
2026-06-12 14:28:31,149 - INFO - 계좌 예수금: 9882053원
2026-06-12 14:28:31,150 - INFO - [005930] 보유: 1주, 매도 가능: 1주, 평단가: 298,500원
2026-06-12 14:28:31,178 - INFO - 미실현 손익: 34,500원 (11.56%), 최고 수익률: 11.89%
2026-06-12 14:28:31,208 - INFO - 매도 조건 충족: 평단가(298,500), 현재가(333,000) -> 목표가(335,000원) (보수적 상향 보정)
2026-06-12 14:28:31,208 - INFO - [SELL] 주문 요청: 005930, 1주, 335000원
2026-06-12 14:28:35,143 - ERROR - 주문 실패: 모의투자 주문이 불가한 계좌입니다.
2026-06-12 14:28:35,143 - INFO - 60초 후 다음 확인을 진행합니다. (현재 상태: IDLE)
2026-06-12 14:29:39,558 - INFO - [005930] 현재가: 333000, 고가: 339000, 저가: 325000
2026-06-12 14:29:45,312 - INFO - 계좌 예수금: 9882053원
2026-06-12 14:29:45,312 - INFO - [005930] 보유: 1주, 매도 가능: 1주, 평단가: 298,500원
2026-06-12 14:29:45,341 - INFO - 미실현 손익: 34,500원 (11.56%), 최고 수익률: 11.89%
2026-06-12 14:29:45,369 - INFO - 매도 조건 충족: 평단가(298,500), 현재가(333,000) -> 목표가(335,000원) (보수적 상향 보정)
2026-06-12 14:29:45,369 - INFO - [SELL] 주문 요청: 005930, 1주, 335000원
2026-06-12 14:29:48,773 - ERROR - 주문 실패: 모의투자 주문이 불가한 계좌입니다.
2026-06-12 14:29:48,774 - INFO - 60초 후 다음 확인을 진행합니다. (현재 상태: IDLE)
2026-06-12 14:30:55,110 - INFO - [005930] 현재가: 332500, 고가: 339000, 저가: 325000
2026-06-12 14:31:06,183 - ERROR - GET 요청 실패 (VTTC8434R): HTTPSConnectionPool(host='openapivts.koreainvestment.com', port=29443): Read timed out. (read timeout=10)
2026-06-12 14:31:06,184 - ERROR - 잔고 조회 실패
2026-06-12 14:31:24,318 - WARNING - 예수금 부족으로 매수 불가 (예수금: 0원, 필요: 330500원)
2026-06-12 14:31:24,318 - INFO - 60초 후 다음 확인을 진행합니다. (현재 상태: IDLE)
2026-06-12 14:32:32,008 - INFO - [005930] 현재가: 331500, 고가: 339000, 저가: 325000
2026-06-12 14:32:43,099 - ERROR - GET 요청 실패 (VTTC8434R): HTTPSConnectionPool(host='openapivts.koreainvestment.com', port=29443): Read timed out. (read timeout=10)
2026-06-12 14:32:43,100 - ERROR - 잔고 조회 실패
2026-06-12 14:32:57,813 - WARNING - 예수금 부족으로 매수 불가 (예수금: 0원, 필요: 329500원)
2026-06-12 14:32:57,813 - INFO - 60초 후 다음 확인을 진행합니다. (현재 상태: IDLE)
2026-06-12 14:34:00,794 - INFO - [005930] 현재가: 331000, 고가: 339000, 저가: 325000
2026-06-12 14:34:08,576 - INFO - 계좌 예수금: 9882053원
2026-06-12 14:34:08,577 - INFO - [005930] 보유: 1주, 매도 가능: 1주, 평단가: 298,500원
2026-06-12 14:34:08,604 - INFO - 미실현 손익: 32,500원 (10.89%), 최고 수익률: 10.89%
2026-06-12 14:34:08,642 - INFO - 매도 조건 충족: 평단가(298,500), 현재가(331,000) -> 목표가(333,000원) (보수적 상향 보정)
2026-06-12 14:34:08,642 - INFO - [SELL] 주문 요청: 005930, 1주, 333000원
2026-06-12 14:34:11,955 - ERROR - 주문 실패: 모의투자 주문이 불가한 계좌입니다.
2026-06-12 14:34:11,955 - INFO - 60초 후 다음 확인을 진행합니다. (현재 상태: IDLE)
2026-06-12 14:35:19,031 - INFO - [005930] 현재가: 331000, 고가: 339000, 저가: 325000
2026-06-12 14:35:30,113 - ERROR - GET 요청 실패 (VTTC8434R): HTTPSConnectionPool(host='openapivts.koreainvestment.com', port=29443): Read timed out. (read timeout=10)
2026-06-12 14:35:30,114 - ERROR - 잔고 조회 실패
2026-06-12 14:35:38,699 - WARNING - 예수금 부족으로 매수 불가 (예수금: 0원, 필요: 329000원)
2026-06-12 14:35:38,699 - INFO - 60초 후 다음 확인을 진행합니다. (현재 상태: IDLE)
2026-06-12 14:36:41,980 - INFO - [005930] 현재가: 330000, 고가: 339000, 저가: 325000
2026-06-12 14:36:46,997 - INFO - 계좌 예수금: 9882053원
2026-06-12 14:36:46,997 - INFO - [005930] 보유: 1주, 매도 가능: 1주, 평단가: 298,500원
2026-06-12 14:36:47,036 - INFO - 미실현 손익: 31,500원 (10.55%), 최고 수익률: 10.55%
2026-06-12 14:36:47,066 - INFO - 매도 조건 충족: 평단가(298,500), 현재가(330,000) -> 목표가(332,000원) (보수적 상향 보정)
2026-06-12 14:36:47,066 - INFO - [SELL] 주문 요청: 005930, 1주, 332000원
2026-06-12 14:36:50,071 - ERROR - 주문 실패: 모의투자 주문이 불가한 계좌입니다.
2026-06-12 14:36:50,072 - INFO - 60초 후 다음 확인을 진행합니다. (현재 상태: IDLE)
2026-06-12 14:37:51,598 - INFO - [005930] 현재가: 327000, 고가: 339000, 저가: 325000
2026-06-12 14:37:57,273 - INFO - 계좌 예수금: 9882053원
2026-06-12 14:37:57,274 - INFO - [005930] 보유: 1주, 매도 가능: 1주, 평단가: 298,500원
2026-06-12 14:37:57,303 - INFO - 미실현 손익: 28,500원 (9.55%), 최고 수익률: 10.55%
2026-06-12 14:37:57,303 - WARNING - 💰 수익 보존 조건 충족 (고점 10.55% -> 현재 9.55%). 이익 확정 권장.
2026-06-12 14:37:57,328 - INFO - 🔥 수익보존(PROFIT_PROTECTION) 실행: 현재가 근처(327,000원)로 즉시 매도 주문 (공격적 하향 보정)
2026-06-12 14:37:57,328 - INFO - [SELL] 주문 요청: 005930, 1주, 327000원
2026-06-12 14:38:00,622 - ERROR - 주문 실패: 모의투자 주문이 불가한 계좌입니다.
2026-06-12 14:38:00,623 - INFO - 60초 후 다음 확인을 진행합니다. (현재 상태: IDLE)
2026-06-12 14:39:00,744 - INFO - [005930] 현재가: 325000, 고가: 339000, 저가: 325000
2026-06-12 14:39:09,852 - INFO - 계좌 예수금: 9882053원
2026-06-12 14:39:09,853 - INFO - [005930] 보유: 1주, 매도 가능: 1주, 평단가: 298,500원
2026-06-12 14:39:09,879 - INFO - 미실현 손익: 26,500원 (8.88%), 최고 수익률: 10.55%
2026-06-12 14:39:09,880 - WARNING - 💰 수익 보존 조건 충족 (고점 10.55% -> 현재 8.88%). 이익 확정 권장.
2026-06-12 14:39:09,902 - INFO - 🔥 수익보존(PROFIT_PROTECTION) 실행: 현재가 근처(325,000원)로 즉시 매도 주문 (공격적 하향 보정)
2026-06-12 14:39:09,902 - INFO - [SELL] 주문 요청: 005930, 1주, 325000원
2026-06-12 14:39:17,023 - ERROR - 주문 실패: 모의투자 주문이 불가한 계좌입니다.
2026-06-12 14:39:17,023 - INFO - 60초 후 다음 확인을 진행합니다. (현재 상태: IDLE)
2026-06-12 14:40:19,591 - INFO - [005930] 현재가: 327500, 고가: 339000, 저가: 324500
2026-06-12 14:40:30,683 - ERROR - GET 요청 실패 (VTTC8434R): HTTPSConnectionPool(host='openapivts.koreainvestment.com', port=29443): Read timed out. (read timeout=10)
2026-06-12 14:40:30,684 - ERROR - 잔고 조회 실패
2026-06-12 14:40:43,115 - WARNING - 예수금 부족으로 매수 불가 (예수금: 0원, 필요: 325500원)
2026-06-12 14:40:43,116 - INFO - 60초 후 다음 확인을 진행합니다. (현재 상태: IDLE)
2026-06-12 14:41:45,164 - INFO - [005930] 현재가: 329000, 고가: 339000, 저가: 324500
2026-06-12 14:41:51,312 - INFO - 계좌 예수금: 9882053원
2026-06-12 14:41:51,312 - INFO - [005930] 보유: 1주, 매도 가능: 1주, 평단가: 298,500원
2026-06-12 14:41:51,341 - INFO - 미실현 손익: 30,500원 (10.22%), 최고 수익률: 10.22%
2026-06-12 14:41:51,371 - INFO - 매도 조건 충족: 평단가(298,500), 현재가(329,000) -> 목표가(331,000원) (보수적 상향 보정)
2026-06-12 14:41:51,371 - INFO - [SELL] 주문 요청: 005930, 1주, 331000원
2026-06-12 14:41:55,341 - ERROR - 주문 실패: 모의투자 주문이 불가한 계좌입니다.
2026-06-12 14:41:55,342 - INFO - 60초 후 다음 확인을 진행합니다. (현재 상태: IDLE)
2026-06-12 14:42:58,011 - INFO - [005930] 현재가: 328000, 고가: 339000, 저가: 324500
2026-06-12 14:43:06,237 - INFO - 계좌 예수금: 9882053원
2026-06-12 14:43:06,238 - INFO - [005930] 보유: 1주, 매도 가능: 1주, 평단가: 298,500원
2026-06-12 14:43:06,265 - INFO - 미실현 손익: 29,500원 (9.88%), 최고 수익률: 10.22%
2026-06-12 14:43:06,294 - INFO - 매도 조건 충족: 평단가(298,500), 현재가(328,000) -> 목표가(330,000원) (보수적 상향 보정)
2026-06-12 14:43:06,294 - INFO - [SELL] 주문 요청: 005930, 1주, 330000원
2026-06-12 14:43:09,792 - ERROR - 주문 실패: 모의투자 주문이 불가한 계좌입니다.
2026-06-12 14:43:09,793 - INFO - 60초 후 다음 확인을 진행합니다. (현재 상태: IDLE)
2026-06-12 14:44:14,815 - INFO - [005930] 현재가: 325000, 고가: 339000, 저가: 324500
2026-06-12 14:44:19,324 - INFO - 계좌 예수금: 9882053원
2026-06-12 14:44:19,325 - INFO - [005930] 보유: 1주, 매도 가능: 1주, 평단가: 298,500원
2026-06-12 14:44:19,359 - INFO - 미실현 손익: 26,500원 (8.88%), 최고 수익률: 10.22%
2026-06-12 14:44:19,360 - WARNING - 💰 수익 보존 조건 충족 (고점 10.22% -> 현재 8.88%). 이익 확정 권장.
2026-06-12 14:44:19,390 - INFO - 🔥 수익보존(PROFIT_PROTECTION) 실행: 현재가 근처(325,000원)로 즉시 매도 주문 (공격적 하향 보정)
2026-06-12 14:44:19,391 - INFO - [SELL] 주문 요청: 005930, 1주, 325000원
2026-06-12 14:44:19,528 - ERROR - 주문 실패: 모의투자 주문이 불가한 계좌입니다.
2026-06-12 14:44:19,529 - INFO - 60초 후 다음 확인을 진행합니다. (현재 상태: IDLE)
2026-06-12 14:45:21,893 - INFO - [005930] 현재가: 325500, 고가: 339000, 저가: 324000
2026-06-12 14:45:32,977 - ERROR - GET 요청 실패 (VTTC8434R): HTTPSConnectionPool(host='openapivts.koreainvestment.com', port=29443): Read timed out. (read timeout=10)
2026-06-12 14:45:32,977 - ERROR - 잔고 조회 실패
2026-06-12 14:45:33,066 - INFO - 자가 최적화 기록 완료: C:\Users\witpo\OneDrive\바탕 화면\YONSEI\26-1\ECO4126 인공지능과금융공학\open-trading-api\self_optimization_history
2026-06-12 14:45:38,244 - WARNING - 예수금 부족으로 매수 불가 (예수금: 0원, 필요: 323500원)
2026-06-12 14:45:38,245 - INFO - 60초 후 다음 확인을 진행합니다. (현재 상태: IDLE)
2026-06-12 14:46:41,563 - INFO - [005930] 현재가: 325500, 고가: 339000, 저가: 324000
2026-06-12 14:46:47,982 - INFO - 계좌 예수금: 9882053원
2026-06-12 14:46:47,983 - INFO - [005930] 보유: 1주, 매도 가능: 1주, 평단가: 298,500원
2026-06-12 14:46:48,011 - INFO - 미실현 손익: 27,000원 (9.05%), 최고 수익률: 9.05%
2026-06-12 14:46:48,040 - INFO - 매도 조건 충족: 평단가(298,500), 현재가(325,500) -> 목표가(328,000원) (보수적 상향 보정)
2026-06-12 14:46:48,040 - INFO - [SELL] 주문 요청: 005930, 1주, 328000원
2026-06-12 14:46:49,449 - ERROR - 주문 실패: 모의투자 주문이 불가한 계좌입니다.
2026-06-12 14:46:49,450 - INFO - 60초 후 다음 확인을 진행합니다. (현재 상태: IDLE)
2026-06-12 14:47:52,120 - INFO - [005930] 현재가: 325000, 고가: 339000, 저가: 323500
2026-06-12 14:47:58,369 - INFO - 계좌 예수금: 9882053원
2026-06-12 14:47:58,370 - INFO - [005930] 보유: 1주, 매도 가능: 1주, 평단가: 298,500원
2026-06-12 14:47:58,399 - INFO - 미실현 손익: 26,500원 (8.88%), 최고 수익률: 9.05%
2026-06-12 14:47:58,430 - INFO - 매도 조건 충족: 평단가(298,500), 현재가(325,000) -> 목표가(327,500원) (보수적 상향 보정)
2026-06-12 14:47:58,431 - INFO - [SELL] 주문 요청: 005930, 1주, 327500원
2026-06-12 14:48:00,724 - ERROR - 주문 실패: 모의투자 주문이 불가한 계좌입니다.
2026-06-12 14:48:00,724 - INFO - 60초 후 다음 확인을 진행합니다. (현재 상태: IDLE)
2026-06-12 14:49:01,141 - INFO - [005930] 현재가: 324500, 고가: 339000, 저가: 323500
2026-06-12 14:49:09,541 - INFO - 계좌 예수금: 9882053원
2026-06-12 14:49:09,542 - INFO - [005930] 보유: 1주, 매도 가능: 1주, 평단가: 298,500원
2026-06-12 14:49:09,570 - INFO - 미실현 손익: 26,000원 (8.71%), 최고 수익률: 9.05%
2026-06-12 14:49:09,599 - INFO - 매도 조건 충족: 평단가(298,500), 현재가(324,500) -> 목표가(327,000원) (보수적 상향 보정)
2026-06-12 14:49:09,600 - INFO - [SELL] 주문 요청: 005930, 1주, 327000원
2026-06-12 14:49:13,226 - ERROR - 주문 실패: 모의투자 주문이 불가한 계좌입니다.
2026-06-12 14:49:13,227 - INFO - 60초 후 다음 확인을 진행합니다. (현재 상태: IDLE)
2026-06-12 14:50:18,356 - INFO - [005930] 현재가: 322500, 고가: 339000, 저가: 322500
2026-06-12 14:50:28,186 - INFO - 계좌 예수금: 9882053원
2026-06-12 14:50:28,186 - INFO - [005930] 보유: 1주, 매도 가능: 1주, 평단가: 298,500원
2026-06-12 14:50:28,214 - INFO - 미실현 손익: 24,000원 (8.04%), 최고 수익률: 9.05%
2026-06-12 14:50:28,214 - WARNING - 💰 수익 보존 조건 충족 (고점 9.05% -> 현재 8.04%). 이익 확정 권장.
2026-06-12 14:50:28,247 - INFO - 🔥 수익보존(PROFIT_PROTECTION) 실행: 현재가 근처(322,500원)로 즉시 매도 주문 (공격적 하향 보정)
2026-06-12 14:50:28,248 - INFO - [SELL] 주문 요청: 005930, 1주, 322500원
2026-06-12 14:50:32,692 - ERROR - 주문 실패: 모의투자 주문이 불가한 계좌입니다.
2026-06-12 14:50:32,693 - INFO - 60초 후 다음 확인을 진행합니다. (현재 상태: IDLE)
2026-06-12 14:51:37,004 - INFO - [005930] 현재가: 322000, 고가: 339000, 저가: 320000
2026-06-12 14:51:45,958 - INFO - 계좌 예수금: 9882053원
2026-06-12 14:51:45,958 - INFO - [005930] 보유: 1주, 매도 가능: 1주, 평단가: 298,500원
2026-06-12 14:51:45,986 - INFO - 미실현 손익: 23,500원 (7.87%), 최고 수익률: 9.05%
2026-06-12 14:51:45,987 - WARNING - 💰 수익 보존 조건 충족 (고점 9.05% -> 현재 7.87%). 이익 확정 권장.
2026-06-12 14:51:46,015 - INFO - 🔥 수익보존(PROFIT_PROTECTION) 실행: 현재가 근처(322,000원)로 즉시 매도 주문 (공격적 하향 보정)
2026-06-12 14:51:46,016 - INFO - [SELL] 주문 요청: 005930, 1주, 322000원
2026-06-12 14:51:48,064 - ERROR - 주문 실패: 모의투자 주문이 불가한 계좌입니다.
2026-06-12 14:51:48,064 - INFO - 60초 후 다음 확인을 진행합니다. (현재 상태: IDLE)
2026-06-12 14:52:51,862 - INFO - [005930] 현재가: 322500, 고가: 339000, 저가: 320000
2026-06-12 14:52:58,191 - INFO - 계좌 예수금: 9882053원
2026-06-12 14:52:58,192 - INFO - [005930] 보유: 1주, 매도 가능: 1주, 평단가: 298,500원
2026-06-12 14:52:58,219 - INFO - 미실현 손익: 24,000원 (8.04%), 최고 수익률: 9.05%
2026-06-12 14:52:58,219 - WARNING - 💰 수익 보존 조건 충족 (고점 9.05% -> 현재 8.04%). 이익 확정 권장.
2026-06-12 14:52:58,248 - INFO - 🔥 수익보존(PROFIT_PROTECTION) 실행: 현재가 근처(322,500원)로 즉시 매도 주문 (공격적 하향 보정)
2026-06-12 14:52:58,249 - INFO - [SELL] 주문 요청: 005930, 1주, 322500원
2026-06-12 14:53:01,898 - ERROR - 주문 실패: 모의투자 주문이 불가한 계좌입니다.
2026-06-12 14:53:01,899 - INFO - 60초 후 다음 확인을 진행합니다. (현재 상태: IDLE)
2026-06-12 14:54:07,237 - INFO - [005930] 현재가: 324500, 고가: 339000, 저가: 320000
2026-06-12 14:54:12,456 - INFO - 계좌 예수금: 9882053원
2026-06-12 14:54:12,457 - INFO - [005930] 보유: 1주, 매도 가능: 1주, 평단가: 298,500원
2026-06-12 14:54:12,484 - INFO - 미실현 손익: 26,000원 (8.71%), 최고 수익률: 9.05%
2026-06-12 14:54:12,514 - INFO - 매도 조건 충족: 평단가(298,500), 현재가(324,500) -> 목표가(327,000원) (보수적 상향 보정)
2026-06-12 14:54:12,515 - INFO - [SELL] 주문 요청: 005930, 1주, 327000원
2026-06-12 14:54:12,672 - ERROR - 주문 실패: 모의투자 주문이 불가한 계좌입니다.
2026-06-12 14:54:12,672 - INFO - 60초 후 다음 확인을 진행합니다. (현재 상태: IDLE)
2026-06-12 14:55:17,717 - INFO - [005930] 현재가: 326000, 고가: 339000, 저가: 320000
2026-06-12 14:55:25,470 - INFO - 계좌 예수금: 9882053원
2026-06-12 14:55:25,471 - INFO - [005930] 보유: 1주, 매도 가능: 1주, 평단가: 298,500원
2026-06-12 14:55:25,503 - INFO - 미실현 손익: 27,500원 (9.21%), 최고 수익률: 9.21%
2026-06-12 14:55:25,536 - INFO - 매도 조건 충족: 평단가(298,500), 현재가(326,000) -> 목표가(328,500원) (보수적 상향 보정)
2026-06-12 14:55:25,537 - INFO - [SELL] 주문 요청: 005930, 1주, 328500원
2026-06-12 14:55:27,725 - ERROR - 주문 실패: 모의투자 주문이 불가한 계좌입니다.
2026-06-12 14:55:27,726 - INFO - 60초 후 다음 확인을 진행합니다. (현재 상태: IDLE)
2026-06-12 14:56:27,823 - INFO - [005930] 현재가: 324000, 고가: 339000, 저가: 320000
2026-06-12 14:56:36,164 - INFO - 계좌 예수금: 9882053원
2026-06-12 14:56:36,164 - INFO - [005930] 보유: 1주, 매도 가능: 1주, 평단가: 298,500원
2026-06-12 14:56:36,188 - INFO - 미실현 손익: 25,500원 (8.54%), 최고 수익률: 9.21%
2026-06-12 14:56:36,189 - WARNING - 💰 수익 보존 조건 충족 (고점 9.21% -> 현재 8.54%). 이익 확정 권장.
2026-06-12 14:56:36,220 - INFO - 🔥 수익보존(PROFIT_PROTECTION) 실행: 현재가 근처(324,000원)로 즉시 매도 주문 (공격적 하향 보정)
2026-06-12 14:56:36,221 - INFO - [SELL] 주문 요청: 005930, 1주, 324000원
2026-06-12 14:56:36,358 - ERROR - 주문 실패: 모의투자 주문이 불가한 계좌입니다.
2026-06-12 14:56:36,358 - INFO - 60초 후 다음 확인을 진행합니다. (현재 상태: IDLE)
2026-06-12 14:57:39,518 - INFO - [005930] 현재가: 323000, 고가: 339000, 저가: 320000
2026-06-12 14:57:48,123 - INFO - 계좌 예수금: 9882053원
2026-06-12 14:57:48,123 - INFO - [005930] 보유: 1주, 매도 가능: 1주, 평단가: 298,500원
2026-06-12 14:57:48,154 - INFO - 미실현 손익: 24,500원 (8.21%), 최고 수익률: 9.21%
2026-06-12 14:57:48,154 - WARNING - 💰 수익 보존 조건 충족 (고점 9.21% -> 현재 8.21%). 이익 확정 권장.
2026-06-12 14:57:48,185 - INFO - 🔥 수익보존(PROFIT_PROTECTION) 실행: 현재가 근처(323,000원)로 즉시 매도 주문 (공격적 하향 보정)
2026-06-12 14:57:48,186 - INFO - [SELL] 주문 요청: 005930, 1주, 323000원
2026-06-12 14:57:49,772 - ERROR - 주문 실패: 모의투자 주문이 불가한 계좌입니다.
2026-06-12 14:57:49,773 - INFO - 60초 후 다음 확인을 진행합니다. (현재 상태: IDLE)
2026-06-12 14:58:49,885 - INFO - [005930] 현재가: 322000, 고가: 339000, 저가: 320000
2026-06-12 14:58:54,729 - INFO - 계좌 예수금: 9882053원
2026-06-12 14:58:54,730 - INFO - [005930] 보유: 1주, 매도 가능: 1주, 평단가: 298,500원
2026-06-12 14:58:54,756 - INFO - 미실현 손익: 23,500원 (7.87%), 최고 수익률: 9.21%
2026-06-12 14:58:54,757 - WARNING - 💰 수익 보존 조건 충족 (고점 9.21% -> 현재 7.87%). 이익 확정 권장.
2026-06-12 14:58:54,794 - INFO - 🔥 수익보존(PROFIT_PROTECTION) 실행: 현재가 근처(322,000원)로 즉시 매도 주문 (공격적 하향 보정)
2026-06-12 14:58:54,795 - INFO - [SELL] 주문 요청: 005930, 1주, 322000원
2026-06-12 14:58:54,932 - ERROR - 주문 실패: 모의투자 주문이 불가한 계좌입니다.
2026-06-12 14:58:54,933 - INFO - 60초 후 다음 확인을 진행합니다. (현재 상태: IDLE)
2026-06-12 14:59:57,562 - INFO - [005930] 현재가: 321000, 고가: 339000, 저가: 320000
2026-06-12 15:00:03,296 - INFO - 계좌 예수금: 9882053원
2026-06-12 15:00:03,297 - INFO - [005930] 보유: 1주, 매도 가능: 1주, 평단가: 298,500원
2026-06-12 15:00:03,326 - INFO - 미실현 손익: 22,500원 (7.54%), 최고 수익률: 9.21%
2026-06-12 15:00:03,327 - WARNING - 💰 수익 보존 조건 충족 (고점 9.21% -> 현재 7.54%). 이익 확정 권장.
2026-06-12 15:00:03,355 - INFO - 🔥 수익보존(PROFIT_PROTECTION) 실행: 현재가 근처(321,000원)로 즉시 매도 주문 (공격적 하향 보정)
2026-06-12 15:00:03,355 - INFO - [SELL] 주문 요청: 005930, 1주, 321000원
2026-06-12 15:00:08,212 - ERROR - 주문 실패: 모의투자 주문이 불가한 계좌입니다.
2026-06-12 15:00:08,212 - INFO - 60초 후 다음 확인을 진행합니다. (현재 상태: IDLE)
2026-06-12 15:01:11,806 - INFO - [005930] 현재가: 321500, 고가: 339000, 저가: 320000
2026-06-12 15:01:19,795 - INFO - 계좌 예수금: 9882053원
2026-06-12 15:01:19,795 - INFO - [005930] 보유: 1주, 매도 가능: 1주, 평단가: 298,500원
2026-06-12 15:01:19,827 - INFO - 미실현 손익: 23,000원 (7.71%), 최고 수익률: 9.21%
2026-06-12 15:01:19,828 - WARNING - 💰 수익 보존 조건 충족 (고점 9.21% -> 현재 7.71%). 이익 확정 권장.
2026-06-12 15:01:19,862 - INFO - 🔥 수익보존(PROFIT_PROTECTION) 실행: 현재가 근처(321,500원)로 즉시 매도 주문 (공격적 하향 보정)
2026-06-12 15:01:19,863 - INFO - [SELL] 주문 요청: 005930, 1주, 321500원
2026-06-12 15:01:22,519 - ERROR - 주문 실패: 모의투자 주문이 불가한 계좌입니다.
2026-06-12 15:01:22,519 - INFO - 60초 후 다음 확인을 진행합니다. (현재 상태: IDLE)
2026-06-12 15:02:26,153 - INFO - [005930] 현재가: 322500, 고가: 339000, 저가: 320000
2026-06-12 15:02:34,754 - INFO - 계좌 예수금: 9882053원
2026-06-12 15:02:34,754 - INFO - [005930] 보유: 1주, 매도 가능: 1주, 평단가: 298,500원
2026-06-12 15:02:34,787 - INFO - 미실현 손익: 24,000원 (8.04%), 최고 수익률: 9.21%
2026-06-12 15:02:34,787 - WARNING - 💰 수익 보존 조건 충족 (고점 9.21% -> 현재 8.04%). 이익 확정 권장.
2026-06-12 15:02:34,826 - INFO - 🔥 수익보존(PROFIT_PROTECTION) 실행: 현재가 근처(322,500원)로 즉시 매도 주문 (공격적 하향 보정)
2026-06-12 15:02:34,827 - INFO - [SELL] 주문 요청: 005930, 1주, 322500원
2026-06-12 15:02:39,363 - ERROR - 주문 실패: 모의투자 주문이 불가한 계좌입니다.
2026-06-12 15:02:39,364 - INFO - 60초 후 다음 확인을 진행합니다. (현재 상태: IDLE)
2026-06-12 15:03:42,649 - INFO - [005930] 현재가: 323750, 고가: 339000, 저가: 320000
2026-06-12 15:03:50,434 - INFO - 계좌 예수금: 9882053원
2026-06-12 15:03:50,434 - INFO - [005930] 보유: 1주, 매도 가능: 1주, 평단가: 298,500원
2026-06-12 15:03:50,462 - INFO - 미실현 손익: 25,250원 (8.46%), 최고 수익률: 9.21%
2026-06-12 15:03:50,462 - WARNING - 💰 수익 보존 조건 충족 (고점 9.21% -> 현재 8.46%). 이익 확정 권장.
2026-06-12 15:03:50,491 - INFO - 🔥 수익보존(PROFIT_PROTECTION) 실행: 현재가 근처(323,500원)로 즉시 매도 주문 (공격적 하향 보정)
2026-06-12 15:03:50,492 - INFO - [SELL] 주문 요청: 005930, 1주, 323500원
2026-06-12 15:03:53,605 - ERROR - 주문 실패: 모의투자 주문이 불가한 계좌입니다.
2026-06-12 15:03:53,606 - INFO - 60초 후 다음 확인을 진행합니다. (현재 상태: IDLE)
2026-06-12 15:04:55,663 - INFO - [005930] 현재가: 324000, 고가: 339000, 저가: 320000
2026-06-12 15:05:00,887 - INFO - 계좌 예수금: 9882053원
2026-06-12 15:05:00,887 - INFO - [005930] 보유: 1주, 매도 가능: 1주, 평단가: 298,500원
2026-06-12 15:05:00,917 - INFO - 미실현 손익: 25,500원 (8.54%), 최고 수익률: 9.21%
2026-06-12 15:05:00,917 - WARNING - 💰 수익 보존 조건 충족 (고점 9.21% -> 현재 8.54%). 이익 확정 권장.
2026-06-12 15:05:00,944 - INFO - 🔥 수익보존(PROFIT_PROTECTION) 실행: 현재가 근처(324,000원)로 즉시 매도 주문 (공격적 하향 보정)
2026-06-12 15:05:00,944 - INFO - [SELL] 주문 요청: 005930, 1주, 324000원
2026-06-12 15:05:05,393 - ERROR - 주문 실패: 모의투자 주문이 불가한 계좌입니다.
2026-06-12 15:05:05,394 - INFO - 60초 후 다음 확인을 진행합니다. (현재 상태: IDLE)
2026-06-12 15:06:09,601 - INFO - [005930] 현재가: 323000, 고가: 339000, 저가: 320000
2026-06-12 15:06:16,257 - INFO - 계좌 예수금: 9882053원
2026-06-12 15:06:16,257 - INFO - [005930] 보유: 1주, 매도 가능: 1주, 평단가: 298,500원
2026-06-12 15:06:16,286 - INFO - 미실현 손익: 24,500원 (8.21%), 최고 수익률: 9.21%
2026-06-12 15:06:16,287 - WARNING - 💰 수익 보존 조건 충족 (고점 9.21% -> 현재 8.21%). 이익 확정 권장.
2026-06-12 15:06:16,343 - INFO - 자가 최적화 기록 완료: C:\Users\witpo\OneDrive\바탕 화면\YONSEI\26-1\ECO4126 인공지능과금융공학\open-trading-api\self_optimization_history
2026-06-12 15:06:16,344 - INFO - 🔥 수익보존(PROFIT_PROTECTION) 실행: 현재가 근처(323,000원)로 즉시 매도 주문 (공격적 하향 보정)
2026-06-12 15:06:16,345 - INFO - [SELL] 주문 요청: 005930, 1주, 323000원
2026-06-12 15:06:18,101 - ERROR - 주문 실패: 모의투자 주문이 불가한 계좌입니다.
2026-06-12 15:06:18,101 - INFO - 60초 후 다음 확인을 진행합니다. (현재 상태: IDLE)
2026-06-12 15:07:19,911 - INFO - [005930] 현재가: 321500, 고가: 339000, 저가: 320000
2026-06-12 15:07:26,712 - INFO - 계좌 예수금: 9882053원
2026-06-12 15:07:26,713 - INFO - [005930] 보유: 1주, 매도 가능: 1주, 평단가: 298,500원
2026-06-12 15:07:26,741 - INFO - 미실현 손익: 23,000원 (7.71%), 최고 수익률: 9.21%
2026-06-12 15:07:26,741 - WARNING - 💰 수익 보존 조건 충족 (고점 9.21% -> 현재 7.71%). 이익 확정 권장.
2026-06-12 15:07:26,769 - INFO - 🔥 수익보존(PROFIT_PROTECTION) 실행: 현재가 근처(321,500원)로 즉시 매도 주문 (공격적 하향 보정)
2026-06-12 15:07:26,770 - INFO - [SELL] 주문 요청: 005930, 1주, 321500원
2026-06-12 15:07:27,735 - ERROR - 주문 실패: 모의투자 주문이 불가한 계좌입니다.
2026-06-12 15:07:27,736 - INFO - 60초 후 다음 확인을 진행합니다. (현재 상태: IDLE)
2026-06-12 15:08:27,838 - INFO - [005930] 현재가: 321500, 고가: 339000, 저가: 320000
2026-06-12 15:08:31,786 - INFO - 계좌 예수금: 9882053원
2026-06-12 15:08:31,787 - INFO - [005930] 보유: 1주, 매도 가능: 1주, 평단가: 298,500원
2026-06-12 15:08:31,816 - INFO - 미실현 손익: 23,000원 (7.71%), 최고 수익률: 9.21%
2026-06-12 15:08:31,816 - WARNING - 💰 수익 보존 조건 충족 (고점 9.21% -> 현재 7.71%). 이익 확정 권장.
2026-06-12 15:08:31,845 - INFO - 🔥 수익보존(PROFIT_PROTECTION) 실행: 현재가 근처(321,500원)로 즉시 매도 주문 (공격적 하향 보정)
2026-06-12 15:08:31,846 - INFO - [SELL] 주문 요청: 005930, 1주, 321500원
2026-06-12 15:08:34,504 - ERROR - 주문 실패: 모의투자 주문이 불가한 계좌입니다.
2026-06-12 15:08:34,505 - INFO - 60초 후 다음 확인을 진행합니다. (현재 상태: IDLE)
2026-06-12 15:09:38,224 - INFO - [005930] 현재가: 322000, 고가: 339000, 저가: 320000
2026-06-12 15:09:46,498 - INFO - 계좌 예수금: 9882053원
2026-06-12 15:09:46,499 - INFO - [005930] 보유: 1주, 매도 가능: 1주, 평단가: 298,500원
2026-06-12 15:09:46,527 - INFO - 미실현 손익: 23,500원 (7.87%), 최고 수익률: 9.21%
2026-06-12 15:09:46,528 - WARNING - 💰 수익 보존 조건 충족 (고점 9.21% -> 현재 7.87%). 이익 확정 권장.
2026-06-12 15:09:46,560 - INFO - 🔥 수익보존(PROFIT_PROTECTION) 실행: 현재가 근처(322,000원)로 즉시 매도 주문 (공격적 하향 보정)
2026-06-12 15:09:46,561 - INFO - [SELL] 주문 요청: 005930, 1주, 322000원
2026-06-12 15:09:49,163 - ERROR - 주문 실패: 모의투자 주문이 불가한 계좌입니다.
2026-06-12 15:09:49,164 - INFO - 60초 후 다음 확인을 진행합니다. (현재 상태: IDLE)
2026-06-12 15:10:54,049 - INFO - [005930] 현재가: 323000, 고가: 339000, 저가: 320000
2026-06-12 15:10:58,592 - INFO - 계좌 예수금: 9882053원
2026-06-12 15:10:58,593 - INFO - [005930] 보유: 1주, 매도 가능: 1주, 평단가: 298,500원
2026-06-12 15:10:58,622 - INFO - 미실현 손익: 24,500원 (8.21%), 최고 수익률: 9.21%
2026-06-12 15:10:58,623 - WARNING - 💰 수익 보존 조건 충족 (고점 9.21% -> 현재 8.21%). 이익 확정 권장.
2026-06-12 15:10:58,651 - INFO - 🔥 수익보존(PROFIT_PROTECTION) 실행: 현재가 근처(323,000원)로 즉시 매도 주문 (공격적 하향 보정)
2026-06-12 15:10:58,652 - INFO - [SELL] 주문 요청: 005930, 1주, 323000원
2026-06-12 15:10:58,878 - ERROR - 주문 실패: 모의투자 주문이 불가한 계좌입니다.
2026-06-12 15:10:58,879 - INFO - 60초 후 다음 확인을 진행합니다. (현재 상태: IDLE)
2026-06-12 15:12:01,875 - INFO - [005930] 현재가: 323000, 고가: 339000, 저가: 320000
2026-06-12 15:12:11,096 - INFO - 계좌 예수금: 9882053원
2026-06-12 15:12:11,096 - INFO - [005930] 보유: 1주, 매도 가능: 1주, 평단가: 298,500원
2026-06-12 15:12:11,124 - INFO - 미실현 손익: 24,500원 (8.21%), 최고 수익률: 9.21%
2026-06-12 15:12:11,125 - WARNING - 💰 수익 보존 조건 충족 (고점 9.21% -> 현재 8.21%). 이익 확정 권장.
2026-06-12 15:12:11,156 - INFO - 🔥 수익보존(PROFIT_PROTECTION) 실행: 현재가 근처(323,000원)로 즉시 매도 주문 (공격적 하향 보정)
2026-06-12 15:12:11,156 - INFO - [SELL] 주문 요청: 005930, 1주, 323000원
2026-06-12 15:12:12,628 - ERROR - 주문 실패: 모의투자 주문이 불가한 계좌입니다.
2026-06-12 15:12:12,629 - INFO - 60초 후 다음 확인을 진행합니다. (현재 상태: IDLE)
2026-06-12 15:13:15,299 - INFO - [005930] 현재가: 324000, 고가: 339000, 저가: 320000
2026-06-12 15:13:22,674 - INFO - 계좌 예수금: 9882053원
2026-06-12 15:13:22,674 - INFO - [005930] 보유: 1주, 매도 가능: 1주, 평단가: 298,500원
2026-06-12 15:13:22,702 - INFO - 미실현 손익: 25,500원 (8.54%), 최고 수익률: 9.21%
2026-06-12 15:13:22,703 - WARNING - 💰 수익 보존 조건 충족 (고점 9.21% -> 현재 8.54%). 이익 확정 권장.
2026-06-12 15:13:22,736 - INFO - 🔥 수익보존(PROFIT_PROTECTION) 실행: 현재가 근처(324,000원)로 즉시 매도 주문 (공격적 하향 보정)
2026-06-12 15:13:22,736 - INFO - [SELL] 주문 요청: 005930, 1주, 324000원
2026-06-12 15:13:24,825 - ERROR - 주문 실패: 모의투자 주문이 불가한 계좌입니다.
2026-06-12 15:13:24,825 - INFO - 60초 후 다음 확인을 진행합니다. (현재 상태: IDLE)
2026-06-12 15:14:30,431 - INFO - [005930] 현재가: 323500, 고가: 339000, 저가: 320000
2026-06-12 15:14:35,074 - INFO - 계좌 예수금: 9882053원
2026-06-12 15:14:35,075 - INFO - [005930] 보유: 1주, 매도 가능: 1주, 평단가: 298,500원
2026-06-12 15:14:35,104 - INFO - 미실현 손익: 25,000원 (8.38%), 최고 수익률: 9.21%
2026-06-12 15:14:35,106 - WARNING - 💰 수익 보존 조건 충족 (고점 9.21% -> 현재 8.38%). 이익 확정 권장.
2026-06-12 15:14:35,139 - INFO - 🔥 수익보존(PROFIT_PROTECTION) 실행: 현재가 근처(323,500원)로 즉시 매도 주문 (공격적 하향 보정)
2026-06-12 15:14:35,140 - INFO - [SELL] 주문 요청: 005930, 1주, 323500원
2026-06-12 15:14:35,293 - ERROR - 주문 실패: 모의투자 주문이 불가한 계좌입니다.
2026-06-12 15:14:35,294 - INFO - 60초 후 다음 확인을 진행합니다. (현재 상태: IDLE)
2026-06-12 15:15:38,464 - INFO - [005930] 현재가: 323500, 고가: 339000, 저가: 320000
2026-06-12 15:15:45,222 - INFO - 계좌 예수금: 9882053원
2026-06-12 15:15:45,223 - INFO - [005930] 보유: 1주, 매도 가능: 1주, 평단가: 298,500원
2026-06-12 15:15:45,250 - INFO - 미실현 손익: 25,000원 (8.38%), 최고 수익률: 9.21%
2026-06-12 15:15:45,251 - WARNING - 💰 수익 보존 조건 충족 (고점 9.21% -> 현재 8.38%). 이익 확정 권장.
2026-06-12 15:15:45,280 - INFO - 🔥 수익보존(PROFIT_PROTECTION) 실행: 현재가 근처(323,500원)로 즉시 매도 주문 (공격적 하향 보정)
2026-06-12 15:15:45,280 - INFO - [SELL] 주문 요청: 005930, 1주, 323500원
2026-06-12 15:15:47,475 - ERROR - 주문 실패: 모의투자 주문이 불가한 계좌입니다.
2026-06-12 15:15:47,475 - INFO - 60초 후 다음 확인을 진행합니다. (현재 상태: IDLE)
2026-06-12 15:16:48,509 - INFO - [005930] 현재가: 322000, 고가: 339000, 저가: 320000
2026-06-12 15:16:54,038 - INFO - 계좌 예수금: 9882053원
2026-06-12 15:16:54,038 - INFO - [005930] 보유: 1주, 매도 가능: 1주, 평단가: 298,500원
2026-06-12 15:16:54,068 - INFO - 미실현 손익: 23,500원 (7.87%), 최고 수익률: 9.21%
2026-06-12 15:16:54,069 - WARNING - 💰 수익 보존 조건 충족 (고점 9.21% -> 현재 7.87%). 이익 확정 권장.
2026-06-12 15:16:54,098 - INFO - 🔥 수익보존(PROFIT_PROTECTION) 실행: 현재가 근처(322,000원)로 즉시 매도 주문 (공격적 하향 보정)
2026-06-12 15:16:54,098 - INFO - [SELL] 주문 요청: 005930, 1주, 322000원
2026-06-12 15:16:56,291 - ERROR - 주문 실패: 모의투자 주문이 불가한 계좌입니다.
2026-06-12 15:16:56,292 - INFO - 60초 후 다음 확인을 진행합니다. (현재 상태: IDLE)
2026-06-12 15:17:56,711 - INFO - [005930] 현재가: 322750, 고가: 339000, 저가: 320000
2026-06-12 15:18:03,125 - INFO - 계좌 예수금: 9882053원
2026-06-12 15:18:03,126 - INFO - [005930] 보유: 1주, 매도 가능: 1주, 평단가: 298,500원
2026-06-12 15:18:03,150 - INFO - 미실현 손익: 24,250원 (8.12%), 최고 수익률: 9.21%
2026-06-12 15:18:03,150 - WARNING - 💰 수익 보존 조건 충족 (고점 9.21% -> 현재 8.12%). 이익 확정 권장.
2026-06-12 15:18:03,179 - INFO - 🔥 수익보존(PROFIT_PROTECTION) 실행: 현재가 근처(322,500원)로 즉시 매도 주문 (공격적 하향 보정)
2026-06-12 15:18:03,180 - INFO - [SELL] 주문 요청: 005930, 1주, 322500원
2026-06-12 15:18:04,528 - ERROR - 주문 실패: 모의투자 주문이 불가한 계좌입니다.
2026-06-12 15:18:04,528 - INFO - 60초 후 다음 확인을 진행합니다. (현재 상태: IDLE)
2026-06-12 15:19:07,166 - INFO - [005930] 현재가: 323000, 고가: 339000, 저가: 320000
2026-06-12 15:19:15,666 - INFO - 계좌 예수금: 9882053원
2026-06-12 15:19:15,666 - INFO - [005930] 보유: 1주, 매도 가능: 1주, 평단가: 298,500원
2026-06-12 15:19:15,696 - INFO - 미실현 손익: 24,500원 (8.21%), 최고 수익률: 9.21%
2026-06-12 15:19:15,697 - WARNING - 💰 수익 보존 조건 충족 (고점 9.21% -> 현재 8.21%). 이익 확정 권장.
2026-06-12 15:19:15,727 - INFO - 🔥 수익보존(PROFIT_PROTECTION) 실행: 현재가 근처(323,000원)로 즉시 매도 주문 (공격적 하향 보정)
2026-06-12 15:19:15,727 - INFO - [SELL] 주문 요청: 005930, 1주, 323000원
2026-06-12 15:19:16,648 - ERROR - 주문 실패: 모의투자 주문이 불가한 계좌입니다.
2026-06-12 15:19:16,649 - INFO - 60초 후 다음 확인을 진행합니다. (현재 상태: IDLE)
2026-06-12 15:20:21,411 - INFO - [005930] 현재가: 322500, 고가: 339000, 저가: 320000
2026-06-12 15:20:28,271 - INFO - 계좌 예수금: 9882053원
2026-06-12 15:20:28,272 - INFO - [005930] 보유: 1주, 매도 가능: 1주, 평단가: 298,500원
2026-06-12 15:20:28,301 - INFO - 미실현 손익: 24,000원 (8.04%), 최고 수익률: 9.21%
2026-06-12 15:20:28,301 - WARNING - 💰 수익 보존 조건 충족 (고점 9.21% -> 현재 8.04%). 이익 확정 권장.
2026-06-12 15:20:28,337 - INFO - 🔥 수익보존(PROFIT_PROTECTION) 실행: 현재가 근처(322,500원)로 즉시 매도 주문 (공격적 하향 보정)
2026-06-12 15:20:28,338 - INFO - [SELL] 주문 요청: 005930, 1주, 322500원
2026-06-12 15:20:30,531 - ERROR - 주문 실패: 모의투자 주문이 불가한 계좌입니다.
2026-06-12 15:20:30,532 - INFO - 60초 후 다음 확인을 진행합니다. (현재 상태: IDLE)
2026-06-12 15:21:31,759 - INFO - [005930] 현재가: 322500, 고가: 339000, 저가: 320000
2026-06-12 15:21:35,756 - INFO - 계좌 예수금: 9882053원
2026-06-12 15:21:35,757 - INFO - [005930] 보유: 1주, 매도 가능: 1주, 평단가: 298,500원
2026-06-12 15:21:35,787 - INFO - 미실현 손익: 24,000원 (8.04%), 최고 수익률: 9.21%
2026-06-12 15:21:35,787 - WARNING - 💰 수익 보존 조건 충족 (고점 9.21% -> 현재 8.04%). 이익 확정 권장.
2026-06-12 15:21:35,823 - INFO - 🔥 수익보존(PROFIT_PROTECTION) 실행: 현재가 근처(322,500원)로 즉시 매도 주문 (공격적 하향 보정)
2026-06-12 15:21:35,824 - INFO - [SELL] 주문 요청: 005930, 1주, 322500원
2026-06-12 15:21:35,992 - ERROR - 주문 실패: 모의투자 주문이 불가한 계좌입니다.
2026-06-12 15:21:35,992 - INFO - 60초 후 다음 확인을 진행합니다. (현재 상태: IDLE)
2026-06-12 15:22:39,042 - INFO - [005930] 현재가: 322500, 고가: 339000, 저가: 320000
2026-06-12 15:22:46,066 - INFO - 계좌 예수금: 9882053원
2026-06-12 15:22:46,067 - INFO - [005930] 보유: 1주, 매도 가능: 1주, 평단가: 298,500원
2026-06-12 15:22:46,094 - INFO - 미실현 손익: 24,000원 (8.04%), 최고 수익률: 9.21%
2026-06-12 15:22:46,095 - WARNING - 💰 수익 보존 조건 충족 (고점 9.21% -> 현재 8.04%). 이익 확정 권장.
2026-06-12 15:22:46,123 - INFO - 🔥 수익보존(PROFIT_PROTECTION) 실행: 현재가 근처(322,500원)로 즉시 매도 주문 (공격적 하향 보정)
2026-06-12 15:22:46,123 - INFO - [SELL] 주문 요청: 005930, 1주, 322500원
2026-06-12 15:22:47,849 - ERROR - 주문 실패: 모의투자 주문이 불가한 계좌입니다.
2026-06-12 15:22:47,850 - INFO - 60초 후 다음 확인을 진행합니다. (현재 상태: IDLE)
2026-06-12 15:23:49,090 - INFO - [005930] 현재가: 322500, 고가: 339000, 저가: 320000
2026-06-12 15:23:55,334 - INFO - 계좌 예수금: 9882053원
2026-06-12 15:23:55,334 - INFO - [005930] 보유: 1주, 매도 가능: 1주, 평단가: 298,500원
2026-06-12 15:23:55,362 - INFO - 미실현 손익: 24,000원 (8.04%), 최고 수익률: 9.21%
2026-06-12 15:23:55,362 - WARNING - 💰 수익 보존 조건 충족 (고점 9.21% -> 현재 8.04%). 이익 확정 권장.
2026-06-12 15:23:55,390 - INFO - 🔥 수익보존(PROFIT_PROTECTION) 실행: 현재가 근처(322,500원)로 즉시 매도 주문 (공격적 하향 보정)
2026-06-12 15:23:55,390 - INFO - [SELL] 주문 요청: 005930, 1주, 322500원
2026-06-12 15:23:55,984 - ERROR - 주문 실패: 모의투자 주문이 불가한 계좌입니다.
2026-06-12 15:23:55,985 - INFO - 60초 후 다음 확인을 진행합니다. (현재 상태: IDLE)
2026-06-12 15:24:56,092 - INFO - [005930] 현재가: 322500, 고가: 339000, 저가: 320000
2026-06-12 15:25:00,771 - INFO - 계좌 예수금: 9882053원
2026-06-12 15:25:00,771 - INFO - [005930] 보유: 1주, 매도 가능: 1주, 평단가: 298,500원
2026-06-12 15:25:00,804 - INFO - 미실현 손익: 24,000원 (8.04%), 최고 수익률: 9.21%
2026-06-12 15:25:00,804 - WARNING - 💰 수익 보존 조건 충족 (고점 9.21% -> 현재 8.04%). 이익 확정 권장.
2026-06-12 15:25:00,836 - INFO - 🔥 수익보존(PROFIT_PROTECTION) 실행: 현재가 근처(322,500원)로 즉시 매도 주문 (공격적 하향 보정)
2026-06-12 15:25:00,836 - INFO - [SELL] 주문 요청: 005930, 1주, 322500원
2026-06-12 15:25:01,182 - ERROR - 주문 실패: 모의투자 주문이 불가한 계좌입니다.
2026-06-12 15:25:01,183 - INFO - 60초 후 다음 확인을 진행합니다. (현재 상태: IDLE)
2026-06-12 15:26:01,291 - INFO - [005930] 현재가: 322500, 고가: 339000, 저가: 320000
2026-06-12 15:26:05,858 - INFO - 계좌 예수금: 9882053원
2026-06-12 15:26:05,859 - INFO - [005930] 보유: 1주, 매도 가능: 1주, 평단가: 298,500원
2026-06-12 15:26:05,889 - INFO - 미실현 손익: 24,000원 (8.04%), 최고 수익률: 9.21%
2026-06-12 15:26:05,890 - WARNING - 💰 수익 보존 조건 충족 (고점 9.21% -> 현재 8.04%). 이익 확정 권장.
2026-06-12 15:26:05,919 - INFO - 🔥 수익보존(PROFIT_PROTECTION) 실행: 현재가 근처(322,500원)로 즉시 매도 주문 (공격적 하향 보정)
2026-06-12 15:26:05,919 - INFO - [SELL] 주문 요청: 005930, 1주, 322500원
2026-06-12 15:26:06,044 - ERROR - 주문 실패: 모의투자 주문이 불가한 계좌입니다.
2026-06-12 15:26:06,045 - INFO - 60초 후 다음 확인을 진행합니다. (현재 상태: IDLE)
2026-06-12 15:27:08,198 - INFO - [005930] 현재가: 322500, 고가: 339000, 저가: 320000
2026-06-12 15:27:15,459 - INFO - 계좌 예수금: 9882053원
2026-06-12 15:27:15,460 - INFO - [005930] 보유: 1주, 매도 가능: 1주, 평단가: 298,500원
2026-06-12 15:27:15,514 - INFO - 미실현 손익: 24,000원 (8.04%), 최고 수익률: 9.21%
2026-06-12 15:27:15,516 - WARNING - 💰 수익 보존 조건 충족 (고점 9.21% -> 현재 8.04%). 이익 확정 권장.
2026-06-12 15:27:15,556 - INFO - 🔥 수익보존(PROFIT_PROTECTION) 실행: 현재가 근처(322,500원)로 즉시 매도 주문 (공격적 하향 보정)
2026-06-12 15:27:15,557 - INFO - [SELL] 주문 요청: 005930, 1주, 322500원
2026-06-12 15:27:17,768 - ERROR - 주문 실패: 모의투자 주문이 불가한 계좌입니다.
2026-06-12 15:27:17,768 - INFO - 60초 후 다음 확인을 진행합니다. (현재 상태: IDLE)
2026-06-12 15:28:18,880 - INFO - [005930] 현재가: 322500, 고가: 339000, 저가: 320000
2026-06-12 15:28:24,294 - INFO - 계좌 예수금: 9882053원
2026-06-12 15:28:24,294 - INFO - [005930] 보유: 1주, 매도 가능: 1주, 평단가: 298,500원
2026-06-12 15:28:24,322 - INFO - 미실현 손익: 24,000원 (8.04%), 최고 수익률: 9.21%
2026-06-12 15:28:24,323 - WARNING - 💰 수익 보존 조건 충족 (고점 9.21% -> 현재 8.04%). 이익 확정 권장.
2026-06-12 15:28:24,356 - INFO - 🔥 수익보존(PROFIT_PROTECTION) 실행: 현재가 근처(322,500원)로 즉시 매도 주문 (공격적 하향 보정)
2026-06-12 15:28:24,357 - INFO - [SELL] 주문 요청: 005930, 1주, 322500원
2026-06-12 15:28:25,110 - ERROR - 주문 실패: 모의투자 주문이 불가한 계좌입니다.
2026-06-12 15:28:25,111 - INFO - 60초 후 다음 확인을 진행합니다. (현재 상태: IDLE)
2026-06-12 15:29:25,222 - INFO - [005930] 현재가: 322500, 고가: 339000, 저가: 320000
2026-06-12 15:29:31,635 - INFO - 계좌 예수금: 9882053원
2026-06-12 15:29:31,635 - INFO - [005930] 보유: 1주, 매도 가능: 1주, 평단가: 298,500원
2026-06-12 15:29:31,665 - INFO - 미실현 손익: 24,000원 (8.04%), 최고 수익률: 9.21%
2026-06-12 15:29:31,666 - WARNING - 💰 수익 보존 조건 충족 (고점 9.21% -> 현재 8.04%). 이익 확정 권장.
2026-06-12 15:29:31,709 - INFO - 🔥 수익보존(PROFIT_PROTECTION) 실행: 현재가 근처(322,500원)로 즉시 매도 주문 (공격적 하향 보정)
2026-06-12 15:29:31,709 - INFO - [SELL] 주문 요청: 005930, 1주, 322500원
2026-06-12 15:29:32,086 - ERROR - 주문 실패: 모의투자 주문이 불가한 계좌입니다.
2026-06-12 15:29:32,086 - INFO - 60초 후 다음 확인을 진행합니다. (현재 상태: IDLE)
2026-06-12 15:30:32,087 - INFO - 현재 시간 15:30:32, 장 종료 시간이 지났습니다. 프로그램을 종료합니다.
2026-06-12 15:30:32,088 - INFO - 프로그램을 종료합니다.
