2026-06-09 10:32:54,386 - INFO - 새로운 접근 토큰을 발급받습니다...
2026-06-09 10:32:55,949 - INFO - 새로운 토큰이 발급 및 저장되었습니다. 만료 시간: 2026-06-10 10:32:55
2026-06-09 10:32:55,957 - INFO - 삼성전자 자동매매 프로그램을 시작합니다. (자가 적응형 로직 활성화)
2026-06-09 10:32:55,988 - INFO - 📅 날짜 변경 감지 (2026-06-08 -> 2026-06-09). 세션 데이터를 초기화합니다.
2026-06-09 10:32:55,989 - INFO - 이전 상태 로드 완료: SELLING (목표가: 302000원)
2026-06-09 10:32:55,995 - INFO - 📅 날짜 변경 감지 (2026-06-08 -> 2026-06-09). 세션 데이터를 초기화합니다.
2026-06-09 10:32:56,132 - INFO - [005930] 현재가: 305500, 고가: 312000, 저가: 300000
2026-06-09 10:32:56,132 - WARNING - ⚠️ 주문 고착 감지: 타임아웃 (68634초 경과). 주문 취소를 시도합니다.
2026-06-09 10:32:56,133 - INFO - [CANCEL] 주문 취소 요청: 005930, 주문번호: 0000035215
2026-06-09 10:32:56,621 - ERROR - POST 요청 실패 (VTTC0013U): 500 Server Error: Internal Server Error for url: https://openapivts.koreainvestment.com:29443/uapi/domestic-stock/v1/trading/order-rvsecncl
2026-06-09 10:32:56,622 - ERROR - 상세 에러: {"rt_cd":"1","msg1":"초당 거래건수를 초과하였습니다.","msg_cd":"EGW00201","message":"EGW00201"}
2026-06-09 10:32:56,627 - ERROR - 주문 취소 실패: 응답 없음
2026-06-09 10:32:56,628 - ERROR - 주문 취소 실패. 다음 루프에서 재시도합니다.
2026-06-09 10:33:02,292 - INFO - 계좌 예수금: 9579172원
2026-06-09 10:33:02,293 - INFO - [005930] 보유: 1주, 매도 가능: 1주, 평단가: 300,000원
2026-06-09 10:33:02,297 - INFO - 📅 날짜 변경 감지 (2026-06-08 -> 2026-06-09). 세션 데이터를 초기화합니다.
2026-06-09 10:33:02,300 - INFO - 📅 날짜 변경 감지 (2026-06-08 -> 2026-06-09). 세션 데이터를 초기화합니다.
2026-06-09 10:33:02,315 - INFO - 미실현 손익: 5,500원 (1.83%), 최고 수익률: 1.83%
2026-06-09 10:33:02,379 - INFO - 자가 최적화 기록 완료: C:\Users\witpo\OneDrive\바탕 화면\YONSEI\26-1\ECO4126 인공지능과금융공학\open-trading-api\self_optimization_history
2026-06-09 10:33:02,380 - INFO - 이미 매도 주문(0000035215)이 진행 중입니다. 체결을 기다립니다.
2026-06-09 10:33:02,381 - INFO - 60초 후 다음 확인을 진행합니다. (현재 상태: SELLING)
2026-06-09 10:34:07,057 - INFO - [005930] 현재가: 306500, 고가: 312000, 저가: 300000
2026-06-09 10:34:07,058 - WARNING - ⚠️ 주문 고착 감지: 타임아웃 (68705초 경과). 주문 취소를 시도합니다.
2026-06-09 10:34:07,059 - INFO - [CANCEL] 주문 취소 요청: 005930, 주문번호: 0000035215
2026-06-09 10:34:07,185 - ERROR - 주문 취소 실패: 모의투자 원주문번호가 존재하지 않습니다.
2026-06-09 10:34:07,185 - INFO - 유령 주문 감지 (모의투자 원주문번호가 존재하지 않습니다.). 로컬 상태를 강제 리셋합니다.
2026-06-09 10:34:07,238 - INFO - 상태 전환 완료: HOLDING
2026-06-09 10:34:10,085 - INFO - 계좌 예수금: 9579172원
2026-06-09 10:34:10,085 - INFO - [005930] 보유: 1주, 매도 가능: 1주, 평단가: 300,000원
2026-06-09 10:34:10,106 - INFO - 미실현 손익: 6,500원 (2.17%), 최고 수익률: 2.17%
2026-06-09 10:34:10,136 - INFO - 매도 조건 충족: 평단가(300,000), 현재가(306,500) -> 목표가(308,500원) (보수적 상향 보정)
2026-06-09 10:34:10,136 - INFO - [SELL] 주문 요청: 005930, 1주, 308500원
2026-06-09 10:34:14,857 - INFO - 주문 성공! 주문번호: 0000020287
2026-06-09 10:34:14,903 - INFO - 60초 후 다음 확인을 진행합니다. (현재 상태: SELLING)
2026-06-09 10:35:17,570 - INFO - [005930] 현재가: 306000, 고가: 312000, 저가: 300000
2026-06-09 10:35:17,571 - WARNING - ⚠️ 주문 고착 감지: 가격 이탈 (현재가:306,000, 목표가:308,500, 차이:2,500). 주문 취소를 시도합니다.
2026-06-09 10:35:17,571 - INFO - [CANCEL] 주문 취소 요청: 005930, 주문번호: 0000020287
2026-06-09 10:35:20,334 - INFO - 주문 취소 성공! (원주문: 0000020287)
2026-06-09 10:35:20,383 - INFO - 상태 전환 완료: HOLDING
2026-06-09 10:35:26,145 - INFO - 계좌 예수금: 9579172원
2026-06-09 10:35:26,146 - INFO - [005930] 보유: 1주, 매도 가능: 1주, 평단가: 300,000원
2026-06-09 10:35:26,167 - INFO - 미실현 손익: 6,000원 (2.00%), 최고 수익률: 2.17%
2026-06-09 10:35:26,198 - INFO - 매도 조건 충족: 평단가(300,000), 현재가(306,000) -> 목표가(308,000원) (보수적 상향 보정)
2026-06-09 10:35:26,199 - INFO - [SELL] 주문 요청: 005930, 1주, 308000원
2026-06-09 10:35:28,322 - INFO - 주문 성공! 주문번호: 0000020454
2026-06-09 10:35:28,373 - INFO - 60초 후 다음 확인을 진행합니다. (현재 상태: SELLING)
2026-06-09 10:36:30,892 - INFO - [005930] 현재가: 306000, 고가: 312000, 저가: 300000
2026-06-09 10:36:39,265 - INFO - 계좌 예수금: 9579172원
2026-06-09 10:36:39,266 - INFO - [005930] 보유: 1주, 매도 가능: 0주, 평단가: 300,000원
2026-06-09 10:36:39,284 - INFO - 미실현 손익: 6,000원 (2.00%), 최고 수익률: 2.17%
2026-06-09 10:36:39,310 - INFO - 보유 수량(1)에 대해 매도 주문(0000020454)이 진행 중입니다.
2026-06-09 10:36:39,310 - INFO - 60초 후 다음 확인을 진행합니다. (현재 상태: SELLING)
2026-06-09 10:37:39,813 - INFO - [005930] 현재가: 306500, 고가: 312000, 저가: 300000
2026-06-09 10:37:45,137 - INFO - 계좌 예수금: 9579172원
2026-06-09 10:37:45,137 - INFO - [005930] 보유: 1주, 매도 가능: 0주, 평단가: 300,000원
2026-06-09 10:37:45,159 - INFO - 미실현 손익: 6,500원 (2.17%), 최고 수익률: 2.17%
2026-06-09 10:37:45,206 - INFO - 보유 수량(1)에 대해 매도 주문(0000020454)이 진행 중입니다.
2026-06-09 10:37:45,207 - INFO - 60초 후 다음 확인을 진행합니다. (현재 상태: SELLING)
2026-06-09 10:38:47,092 - INFO - [005930] 현재가: 306500, 고가: 312000, 저가: 300000
2026-06-09 10:38:51,087 - INFO - 계좌 예수금: 9579172원
2026-06-09 10:38:51,088 - INFO - [005930] 보유: 1주, 매도 가능: 0주, 평단가: 300,000원
2026-06-09 10:38:51,107 - INFO - 미실현 손익: 6,500원 (2.17%), 최고 수익률: 2.17%
2026-06-09 10:38:51,151 - INFO - 보유 수량(1)에 대해 매도 주문(0000020454)이 진행 중입니다.
2026-06-09 10:38:51,151 - INFO - 60초 후 다음 확인을 진행합니다. (현재 상태: SELLING)
2026-06-09 10:39:51,273 - INFO - [005930] 현재가: 306500, 고가: 312000, 저가: 300000
2026-06-09 10:39:57,752 - INFO - 계좌 예수금: 9579172원
2026-06-09 10:39:57,752 - INFO - [005930] 보유: 1주, 매도 가능: 0주, 평단가: 300,000원
2026-06-09 10:39:57,772 - INFO - 미실현 손익: 6,500원 (2.17%), 최고 수익률: 2.17%
2026-06-09 10:39:57,808 - INFO - 보유 수량(1)에 대해 매도 주문(0000020454)이 진행 중입니다.
2026-06-09 10:39:57,809 - INFO - 60초 후 다음 확인을 진행합니다. (현재 상태: SELLING)
2026-06-09 10:40:59,400 - INFO - [005930] 현재가: 307500, 고가: 312000, 저가: 300000
2026-06-09 10:41:04,417 - INFO - 계좌 예수금: 9579172원
2026-06-09 10:41:04,418 - INFO - [005930] 보유: 1주, 매도 가능: 0주, 평단가: 300,000원
2026-06-09 10:41:04,440 - INFO - 미실현 손익: 7,500원 (2.50%), 최고 수익률: 2.50%
2026-06-09 10:41:04,474 - INFO - 보유 수량(1)에 대해 매도 주문(0000020454)이 진행 중입니다.
2026-06-09 10:41:04,475 - INFO - 60초 후 다음 확인을 진행합니다. (현재 상태: SELLING)
2026-06-09 10:42:04,589 - INFO - [005930] 현재가: 307500, 고가: 312000, 저가: 300000
2026-06-09 10:42:09,341 - INFO - 계좌 예수금: 9579172원
2026-06-09 10:42:09,342 - INFO - [005930] 보유: 1주, 매도 가능: 0주, 평단가: 300,000원
2026-06-09 10:42:09,372 - INFO - 미실현 손익: 7,500원 (2.50%), 최고 수익률: 2.50%
2026-06-09 10:42:09,407 - INFO - 보유 수량(1)에 대해 매도 주문(0000020454)이 진행 중입니다.
2026-06-09 10:42:09,407 - INFO - 60초 후 다음 확인을 진행합니다. (현재 상태: SELLING)
2026-06-09 10:43:09,509 - INFO - [005930] 현재가: 306000, 고가: 312000, 저가: 300000
2026-06-09 10:43:12,834 - INFO - 계좌 예수금: 9579172원
2026-06-09 10:43:12,835 - INFO - [005930] 보유: 1주, 매도 가능: 0주, 평단가: 300,000원
2026-06-09 10:43:12,856 - INFO - 미실현 손익: 6,000원 (2.00%), 최고 수익률: 2.50%
2026-06-09 10:43:12,856 - WARNING - 💰 수익 보존 조건 충족 (고점 2.50% -> 현재 2.00%). 이익 확정 권장.
2026-06-09 10:43:12,892 - INFO - 보유 수량(1)에 대해 매도 주문(0000020454)이 진행 중입니다.
2026-06-09 10:43:12,893 - INFO - 60초 후 다음 확인을 진행합니다. (현재 상태: SELLING)
2026-06-09 10:44:13,002 - INFO - [005930] 현재가: 306000, 고가: 312000, 저가: 300000
2026-06-09 10:44:20,422 - INFO - 계좌 예수금: 9579172원
2026-06-09 10:44:20,422 - INFO - [005930] 보유: 1주, 매도 가능: 0주, 평단가: 300,000원
2026-06-09 10:44:20,443 - INFO - 미실현 손익: 6,000원 (2.00%), 최고 수익률: 2.50%
2026-06-09 10:44:20,443 - WARNING - 💰 수익 보존 조건 충족 (고점 2.50% -> 현재 2.00%). 이익 확정 권장.
2026-06-09 10:44:20,479 - INFO - 보유 수량(1)에 대해 매도 주문(0000020454)이 진행 중입니다.
2026-06-09 10:44:20,479 - INFO - 60초 후 다음 확인을 진행합니다. (현재 상태: SELLING)
2026-06-09 10:45:24,990 - INFO - [005930] 현재가: 307000, 고가: 312000, 저가: 300000
2026-06-09 10:45:33,281 - INFO - 계좌 예수금: 9579172원
2026-06-09 10:45:33,281 - INFO - [005930] 보유: 1주, 매도 가능: 0주, 평단가: 300,000원
2026-06-09 10:45:33,306 - INFO - 미실현 손익: 7,000원 (2.33%), 최고 수익률: 2.50%
2026-06-09 10:45:33,344 - INFO - 보유 수량(1)에 대해 매도 주문(0000020454)이 진행 중입니다.
2026-06-09 10:45:33,345 - INFO - 60초 후 다음 확인을 진행합니다. (현재 상태: SELLING)
2026-06-09 10:46:36,212 - INFO - [005930] 현재가: 306000, 고가: 312000, 저가: 300000
2026-06-09 10:46:36,212 - WARNING - ⚠️ 주문 고착 감지: 타임아웃 (668초 경과). 주문 취소를 시도합니다.
2026-06-09 10:46:36,213 - INFO - [CANCEL] 주문 취소 요청: 005930, 주문번호: 0000020454
2026-06-09 10:46:37,953 - INFO - 주문 취소 성공! (원주문: 0000020454)
2026-06-09 10:46:38,007 - INFO - 상태 전환 완료: HOLDING
2026-06-09 10:46:45,122 - INFO - 계좌 예수금: 9579172원
2026-06-09 10:46:45,122 - INFO - [005930] 보유: 1주, 매도 가능: 1주, 평단가: 300,000원
2026-06-09 10:46:45,143 - INFO - 미실현 손익: 6,000원 (2.00%), 최고 수익률: 2.50%
2026-06-09 10:46:45,144 - WARNING - 💰 수익 보존 조건 충족 (고점 2.50% -> 현재 2.00%). 이익 확정 권장.
2026-06-09 10:46:45,172 - INFO - 🔥 수익보존(PROFIT_PROTECTION) 실행: 현재가 근처(306,000원)로 즉시 매도 주문 (공격적 하향 보정)
2026-06-09 10:46:45,173 - INFO - [SELL] 주문 요청: 005930, 1주, 306000원
2026-06-09 10:46:45,338 - INFO - 주문 성공! 주문번호: 0000021900
2026-06-09 10:46:45,387 - INFO - 60초 후 다음 확인을 진행합니다. (현재 상태: SELLING)
2026-06-09 10:47:47,692 - INFO - [005930] 현재가: 306500, 고가: 312000, 저가: 300000
2026-06-09 10:47:51,551 - INFO - 계좌 예수금: 9579172원
2026-06-09 10:47:53,955 - INFO - 매도 주문 완료 확인: 상태를 IDLE로 전환합니다.
2026-06-09 10:47:54,040 - INFO - 매수 조건 충족: 현재가(306500) - 오프셋(1750+0) = 304500원 (보수적 하향 보정)
2026-06-09 10:47:54,041 - INFO - [BUY] 주문 요청: 005930, 1주, 304500원
2026-06-09 10:47:55,678 - INFO - 주문 성공! 주문번호: 0000022032
2026-06-09 10:47:55,732 - INFO - 60초 후 다음 확인을 진행합니다. (현재 상태: BUYING)
2026-06-09 10:48:56,201 - INFO - [005930] 현재가: 306500, 고가: 312000, 저가: 300000
2026-06-09 10:48:59,376 - INFO - 계좌 예수금: 9579172원
2026-06-09 10:49:00,025 - INFO - 이미 매수 주문(0000022032)이 진행 중입니다. 체결을 기다립니다.
2026-06-09 10:49:00,026 - INFO - 60초 후 다음 확인을 진행합니다. (현재 상태: BUYING)
2026-06-09 10:50:00,145 - INFO - [005930] 현재가: 306500, 고가: 312000, 저가: 300000
2026-06-09 10:50:04,301 - INFO - 계좌 예수금: 9579172원
2026-06-09 10:50:08,908 - INFO - 이미 매수 주문(0000022032)이 진행 중입니다. 체결을 기다립니다.
2026-06-09 10:50:08,909 - INFO - 60초 후 다음 확인을 진행합니다. (현재 상태: BUYING)
2026-06-09 10:51:09,039 - INFO - [005930] 현재가: 306750, 고가: 312000, 저가: 300000
2026-06-09 10:51:09,039 - WARNING - ⚠️ 주문 고착 감지: 가격 이탈 (현재가:306,750, 목표가:304,500, 차이:2,250). 주문 취소를 시도합니다.
2026-06-09 10:51:09,040 - INFO - [CANCEL] 주문 취소 요청: 005930, 주문번호: 0000022032
2026-06-09 10:51:12,808 - INFO - 주문 취소 성공! (원주문: 0000022032)
2026-06-09 10:51:12,858 - INFO - 상태 전환 완료: IDLE
2026-06-09 10:51:19,628 - INFO - 계좌 예수금: 9579172원
2026-06-09 10:51:21,822 - INFO - 매수 조건 충족: 현재가(306750) - 오프셋(1750+0) = 305000원 (보수적 하향 보정)
2026-06-09 10:51:21,822 - INFO - [BUY] 주문 요청: 005930, 1주, 305000원
2026-06-09 10:51:21,972 - INFO - 주문 성공! 주문번호: 0000022410
2026-06-09 10:51:22,021 - INFO - 60초 후 다음 확인을 진행합니다. (현재 상태: BUYING)
2026-06-09 10:52:24,905 - INFO - [005930] 현재가: 307500, 고가: 312000, 저가: 300000
2026-06-09 10:52:24,905 - WARNING - ⚠️ 주문 고착 감지: 가격 이탈 (현재가:307,500, 목표가:305,000, 차이:2,500). 주문 취소를 시도합니다.
2026-06-09 10:52:24,905 - INFO - [CANCEL] 주문 취소 요청: 005930, 주문번호: 0000022410
2026-06-09 10:52:25,049 - INFO - 주문 취소 성공! (원주문: 0000022410)
2026-06-09 10:52:25,103 - INFO - 상태 전환 완료: IDLE
2026-06-09 10:52:31,971 - INFO - 계좌 예수금: 9579172원
2026-06-09 10:52:35,045 - INFO - 매수 조건 충족: 현재가(307500) - 오프셋(1750+0) = 305500원 (보수적 하향 보정)
2026-06-09 10:52:35,046 - INFO - [BUY] 주문 요청: 005930, 1주, 305500원
2026-06-09 10:52:35,175 - INFO - 주문 성공! 주문번호: 0000022561
2026-06-09 10:52:35,221 - INFO - 60초 후 다음 확인을 진행합니다. (현재 상태: BUYING)
2026-06-09 10:53:35,338 - INFO - [005930] 현재가: 307000, 고가: 312000, 저가: 300000
2026-06-09 10:53:39,454 - INFO - 계좌 예수금: 9579172원
2026-06-09 10:53:39,532 - INFO - 자가 최적화 기록 완료: C:\Users\witpo\OneDrive\바탕 화면\YONSEI\26-1\ECO4126 인공지능과금융공학\open-trading-api\self_optimization_history
2026-06-09 10:53:40,192 - INFO - 이미 매수 주문(0000022561)이 진행 중입니다. 체결을 기다립니다.
2026-06-09 10:53:40,193 - INFO - 60초 후 다음 확인을 진행합니다. (현재 상태: BUYING)
2026-06-09 10:54:40,699 - INFO - [005930] 현재가: 306500, 고가: 312000, 저가: 300000
2026-06-09 10:54:45,591 - INFO - 계좌 예수금: 9579172원
2026-06-09 10:54:46,241 - INFO - 이미 매수 주문(0000022561)이 진행 중입니다. 체결을 기다립니다.
2026-06-09 10:54:46,241 - INFO - 60초 후 다음 확인을 진행합니다. (현재 상태: BUYING)
2026-06-09 10:55:47,053 - INFO - [005930] 현재가: 306250, 고가: 312000, 저가: 300000
2026-06-09 10:55:52,417 - INFO - 계좌 예수금: 9579172원
2026-06-09 10:55:53,065 - ERROR - GET 요청 실패 (FHKST03010100): 500 Server Error: Internal Server Error for url: https://openapivts.koreainvestment.com:29443/uapi/domestic-stock/v1/quotations/inquire-daily-itemchartprice?FID_COND_MRKT_DIV_CODE=J&FID_INPUT_ISCD=005930&FID_PERIOD_DIV_CODE=D&FID_ORG_ADJ_PRC=0
2026-06-09 10:55:53,065 - ERROR - 상세 에러: {"rt_cd":"1","msg1":"초당 거래건수를 초과하였습니다.","msg_cd":"EGW00201","message":"EGW00201"}
2026-06-09 10:55:53,069 - INFO - 이미 매수 주문(0000022561)이 진행 중입니다. 체결을 기다립니다.
2026-06-09 10:55:53,070 - INFO - 60초 후 다음 확인을 진행합니다. (현재 상태: BUYING)
2026-06-09 10:56:53,208 - INFO - [005930] 현재가: 307000, 고가: 312000, 저가: 300000
2026-06-09 10:56:59,249 - INFO - 계좌 예수금: 9579172원
2026-06-09 10:56:59,906 - ERROR - GET 요청 실패 (FHKST03010100): 500 Server Error: Internal Server Error for url: https://openapivts.koreainvestment.com:29443/uapi/domestic-stock/v1/quotations/inquire-daily-itemchartprice?FID_COND_MRKT_DIV_CODE=J&FID_INPUT_ISCD=005930&FID_PERIOD_DIV_CODE=D&FID_ORG_ADJ_PRC=0
2026-06-09 10:56:59,907 - ERROR - 상세 에러: {"rt_cd":"1","msg1":"초당 거래건수를 초과하였습니다.","msg_cd":"EGW00201","message":"EGW00201"}
2026-06-09 10:56:59,910 - INFO - 이미 매수 주문(0000022561)이 진행 중입니다. 체결을 기다립니다.
2026-06-09 10:56:59,910 - INFO - 60초 후 다음 확인을 진행합니다. (현재 상태: BUYING)
2026-06-09 10:58:01,002 - INFO - [005930] 현재가: 306000, 고가: 312000, 저가: 300000
2026-06-09 10:58:03,443 - INFO - 계좌 예수금: 9579172원
2026-06-09 10:58:03,443 - INFO - [005930] 보유: 1주, 매도 가능: 1주, 평단가: 305,500원
2026-06-09 10:58:03,465 - INFO - 미실현 손익: 500원 (0.16%), 최고 수익률: 0.16%
2026-06-09 10:58:03,500 - INFO - 매수 체결 확인 (평단가: 305,500원). 히스토리에 기록합니다.
2026-06-09 10:58:03,545 - INFO - 매도 조건 충족: 평단가(305,500), 현재가(306,000) -> 목표가(308,500원) (보수적 상향 보정)
2026-06-09 10:58:03,546 - INFO - [SELL] 주문 요청: 005930, 1주, 308500원
2026-06-09 10:58:03,672 - INFO - 주문 성공! 주문번호: 0000023167
2026-06-09 10:58:03,728 - INFO - 60초 후 다음 확인을 진행합니다. (현재 상태: SELLING)
2026-06-09 10:59:04,080 - INFO - [005930] 현재가: 307000, 고가: 312000, 저가: 300000
2026-06-09 10:59:09,201 - INFO - 계좌 예수금: 9579172원
2026-06-09 10:59:09,202 - INFO - [005930] 보유: 1주, 매도 가능: 0주, 평단가: 305,500원
2026-06-09 10:59:09,223 - INFO - 미실현 손익: 1,500원 (0.49%), 최고 수익률: 0.49%
2026-06-09 10:59:09,255 - INFO - 보유 수량(1)에 대해 매도 주문(0000023167)이 진행 중입니다.
2026-06-09 10:59:09,256 - INFO - 60초 후 다음 확인을 진행합니다. (현재 상태: SELLING)
2026-06-09 11:00:14,538 - INFO - [005930] 현재가: 307000, 고가: 312000, 저가: 300000
2026-06-09 11:00:23,036 - INFO - 계좌 예수금: 9579172원
2026-06-09 11:00:23,036 - INFO - [005930] 보유: 1주, 매도 가능: 0주, 평단가: 305,500원
2026-06-09 11:00:23,056 - INFO - 미실현 손익: 1,500원 (0.49%), 최고 수익률: 0.49%
2026-06-09 11:00:23,091 - INFO - 보유 수량(1)에 대해 매도 주문(0000023167)이 진행 중입니다.
2026-06-09 11:00:23,092 - INFO - 60초 후 다음 확인을 진행합니다. (현재 상태: SELLING)
2026-06-09 11:01:23,202 - INFO - [005930] 현재가: 306250, 고가: 312000, 저가: 300000
2026-06-09 11:01:23,203 - WARNING - ⚠️ 주문 고착 감지: 가격 이탈 (현재가:306,250, 목표가:308,500, 차이:2,250). 주문 취소를 시도합니다.
2026-06-09 11:01:23,203 - INFO - [CANCEL] 주문 취소 요청: 005930, 주문번호: 0000023167
2026-06-09 11:01:27,346 - INFO - 주문 취소 성공! (원주문: 0000023167)
2026-06-09 11:01:27,400 - INFO - 상태 전환 완료: HOLDING
2026-06-09 11:01:35,438 - INFO - 계좌 예수금: 9579172원
2026-06-09 11:01:35,438 - INFO - [005930] 보유: 1주, 매도 가능: 1주, 평단가: 305,500원
2026-06-09 11:01:35,458 - INFO - 미실현 손익: 750원 (0.25%), 최고 수익률: 0.49%
2026-06-09 11:01:35,488 - INFO - 매도 조건 충족: 평단가(305,500), 현재가(306,250) -> 목표가(308,500원) (보수적 상향 보정)
2026-06-09 11:01:35,488 - INFO - [SELL] 주문 요청: 005930, 1주, 308500원
2026-06-09 11:01:35,643 - INFO - 주문 성공! 주문번호: 0000023547
2026-06-09 11:01:35,692 - INFO - 60초 후 다음 확인을 진행합니다. (현재 상태: SELLING)
2026-06-09 11:02:35,821 - INFO - [005930] 현재가: 306500, 고가: 312000, 저가: 300000
2026-06-09 11:02:39,338 - INFO - 계좌 예수금: 9579172원
2026-06-09 11:02:39,338 - INFO - [005930] 보유: 1주, 매도 가능: 0주, 평단가: 305,500원
2026-06-09 11:02:39,359 - INFO - 미실현 손익: 1,000원 (0.33%), 최고 수익률: 0.49%
2026-06-09 11:02:39,388 - INFO - 보유 수량(1)에 대해 매도 주문(0000023547)이 진행 중입니다.
2026-06-09 11:02:39,388 - INFO - 60초 후 다음 확인을 진행합니다. (현재 상태: SELLING)
2026-06-09 11:03:39,502 - INFO - [005930] 현재가: 306250, 고가: 312000, 저가: 300000
2026-06-09 11:03:39,503 - WARNING - ⚠️ 주문 고착 감지: 가격 이탈 (현재가:306,250, 목표가:308,500, 차이:2,250). 주문 취소를 시도합니다.
2026-06-09 11:03:39,503 - INFO - [CANCEL] 주문 취소 요청: 005930, 주문번호: 0000023547
2026-06-09 11:03:40,031 - INFO - 주문 취소 성공! (원주문: 0000023547)
2026-06-09 11:03:40,070 - INFO - 상태 전환 완료: HOLDING
2026-06-09 11:03:44,467 - INFO - 계좌 예수금: 9579172원
2026-06-09 11:03:44,467 - INFO - [005930] 보유: 1주, 매도 가능: 1주, 평단가: 305,500원
2026-06-09 11:03:44,487 - INFO - 미실현 손익: 750원 (0.25%), 최고 수익률: 0.49%
2026-06-09 11:03:44,516 - INFO - 매도 조건 충족: 평단가(305,500), 현재가(306,250) -> 목표가(308,500원) (보수적 상향 보정)
2026-06-09 11:03:44,516 - INFO - [SELL] 주문 요청: 005930, 1주, 308500원
2026-06-09 11:03:45,638 - INFO - 주문 성공! 주문번호: 0000023790
2026-06-09 11:03:45,681 - INFO - 60초 후 다음 확인을 진행합니다. (현재 상태: SELLING)
2026-06-09 11:04:46,833 - INFO - [005930] 현재가: 306500, 고가: 312000, 저가: 300000
2026-06-09 11:04:51,134 - INFO - 계좌 예수금: 9579172원
2026-06-09 11:04:51,135 - INFO - [005930] 보유: 1주, 매도 가능: 0주, 평단가: 305,500원
2026-06-09 11:04:51,155 - INFO - 미실현 손익: 1,000원 (0.33%), 최고 수익률: 0.49%
2026-06-09 11:04:51,194 - INFO - 보유 수량(1)에 대해 매도 주문(0000023790)이 진행 중입니다.
2026-06-09 11:04:51,195 - INFO - 60초 후 다음 확인을 진행합니다. (현재 상태: SELLING)
2026-06-09 11:05:51,285 - INFO - [005930] 현재가: 306000, 고가: 312000, 저가: 300000
2026-06-09 11:05:51,286 - WARNING - ⚠️ 주문 고착 감지: 가격 이탈 (현재가:306,000, 목표가:308,500, 차이:2,500). 주문 취소를 시도합니다.
2026-06-09 11:05:51,286 - INFO - [CANCEL] 주문 취소 요청: 005930, 주문번호: 0000023790
2026-06-09 11:05:51,818 - ERROR - POST 요청 실패 (VTTC0013U): 500 Server Error: Internal Server Error for url: https://openapivts.koreainvestment.com:29443/uapi/domestic-stock/v1/trading/order-rvsecncl
2026-06-09 11:05:51,819 - ERROR - 상세 에러: {"rt_cd":"1","msg1":"초당 거래건수를 초과하였습니다.","msg_cd":"EGW00201","message":"EGW00201"}
2026-06-09 11:05:51,821 - ERROR - 주문 취소 실패: 응답 없음
2026-06-09 11:05:51,822 - ERROR - 주문 취소 실패. 다음 루프에서 재시도합니다.
2026-06-09 11:05:59,064 - INFO - 계좌 예수금: 9579172원
2026-06-09 11:05:59,064 - INFO - [005930] 보유: 1주, 매도 가능: 0주, 평단가: 305,500원
2026-06-09 11:05:59,085 - INFO - 미실현 손익: 500원 (0.16%), 최고 수익률: 0.49%
2026-06-09 11:05:59,125 - INFO - 보유 수량(1)에 대해 매도 주문(0000023790)이 진행 중입니다.
2026-06-09 11:05:59,126 - INFO - 60초 후 다음 확인을 진행합니다. (현재 상태: SELLING)
2026-06-09 11:06:59,246 - INFO - [005930] 현재가: 305500, 고가: 312000, 저가: 300000
2026-06-09 11:06:59,247 - WARNING - ⚠️ 주문 고착 감지: 가격 이탈 (현재가:305,500, 목표가:308,500, 차이:3,000). 주문 취소를 시도합니다.
2026-06-09 11:06:59,248 - INFO - [CANCEL] 주문 취소 요청: 005930, 주문번호: 0000023790
2026-06-09 11:06:59,720 - ERROR - POST 요청 실패 (VTTC0013U): 500 Server Error: Internal Server Error for url: https://openapivts.koreainvestment.com:29443/uapi/domestic-stock/v1/trading/order-rvsecncl
2026-06-09 11:06:59,721 - ERROR - 상세 에러: {"rt_cd":"1","msg1":"초당 거래건수를 초과하였습니다.","msg_cd":"EGW00201","message":"EGW00201"}
2026-06-09 11:06:59,724 - ERROR - 주문 취소 실패: 응답 없음
2026-06-09 11:06:59,725 - ERROR - 주문 취소 실패. 다음 루프에서 재시도합니다.
2026-06-09 11:07:05,489 - INFO - 계좌 예수금: 9579172원
2026-06-09 11:07:05,489 - INFO - [005930] 보유: 1주, 매도 가능: 0주, 평단가: 305,500원
2026-06-09 11:07:05,511 - INFO - 미실현 손익: 0원 (0.00%), 최고 수익률: 0.49%
2026-06-09 11:07:05,544 - INFO - 보유 수량(1)에 대해 매도 주문(0000023790)이 진행 중입니다.
2026-06-09 11:07:05,544 - INFO - 60초 후 다음 확인을 진행합니다. (현재 상태: SELLING)
2026-06-09 11:08:05,687 - INFO - [005930] 현재가: 305500, 고가: 312000, 저가: 300000
2026-06-09 11:08:05,688 - WARNING - ⚠️ 주문 고착 감지: 가격 이탈 (현재가:305,500, 목표가:308,500, 차이:3,000). 주문 취소를 시도합니다.
2026-06-09 11:08:05,688 - INFO - [CANCEL] 주문 취소 요청: 005930, 주문번호: 0000023790
2026-06-09 11:08:07,854 - INFO - 주문 취소 성공! (원주문: 0000023790)
2026-06-09 11:08:07,902 - INFO - 상태 전환 완료: HOLDING
2026-06-09 11:08:13,589 - INFO - 계좌 예수금: 9579172원
2026-06-09 11:08:13,590 - INFO - [005930] 보유: 1주, 매도 가능: 1주, 평단가: 305,500원
2026-06-09 11:08:13,610 - INFO - 미실현 손익: 0원 (0.00%), 최고 수익률: 0.49%
2026-06-09 11:08:13,638 - INFO - 매도 조건 충족: 평단가(305,500), 현재가(305,500) -> 목표가(308,000원) (보수적 상향 보정)
2026-06-09 11:08:13,638 - INFO - [SELL] 주문 요청: 005930, 1주, 308000원
2026-06-09 11:08:13,796 - INFO - 주문 성공! 주문번호: 0000024278
2026-06-09 11:08:13,844 - INFO - 60초 후 다음 확인을 진행합니다. (현재 상태: SELLING)
2026-06-09 11:09:13,944 - INFO - [005930] 현재가: 306250, 고가: 312000, 저가: 300000
2026-06-09 11:09:17,593 - INFO - 계좌 예수금: 9579172원
2026-06-09 11:09:17,594 - INFO - [005930] 보유: 1주, 매도 가능: 0주, 평단가: 305,500원
2026-06-09 11:09:17,612 - INFO - 미실현 손익: 750원 (0.25%), 최고 수익률: 0.49%
2026-06-09 11:09:17,649 - INFO - 보유 수량(1)에 대해 매도 주문(0000024278)이 진행 중입니다.
2026-06-09 11:09:17,649 - INFO - 60초 후 다음 확인을 진행합니다. (현재 상태: SELLING)
2026-06-09 11:10:19,856 - INFO - [005930] 현재가: 305500, 고가: 312000, 저가: 300000
2026-06-09 11:10:19,857 - WARNING - ⚠️ 주문 고착 감지: 가격 이탈 (현재가:305,500, 목표가:308,000, 차이:2,500). 주문 취소를 시도합니다.
2026-06-09 11:10:19,857 - INFO - [CANCEL] 주문 취소 요청: 005930, 주문번호: 0000024278
2026-06-09 11:10:21,188 - INFO - 주문 취소 성공! (원주문: 0000024278)
2026-06-09 11:10:21,239 - INFO - 상태 전환 완료: HOLDING
2026-06-09 11:10:27,537 - INFO - 계좌 예수금: 9579172원
2026-06-09 11:10:27,537 - INFO - [005930] 보유: 1주, 매도 가능: 1주, 평단가: 305,500원
2026-06-09 11:10:27,557 - INFO - 미실현 손익: 0원 (0.00%), 최고 수익률: 0.49%
2026-06-09 11:10:27,586 - INFO - 매도 조건 충족: 평단가(305,500), 현재가(305,500) -> 목표가(308,000원) (보수적 상향 보정)
2026-06-09 11:10:27,586 - INFO - [SELL] 주문 요청: 005930, 1주, 308000원
2026-06-09 11:10:28,048 - INFO - 주문 성공! 주문번호: 0000024513
2026-06-09 11:10:28,105 - INFO - 60초 후 다음 확인을 진행합니다. (현재 상태: SELLING)
2026-06-09 11:11:32,872 - INFO - [005930] 현재가: 306000, 고가: 312000, 저가: 300000
2026-06-09 11:11:42,294 - INFO - 계좌 예수금: 9579172원
2026-06-09 11:11:42,294 - INFO - [005930] 보유: 1주, 매도 가능: 0주, 평단가: 305,500원
2026-06-09 11:11:42,313 - INFO - 미실현 손익: 500원 (0.16%), 최고 수익률: 0.49%
2026-06-09 11:11:42,343 - INFO - 보유 수량(1)에 대해 매도 주문(0000024513)이 진행 중입니다.
2026-06-09 11:11:42,343 - INFO - 60초 후 다음 확인을 진행합니다. (현재 상태: SELLING)
2026-06-09 11:12:42,477 - INFO - [005930] 현재가: 306500, 고가: 312000, 저가: 300000
2026-06-09 11:12:47,348 - INFO - 계좌 예수금: 9579172원
2026-06-09 11:12:47,349 - INFO - [005930] 보유: 1주, 매도 가능: 0주, 평단가: 305,500원
2026-06-09 11:12:47,370 - INFO - 미실현 손익: 1,000원 (0.33%), 최고 수익률: 0.49%
2026-06-09 11:12:47,402 - INFO - 보유 수량(1)에 대해 매도 주문(0000024513)이 진행 중입니다.
2026-06-09 11:12:47,402 - INFO - 60초 후 다음 확인을 진행합니다. (현재 상태: SELLING)
2026-06-09 11:13:48,456 - INFO - [005930] 현재가: 306000, 고가: 312000, 저가: 300000
2026-06-09 11:13:53,075 - INFO - 계좌 예수금: 9579172원
2026-06-09 11:13:53,076 - INFO - [005930] 보유: 1주, 매도 가능: 0주, 평단가: 305,500원
2026-06-09 11:13:53,093 - INFO - 미실현 손익: 500원 (0.16%), 최고 수익률: 0.49%
2026-06-09 11:13:53,116 - INFO - 보유 수량(1)에 대해 매도 주문(0000024513)이 진행 중입니다.
2026-06-09 11:13:53,117 - INFO - 60초 후 다음 확인을 진행합니다. (현재 상태: SELLING)
2026-06-09 11:14:53,218 - INFO - [005930] 현재가: 306750, 고가: 312000, 저가: 300000
2026-06-09 11:14:58,606 - INFO - 계좌 예수금: 9579172원
2026-06-09 11:14:58,606 - INFO - [005930] 보유: 1주, 매도 가능: 0주, 평단가: 305,500원
2026-06-09 11:14:58,625 - INFO - 미실현 손익: 1,250원 (0.41%), 최고 수익률: 0.49%
2026-06-09 11:14:58,658 - INFO - 보유 수량(1)에 대해 매도 주문(0000024513)이 진행 중입니다.
2026-06-09 11:14:58,659 - INFO - 60초 후 다음 확인을 진행합니다. (현재 상태: SELLING)
2026-06-09 11:16:02,101 - INFO - [005930] 현재가: 306500, 고가: 312000, 저가: 300000
2026-06-09 11:16:06,090 - INFO - 계좌 예수금: 9579172원
2026-06-09 11:16:06,090 - INFO - [005930] 보유: 1주, 매도 가능: 0주, 평단가: 305,500원
2026-06-09 11:16:06,110 - INFO - 미실현 손익: 1,000원 (0.33%), 최고 수익률: 0.49%
2026-06-09 11:16:06,139 - INFO - 보유 수량(1)에 대해 매도 주문(0000024513)이 진행 중입니다.
2026-06-09 11:16:06,139 - INFO - 60초 후 다음 확인을 진행합니다. (현재 상태: SELLING)
2026-06-09 11:17:06,249 - INFO - [005930] 현재가: 305500, 고가: 312000, 저가: 300000
2026-06-09 11:17:06,250 - WARNING - ⚠️ 주문 고착 감지: 가격 이탈 (현재가:305,500, 목표가:308,000, 차이:2,500). 주문 취소를 시도합니다.
2026-06-09 11:17:06,250 - INFO - [CANCEL] 주문 취소 요청: 005930, 주문번호: 0000024513
2026-06-09 11:17:06,734 - ERROR - POST 요청 실패 (VTTC0013U): 500 Server Error: Internal Server Error for url: https://openapivts.koreainvestment.com:29443/uapi/domestic-stock/v1/trading/order-rvsecncl
2026-06-09 11:17:06,735 - ERROR - 상세 에러: {"rt_cd":"1","msg1":"초당 거래건수를 초과하였습니다.","msg_cd":"EGW00201","message":"EGW00201"}
2026-06-09 11:17:06,738 - ERROR - 주문 취소 실패: 응답 없음
2026-06-09 11:17:06,738 - ERROR - 주문 취소 실패. 다음 루프에서 재시도합니다.
2026-06-09 11:17:12,961 - INFO - 계좌 예수금: 9579172원
2026-06-09 11:17:12,961 - INFO - [005930] 보유: 1주, 매도 가능: 0주, 평단가: 305,500원
2026-06-09 11:17:12,982 - INFO - 미실현 손익: 0원 (0.00%), 최고 수익률: 0.49%
2026-06-09 11:17:13,013 - INFO - 보유 수량(1)에 대해 매도 주문(0000024513)이 진행 중입니다.
2026-06-09 11:17:13,014 - INFO - 60초 후 다음 확인을 진행합니다. (현재 상태: SELLING)
2026-06-09 11:18:14,712 - INFO - [005930] 현재가: 306000, 고가: 312000, 저가: 300000
2026-06-09 11:18:21,066 - INFO - 계좌 예수금: 9579172원
2026-06-09 11:18:21,067 - INFO - [005930] 보유: 1주, 매도 가능: 0주, 평단가: 305,500원
2026-06-09 11:18:21,087 - INFO - 미실현 손익: 500원 (0.16%), 최고 수익률: 0.49%
2026-06-09 11:18:21,118 - INFO - 보유 수량(1)에 대해 매도 주문(0000024513)이 진행 중입니다.
2026-06-09 11:18:21,119 - INFO - 60초 후 다음 확인을 진행합니다. (현재 상태: SELLING)
2026-06-09 11:19:22,503 - INFO - [005930] 현재가: 305750, 고가: 312000, 저가: 300000
2026-06-09 11:19:22,504 - WARNING - ⚠️ 주문 고착 감지: 가격 이탈 (현재가:305,750, 목표가:308,000, 차이:2,250). 주문 취소를 시도합니다.
2026-06-09 11:19:22,504 - INFO - [CANCEL] 주문 취소 요청: 005930, 주문번호: 0000024513
2026-06-09 11:19:23,630 - INFO - 주문 취소 성공! (원주문: 0000024513)
2026-06-09 11:19:23,679 - INFO - 상태 전환 완료: HOLDING
2026-06-09 11:19:28,442 - INFO - 계좌 예수금: 9579172원
2026-06-09 11:19:28,443 - INFO - [005930] 보유: 1주, 매도 가능: 1주, 평단가: 305,500원
2026-06-09 11:19:28,463 - INFO - 미실현 손익: 250원 (0.08%), 최고 수익률: 0.49%
2026-06-09 11:19:28,497 - INFO - 매도 조건 충족: 평단가(305,500), 현재가(305,750) -> 목표가(308,000원) (보수적 상향 보정)
2026-06-09 11:19:28,497 - INFO - [SELL] 주문 요청: 005930, 1주, 308000원
2026-06-09 11:19:28,635 - INFO - 주문 성공! 주문번호: 0000025376
2026-06-09 11:19:28,697 - INFO - 자가 최적화 기록 완료: C:\Users\witpo\OneDrive\바탕 화면\YONSEI\26-1\ECO4126 인공지능과금융공학\open-trading-api\self_optimization_history
2026-06-09 11:19:28,723 - INFO - 60초 후 다음 확인을 진행합니다. (현재 상태: SELLING)
2026-06-09 11:20:31,833 - INFO - [005930] 현재가: 305500, 고가: 312000, 저가: 300000
2026-06-09 11:20:31,833 - WARNING - ⚠️ 주문 고착 감지: 가격 이탈 (현재가:305,500, 목표가:308,000, 차이:2,500). 주문 취소를 시도합니다.
2026-06-09 11:20:31,834 - INFO - [CANCEL] 주문 취소 요청: 005930, 주문번호: 0000025376
2026-06-09 11:20:36,337 - INFO - 주문 취소 성공! (원주문: 0000025376)
2026-06-09 11:20:36,385 - INFO - 상태 전환 완료: HOLDING
2026-06-09 11:20:40,845 - INFO - 계좌 예수금: 9579172원
2026-06-09 11:20:40,845 - INFO - [005930] 보유: 1주, 매도 가능: 1주, 평단가: 305,500원
2026-06-09 11:20:40,866 - INFO - 미실현 손익: 0원 (0.00%), 최고 수익률: 0.49%
2026-06-09 11:20:40,894 - INFO - 매도 조건 충족: 평단가(305,500), 현재가(305,500) -> 목표가(307,500원) (보수적 상향 보정)
2026-06-09 11:20:40,895 - INFO - [SELL] 주문 요청: 005930, 1주, 307500원
2026-06-09 11:20:41,019 - INFO - 주문 성공! 주문번호: 0000025475
2026-06-09 11:20:41,062 - INFO - 60초 후 다음 확인을 진행합니다. (현재 상태: SELLING)
2026-06-09 11:21:41,180 - INFO - [005930] 현재가: 305500, 고가: 312000, 저가: 300000
2026-06-09 11:21:45,871 - INFO - 계좌 예수금: 9579172원
2026-06-09 11:21:45,872 - INFO - [005930] 보유: 1주, 매도 가능: 0주, 평단가: 305,500원
2026-06-09 11:21:45,891 - INFO - 미실현 손익: 0원 (0.00%), 최고 수익률: 0.49%
2026-06-09 11:21:45,921 - INFO - 보유 수량(1)에 대해 매도 주문(0000025475)이 진행 중입니다.
2026-06-09 11:21:45,922 - INFO - 60초 후 다음 확인을 진행합니다. (현재 상태: SELLING)
2026-06-09 11:22:46,025 - INFO - [005930] 현재가: 305250, 고가: 312000, 저가: 300000
2026-06-09 11:22:46,026 - WARNING - ⚠️ 주문 고착 감지: 가격 이탈 (현재가:305,250, 목표가:307,500, 차이:2,250). 주문 취소를 시도합니다.
2026-06-09 11:22:46,026 - INFO - [CANCEL] 주문 취소 요청: 005930, 주문번호: 0000025475
2026-06-09 11:22:46,561 - INFO - 주문 취소 성공! (원주문: 0000025475)
2026-06-09 11:22:46,607 - INFO - 상태 전환 완료: HOLDING
2026-06-09 11:22:51,821 - INFO - 계좌 예수금: 9579172원
2026-06-09 11:22:51,821 - INFO - [005930] 보유: 1주, 매도 가능: 1주, 평단가: 305,500원
2026-06-09 11:22:51,841 - INFO - 미실현 손익: -250원 (-0.08%), 최고 수익률: 0.49%
2026-06-09 11:22:51,870 - INFO - 매도 조건 충족: 평단가(305,500), 현재가(305,250) -> 목표가(307,500원) (보수적 상향 보정)
2026-06-09 11:22:51,870 - INFO - [SELL] 주문 요청: 005930, 1주, 307500원
2026-06-09 11:22:52,015 - INFO - 주문 성공! 주문번호: 0000025670
2026-06-09 11:22:52,061 - INFO - 60초 후 다음 확인을 진행합니다. (현재 상태: SELLING)
2026-06-09 11:23:52,155 - INFO - [005930] 현재가: 305250, 고가: 312000, 저가: 300000
2026-06-09 11:23:52,155 - WARNING - ⚠️ 주문 고착 감지: 가격 이탈 (현재가:305,250, 목표가:307,500, 차이:2,250). 주문 취소를 시도합니다.
2026-06-09 11:23:52,156 - INFO - [CANCEL] 주문 취소 요청: 005930, 주문번호: 0000025670
2026-06-09 11:23:52,727 - INFO - 주문 취소 성공! (원주문: 0000025670)
2026-06-09 11:23:52,772 - INFO - 상태 전환 완료: HOLDING
2026-06-09 11:23:56,848 - INFO - 계좌 예수금: 9579172원
2026-06-09 11:23:56,849 - INFO - [005930] 보유: 1주, 매도 가능: 1주, 평단가: 305,500원
2026-06-09 11:23:56,868 - INFO - 미실현 손익: -250원 (-0.08%), 최고 수익률: 0.49%
2026-06-09 11:23:56,898 - INFO - 매도 조건 충족: 평단가(305,500), 현재가(305,250) -> 목표가(307,500원) (보수적 상향 보정)
2026-06-09 11:23:56,899 - INFO - [SELL] 주문 요청: 005930, 1주, 307500원
2026-06-09 11:23:57,041 - INFO - 주문 성공! 주문번호: 0000025767
2026-06-09 11:23:57,086 - INFO - 60초 후 다음 확인을 진행합니다. (현재 상태: SELLING)
2026-06-09 11:24:57,473 - INFO - [005930] 현재가: 305250, 고가: 312000, 저가: 300000
2026-06-09 11:24:57,474 - WARNING - ⚠️ 주문 고착 감지: 가격 이탈 (현재가:305,250, 목표가:307,500, 차이:2,250). 주문 취소를 시도합니다.
2026-06-09 11:24:57,474 - INFO - [CANCEL] 주문 취소 요청: 005930, 주문번호: 0000025767
2026-06-09 11:24:58,804 - INFO - 주문 취소 성공! (원주문: 0000025767)
2026-06-09 11:24:58,847 - INFO - 상태 전환 완료: HOLDING
2026-06-09 11:25:04,334 - INFO - 계좌 예수금: 9579172원
2026-06-09 11:25:04,334 - INFO - [005930] 보유: 1주, 매도 가능: 1주, 평단가: 305,500원
2026-06-09 11:25:04,354 - INFO - 미실현 손익: -250원 (-0.08%), 최고 수익률: 0.49%
2026-06-09 11:25:04,383 - INFO - 매도 조건 충족: 평단가(305,500), 현재가(305,250) -> 목표가(307,500원) (보수적 상향 보정)
2026-06-09 11:25:04,383 - INFO - [SELL] 주문 요청: 005930, 1주, 307500원
2026-06-09 11:25:04,552 - INFO - 주문 성공! 주문번호: 0000025884
2026-06-09 11:25:04,598 - INFO - 60초 후 다음 확인을 진행합니다. (현재 상태: SELLING)
2026-06-09 11:26:04,740 - INFO - [005930] 현재가: 304500, 고가: 312000, 저가: 300000
2026-06-09 11:26:04,741 - WARNING - ⚠️ 주문 고착 감지: 가격 이탈 (현재가:304,500, 목표가:307,500, 차이:3,000). 주문 취소를 시도합니다.
2026-06-09 11:26:04,741 - INFO - [CANCEL] 주문 취소 요청: 005930, 주문번호: 0000025884
2026-06-09 11:26:09,259 - INFO - 주문 취소 성공! (원주문: 0000025884)
2026-06-09 11:26:09,308 - INFO - 상태 전환 완료: HOLDING
2026-06-09 11:26:12,882 - INFO - 계좌 예수금: 9579172원
2026-06-09 11:26:12,883 - INFO - [005930] 보유: 1주, 매도 가능: 1주, 평단가: 305,500원
2026-06-09 11:26:12,904 - INFO - 미실현 손익: -1,000원 (-0.33%), 최고 수익률: 0.49%
2026-06-09 11:26:12,933 - INFO - 매도 조건 충족: 평단가(305,500), 현재가(304,500) -> 목표가(307,500원) (보수적 상향 보정)
2026-06-09 11:26:12,934 - INFO - [SELL] 주문 요청: 005930, 1주, 307500원
2026-06-09 11:26:13,085 - INFO - 주문 성공! 주문번호: 0000025992
2026-06-09 11:26:13,131 - INFO - 60초 후 다음 확인을 진행합니다. (현재 상태: SELLING)
2026-06-09 11:27:15,516 - INFO - [005930] 현재가: 304000, 고가: 312000, 저가: 300000
2026-06-09 11:27:15,517 - WARNING - ⚠️ 주문 고착 감지: 가격 이탈 (현재가:304,000, 목표가:307,500, 차이:3,500). 주문 취소를 시도합니다.
2026-06-09 11:27:15,517 - INFO - [CANCEL] 주문 취소 요청: 005930, 주문번호: 0000025992
2026-06-09 11:27:15,687 - INFO - 주문 취소 성공! (원주문: 0000025992)
2026-06-09 11:27:15,731 - INFO - 상태 전환 완료: HOLDING
2026-06-09 11:27:23,708 - INFO - 계좌 예수금: 9579172원
2026-06-09 11:27:23,709 - INFO - [005930] 보유: 1주, 매도 가능: 1주, 평단가: 305,500원
2026-06-09 11:27:23,730 - INFO - 미실현 손익: -1,500원 (-0.49%), 최고 수익률: 0.49%
2026-06-09 11:27:23,761 - INFO - 매도 조건 충족: 평단가(305,500), 현재가(304,000) -> 목표가(307,500원) (보수적 상향 보정)
2026-06-09 11:27:23,762 - INFO - [SELL] 주문 요청: 005930, 1주, 307500원
2026-06-09 11:27:25,348 - INFO - 주문 성공! 주문번호: 0000026151
2026-06-09 11:27:25,393 - INFO - 60초 후 다음 확인을 진행합니다. (현재 상태: SELLING)
2026-06-09 11:28:25,499 - INFO - [005930] 현재가: 305000, 고가: 312000, 저가: 300000
2026-06-09 11:28:25,500 - WARNING - ⚠️ 주문 고착 감지: 가격 이탈 (현재가:305,000, 목표가:307,500, 차이:2,500). 주문 취소를 시도합니다.
2026-06-09 11:28:25,500 - INFO - [CANCEL] 주문 취소 요청: 005930, 주문번호: 0000026151
2026-06-09 11:28:26,018 - ERROR - POST 요청 실패 (VTTC0013U): 500 Server Error: Internal Server Error for url: https://openapivts.koreainvestment.com:29443/uapi/domestic-stock/v1/trading/order-rvsecncl
2026-06-09 11:28:26,019 - ERROR - 상세 에러: {"rt_cd":"1","msg1":"초당 거래건수를 초과하였습니다.","msg_cd":"EGW00201","message":"EGW00201"}
2026-06-09 11:28:26,023 - ERROR - 주문 취소 실패: 응답 없음
2026-06-09 11:28:26,024 - ERROR - 주문 취소 실패. 다음 루프에서 재시도합니다.
2026-06-09 11:28:32,730 - INFO - 계좌 예수금: 9579172원
2026-06-09 11:28:32,730 - INFO - [005930] 보유: 1주, 매도 가능: 0주, 평단가: 305,500원
2026-06-09 11:28:32,750 - INFO - 미실현 손익: -500원 (-0.16%), 최고 수익률: 0.49%
2026-06-09 11:28:32,781 - INFO - 보유 수량(1)에 대해 매도 주문(0000026151)이 진행 중입니다.
2026-06-09 11:28:32,781 - INFO - 60초 후 다음 확인을 진행합니다. (현재 상태: SELLING)
2026-06-09 11:29:34,276 - INFO - [005930] 현재가: 305500, 고가: 312000, 저가: 300000
2026-06-09 11:29:36,733 - INFO - 계좌 예수금: 9579172원
2026-06-09 11:29:36,733 - INFO - [005930] 보유: 1주, 매도 가능: 0주, 평단가: 305,500원
2026-06-09 11:29:36,753 - INFO - 미실현 손익: 0원 (0.00%), 최고 수익률: 0.49%
2026-06-09 11:29:36,784 - INFO - 보유 수량(1)에 대해 매도 주문(0000026151)이 진행 중입니다.
2026-06-09 11:29:36,784 - INFO - 60초 후 다음 확인을 진행합니다. (현재 상태: SELLING)
2026-06-09 11:30:41,453 - INFO - [005930] 현재가: 306000, 고가: 312000, 저가: 300000
2026-06-09 11:30:50,056 - INFO - 계좌 예수금: 9579172원
2026-06-09 11:30:50,057 - INFO - [005930] 보유: 1주, 매도 가능: 0주, 평단가: 305,500원
2026-06-09 11:30:50,077 - INFO - 미실현 손익: 500원 (0.16%), 최고 수익률: 0.49%
2026-06-09 11:30:50,110 - INFO - 보유 수량(1)에 대해 매도 주문(0000026151)이 진행 중입니다.
2026-06-09 11:30:50,111 - INFO - 60초 후 다음 확인을 진행합니다. (현재 상태: SELLING)
2026-06-09 11:31:50,221 - INFO - [005930] 현재가: 305500, 고가: 312000, 저가: 300000
2026-06-09 11:31:54,981 - INFO - 계좌 예수금: 9579172원
2026-06-09 11:31:54,981 - INFO - [005930] 보유: 1주, 매도 가능: 0주, 평단가: 305,500원
2026-06-09 11:31:55,004 - INFO - 미실현 손익: 0원 (0.00%), 최고 수익률: 0.49%
2026-06-09 11:31:55,039 - INFO - 보유 수량(1)에 대해 매도 주문(0000026151)이 진행 중입니다.
2026-06-09 11:31:55,039 - INFO - 60초 후 다음 확인을 진행합니다. (현재 상태: SELLING)
2026-06-09 11:32:55,130 - INFO - [005930] 현재가: 306500, 고가: 312000, 저가: 300000
2026-06-09 11:32:58,268 - INFO - 계좌 예수금: 9579172원
2026-06-09 11:32:58,269 - INFO - [005930] 보유: 1주, 매도 가능: 0주, 평단가: 305,500원
2026-06-09 11:32:58,291 - INFO - 미실현 손익: 1,000원 (0.33%), 최고 수익률: 0.49%
2026-06-09 11:32:58,325 - INFO - 보유 수량(1)에 대해 매도 주문(0000026151)이 진행 중입니다.
2026-06-09 11:32:58,326 - INFO - 60초 후 다음 확인을 진행합니다. (현재 상태: SELLING)
2026-06-09 11:33:58,790 - INFO - [005930] 현재가: 306250, 고가: 312000, 저가: 300000
2026-06-09 11:34:03,910 - INFO - 계좌 예수금: 9579172원
2026-06-09 11:34:03,911 - INFO - [005930] 보유: 1주, 매도 가능: 0주, 평단가: 305,500원
2026-06-09 11:34:03,930 - INFO - 미실현 손익: 750원 (0.25%), 최고 수익률: 0.49%
2026-06-09 11:34:03,960 - INFO - 보유 수량(1)에 대해 매도 주문(0000026151)이 진행 중입니다.
2026-06-09 11:34:03,961 - INFO - 60초 후 다음 확인을 진행합니다. (현재 상태: SELLING)
2026-06-09 11:35:07,403 - INFO - [005930] 현재가: 306500, 고가: 312000, 저가: 300000
2026-06-09 11:35:17,232 - INFO - 계좌 예수금: 9579172원
2026-06-09 11:35:17,233 - INFO - [005930] 보유: 1주, 매도 가능: 0주, 평단가: 305,500원
2026-06-09 11:35:17,253 - INFO - 미실현 손익: 1,000원 (0.33%), 최고 수익률: 0.49%
2026-06-09 11:35:17,287 - INFO - 보유 수량(1)에 대해 매도 주문(0000026151)이 진행 중입니다.
2026-06-09 11:35:17,288 - INFO - 60초 후 다음 확인을 진행합니다. (현재 상태: SELLING)
2026-06-09 11:36:19,290 - INFO - [005930] 현재가: 305000, 고가: 312000, 저가: 300000
2026-06-09 11:36:19,291 - WARNING - ⚠️ 주문 고착 감지: 가격 이탈 (현재가:305,000, 목표가:307,500, 차이:2,500). 주문 취소를 시도합니다.
2026-06-09 11:36:19,291 - INFO - [CANCEL] 주문 취소 요청: 005930, 주문번호: 0000026151
2026-06-09 11:36:19,652 - INFO - 주문 취소 성공! (원주문: 0000026151)
2026-06-09 11:36:19,700 - INFO - 상태 전환 완료: HOLDING
2026-06-09 11:36:24,513 - INFO - 계좌 예수금: 9579172원
2026-06-09 11:36:24,514 - INFO - [005930] 보유: 1주, 매도 가능: 1주, 평단가: 305,500원
2026-06-09 11:36:24,533 - INFO - 미실현 손익: -500원 (-0.16%), 최고 수익률: 0.49%
2026-06-09 11:36:24,562 - INFO - 매도 조건 충족: 평단가(305,500), 현재가(305,000) -> 목표가(307,500원) (보수적 상향 보정)
2026-06-09 11:36:24,563 - INFO - [SELL] 주문 요청: 005930, 1주, 307500원
2026-06-09 11:36:24,713 - INFO - 주문 성공! 주문번호: 0000026904
2026-06-09 11:36:24,760 - INFO - 60초 후 다음 확인을 진행합니다. (현재 상태: SELLING)
2026-06-09 11:37:24,868 - INFO - [005930] 현재가: 305250, 고가: 312000, 저가: 300000
2026-06-09 11:37:24,869 - WARNING - ⚠️ 주문 고착 감지: 가격 이탈 (현재가:305,250, 목표가:307,500, 차이:2,250). 주문 취소를 시도합니다.
2026-06-09 11:37:24,869 - INFO - [CANCEL] 주문 취소 요청: 005930, 주문번호: 0000026904
2026-06-09 11:37:25,418 - INFO - 주문 취소 성공! (원주문: 0000026904)
2026-06-09 11:37:25,463 - INFO - 상태 전환 완료: HOLDING
2026-06-09 11:37:28,414 - INFO - 계좌 예수금: 9579172원
2026-06-09 11:37:28,415 - INFO - [005930] 보유: 1주, 매도 가능: 1주, 평단가: 305,500원
2026-06-09 11:37:28,434 - INFO - 미실현 손익: -250원 (-0.08%), 최고 수익률: 0.49%
2026-06-09 11:37:28,462 - INFO - 매도 조건 충족: 평단가(305,500), 현재가(305,250) -> 목표가(307,500원) (보수적 상향 보정)
2026-06-09 11:37:28,463 - INFO - [SELL] 주문 요청: 005930, 1주, 307500원
2026-06-09 11:37:28,604 - INFO - 주문 성공! 주문번호: 0000026985
2026-06-09 11:37:28,648 - INFO - 60초 후 다음 확인을 진행합니다. (현재 상태: SELLING)
2026-06-09 11:38:28,749 - INFO - [005930] 현재가: 305250, 고가: 312000, 저가: 300000
2026-06-09 11:38:28,750 - WARNING - ⚠️ 주문 고착 감지: 가격 이탈 (현재가:305,250, 목표가:307,500, 차이:2,250). 주문 취소를 시도합니다.
2026-06-09 11:38:28,750 - INFO - [CANCEL] 주문 취소 요청: 005930, 주문번호: 0000026985
2026-06-09 11:38:29,288 - INFO - 주문 취소 성공! (원주문: 0000026985)
2026-06-09 11:38:29,336 - INFO - 상태 전환 완료: HOLDING
2026-06-09 11:38:31,190 - INFO - 계좌 예수금: 9579172원
2026-06-09 11:38:31,190 - INFO - [005930] 보유: 1주, 매도 가능: 1주, 평단가: 305,500원
2026-06-09 11:38:31,210 - INFO - 미실현 손익: -250원 (-0.08%), 최고 수익률: 0.49%
2026-06-09 11:38:31,238 - INFO - 매도 조건 충족: 평단가(305,500), 현재가(305,250) -> 목표가(307,500원) (보수적 상향 보정)
2026-06-09 11:38:31,238 - INFO - [SELL] 주문 요청: 005930, 1주, 307500원
2026-06-09 11:38:31,389 - INFO - 주문 성공! 주문번호: 0000027057
2026-06-09 11:38:31,436 - INFO - 60초 후 다음 확인을 진행합니다. (현재 상태: SELLING)
2026-06-09 11:39:31,534 - INFO - [005930] 현재가: 305000, 고가: 312000, 저가: 300000
2026-06-09 11:39:31,534 - WARNING - ⚠️ 주문 고착 감지: 가격 이탈 (현재가:305,000, 목표가:307,500, 차이:2,500). 주문 취소를 시도합니다.
2026-06-09 11:39:31,535 - INFO - [CANCEL] 주문 취소 요청: 005930, 주문번호: 0000027057
2026-06-09 11:39:32,073 - INFO - 주문 취소 성공! (원주문: 0000027057)
2026-06-09 11:39:32,122 - INFO - 상태 전환 완료: HOLDING
2026-06-09 11:39:35,706 - INFO - 계좌 예수금: 9579172원
2026-06-09 11:39:35,707 - INFO - [005930] 보유: 1주, 매도 가능: 1주, 평단가: 305,500원
2026-06-09 11:39:35,729 - INFO - 미실현 손익: -500원 (-0.16%), 최고 수익률: 0.49%
2026-06-09 11:39:35,780 - INFO - 자가 최적화 기록 완료: C:\Users\witpo\OneDrive\바탕 화면\YONSEI\26-1\ECO4126 인공지능과금융공학\open-trading-api\self_optimization_history
2026-06-09 11:39:35,781 - INFO - 매도 조건 충족: 평단가(305,500), 현재가(305,000) -> 목표가(307,500원) (보수적 상향 보정)
2026-06-09 11:39:35,782 - INFO - [SELL] 주문 요청: 005930, 1주, 307500원
2026-06-09 11:39:35,911 - INFO - 주문 성공! 주문번호: 0000027159
2026-06-09 11:39:35,980 - INFO - 60초 후 다음 확인을 진행합니다. (현재 상태: SELLING)
2026-06-09 11:40:36,085 - INFO - [005930] 현재가: 305500, 고가: 312000, 저가: 300000
2026-06-09 11:40:37,180 - ERROR - GET 요청 실패 (VTTC8434R): 500 Server Error: Internal Server Error for url: https://openapivts.koreainvestment.com:29443/uapi/domestic-stock/v1/trading/inquire-balance?CANO=50174003&ACNT_PRDT_CD=01&AFHR_FLPR_YN=N&OFL_YN=&INQR_DVSN=02&UNPR_DVSN=01&FUND_STTL_ICLD_YN=N&FNCG_AMT_AUTO_RDPT_YN=N&PRCS_DVSN=00&CTX_AREA_FK100=&CTX_AREA_NK100=
2026-06-09 11:40:37,180 - ERROR - 상세 에러: {"rt_cd":"1","msg1":"원장에서 허용 가능한 초당 거래건수를 초과하였습니다.","msg_cd":"EGW00201"}
2026-06-09 11:40:37,183 - ERROR - 잔고 조회 실패
2026-06-09 11:40:38,184 - ERROR - GET 요청 실패 (FHKST03010100): 500 Server Error: Internal Server Error for url: https://openapivts.koreainvestment.com:29443/uapi/domestic-stock/v1/quotations/inquire-daily-itemchartprice?FID_COND_MRKT_DIV_CODE=J&FID_INPUT_ISCD=005930&FID_PERIOD_DIV_CODE=D&FID_ORG_ADJ_PRC=0
2026-06-09 11:40:38,184 - ERROR - 상세 에러: {"rt_cd":"1","msg1":"초당 거래건수를 초과하였습니다.","msg_cd":"EGW00201","message":"EGW00201"}
2026-06-09 11:40:38,205 - INFO - 매도 주문 완료 확인: 상태를 IDLE로 전환합니다.
2026-06-09 11:40:38,271 - WARNING - 예수금 부족으로 매수 불가 (예수금: 0원, 필요: 303000원)
2026-06-09 11:40:38,272 - INFO - 60초 후 다음 확인을 진행합니다. (현재 상태: IDLE)
2026-06-09 11:41:38,373 - INFO - [005930] 현재가: 305750, 고가: 312000, 저가: 300000
2026-06-09 11:41:40,126 - INFO - 계좌 예수금: 9579172원
2026-06-09 11:41:40,127 - INFO - [005930] 보유: 1주, 매도 가능: 0주, 평단가: 305,500원
2026-06-09 11:41:40,146 - INFO - 미실현 손익: 250원 (0.08%), 최고 수익률: 0.08%
2026-06-09 11:41:40,222 - INFO - 보유 수량(1)에 대해 매도 주문(0000027159)이 진행 중입니다.
2026-06-09 11:41:40,223 - INFO - 60초 후 다음 확인을 진행합니다. (현재 상태: SELLING)
2026-06-09 11:42:40,340 - INFO - [005930] 현재가: 306000, 고가: 312000, 저가: 300000
2026-06-09 11:42:42,800 - INFO - 계좌 예수금: 9579172원
2026-06-09 11:42:42,800 - INFO - [005930] 보유: 1주, 매도 가능: 0주, 평단가: 305,500원
2026-06-09 11:42:42,821 - INFO - 미실현 손익: 500원 (0.16%), 최고 수익률: 0.16%
2026-06-09 11:42:42,852 - INFO - 보유 수량(1)에 대해 매도 주문(0000027159)이 진행 중입니다.
2026-06-09 11:42:42,852 - INFO - 60초 후 다음 확인을 진행합니다. (현재 상태: SELLING)
2026-06-09 11:43:42,958 - INFO - [005930] 현재가: 306000, 고가: 312000, 저가: 300000
2026-06-09 11:43:44,043 - ERROR - GET 요청 실패 (VTTC8434R): 500 Server Error: Internal Server Error for url: https://openapivts.koreainvestment.com:29443/uapi/domestic-stock/v1/trading/inquire-balance?CANO=50174003&ACNT_PRDT_CD=01&AFHR_FLPR_YN=N&OFL_YN=&INQR_DVSN=02&UNPR_DVSN=01&FUND_STTL_ICLD_YN=N&FNCG_AMT_AUTO_RDPT_YN=N&PRCS_DVSN=00&CTX_AREA_FK100=&CTX_AREA_NK100=
2026-06-09 11:43:44,044 - ERROR - 상세 에러: {"rt_cd":"1","msg1":"원장에서 허용 가능한 초당 거래건수를 초과하였습니다.","msg_cd":"EGW00201"}
2026-06-09 11:43:44,048 - ERROR - 잔고 조회 실패
2026-06-09 11:43:45,079 - INFO - 매도 주문 완료 확인: 상태를 IDLE로 전환합니다.
2026-06-09 11:43:45,153 - WARNING - 예수금 부족으로 매수 불가 (예수금: 0원, 필요: 303500원)
2026-06-09 11:43:45,153 - INFO - 60초 후 다음 확인을 진행합니다. (현재 상태: IDLE)
2026-06-09 11:44:45,280 - INFO - [005930] 현재가: 305500, 고가: 312000, 저가: 300000
2026-06-09 11:44:47,429 - INFO - 계좌 예수금: 9579172원
2026-06-09 11:44:47,429 - INFO - [005930] 보유: 1주, 매도 가능: 0주, 평단가: 305,500원
2026-06-09 11:44:47,448 - INFO - 미실현 손익: 0원 (0.00%), 최고 수익률: 0.00%
2026-06-09 11:44:47,517 - INFO - 보유 수량(1)에 대해 매도 주문(0000027159)이 진행 중입니다.
2026-06-09 11:44:47,517 - INFO - 60초 후 다음 확인을 진행합니다. (현재 상태: SELLING)
2026-06-09 11:45:47,621 - INFO - [005930] 현재가: 306500, 고가: 312000, 저가: 300000
2026-06-09 11:45:48,941 - ERROR - GET 요청 실패 (VTTC8434R): 500 Server Error: Internal Server Error for url: https://openapivts.koreainvestment.com:29443/uapi/domestic-stock/v1/trading/inquire-balance?CANO=50174003&ACNT_PRDT_CD=01&AFHR_FLPR_YN=N&OFL_YN=&INQR_DVSN=02&UNPR_DVSN=01&FUND_STTL_ICLD_YN=N&FNCG_AMT_AUTO_RDPT_YN=N&PRCS_DVSN=00&CTX_AREA_FK100=&CTX_AREA_NK100=
2026-06-09 11:45:48,941 - ERROR - 상세 에러: {"rt_cd":"1","msg1":"원장에서 허용 가능한 초당 거래건수를 초과하였습니다.","msg_cd":"EGW00201"}
2026-06-09 11:45:48,944 - ERROR - 잔고 조회 실패
2026-06-09 11:45:49,736 - INFO - 매도 주문 완료 확인: 상태를 IDLE로 전환합니다.
2026-06-09 11:45:49,800 - WARNING - 예수금 부족으로 매수 불가 (예수금: 0원, 필요: 304000원)
2026-06-09 11:45:49,801 - INFO - 60초 후 다음 확인을 진행합니다. (현재 상태: IDLE)
2026-06-09 11:46:49,907 - INFO - [005930] 현재가: 306500, 고가: 312000, 저가: 300000
2026-06-09 11:46:51,012 - ERROR - GET 요청 실패 (VTTC8434R): 500 Server Error: Internal Server Error for url: https://openapivts.koreainvestment.com:29443/uapi/domestic-stock/v1/trading/inquire-balance?CANO=50174003&ACNT_PRDT_CD=01&AFHR_FLPR_YN=N&OFL_YN=&INQR_DVSN=02&UNPR_DVSN=01&FUND_STTL_ICLD_YN=N&FNCG_AMT_AUTO_RDPT_YN=N&PRCS_DVSN=00&CTX_AREA_FK100=&CTX_AREA_NK100=
2026-06-09 11:46:51,013 - ERROR - 상세 에러: {"rt_cd":"1","msg1":"원장에서 허용 가능한 초당 거래건수를 초과하였습니다.","msg_cd":"EGW00201"}
2026-06-09 11:46:51,016 - ERROR - 잔고 조회 실패
2026-06-09 11:46:52,008 - ERROR - GET 요청 실패 (FHKST03010100): 500 Server Error: Internal Server Error for url: https://openapivts.koreainvestment.com:29443/uapi/domestic-stock/v1/quotations/inquire-daily-itemchartprice?FID_COND_MRKT_DIV_CODE=J&FID_INPUT_ISCD=005930&FID_PERIOD_DIV_CODE=D&FID_ORG_ADJ_PRC=0
2026-06-09 11:46:52,009 - ERROR - 상세 에러: {"rt_cd":"1","msg1":"초당 거래건수를 초과하였습니다.","msg_cd":"EGW00201","message":"EGW00201"}
2026-06-09 11:46:52,012 - WARNING - 예수금 부족으로 매수 불가 (예수금: 0원, 필요: 304000원)
2026-06-09 11:46:52,012 - INFO - 60초 후 다음 확인을 진행합니다. (현재 상태: IDLE)
2026-06-09 11:47:52,120 - INFO - [005930] 현재가: 306500, 고가: 312000, 저가: 300000
2026-06-09 11:47:53,217 - ERROR - GET 요청 실패 (VTTC8434R): 500 Server Error: Internal Server Error for url: https://openapivts.koreainvestment.com:29443/uapi/domestic-stock/v1/trading/inquire-balance?CANO=50174003&ACNT_PRDT_CD=01&AFHR_FLPR_YN=N&OFL_YN=&INQR_DVSN=02&UNPR_DVSN=01&FUND_STTL_ICLD_YN=N&FNCG_AMT_AUTO_RDPT_YN=N&PRCS_DVSN=00&CTX_AREA_FK100=&CTX_AREA_NK100=
2026-06-09 11:47:53,218 - ERROR - 상세 에러: {"rt_cd":"1","msg1":"원장에서 허용 가능한 초당 거래건수를 초과하였습니다.","msg_cd":"EGW00201"}
2026-06-09 11:47:53,220 - ERROR - 잔고 조회 실패
2026-06-09 11:47:54,213 - ERROR - GET 요청 실패 (FHKST03010100): 500 Server Error: Internal Server Error for url: https://openapivts.koreainvestment.com:29443/uapi/domestic-stock/v1/quotations/inquire-daily-itemchartprice?FID_COND_MRKT_DIV_CODE=J&FID_INPUT_ISCD=005930&FID_PERIOD_DIV_CODE=D&FID_ORG_ADJ_PRC=0
2026-06-09 11:47:54,214 - ERROR - 상세 에러: {"rt_cd":"1","msg1":"초당 거래건수를 초과하였습니다.","msg_cd":"EGW00201","message":"EGW00201"}
2026-06-09 11:47:54,216 - WARNING - 예수금 부족으로 매수 불가 (예수금: 0원, 필요: 304000원)
2026-06-09 11:47:54,217 - INFO - 60초 후 다음 확인을 진행합니다. (현재 상태: IDLE)
2026-06-09 11:48:54,330 - INFO - [005930] 현재가: 306000, 고가: 312000, 저가: 300000
2026-06-09 11:48:55,500 - INFO - 계좌 예수금: 9579172원
2026-06-09 11:48:55,500 - INFO - [005930] 보유: 1주, 매도 가능: 0주, 평단가: 305,500원
2026-06-09 11:48:55,521 - INFO - 미실현 손익: 500원 (0.16%), 최고 수익률: 0.16%
2026-06-09 11:48:55,593 - INFO - 보유 수량(1)에 대해 매도 주문(0000027159)이 진행 중입니다.
2026-06-09 11:48:55,593 - INFO - 60초 후 다음 확인을 진행합니다. (현재 상태: SELLING)
2026-06-09 11:49:55,704 - INFO - [005930] 현재가: 306000, 고가: 312000, 저가: 300000
2026-06-09 11:49:55,704 - WARNING - ⚠️ 주문 고착 감지: 타임아웃 (620초 경과). 주문 취소를 시도합니다.
2026-06-09 11:49:55,705 - INFO - [CANCEL] 주문 취소 요청: 005930, 주문번호: 0000027159
2026-06-09 11:49:56,224 - INFO - 주문 취소 성공! (원주문: 0000027159)
2026-06-09 11:49:56,273 - INFO - 상태 전환 완료: HOLDING
2026-06-09 11:49:57,718 - INFO - 계좌 예수금: 9579172원
2026-06-09 11:49:57,719 - INFO - [005930] 보유: 1주, 매도 가능: 1주, 평단가: 305,500원
2026-06-09 11:49:57,740 - INFO - 미실현 손익: 500원 (0.16%), 최고 수익률: 0.16%
2026-06-09 11:49:57,768 - INFO - 매도 조건 충족: 평단가(305,500), 현재가(306,000) -> 목표가(308,500원) (보수적 상향 보정)
2026-06-09 11:49:57,769 - INFO - [SELL] 주문 요청: 005930, 1주, 308500원
2026-06-09 11:49:57,872 - ERROR - POST 요청 실패 (VTTC0011U): 500 Server Error: Internal Server Error for url: https://openapivts.koreainvestment.com:29443/uapi/domestic-stock/v1/trading/order-cash
2026-06-09 11:49:57,873 - ERROR - 상세 에러: {"rt_cd":"1","msg1":"초당 거래건수를 초과하였습니다.","msg_cd":"EGW00201","message":"EGW00201"}
2026-06-09 11:49:57,875 - ERROR - 주문 실패: 응답 없음
2026-06-09 11:49:57,875 - INFO - 60초 후 다음 확인을 진행합니다. (현재 상태: HOLDING)
2026-06-09 11:50:58,002 - INFO - [005930] 현재가: 306500, 고가: 312000, 저가: 300000
2026-06-09 11:50:59,097 - ERROR - GET 요청 실패 (VTTC8434R): 500 Server Error: Internal Server Error for url: https://openapivts.koreainvestment.com:29443/uapi/domestic-stock/v1/trading/inquire-balance?CANO=50174003&ACNT_PRDT_CD=01&AFHR_FLPR_YN=N&OFL_YN=&INQR_DVSN=02&UNPR_DVSN=01&FUND_STTL_ICLD_YN=N&FNCG_AMT_AUTO_RDPT_YN=N&PRCS_DVSN=00&CTX_AREA_FK100=&CTX_AREA_NK100=
2026-06-09 11:50:59,098 - ERROR - 상세 에러: {"rt_cd":"1","msg1":"원장에서 허용 가능한 초당 거래건수를 초과하였습니다.","msg_cd":"EGW00201"}
2026-06-09 11:50:59,101 - ERROR - 잔고 조회 실패
2026-06-09 11:51:00,119 - ERROR - GET 요청 실패 (FHKST03010100): 500 Server Error: Internal Server Error for url: https://openapivts.koreainvestment.com:29443/uapi/domestic-stock/v1/quotations/inquire-daily-itemchartprice?FID_COND_MRKT_DIV_CODE=J&FID_INPUT_ISCD=005930&FID_PERIOD_DIV_CODE=D&FID_ORG_ADJ_PRC=0
2026-06-09 11:51:00,120 - ERROR - 상세 에러: {"rt_cd":"1","msg1":"초당 거래건수를 초과하였습니다.","msg_cd":"EGW00201","message":"EGW00201"}
2026-06-09 11:51:00,204 - WARNING - 예수금 부족으로 매수 불가 (예수금: 0원, 필요: 304000원)
2026-06-09 11:51:00,204 - INFO - 60초 후 다음 확인을 진행합니다. (현재 상태: IDLE)
2026-06-09 11:52:00,317 - INFO - [005930] 현재가: 306000, 고가: 312000, 저가: 300000
2026-06-09 11:52:01,731 - INFO - 계좌 예수금: 9579172원
2026-06-09 11:52:01,732 - INFO - [005930] 보유: 1주, 매도 가능: 1주, 평단가: 305,500원
2026-06-09 11:52:01,752 - INFO - 미실현 손익: 500원 (0.16%), 최고 수익률: 0.16%
2026-06-09 11:52:01,783 - INFO - 매도 조건 충족: 평단가(305,500), 현재가(306,000) -> 목표가(308,500원) (보수적 상향 보정)
2026-06-09 11:52:01,784 - INFO - [SELL] 주문 요청: 005930, 1주, 308500원
2026-06-09 11:52:01,951 - INFO - 주문 성공! 주문번호: 0000028291
2026-06-09 11:52:01,996 - INFO - 60초 후 다음 확인을 진행합니다. (현재 상태: SELLING)
2026-06-09 11:53:02,100 - INFO - [005930] 현재가: 305500, 고가: 312000, 저가: 300000
2026-06-09 11:53:02,101 - WARNING - ⚠️ 주문 고착 감지: 가격 이탈 (현재가:305,500, 목표가:308,500, 차이:3,000). 주문 취소를 시도합니다.
2026-06-09 11:53:02,101 - INFO - [CANCEL] 주문 취소 요청: 005930, 주문번호: 0000028291
2026-06-09 11:53:02,632 - INFO - 주문 취소 성공! (원주문: 0000028291)
2026-06-09 11:53:02,682 - INFO - 상태 전환 완료: HOLDING
2026-06-09 11:53:03,777 - ERROR - GET 요청 실패 (VTTC8434R): 500 Server Error: Internal Server Error for url: https://openapivts.koreainvestment.com:29443/uapi/domestic-stock/v1/trading/inquire-balance?CANO=50174003&ACNT_PRDT_CD=01&AFHR_FLPR_YN=N&OFL_YN=&INQR_DVSN=02&UNPR_DVSN=01&FUND_STTL_ICLD_YN=N&FNCG_AMT_AUTO_RDPT_YN=N&PRCS_DVSN=00&CTX_AREA_FK100=&CTX_AREA_NK100=
2026-06-09 11:53:03,781 - ERROR - 상세 에러: {"rt_cd":"1","msg1":"원장에서 허용 가능한 초당 거래건수를 초과하였습니다.","msg_cd":"EGW00201"}
2026-06-09 11:53:03,784 - ERROR - 잔고 조회 실패
2026-06-09 11:53:04,797 - ERROR - GET 요청 실패 (FHKST03010100): 500 Server Error: Internal Server Error for url: https://openapivts.koreainvestment.com:29443/uapi/domestic-stock/v1/quotations/inquire-daily-itemchartprice?FID_COND_MRKT_DIV_CODE=J&FID_INPUT_ISCD=005930&FID_PERIOD_DIV_CODE=D&FID_ORG_ADJ_PRC=0
2026-06-09 11:53:04,798 - ERROR - 상세 에러: {"rt_cd":"1","msg1":"초당 거래건수를 초과하였습니다.","msg_cd":"EGW00201","message":"EGW00201"}
2026-06-09 11:53:04,883 - WARNING - 예수금 부족으로 매수 불가 (예수금: 0원, 필요: 303000원)
2026-06-09 11:53:04,884 - INFO - 60초 후 다음 확인을 진행합니다. (현재 상태: IDLE)
2026-06-09 11:54:04,993 - INFO - [005930] 현재가: 306250, 고가: 312000, 저가: 300000
2026-06-09 11:54:06,084 - ERROR - GET 요청 실패 (VTTC8434R): 500 Server Error: Internal Server Error for url: https://openapivts.koreainvestment.com:29443/uapi/domestic-stock/v1/trading/inquire-balance?CANO=50174003&ACNT_PRDT_CD=01&AFHR_FLPR_YN=N&OFL_YN=&INQR_DVSN=02&UNPR_DVSN=01&FUND_STTL_ICLD_YN=N&FNCG_AMT_AUTO_RDPT_YN=N&PRCS_DVSN=00&CTX_AREA_FK100=&CTX_AREA_NK100=
2026-06-09 11:54:06,085 - ERROR - 상세 에러: {"rt_cd":"1","msg1":"원장에서 허용 가능한 초당 거래건수를 초과하였습니다.","msg_cd":"EGW00201"}
2026-06-09 11:54:06,088 - ERROR - 잔고 조회 실패
2026-06-09 11:54:07,078 - ERROR - GET 요청 실패 (FHKST03010100): 500 Server Error: Internal Server Error for url: https://openapivts.koreainvestment.com:29443/uapi/domestic-stock/v1/quotations/inquire-daily-itemchartprice?FID_COND_MRKT_DIV_CODE=J&FID_INPUT_ISCD=005930&FID_PERIOD_DIV_CODE=D&FID_ORG_ADJ_PRC=0
2026-06-09 11:54:07,079 - ERROR - 상세 에러: {"rt_cd":"1","msg1":"초당 거래건수를 초과하였습니다.","msg_cd":"EGW00201","message":"EGW00201"}
2026-06-09 11:54:07,081 - WARNING - 예수금 부족으로 매수 불가 (예수금: 0원, 필요: 304000원)
2026-06-09 11:54:07,081 - INFO - 60초 후 다음 확인을 진행합니다. (현재 상태: IDLE)
2026-06-09 11:55:07,182 - INFO - [005930] 현재가: 306250, 고가: 312000, 저가: 300000
2026-06-09 11:55:09,543 - INFO - 계좌 예수금: 9579172원
2026-06-09 11:55:09,544 - INFO - [005930] 보유: 1주, 매도 가능: 1주, 평단가: 305,500원
2026-06-09 11:55:09,563 - INFO - 미실현 손익: 750원 (0.25%), 최고 수익률: 0.25%
2026-06-09 11:55:09,596 - INFO - 매도 조건 충족: 평단가(305,500), 현재가(306,250) -> 목표가(308,500원) (보수적 상향 보정)
2026-06-09 11:55:09,597 - INFO - [SELL] 주문 요청: 005930, 1주, 308500원
2026-06-09 11:55:09,740 - INFO - 주문 성공! 주문번호: 0000028562
2026-06-09 11:55:09,786 - INFO - 60초 후 다음 확인을 진행합니다. (현재 상태: SELLING)
2026-06-09 11:56:09,880 - INFO - [005930] 현재가: 306500, 고가: 312000, 저가: 300000
2026-06-09 11:56:12,134 - INFO - 계좌 예수금: 9579172원
2026-06-09 11:56:12,134 - INFO - [005930] 보유: 1주, 매도 가능: 0주, 평단가: 305,500원
2026-06-09 11:56:12,154 - INFO - 미실현 손익: 1,000원 (0.33%), 최고 수익률: 0.33%
2026-06-09 11:56:12,190 - INFO - 보유 수량(1)에 대해 매도 주문(0000028562)이 진행 중입니다.
2026-06-09 11:56:12,190 - INFO - 60초 후 다음 확인을 진행합니다. (현재 상태: SELLING)
2026-06-09 11:57:12,309 - INFO - [005930] 현재가: 306750, 고가: 312000, 저가: 300000
2026-06-09 11:57:14,682 - INFO - 계좌 예수금: 9579172원
2026-06-09 11:57:14,683 - INFO - [005930] 보유: 1주, 매도 가능: 0주, 평단가: 305,500원
2026-06-09 11:57:14,703 - INFO - 미실현 손익: 1,250원 (0.41%), 최고 수익률: 0.41%
2026-06-09 11:57:14,734 - INFO - 보유 수량(1)에 대해 매도 주문(0000028562)이 진행 중입니다.
2026-06-09 11:57:14,734 - INFO - 60초 후 다음 확인을 진행합니다. (현재 상태: SELLING)
2026-06-09 11:58:14,866 - INFO - [005930] 현재가: 306500, 고가: 312000, 저가: 300000
2026-06-09 11:58:15,955 - ERROR - GET 요청 실패 (VTTC8434R): 500 Server Error: Internal Server Error for url: https://openapivts.koreainvestment.com:29443/uapi/domestic-stock/v1/trading/inquire-balance?CANO=50174003&ACNT_PRDT_CD=01&AFHR_FLPR_YN=N&OFL_YN=&INQR_DVSN=02&UNPR_DVSN=01&FUND_STTL_ICLD_YN=N&FNCG_AMT_AUTO_RDPT_YN=N&PRCS_DVSN=00&CTX_AREA_FK100=&CTX_AREA_NK100=
2026-06-09 11:58:15,956 - ERROR - 상세 에러: {"rt_cd":"1","msg1":"원장에서 허용 가능한 초당 거래건수를 초과하였습니다.","msg_cd":"EGW00201"}
2026-06-09 11:58:15,958 - ERROR - 잔고 조회 실패
2026-06-09 11:58:16,992 - INFO - 매도 주문 완료 확인: 상태를 IDLE로 전환합니다.
2026-06-09 11:58:17,069 - WARNING - 예수금 부족으로 매수 불가 (예수금: 0원, 필요: 304000원)
2026-06-09 11:58:17,069 - INFO - 60초 후 다음 확인을 진행합니다. (현재 상태: IDLE)
2026-06-09 11:59:17,198 - INFO - [005930] 현재가: 307000, 고가: 312000, 저가: 300000
2026-06-09 11:59:19,003 - INFO - 계좌 예수금: 9579172원
2026-06-09 11:59:19,004 - INFO - [005930] 보유: 1주, 매도 가능: 0주, 평단가: 305,500원
2026-06-09 11:59:19,024 - INFO - 미실현 손익: 1,500원 (0.49%), 최고 수익률: 0.49%
2026-06-09 11:59:19,092 - INFO - 보유 수량(1)에 대해 매도 주문(0000028562)이 진행 중입니다.
2026-06-09 11:59:19,093 - INFO - 60초 후 다음 확인을 진행합니다. (현재 상태: SELLING)
2026-06-09 12:00:19,196 - INFO - [005930] 현재가: 306750, 고가: 312000, 저가: 300000
2026-06-09 12:00:23,524 - INFO - 계좌 예수금: 9579172원
2026-06-09 12:00:23,525 - INFO - [005930] 보유: 1주, 매도 가능: 0주, 평단가: 305,500원
2026-06-09 12:00:23,545 - INFO - 미실현 손익: 1,250원 (0.41%), 최고 수익률: 0.49%
2026-06-09 12:00:23,578 - INFO - 보유 수량(1)에 대해 매도 주문(0000028562)이 진행 중입니다.
2026-06-09 12:00:23,579 - INFO - 60초 후 다음 확인을 진행합니다. (현재 상태: SELLING)
2026-06-09 12:01:23,681 - INFO - [005930] 현재가: 306750, 고가: 312000, 저가: 300000
2026-06-09 12:01:24,775 - ERROR - GET 요청 실패 (VTTC8434R): 500 Server Error: Internal Server Error for url: https://openapivts.koreainvestment.com:29443/uapi/domestic-stock/v1/trading/inquire-balance?CANO=50174003&ACNT_PRDT_CD=01&AFHR_FLPR_YN=N&OFL_YN=&INQR_DVSN=02&UNPR_DVSN=01&FUND_STTL_ICLD_YN=N&FNCG_AMT_AUTO_RDPT_YN=N&PRCS_DVSN=00&CTX_AREA_FK100=&CTX_AREA_NK100=
2026-06-09 12:01:24,775 - ERROR - 상세 에러: {"rt_cd":"1","msg1":"원장에서 허용 가능한 초당 거래건수를 초과하였습니다.","msg_cd":"EGW00201"}
2026-06-09 12:01:24,778 - ERROR - 잔고 조회 실패
2026-06-09 12:01:25,796 - ERROR - GET 요청 실패 (FHKST03010100): 500 Server Error: Internal Server Error for url: https://openapivts.koreainvestment.com:29443/uapi/domestic-stock/v1/quotations/inquire-daily-itemchartprice?FID_COND_MRKT_DIV_CODE=J&FID_INPUT_ISCD=005930&FID_PERIOD_DIV_CODE=D&FID_ORG_ADJ_PRC=0
2026-06-09 12:01:25,796 - ERROR - 상세 에러: {"rt_cd":"1","msg1":"초당 거래건수를 초과하였습니다.","msg_cd":"EGW00201","message":"EGW00201"}
2026-06-09 12:01:25,817 - INFO - 매도 주문 완료 확인: 상태를 IDLE로 전환합니다.
2026-06-09 12:01:25,886 - WARNING - 예수금 부족으로 매수 불가 (예수금: 0원, 필요: 304500원)
2026-06-09 12:01:25,887 - INFO - 60초 후 다음 확인을 진행합니다. (현재 상태: IDLE)
2026-06-09 12:02:25,988 - INFO - [005930] 현재가: 306750, 고가: 312000, 저가: 300000
2026-06-09 12:02:27,098 - ERROR - GET 요청 실패 (VTTC8434R): 500 Server Error: Internal Server Error for url: https://openapivts.koreainvestment.com:29443/uapi/domestic-stock/v1/trading/inquire-balance?CANO=50174003&ACNT_PRDT_CD=01&AFHR_FLPR_YN=N&OFL_YN=&INQR_DVSN=02&UNPR_DVSN=01&FUND_STTL_ICLD_YN=N&FNCG_AMT_AUTO_RDPT_YN=N&PRCS_DVSN=00&CTX_AREA_FK100=&CTX_AREA_NK100=
2026-06-09 12:02:27,098 - ERROR - 상세 에러: {"rt_cd":"1","msg1":"원장에서 허용 가능한 초당 거래건수를 초과하였습니다.","msg_cd":"EGW00201"}
2026-06-09 12:02:27,102 - ERROR - 잔고 조회 실패
2026-06-09 12:02:28,084 - ERROR - GET 요청 실패 (FHKST03010100): 500 Server Error: Internal Server Error for url: https://openapivts.koreainvestment.com:29443/uapi/domestic-stock/v1/quotations/inquire-daily-itemchartprice?FID_COND_MRKT_DIV_CODE=J&FID_INPUT_ISCD=005930&FID_PERIOD_DIV_CODE=D&FID_ORG_ADJ_PRC=0
2026-06-09 12:02:28,085 - ERROR - 상세 에러: {"rt_cd":"1","msg1":"초당 거래건수를 초과하였습니다.","msg_cd":"EGW00201","message":"EGW00201"}
2026-06-09 12:02:28,088 - WARNING - 예수금 부족으로 매수 불가 (예수금: 0원, 필요: 304500원)
2026-06-09 12:02:28,088 - INFO - 60초 후 다음 확인을 진행합니다. (현재 상태: IDLE)
2026-06-09 12:03:28,190 - INFO - [005930] 현재가: 306000, 고가: 312000, 저가: 300000
2026-06-09 12:03:29,693 - INFO - 계좌 예수금: 9579172원
2026-06-09 12:03:29,694 - INFO - [005930] 보유: 1주, 매도 가능: 0주, 평단가: 305,500원
2026-06-09 12:03:29,714 - INFO - 미실현 손익: 500원 (0.16%), 최고 수익률: 0.16%
2026-06-09 12:03:29,785 - INFO - 보유 수량(1)에 대해 매도 주문(0000028562)이 진행 중입니다.
2026-06-09 12:03:29,785 - INFO - 60초 후 다음 확인을 진행합니다. (현재 상태: SELLING)
2026-06-09 12:04:29,913 - INFO - [005930] 현재가: 306500, 고가: 312000, 저가: 300000
2026-06-09 12:04:31,010 - ERROR - GET 요청 실패 (VTTC8434R): 500 Server Error: Internal Server Error for url: https://openapivts.koreainvestment.com:29443/uapi/domestic-stock/v1/trading/inquire-balance?CANO=50174003&ACNT_PRDT_CD=01&AFHR_FLPR_YN=N&OFL_YN=&INQR_DVSN=02&UNPR_DVSN=01&FUND_STTL_ICLD_YN=N&FNCG_AMT_AUTO_RDPT_YN=N&PRCS_DVSN=00&CTX_AREA_FK100=&CTX_AREA_NK100=
2026-06-09 12:04:31,011 - ERROR - 상세 에러: {"rt_cd":"1","msg1":"원장에서 허용 가능한 초당 거래건수를 초과하였습니다.","msg_cd":"EGW00201"}
2026-06-09 12:04:31,013 - ERROR - 잔고 조회 실패
2026-06-09 12:04:32,026 - ERROR - GET 요청 실패 (FHKST03010100): 500 Server Error: Internal Server Error for url: https://openapivts.koreainvestment.com:29443/uapi/domestic-stock/v1/quotations/inquire-daily-itemchartprice?FID_COND_MRKT_DIV_CODE=J&FID_INPUT_ISCD=005930&FID_PERIOD_DIV_CODE=D&FID_ORG_ADJ_PRC=0
2026-06-09 12:04:32,027 - ERROR - 상세 에러: {"rt_cd":"1","msg1":"초당 거래건수를 초과하였습니다.","msg_cd":"EGW00201","message":"EGW00201"}
2026-06-09 12:04:32,045 - INFO - 매도 주문 완료 확인: 상태를 IDLE로 전환합니다.
2026-06-09 12:04:32,110 - WARNING - 예수금 부족으로 매수 불가 (예수금: 0원, 필요: 304000원)
2026-06-09 12:04:32,111 - INFO - 60초 후 다음 확인을 진행합니다. (현재 상태: IDLE)
2026-06-09 12:05:32,238 - INFO - [005930] 현재가: 306250, 고가: 312000, 저가: 300000
2026-06-09 12:05:33,398 - INFO - 계좌 예수금: 9579172원
2026-06-09 12:05:33,399 - INFO - [005930] 보유: 1주, 매도 가능: 0주, 평단가: 305,500원
2026-06-09 12:05:33,419 - INFO - 미실현 손익: 750원 (0.25%), 최고 수익률: 0.25%
2026-06-09 12:05:33,485 - INFO - 보유 수량(1)에 대해 매도 주문(0000028562)이 진행 중입니다.
2026-06-09 12:05:33,485 - INFO - 60초 후 다음 확인을 진행합니다. (현재 상태: SELLING)
2026-06-09 12:06:33,594 - INFO - [005930] 현재가: 306500, 고가: 312000, 저가: 300000
2026-06-09 12:06:33,594 - WARNING - ⚠️ 주문 고착 감지: 타임아웃 (684초 경과). 주문 취소를 시도합니다.
2026-06-09 12:06:33,595 - INFO - [CANCEL] 주문 취소 요청: 005930, 주문번호: 0000028562
2026-06-09 12:06:34,118 - ERROR - POST 요청 실패 (VTTC0013U): 500 Server Error: Internal Server Error for url: https://openapivts.koreainvestment.com:29443/uapi/domestic-stock/v1/trading/order-rvsecncl
2026-06-09 12:06:34,118 - ERROR - 상세 에러: {"rt_cd":"1","msg1":"초당 거래건수를 초과하였습니다.","msg_cd":"EGW00201","message":"EGW00201"}
2026-06-09 12:06:34,121 - ERROR - 주문 취소 실패: 응답 없음
2026-06-09 12:06:34,122 - ERROR - 주문 취소 실패. 다음 루프에서 재시도합니다.
2026-06-09 12:06:35,212 - ERROR - GET 요청 실패 (VTTC8434R): 500 Server Error: Internal Server Error for url: https://openapivts.koreainvestment.com:29443/uapi/domestic-stock/v1/trading/inquire-balance?CANO=50174003&ACNT_PRDT_CD=01&AFHR_FLPR_YN=N&OFL_YN=&INQR_DVSN=02&UNPR_DVSN=01&FUND_STTL_ICLD_YN=N&FNCG_AMT_AUTO_RDPT_YN=N&PRCS_DVSN=00&CTX_AREA_FK100=&CTX_AREA_NK100=
2026-06-09 12:06:35,212 - ERROR - 상세 에러: {"rt_cd":"1","msg1":"원장에서 허용 가능한 초당 거래건수를 초과하였습니다.","msg_cd":"EGW00201"}
2026-06-09 12:06:35,215 - ERROR - 잔고 조회 실패
2026-06-09 12:06:36,247 - INFO - 매도 주문 완료 확인: 상태를 IDLE로 전환합니다.
2026-06-09 12:06:36,313 - WARNING - 예수금 부족으로 매수 불가 (예수금: 0원, 필요: 304000원)
2026-06-09 12:06:36,314 - INFO - 60초 후 다음 확인을 진행합니다. (현재 상태: IDLE)
2026-06-09 12:07:36,431 - INFO - [005930] 현재가: 306500, 고가: 312000, 저가: 300000
2026-06-09 12:07:38,129 - INFO - 계좌 예수금: 9579172원
2026-06-09 12:07:38,129 - INFO - [005930] 보유: 1주, 매도 가능: 0주, 평단가: 305,500원
2026-06-09 12:07:38,148 - INFO - 미실현 손익: 1,000원 (0.33%), 최고 수익률: 0.33%
2026-06-09 12:07:38,220 - INFO - 보유 수량(1)에 대해 매도 주문(0000028562)이 진행 중입니다.
2026-06-09 12:07:38,220 - INFO - 60초 후 다음 확인을 진행합니다. (현재 상태: SELLING)
2026-06-09 12:08:38,328 - INFO - [005930] 현재가: 306500, 고가: 312000, 저가: 300000
2026-06-09 12:08:38,329 - WARNING - ⚠️ 주문 고착 감지: 타임아웃 (809초 경과). 주문 취소를 시도합니다.
2026-06-09 12:08:38,329 - INFO - [CANCEL] 주문 취소 요청: 005930, 주문번호: 0000028562
2026-06-09 12:08:38,824 - ERROR - POST 요청 실패 (VTTC0013U): 500 Server Error: Internal Server Error for url: https://openapivts.koreainvestment.com:29443/uapi/domestic-stock/v1/trading/order-rvsecncl
2026-06-09 12:08:38,824 - ERROR - 상세 에러: {"rt_cd":"1","msg1":"초당 거래건수를 초과하였습니다.","msg_cd":"EGW00201","message":"EGW00201"}
2026-06-09 12:08:38,827 - ERROR - 주문 취소 실패: 응답 없음
2026-06-09 12:08:38,828 - ERROR - 주문 취소 실패. 다음 루프에서 재시도합니다.
2026-06-09 12:08:39,924 - ERROR - GET 요청 실패 (VTTC8434R): 500 Server Error: Internal Server Error for url: https://openapivts.koreainvestment.com:29443/uapi/domestic-stock/v1/trading/inquire-balance?CANO=50174003&ACNT_PRDT_CD=01&AFHR_FLPR_YN=N&OFL_YN=&INQR_DVSN=02&UNPR_DVSN=01&FUND_STTL_ICLD_YN=N&FNCG_AMT_AUTO_RDPT_YN=N&PRCS_DVSN=00&CTX_AREA_FK100=&CTX_AREA_NK100=
2026-06-09 12:08:39,924 - ERROR - 상세 에러: {"rt_cd":"1","msg1":"원장에서 허용 가능한 초당 거래건수를 초과하였습니다.","msg_cd":"EGW00201"}
2026-06-09 12:08:39,926 - ERROR - 잔고 조회 실패
2026-06-09 12:08:40,924 - ERROR - GET 요청 실패 (FHKST03010100): 500 Server Error: Internal Server Error for url: https://openapivts.koreainvestment.com:29443/uapi/domestic-stock/v1/quotations/inquire-daily-itemchartprice?FID_COND_MRKT_DIV_CODE=J&FID_INPUT_ISCD=005930&FID_PERIOD_DIV_CODE=D&FID_ORG_ADJ_PRC=0
2026-06-09 12:08:40,925 - ERROR - 상세 에러: {"rt_cd":"1","msg1":"초당 거래건수를 초과하였습니다.","msg_cd":"EGW00201","message":"EGW00201"}
2026-06-09 12:08:40,943 - INFO - 매도 주문 완료 확인: 상태를 IDLE로 전환합니다.
2026-06-09 12:08:41,006 - WARNING - 예수금 부족으로 매수 불가 (예수금: 0원, 필요: 304000원)
2026-06-09 12:08:41,007 - INFO - 60초 후 다음 확인을 진행합니다. (현재 상태: IDLE)
2026-06-09 12:09:41,125 - INFO - [005930] 현재가: 306750, 고가: 312000, 저가: 300000
2026-06-09 12:09:42,239 - ERROR - GET 요청 실패 (VTTC8434R): 500 Server Error: Internal Server Error for url: https://openapivts.koreainvestment.com:29443/uapi/domestic-stock/v1/trading/inquire-balance?CANO=50174003&ACNT_PRDT_CD=01&AFHR_FLPR_YN=N&OFL_YN=&INQR_DVSN=02&UNPR_DVSN=01&FUND_STTL_ICLD_YN=N&FNCG_AMT_AUTO_RDPT_YN=N&PRCS_DVSN=00&CTX_AREA_FK100=&CTX_AREA_NK100=
2026-06-09 12:09:42,239 - ERROR - 상세 에러: {"rt_cd":"1","msg1":"원장에서 허용 가능한 초당 거래건수를 초과하였습니다.","msg_cd":"EGW00201"}
2026-06-09 12:09:42,242 - ERROR - 잔고 조회 실패
2026-06-09 12:09:43,225 - ERROR - GET 요청 실패 (FHKST03010100): 500 Server Error: Internal Server Error for url: https://openapivts.koreainvestment.com:29443/uapi/domestic-stock/v1/quotations/inquire-daily-itemchartprice?FID_COND_MRKT_DIV_CODE=J&FID_INPUT_ISCD=005930&FID_PERIOD_DIV_CODE=D&FID_ORG_ADJ_PRC=0
2026-06-09 12:09:43,226 - ERROR - 상세 에러: {"rt_cd":"1","msg1":"초당 거래건수를 초과하였습니다.","msg_cd":"EGW00201","message":"EGW00201"}
2026-06-09 12:09:43,229 - WARNING - 예수금 부족으로 매수 불가 (예수금: 0원, 필요: 304500원)
2026-06-09 12:09:43,230 - INFO - 60초 후 다음 확인을 진행합니다. (현재 상태: IDLE)
2026-06-09 12:10:43,329 - INFO - [005930] 현재가: 307000, 고가: 312000, 저가: 300000
2026-06-09 12:10:44,487 - INFO - 계좌 예수금: 9579172원
2026-06-09 12:10:44,488 - INFO - [005930] 보유: 1주, 매도 가능: 0주, 평단가: 305,500원
2026-06-09 12:10:44,508 - INFO - 미실현 손익: 1,500원 (0.49%), 최고 수익률: 0.49%
2026-06-09 12:10:44,580 - INFO - 보유 수량(1)에 대해 매도 주문(0000028562)이 진행 중입니다.
2026-06-09 12:10:44,580 - INFO - 60초 후 다음 확인을 진행합니다. (현재 상태: SELLING)
2026-06-09 12:11:44,680 - INFO - [005930] 현재가: 306500, 고가: 312000, 저가: 300000
2026-06-09 12:11:44,681 - WARNING - ⚠️ 주문 고착 감지: 타임아웃 (995초 경과). 주문 취소를 시도합니다.
2026-06-09 12:11:44,681 - INFO - [CANCEL] 주문 취소 요청: 005930, 주문번호: 0000028562
2026-06-09 12:11:45,182 - ERROR - POST 요청 실패 (VTTC0013U): 500 Server Error: Internal Server Error for url: https://openapivts.koreainvestment.com:29443/uapi/domestic-stock/v1/trading/order-rvsecncl
2026-06-09 12:11:45,183 - ERROR - 상세 에러: {"rt_cd":"1","msg1":"초당 거래건수를 초과하였습니다.","msg_cd":"EGW00201","message":"EGW00201"}
2026-06-09 12:11:45,186 - ERROR - 주문 취소 실패: 응답 없음
2026-06-09 12:11:45,186 - ERROR - 주문 취소 실패. 다음 루프에서 재시도합니다.
2026-06-09 12:11:46,291 - ERROR - GET 요청 실패 (VTTC8434R): 500 Server Error: Internal Server Error for url: https://openapivts.koreainvestment.com:29443/uapi/domestic-stock/v1/trading/inquire-balance?CANO=50174003&ACNT_PRDT_CD=01&AFHR_FLPR_YN=N&OFL_YN=&INQR_DVSN=02&UNPR_DVSN=01&FUND_STTL_ICLD_YN=N&FNCG_AMT_AUTO_RDPT_YN=N&PRCS_DVSN=00&CTX_AREA_FK100=&CTX_AREA_NK100=
2026-06-09 12:11:46,292 - ERROR - 상세 에러: {"rt_cd":"1","msg1":"원장에서 허용 가능한 초당 거래건수를 초과하였습니다.","msg_cd":"EGW00201"}
2026-06-09 12:11:46,295 - ERROR - 잔고 조회 실패
2026-06-09 12:11:47,292 - INFO - 매도 주문 완료 확인: 상태를 IDLE로 전환합니다.
2026-06-09 12:11:47,359 - WARNING - 예수금 부족으로 매수 불가 (예수금: 0원, 필요: 304000원)
2026-06-09 12:11:47,359 - INFO - 60초 후 다음 확인을 진행합니다. (현재 상태: IDLE)
2026-06-09 12:12:47,472 - INFO - [005930] 현재가: 307250, 고가: 312000, 저가: 300000
2026-06-09 12:12:48,830 - INFO - 계좌 예수금: 9579172원
2026-06-09 12:12:48,831 - INFO - [005930] 보유: 1주, 매도 가능: 0주, 평단가: 305,500원
2026-06-09 12:12:48,851 - INFO - 미실현 손익: 1,750원 (0.57%), 최고 수익률: 0.57%
2026-06-09 12:12:48,921 - INFO - 보유 수량(1)에 대해 매도 주문(0000028562)이 진행 중입니다.
2026-06-09 12:12:48,922 - INFO - 60초 후 다음 확인을 진행합니다. (현재 상태: SELLING)
2026-06-09 12:13:49,021 - INFO - [005930] 현재가: 307500, 고가: 312000, 저가: 300000
2026-06-09 12:13:49,022 - WARNING - ⚠️ 주문 고착 감지: 타임아웃 (1119초 경과). 주문 취소를 시도합니다.
2026-06-09 12:13:49,022 - INFO - [CANCEL] 주문 취소 요청: 005930, 주문번호: 0000028562
2026-06-09 12:13:49,585 - INFO - 주문 취소 성공! (원주문: 0000028562)
2026-06-09 12:13:49,629 - INFO - 상태 전환 완료: HOLDING
2026-06-09 12:13:50,729 - ERROR - GET 요청 실패 (VTTC8434R): 500 Server Error: Internal Server Error for url: https://openapivts.koreainvestment.com:29443/uapi/domestic-stock/v1/trading/inquire-balance?CANO=50174003&ACNT_PRDT_CD=01&AFHR_FLPR_YN=N&OFL_YN=&INQR_DVSN=02&UNPR_DVSN=01&FUND_STTL_ICLD_YN=N&FNCG_AMT_AUTO_RDPT_YN=N&PRCS_DVSN=00&CTX_AREA_FK100=&CTX_AREA_NK100=
2026-06-09 12:13:50,729 - ERROR - 상세 에러: {"rt_cd":"1","msg1":"원장에서 허용 가능한 초당 거래건수를 초과하였습니다.","msg_cd":"EGW00201"}
2026-06-09 12:13:50,732 - ERROR - 잔고 조회 실패
2026-06-09 12:13:51,813 - WARNING - 예수금 부족으로 매수 불가 (예수금: 0원, 필요: 305000원)
2026-06-09 12:13:51,814 - INFO - 60초 후 다음 확인을 진행합니다. (현재 상태: IDLE)
2026-06-09 12:14:51,927 - INFO - [005930] 현재가: 307000, 고가: 312000, 저가: 300000
2026-06-09 12:14:53,028 - ERROR - GET 요청 실패 (VTTC8434R): 500 Server Error: Internal Server Error for url: https://openapivts.koreainvestment.com:29443/uapi/domestic-stock/v1/trading/inquire-balance?CANO=50174003&ACNT_PRDT_CD=01&AFHR_FLPR_YN=N&OFL_YN=&INQR_DVSN=02&UNPR_DVSN=01&FUND_STTL_ICLD_YN=N&FNCG_AMT_AUTO_RDPT_YN=N&PRCS_DVSN=00&CTX_AREA_FK100=&CTX_AREA_NK100=
2026-06-09 12:14:53,028 - ERROR - 상세 에러: {"rt_cd":"1","msg1":"원장에서 허용 가능한 초당 거래건수를 초과하였습니다.","msg_cd":"EGW00201"}
2026-06-09 12:14:53,032 - ERROR - 잔고 조회 실패
2026-06-09 12:14:54,022 - ERROR - GET 요청 실패 (FHKST03010100): 500 Server Error: Internal Server Error for url: https://openapivts.koreainvestment.com:29443/uapi/domestic-stock/v1/quotations/inquire-daily-itemchartprice?FID_COND_MRKT_DIV_CODE=J&FID_INPUT_ISCD=005930&FID_PERIOD_DIV_CODE=D&FID_ORG_ADJ_PRC=0
2026-06-09 12:14:54,023 - ERROR - 상세 에러: {"rt_cd":"1","msg1":"초당 거래건수를 초과하였습니다.","msg_cd":"EGW00201","message":"EGW00201"}
2026-06-09 12:14:54,026 - WARNING - 예수금 부족으로 매수 불가 (예수금: 0원, 필요: 304500원)
2026-06-09 12:14:54,026 - INFO - 60초 후 다음 확인을 진행합니다. (현재 상태: IDLE)
2026-06-09 12:15:54,149 - INFO - [005930] 현재가: 307500, 고가: 312000, 저가: 300000
2026-06-09 12:15:55,242 - ERROR - GET 요청 실패 (VTTC8434R): 500 Server Error: Internal Server Error for url: https://openapivts.koreainvestment.com:29443/uapi/domestic-stock/v1/trading/inquire-balance?CANO=50174003&ACNT_PRDT_CD=01&AFHR_FLPR_YN=N&OFL_YN=&INQR_DVSN=02&UNPR_DVSN=01&FUND_STTL_ICLD_YN=N&FNCG_AMT_AUTO_RDPT_YN=N&PRCS_DVSN=00&CTX_AREA_FK100=&CTX_AREA_NK100=
2026-06-09 12:15:55,243 - ERROR - 상세 에러: {"rt_cd":"1","msg1":"원장에서 허용 가능한 초당 거래건수를 초과하였습니다.","msg_cd":"EGW00201"}
2026-06-09 12:15:55,245 - ERROR - 잔고 조회 실패
2026-06-09 12:15:56,259 - ERROR - GET 요청 실패 (FHKST03010100): 500 Server Error: Internal Server Error for url: https://openapivts.koreainvestment.com:29443/uapi/domestic-stock/v1/quotations/inquire-daily-itemchartprice?FID_COND_MRKT_DIV_CODE=J&FID_INPUT_ISCD=005930&FID_PERIOD_DIV_CODE=D&FID_ORG_ADJ_PRC=0
2026-06-09 12:15:56,259 - ERROR - 상세 에러: {"rt_cd":"1","msg1":"초당 거래건수를 초과하였습니다.","msg_cd":"EGW00201","message":"EGW00201"}
2026-06-09 12:15:56,262 - WARNING - 예수금 부족으로 매수 불가 (예수금: 0원, 필요: 305000원)
2026-06-09 12:15:56,263 - INFO - 60초 후 다음 확인을 진행합니다. (현재 상태: IDLE)
2026-06-09 12:16:56,378 - INFO - [005930] 현재가: 307500, 고가: 312000, 저가: 300000
2026-06-09 12:16:57,674 - INFO - 계좌 예수금: 9579172원
2026-06-09 12:16:57,675 - INFO - [005930] 보유: 1주, 매도 가능: 1주, 평단가: 305,500원
2026-06-09 12:16:57,696 - INFO - 미실현 손익: 2,000원 (0.65%), 최고 수익률: 0.65%
2026-06-09 12:16:57,727 - INFO - 매도 조건 충족: 평단가(305,500), 현재가(307,500) -> 목표가(310,000원) (보수적 상향 보정)
2026-06-09 12:16:57,728 - INFO - [SELL] 주문 요청: 005930, 1주, 310000원
2026-06-09 12:16:58,015 - INFO - 주문 성공! 주문번호: 0000030739
2026-06-09 12:16:58,082 - INFO - 자가 최적화 기록 완료: C:\Users\witpo\OneDrive\바탕 화면\YONSEI\26-1\ECO4126 인공지능과금융공학\open-trading-api\self_optimization_history
2026-06-09 12:16:58,107 - INFO - 60초 후 다음 확인을 진행합니다. (현재 상태: SELLING)
2026-06-09 12:17:58,221 - INFO - [005930] 현재가: 308000, 고가: 312000, 저가: 300000
2026-06-09 12:17:59,317 - ERROR - GET 요청 실패 (VTTC8434R): 500 Server Error: Internal Server Error for url: https://openapivts.koreainvestment.com:29443/uapi/domestic-stock/v1/trading/inquire-balance?CANO=50174003&ACNT_PRDT_CD=01&AFHR_FLPR_YN=N&OFL_YN=&INQR_DVSN=02&UNPR_DVSN=01&FUND_STTL_ICLD_YN=N&FNCG_AMT_AUTO_RDPT_YN=N&PRCS_DVSN=00&CTX_AREA_FK100=&CTX_AREA_NK100=
2026-06-09 12:17:59,317 - ERROR - 상세 에러: {"rt_cd":"1","msg1":"원장에서 허용 가능한 초당 거래건수를 초과하였습니다.","msg_cd":"EGW00201"}
2026-06-09 12:17:59,320 - ERROR - 잔고 조회 실패
2026-06-09 12:18:00,365 - INFO - 매도 주문 완료 확인: 상태를 IDLE로 전환합니다.
2026-06-09 12:18:00,429 - WARNING - 예수금 부족으로 매수 불가 (예수금: 0원, 필요: 306500원)
2026-06-09 12:18:00,430 - INFO - 60초 후 다음 확인을 진행합니다. (현재 상태: IDLE)
2026-06-09 12:19:00,540 - INFO - [005930] 현재가: 308000, 고가: 312000, 저가: 300000
2026-06-09 12:19:02,406 - INFO - 계좌 예수금: 9579172원
2026-06-09 12:19:02,406 - INFO - [005930] 보유: 1주, 매도 가능: 0주, 평단가: 305,500원
2026-06-09 12:19:02,426 - INFO - 미실현 손익: 2,500원 (0.82%), 최고 수익률: 0.82%
2026-06-09 12:19:02,499 - INFO - 보유 수량(1)에 대해 매도 주문(0000030739)이 진행 중입니다.
2026-06-09 12:19:02,499 - INFO - 60초 후 다음 확인을 진행합니다. (현재 상태: SELLING)
2026-06-09 12:20:02,663 - INFO - [005930] 현재가: 308500, 고가: 312000, 저가: 300000
2026-06-09 12:20:03,753 - ERROR - GET 요청 실패 (VTTC8434R): 500 Server Error: Internal Server Error for url: https://openapivts.koreainvestment.com:29443/uapi/domestic-stock/v1/trading/inquire-balance?CANO=50174003&ACNT_PRDT_CD=01&AFHR_FLPR_YN=N&OFL_YN=&INQR_DVSN=02&UNPR_DVSN=01&FUND_STTL_ICLD_YN=N&FNCG_AMT_AUTO_RDPT_YN=N&PRCS_DVSN=00&CTX_AREA_FK100=&CTX_AREA_NK100=
2026-06-09 12:20:03,754 - ERROR - 상세 에러: {"rt_cd":"1","msg1":"원장에서 허용 가능한 초당 거래건수를 초과하였습니다.","msg_cd":"EGW00201"}
2026-06-09 12:20:03,756 - ERROR - 잔고 조회 실패
2026-06-09 12:20:04,856 - INFO - 매도 주문 완료 확인: 상태를 IDLE로 전환합니다.
2026-06-09 12:20:04,921 - WARNING - 예수금 부족으로 매수 불가 (예수금: 0원, 필요: 307000원)
2026-06-09 12:20:04,922 - INFO - 60초 후 다음 확인을 진행합니다. (현재 상태: IDLE)
2026-06-09 12:21:05,022 - INFO - [005930] 현재가: 308750, 고가: 312000, 저가: 300000
2026-06-09 12:21:06,112 - ERROR - GET 요청 실패 (VTTC8434R): 500 Server Error: Internal Server Error for url: https://openapivts.koreainvestment.com:29443/uapi/domestic-stock/v1/trading/inquire-balance?CANO=50174003&ACNT_PRDT_CD=01&AFHR_FLPR_YN=N&OFL_YN=&INQR_DVSN=02&UNPR_DVSN=01&FUND_STTL_ICLD_YN=N&FNCG_AMT_AUTO_RDPT_YN=N&PRCS_DVSN=00&CTX_AREA_FK100=&CTX_AREA_NK100=
2026-06-09 12:21:06,112 - ERROR - 상세 에러: {"rt_cd":"1","msg1":"원장에서 허용 가능한 초당 거래건수를 초과하였습니다.","msg_cd":"EGW00201"}
2026-06-09 12:21:06,115 - ERROR - 잔고 조회 실패
2026-06-09 12:21:07,136 - WARNING - 예수금 부족으로 매수 불가 (예수금: 0원, 필요: 307000원)
2026-06-09 12:21:07,136 - INFO - 60초 후 다음 확인을 진행합니다. (현재 상태: IDLE)
2026-06-09 12:22:07,238 - INFO - [005930] 현재가: 308500, 고가: 312000, 저가: 300000
2026-06-09 12:22:09,500 - INFO - 계좌 예수금: 9579172원
2026-06-09 12:22:09,501 - INFO - [005930] 보유: 1주, 매도 가능: 0주, 평단가: 305,500원
2026-06-09 12:22:09,520 - INFO - 미실현 손익: 3,000원 (0.98%), 최고 수익률: 0.98%
2026-06-09 12:22:09,594 - INFO - 보유 수량(1)에 대해 매도 주문(0000030739)이 진행 중입니다.
2026-06-09 12:22:09,595 - INFO - 60초 후 다음 확인을 진행합니다. (현재 상태: SELLING)
2026-06-09 12:23:09,732 - INFO - [005930] 현재가: 309000, 고가: 312000, 저가: 300000
2026-06-09 12:23:10,822 - ERROR - GET 요청 실패 (VTTC8434R): 500 Server Error: Internal Server Error for url: https://openapivts.koreainvestment.com:29443/uapi/domestic-stock/v1/trading/inquire-balance?CANO=50174003&ACNT_PRDT_CD=01&AFHR_FLPR_YN=N&OFL_YN=&INQR_DVSN=02&UNPR_DVSN=01&FUND_STTL_ICLD_YN=N&FNCG_AMT_AUTO_RDPT_YN=N&PRCS_DVSN=00&CTX_AREA_FK100=&CTX_AREA_NK100=
2026-06-09 12:23:10,822 - ERROR - 상세 에러: {"rt_cd":"1","msg1":"원장에서 허용 가능한 초당 거래건수를 초과하였습니다.","msg_cd":"EGW00201"}
2026-06-09 12:23:10,825 - ERROR - 잔고 조회 실패
2026-06-09 12:23:11,881 - INFO - 매도 주문 완료 확인: 상태를 IDLE로 전환합니다.
2026-06-09 12:23:11,946 - WARNING - 예수금 부족으로 매수 불가 (예수금: 0원, 필요: 307500원)
2026-06-09 12:23:11,947 - INFO - 60초 후 다음 확인을 진행합니다. (현재 상태: IDLE)
2026-06-09 12:24:12,052 - INFO - [005930] 현재가: 308500, 고가: 312000, 저가: 300000
2026-06-09 12:24:13,175 - ERROR - GET 요청 실패 (VTTC8434R): 500 Server Error: Internal Server Error for url: https://openapivts.koreainvestment.com:29443/uapi/domestic-stock/v1/trading/inquire-balance?CANO=50174003&ACNT_PRDT_CD=01&AFHR_FLPR_YN=N&OFL_YN=&INQR_DVSN=02&UNPR_DVSN=01&FUND_STTL_ICLD_YN=N&FNCG_AMT_AUTO_RDPT_YN=N&PRCS_DVSN=00&CTX_AREA_FK100=&CTX_AREA_NK100=
2026-06-09 12:24:13,176 - ERROR - 상세 에러: {"rt_cd":"1","msg1":"원장에서 허용 가능한 초당 거래건수를 초과하였습니다.","msg_cd":"EGW00201"}
2026-06-09 12:24:13,178 - ERROR - 잔고 조회 실패
2026-06-09 12:24:14,747 - WARNING - 예수금 부족으로 매수 불가 (예수금: 0원, 필요: 307000원)
2026-06-09 12:24:14,748 - INFO - 60초 후 다음 확인을 진행합니다. (현재 상태: IDLE)
2026-06-09 12:25:14,913 - INFO - [005930] 현재가: 308500, 고가: 312000, 저가: 300000
2026-06-09 12:25:16,004 - ERROR - GET 요청 실패 (VTTC8434R): 500 Server Error: Internal Server Error for url: https://openapivts.koreainvestment.com:29443/uapi/domestic-stock/v1/trading/inquire-balance?CANO=50174003&ACNT_PRDT_CD=01&AFHR_FLPR_YN=N&OFL_YN=&INQR_DVSN=02&UNPR_DVSN=01&FUND_STTL_ICLD_YN=N&FNCG_AMT_AUTO_RDPT_YN=N&PRCS_DVSN=00&CTX_AREA_FK100=&CTX_AREA_NK100=
2026-06-09 12:25:16,005 - ERROR - 상세 에러: {"rt_cd":"1","msg1":"원장에서 허용 가능한 초당 거래건수를 초과하였습니다.","msg_cd":"EGW00201"}
2026-06-09 12:25:16,008 - ERROR - 잔고 조회 실패
2026-06-09 12:25:17,329 - WARNING - 예수금 부족으로 매수 불가 (예수금: 0원, 필요: 307000원)
2026-06-09 12:25:17,330 - INFO - 60초 후 다음 확인을 진행합니다. (현재 상태: IDLE)
2026-06-09 12:26:17,458 - INFO - [005930] 현재가: 309250, 고가: 312000, 저가: 300000
2026-06-09 12:26:19,370 - INFO - 계좌 예수금: 9579172원
2026-06-09 12:26:19,371 - INFO - [005930] 보유: 1주, 매도 가능: 0주, 평단가: 305,500원
2026-06-09 12:26:19,391 - INFO - 미실현 손익: 3,750원 (1.23%), 최고 수익률: 1.23%
2026-06-09 12:26:19,461 - INFO - 보유 수량(1)에 대해 매도 주문(0000030739)이 진행 중입니다.
2026-06-09 12:26:19,462 - INFO - 60초 후 다음 확인을 진행합니다. (현재 상태: SELLING)
2026-06-09 12:27:19,594 - INFO - [005930] 현재가: 308750, 고가: 312000, 저가: 300000
2026-06-09 12:27:19,594 - WARNING - ⚠️ 주문 고착 감지: 타임아웃 (622초 경과). 주문 취소를 시도합니다.
2026-06-09 12:27:19,595 - INFO - [CANCEL] 주문 취소 요청: 005930, 주문번호: 0000030739
2026-06-09 12:27:20,087 - ERROR - 주문 취소 실패: 모의투자 정정/취소할 수량이 없습니다.
2026-06-09 12:27:20,088 - ERROR - 주문 취소 실패. 다음 루프에서 재시도합니다.
2026-06-09 12:27:21,199 - ERROR - GET 요청 실패 (VTTC8434R): 500 Server Error: Internal Server Error for url: https://openapivts.koreainvestment.com:29443/uapi/domestic-stock/v1/trading/inquire-balance?CANO=50174003&ACNT_PRDT_CD=01&AFHR_FLPR_YN=N&OFL_YN=&INQR_DVSN=02&UNPR_DVSN=01&FUND_STTL_ICLD_YN=N&FNCG_AMT_AUTO_RDPT_YN=N&PRCS_DVSN=00&CTX_AREA_FK100=&CTX_AREA_NK100=
2026-06-09 12:27:21,200 - ERROR - 상세 에러: {"rt_cd":"1","msg1":"원장에서 허용 가능한 초당 거래건수를 초과하였습니다.","msg_cd":"EGW00201"}
2026-06-09 12:27:21,203 - ERROR - 잔고 조회 실패
2026-06-09 12:27:22,183 - ERROR - GET 요청 실패 (FHKST03010100): 500 Server Error: Internal Server Error for url: https://openapivts.koreainvestment.com:29443/uapi/domestic-stock/v1/quotations/inquire-daily-itemchartprice?FID_COND_MRKT_DIV_CODE=J&FID_INPUT_ISCD=005930&FID_PERIOD_DIV_CODE=D&FID_ORG_ADJ_PRC=0
2026-06-09 12:27:22,183 - ERROR - 상세 에러: {"rt_cd":"1","msg1":"초당 거래건수를 초과하였습니다.","msg_cd":"EGW00201","message":"EGW00201"}
2026-06-09 12:27:22,204 - INFO - 매도 주문 완료 확인: 상태를 IDLE로 전환합니다.
2026-06-09 12:27:22,270 - WARNING - 예수금 부족으로 매수 불가 (예수금: 0원, 필요: 307000원)
2026-06-09 12:27:22,270 - INFO - 60초 후 다음 확인을 진행합니다. (현재 상태: IDLE)
2026-06-09 12:28:22,374 - INFO - [005930] 현재가: 309500, 고가: 312000, 저가: 300000
2026-06-09 12:28:25,021 - INFO - 계좌 예수금: 9579172원
2026-06-09 12:28:25,670 - INFO - 매수 조건 충족: 현재가(309500) - 오프셋(1500+0) = 308000원 (보수적 하향 보정)
2026-06-09 12:28:25,670 - INFO - [BUY] 주문 요청: 005930, 1주, 308000원
2026-06-09 12:28:26,163 - ERROR - POST 요청 실패 (VTTC0012U): 500 Server Error: Internal Server Error for url: https://openapivts.koreainvestment.com:29443/uapi/domestic-stock/v1/trading/order-cash
2026-06-09 12:28:26,163 - ERROR - 상세 에러: {"rt_cd":"1","msg1":"초당 거래건수를 초과하였습니다.","msg_cd":"EGW00201","message":"EGW00201"}
2026-06-09 12:28:26,167 - ERROR - 주문 실패: 응답 없음
2026-06-09 12:28:26,167 - INFO - 60초 후 다음 확인을 진행합니다. (현재 상태: IDLE)
2026-06-09 12:29:26,295 - INFO - [005930] 현재가: 310000, 고가: 312000, 저가: 300000
2026-06-09 12:29:28,310 - INFO - 계좌 예수금: 9579172원
2026-06-09 12:29:28,963 - INFO - 매수 조건 충족: 현재가(310000) - 오프셋(1500+0) = 308500원 (보수적 하향 보정)
2026-06-09 12:29:28,964 - INFO - [BUY] 주문 요청: 005930, 1주, 308500원
2026-06-09 12:29:29,489 - INFO - 주문 성공! 주문번호: 0000031964
2026-06-09 12:29:29,536 - INFO - 60초 후 다음 확인을 진행합니다. (현재 상태: BUYING)
2026-06-09 12:30:29,639 - INFO - [005930] 현재가: 309500, 고가: 312000, 저가: 300000
2026-06-09 12:30:33,133 - INFO - 계좌 예수금: 9579172원
2026-06-09 12:30:33,772 - INFO - 이미 매수 주문(0000031964)이 진행 중입니다. 체결을 기다립니다.
2026-06-09 12:30:33,773 - INFO - 60초 후 다음 확인을 진행합니다. (현재 상태: BUYING)
2026-06-09 12:31:33,895 - INFO - [005930] 현재가: 309000, 고가: 312000, 저가: 300000
2026-06-09 12:31:35,022 - ERROR - GET 요청 실패 (VTTC8434R): 500 Server Error: Internal Server Error for url: https://openapivts.koreainvestment.com:29443/uapi/domestic-stock/v1/trading/inquire-balance?CANO=50174003&ACNT_PRDT_CD=01&AFHR_FLPR_YN=N&OFL_YN=&INQR_DVSN=02&UNPR_DVSN=01&FUND_STTL_ICLD_YN=N&FNCG_AMT_AUTO_RDPT_YN=N&PRCS_DVSN=00&CTX_AREA_FK100=&CTX_AREA_NK100=
2026-06-09 12:31:35,023 - ERROR - 상세 에러: {"rt_cd":"1","msg1":"원장에서 허용 가능한 초당 거래건수를 초과하였습니다.","msg_cd":"EGW00201"}
2026-06-09 12:31:35,026 - ERROR - 잔고 조회 실패
2026-06-09 12:31:36,007 - ERROR - GET 요청 실패 (FHKST03010100): 500 Server Error: Internal Server Error for url: https://openapivts.koreainvestment.com:29443/uapi/domestic-stock/v1/quotations/inquire-daily-itemchartprice?FID_COND_MRKT_DIV_CODE=J&FID_INPUT_ISCD=005930&FID_PERIOD_DIV_CODE=D&FID_ORG_ADJ_PRC=0
2026-06-09 12:31:36,007 - ERROR - 상세 에러: {"rt_cd":"1","msg1":"초당 거래건수를 초과하였습니다.","msg_cd":"EGW00201","message":"EGW00201"}
2026-06-09 12:31:36,010 - INFO - 이미 매수 주문(0000031964)이 진행 중입니다. 체결을 기다립니다.
2026-06-09 12:31:36,010 - INFO - 60초 후 다음 확인을 진행합니다. (현재 상태: BUYING)
2026-06-09 12:32:36,124 - INFO - [005930] 현재가: 309750, 고가: 312000, 저가: 300000
2026-06-09 12:32:37,226 - ERROR - GET 요청 실패 (VTTC8434R): 500 Server Error: Internal Server Error for url: https://openapivts.koreainvestment.com:29443/uapi/domestic-stock/v1/trading/inquire-balance?CANO=50174003&ACNT_PRDT_CD=01&AFHR_FLPR_YN=N&OFL_YN=&INQR_DVSN=02&UNPR_DVSN=01&FUND_STTL_ICLD_YN=N&FNCG_AMT_AUTO_RDPT_YN=N&PRCS_DVSN=00&CTX_AREA_FK100=&CTX_AREA_NK100=
2026-06-09 12:32:37,226 - ERROR - 상세 에러: {"rt_cd":"1","msg1":"원장에서 허용 가능한 초당 거래건수를 초과하였습니다.","msg_cd":"EGW00201"}
2026-06-09 12:32:37,229 - ERROR - 잔고 조회 실패
2026-06-09 12:32:38,224 - INFO - 이미 매수 주문(0000031964)이 진행 중입니다. 체결을 기다립니다.
2026-06-09 12:32:38,225 - INFO - 60초 후 다음 확인을 진행합니다. (현재 상태: BUYING)
2026-06-09 12:33:38,335 - INFO - [005930] 현재가: 310000, 고가: 312000, 저가: 300000
2026-06-09 12:33:40,228 - INFO - 계좌 예수금: 9579172원
2026-06-09 12:33:40,229 - INFO - [005930] 보유: 1주, 매도 가능: 1주, 평단가: 308,500원
2026-06-09 12:33:40,249 - INFO - 미실현 손익: 1,500원 (0.49%), 최고 수익률: 0.49%
2026-06-09 12:33:40,282 - INFO - 매수 체결 확인 (평단가: 308,500원). 히스토리에 기록합니다.
2026-06-09 12:33:40,324 - INFO - 매도 조건 충족: 평단가(308,500), 현재가(310,000) -> 목표가(312,000원) (보수적 상향 보정)
2026-06-09 12:33:40,325 - INFO - [SELL] 주문 요청: 005930, 1주, 312000원
2026-06-09 12:33:40,468 - INFO - 주문 성공! 주문번호: 0000032406
2026-06-09 12:33:40,521 - INFO - 60초 후 다음 확인을 진행합니다. (현재 상태: SELLING)
2026-06-09 12:34:40,626 - INFO - [005930] 현재가: 310500, 고가: 312000, 저가: 300000
2026-06-09 12:34:41,738 - ERROR - GET 요청 실패 (VTTC8434R): 500 Server Error: Internal Server Error for url: https://openapivts.koreainvestment.com:29443/uapi/domestic-stock/v1/trading/inquire-balance?CANO=50174003&ACNT_PRDT_CD=01&AFHR_FLPR_YN=N&OFL_YN=&INQR_DVSN=02&UNPR_DVSN=01&FUND_STTL_ICLD_YN=N&FNCG_AMT_AUTO_RDPT_YN=N&PRCS_DVSN=00&CTX_AREA_FK100=&CTX_AREA_NK100=
2026-06-09 12:34:41,738 - ERROR - 상세 에러: {"rt_cd":"1","msg1":"원장에서 허용 가능한 초당 거래건수를 초과하였습니다.","msg_cd":"EGW00201"}
2026-06-09 12:34:41,741 - ERROR - 잔고 조회 실패
2026-06-09 12:34:42,760 - INFO - 매도 주문 완료 확인: 상태를 IDLE로 전환합니다.
2026-06-09 12:34:42,827 - WARNING - 예수금 부족으로 매수 불가 (예수금: 0원, 필요: 309000원)
2026-06-09 12:34:42,828 - INFO - 60초 후 다음 확인을 진행합니다. (현재 상태: IDLE)
2026-06-09 12:35:42,929 - INFO - [005930] 현재가: 310000, 고가: 312000, 저가: 300000
2026-06-09 12:35:44,260 - ERROR - GET 요청 실패 (VTTC8434R): 500 Server Error: Internal Server Error for url: https://openapivts.koreainvestment.com:29443/uapi/domestic-stock/v1/trading/inquire-balance?CANO=50174003&ACNT_PRDT_CD=01&AFHR_FLPR_YN=N&OFL_YN=&INQR_DVSN=02&UNPR_DVSN=01&FUND_STTL_ICLD_YN=N&FNCG_AMT_AUTO_RDPT_YN=N&PRCS_DVSN=00&CTX_AREA_FK100=&CTX_AREA_NK100=
2026-06-09 12:35:44,260 - ERROR - 상세 에러: {"rt_cd":"1","msg1":"원장에서 허용 가능한 초당 거래건수를 초과하였습니다.","msg_cd":"EGW00201"}
2026-06-09 12:35:44,263 - ERROR - 잔고 조회 실패
2026-06-09 12:35:45,047 - ERROR - GET 요청 실패 (FHKST03010100): 500 Server Error: Internal Server Error for url: https://openapivts.koreainvestment.com:29443/uapi/domestic-stock/v1/quotations/inquire-daily-itemchartprice?FID_COND_MRKT_DIV_CODE=J&FID_INPUT_ISCD=005930&FID_PERIOD_DIV_CODE=D&FID_ORG_ADJ_PRC=0
2026-06-09 12:35:45,047 - ERROR - 상세 에러: {"rt_cd":"1","msg1":"초당 거래건수를 초과하였습니다.","msg_cd":"EGW00201","message":"EGW00201"}
2026-06-09 12:35:45,051 - WARNING - 예수금 부족으로 매수 불가 (예수금: 0원, 필요: 308500원)
2026-06-09 12:35:45,051 - INFO - 60초 후 다음 확인을 진행합니다. (현재 상태: IDLE)
2026-06-09 12:36:45,168 - INFO - [005930] 현재가: 310750, 고가: 312000, 저가: 300000
2026-06-09 12:36:46,283 - ERROR - GET 요청 실패 (VTTC8434R): 500 Server Error: Internal Server Error for url: https://openapivts.koreainvestment.com:29443/uapi/domestic-stock/v1/trading/inquire-balance?CANO=50174003&ACNT_PRDT_CD=01&AFHR_FLPR_YN=N&OFL_YN=&INQR_DVSN=02&UNPR_DVSN=01&FUND_STTL_ICLD_YN=N&FNCG_AMT_AUTO_RDPT_YN=N&PRCS_DVSN=00&CTX_AREA_FK100=&CTX_AREA_NK100=
2026-06-09 12:36:46,283 - ERROR - 상세 에러: {"rt_cd":"1","msg1":"원장에서 허용 가능한 초당 거래건수를 초과하였습니다.","msg_cd":"EGW00201"}
2026-06-09 12:36:46,286 - ERROR - 잔고 조회 실패
2026-06-09 12:36:47,288 - WARNING - 예수금 부족으로 매수 불가 (예수금: 0원, 필요: 309000원)
2026-06-09 12:36:47,288 - INFO - 60초 후 다음 확인을 진행합니다. (현재 상태: IDLE)
2026-06-09 12:37:47,399 - INFO - [005930] 현재가: 310500, 고가: 312000, 저가: 300000
2026-06-09 12:37:48,868 - INFO - 계좌 예수금: 9579172원
2026-06-09 12:37:48,869 - INFO - [005930] 보유: 1주, 매도 가능: 0주, 평단가: 308,500원
2026-06-09 12:37:48,889 - INFO - 미실현 손익: 2,000원 (0.65%), 최고 수익률: 0.65%
2026-06-09 12:37:48,944 - INFO - 자가 최적화 기록 완료: C:\Users\witpo\OneDrive\바탕 화면\YONSEI\26-1\ECO4126 인공지능과금융공학\open-trading-api\self_optimization_history
2026-06-09 12:37:49,007 - INFO - 보유 수량(1)에 대해 매도 주문(0000032406)이 진행 중입니다.
2026-06-09 12:37:49,007 - INFO - 60초 후 다음 확인을 진행합니다. (현재 상태: SELLING)
2026-06-09 12:38:49,128 - INFO - [005930] 현재가: 310500, 고가: 312000, 저가: 300000
2026-06-09 12:38:51,693 - INFO - 계좌 예수금: 9579172원
2026-06-09 12:38:51,694 - INFO - [005930] 보유: 1주, 매도 가능: 0주, 평단가: 308,500원
2026-06-09 12:38:51,716 - INFO - 미실현 손익: 2,000원 (0.65%), 최고 수익률: 0.65%
2026-06-09 12:38:51,747 - INFO - 보유 수량(1)에 대해 매도 주문(0000032406)이 진행 중입니다.
2026-06-09 12:38:51,747 - INFO - 60초 후 다음 확인을 진행합니다. (현재 상태: SELLING)
2026-06-09 12:39:51,849 - INFO - [005930] 현재가: 311250, 고가: 312000, 저가: 300000
2026-06-09 12:39:52,948 - ERROR - GET 요청 실패 (VTTC8434R): 500 Server Error: Internal Server Error for url: https://openapivts.koreainvestment.com:29443/uapi/domestic-stock/v1/trading/inquire-balance?CANO=50174003&ACNT_PRDT_CD=01&AFHR_FLPR_YN=N&OFL_YN=&INQR_DVSN=02&UNPR_DVSN=01&FUND_STTL_ICLD_YN=N&FNCG_AMT_AUTO_RDPT_YN=N&PRCS_DVSN=00&CTX_AREA_FK100=&CTX_AREA_NK100=
2026-06-09 12:39:52,949 - ERROR - 상세 에러: {"rt_cd":"1","msg1":"원장에서 허용 가능한 초당 거래건수를 초과하였습니다.","msg_cd":"EGW00201"}
2026-06-09 12:39:52,951 - ERROR - 잔고 조회 실패
2026-06-09 12:39:53,969 - INFO - 매도 주문 완료 확인: 상태를 IDLE로 전환합니다.
2026-06-09 12:39:54,045 - WARNING - 예수금 부족으로 매수 불가 (예수금: 0원, 필요: 309000원)
2026-06-09 12:39:54,045 - INFO - 60초 후 다음 확인을 진행합니다. (현재 상태: IDLE)
2026-06-09 12:40:54,164 - INFO - [005930] 현재가: 311000, 고가: 312000, 저가: 300000
2026-06-09 12:40:55,282 - ERROR - GET 요청 실패 (VTTC8434R): 500 Server Error: Internal Server Error for url: https://openapivts.koreainvestment.com:29443/uapi/domestic-stock/v1/trading/inquire-balance?CANO=50174003&ACNT_PRDT_CD=01&AFHR_FLPR_YN=N&OFL_YN=&INQR_DVSN=02&UNPR_DVSN=01&FUND_STTL_ICLD_YN=N&FNCG_AMT_AUTO_RDPT_YN=N&PRCS_DVSN=00&CTX_AREA_FK100=&CTX_AREA_NK100=
2026-06-09 12:40:55,282 - ERROR - 상세 에러: {"rt_cd":"1","msg1":"원장에서 허용 가능한 초당 거래건수를 초과하였습니다.","msg_cd":"EGW00201"}
2026-06-09 12:40:55,285 - ERROR - 잔고 조회 실패
2026-06-09 12:40:56,256 - ERROR - GET 요청 실패 (FHKST03010100): 500 Server Error: Internal Server Error for url: https://openapivts.koreainvestment.com:29443/uapi/domestic-stock/v1/quotations/inquire-daily-itemchartprice?FID_COND_MRKT_DIV_CODE=J&FID_INPUT_ISCD=005930&FID_PERIOD_DIV_CODE=D&FID_ORG_ADJ_PRC=0
2026-06-09 12:40:56,257 - ERROR - 상세 에러: {"rt_cd":"1","msg1":"초당 거래건수를 초과하였습니다.","msg_cd":"EGW00201","message":"EGW00201"}
2026-06-09 12:40:56,259 - WARNING - 예수금 부족으로 매수 불가 (예수금: 0원, 필요: 308500원)
2026-06-09 12:40:56,260 - INFO - 60초 후 다음 확인을 진행합니다. (현재 상태: IDLE)
2026-06-09 12:41:56,365 - INFO - [005930] 현재가: 311000, 고가: 312000, 저가: 300000
2026-06-09 12:41:57,556 - INFO - 계좌 예수금: 9579172원
2026-06-09 12:41:57,556 - INFO - [005930] 보유: 1주, 매도 가능: 0주, 평단가: 308,500원
2026-06-09 12:41:57,576 - INFO - 미실현 손익: 2,500원 (0.81%), 최고 수익률: 0.81%
2026-06-09 12:41:57,652 - INFO - 보유 수량(1)에 대해 매도 주문(0000032406)이 진행 중입니다.
2026-06-09 12:41:57,652 - INFO - 60초 후 다음 확인을 진행합니다. (현재 상태: SELLING)
2026-06-09 12:42:57,769 - INFO - [005930] 현재가: 311000, 고가: 312000, 저가: 300000
2026-06-09 12:42:59,095 - ERROR - GET 요청 실패 (VTTC8434R): 500 Server Error: Internal Server Error for url: https://openapivts.koreainvestment.com:29443/uapi/domestic-stock/v1/trading/inquire-balance?CANO=50174003&ACNT_PRDT_CD=01&AFHR_FLPR_YN=N&OFL_YN=&INQR_DVSN=02&UNPR_DVSN=01&FUND_STTL_ICLD_YN=N&FNCG_AMT_AUTO_RDPT_YN=N&PRCS_DVSN=00&CTX_AREA_FK100=&CTX_AREA_NK100=
2026-06-09 12:42:59,096 - ERROR - 상세 에러: {"rt_cd":"1","msg1":"원장에서 허용 가능한 초당 거래건수를 초과하였습니다.","msg_cd":"EGW00201"}
2026-06-09 12:42:59,098 - ERROR - 잔고 조회 실패
2026-06-09 12:42:59,880 - INFO - 매도 주문 완료 확인: 상태를 IDLE로 전환합니다.
2026-06-09 12:42:59,945 - WARNING - 예수금 부족으로 매수 불가 (예수금: 0원, 필요: 308500원)
2026-06-09 12:42:59,946 - INFO - 60초 후 다음 확인을 진행합니다. (현재 상태: IDLE)
2026-06-09 12:44:00,071 - INFO - [005930] 현재가: 311500, 고가: 312000, 저가: 300000
2026-06-09 12:44:01,174 - ERROR - GET 요청 실패 (VTTC8434R): 500 Server Error: Internal Server Error for url: https://openapivts.koreainvestment.com:29443/uapi/domestic-stock/v1/trading/inquire-balance?CANO=50174003&ACNT_PRDT_CD=01&AFHR_FLPR_YN=N&OFL_YN=&INQR_DVSN=02&UNPR_DVSN=01&FUND_STTL_ICLD_YN=N&FNCG_AMT_AUTO_RDPT_YN=N&PRCS_DVSN=00&CTX_AREA_FK100=&CTX_AREA_NK100=
2026-06-09 12:44:01,175 - ERROR - 상세 에러: {"rt_cd":"1","msg1":"원장에서 허용 가능한 초당 거래건수를 초과하였습니다.","msg_cd":"EGW00201"}
2026-06-09 12:44:01,178 - ERROR - 잔고 조회 실패
2026-06-09 12:44:02,171 - WARNING - 예수금 부족으로 매수 불가 (예수금: 0원, 필요: 309000원)
2026-06-09 12:44:02,172 - INFO - 60초 후 다음 확인을 진행합니다. (현재 상태: IDLE)
2026-06-09 12:45:02,287 - INFO - [005930] 현재가: 311000, 고가: 312000, 저가: 300000
2026-06-09 12:45:03,378 - ERROR - GET 요청 실패 (VTTC8434R): 500 Server Error: Internal Server Error for url: https://openapivts.koreainvestment.com:29443/uapi/domestic-stock/v1/trading/inquire-balance?CANO=50174003&ACNT_PRDT_CD=01&AFHR_FLPR_YN=N&OFL_YN=&INQR_DVSN=02&UNPR_DVSN=01&FUND_STTL_ICLD_YN=N&FNCG_AMT_AUTO_RDPT_YN=N&PRCS_DVSN=00&CTX_AREA_FK100=&CTX_AREA_NK100=
2026-06-09 12:45:03,378 - ERROR - 상세 에러: {"rt_cd":"1","msg1":"원장에서 허용 가능한 초당 거래건수를 초과하였습니다.","msg_cd":"EGW00201"}
2026-06-09 12:45:03,381 - ERROR - 잔고 조회 실패
2026-06-09 12:45:04,408 - WARNING - 예수금 부족으로 매수 불가 (예수금: 0원, 필요: 308500원)
2026-06-09 12:45:04,408 - INFO - 60초 후 다음 확인을 진행합니다. (현재 상태: IDLE)
2026-06-09 12:46:04,533 - INFO - [005930] 현재가: 311250, 고가: 312000, 저가: 300000
2026-06-09 12:46:07,584 - INFO - 계좌 예수금: 9579172원
2026-06-09 12:46:07,585 - INFO - [005930] 보유: 1주, 매도 가능: 0주, 평단가: 308,500원
2026-06-09 12:46:07,605 - INFO - 미실현 손익: 2,750원 (0.89%), 최고 수익률: 0.89%
2026-06-09 12:46:07,679 - INFO - 보유 수량(1)에 대해 매도 주문(0000032406)이 진행 중입니다.
2026-06-09 12:46:07,679 - INFO - 60초 후 다음 확인을 진행합니다. (현재 상태: SELLING)
2026-06-09 12:47:07,793 - INFO - [005930] 현재가: 311500, 고가: 312000, 저가: 300000
2026-06-09 12:47:07,794 - WARNING - ⚠️ 주문 고착 감지: 타임아웃 (807초 경과). 주문 취소를 시도합니다.
2026-06-09 12:47:07,794 - INFO - [CANCEL] 주문 취소 요청: 005930, 주문번호: 0000032406
2026-06-09 12:47:08,272 - ERROR - POST 요청 실패 (VTTC0013U): 500 Server Error: Internal Server Error for url: https://openapivts.koreainvestment.com:29443/uapi/domestic-stock/v1/trading/order-rvsecncl
2026-06-09 12:47:08,273 - ERROR - 상세 에러: {"rt_cd":"1","msg1":"초당 거래건수를 초과하였습니다.","msg_cd":"EGW00201","message":"EGW00201"}
2026-06-09 12:47:08,276 - ERROR - 주문 취소 실패: 응답 없음
2026-06-09 12:47:08,277 - ERROR - 주문 취소 실패. 다음 루프에서 재시도합니다.
2026-06-09 12:47:09,367 - ERROR - GET 요청 실패 (VTTC8434R): 500 Server Error: Internal Server Error for url: https://openapivts.koreainvestment.com:29443/uapi/domestic-stock/v1/trading/inquire-balance?CANO=50174003&ACNT_PRDT_CD=01&AFHR_FLPR_YN=N&OFL_YN=&INQR_DVSN=02&UNPR_DVSN=01&FUND_STTL_ICLD_YN=N&FNCG_AMT_AUTO_RDPT_YN=N&PRCS_DVSN=00&CTX_AREA_FK100=&CTX_AREA_NK100=
2026-06-09 12:47:09,368 - ERROR - 상세 에러: {"rt_cd":"1","msg1":"원장에서 허용 가능한 초당 거래건수를 초과하였습니다.","msg_cd":"EGW00201"}
2026-06-09 12:47:09,371 - ERROR - 잔고 조회 실패
2026-06-09 12:47:10,392 - INFO - 매도 주문 완료 확인: 상태를 IDLE로 전환합니다.
2026-06-09 12:47:10,456 - WARNING - 예수금 부족으로 매수 불가 (예수금: 0원, 필요: 309000원)
2026-06-09 12:47:10,457 - INFO - 60초 후 다음 확인을 진행합니다. (현재 상태: IDLE)
2026-06-09 12:48:10,578 - INFO - [005930] 현재가: 311500, 고가: 312000, 저가: 300000
2026-06-09 12:48:12,213 - INFO - 계좌 예수금: 9579172원
2026-06-09 12:48:12,362 - ERROR - GET 요청 실패 (FHKST03010200): 500 Server Error: Internal Server Error for url: https://openapivts.koreainvestment.com:29443/uapi/domestic-stock/v1/quotations/inquire-time-itemchartprice?FID_ETC_CLS_CODE=&FID_COND_MRKT_DIV_CODE=J&FID_INPUT_ISCD=005930&FID_PW_DATA_INCU_YN=N&FID_HOUR_CLS_CODE=1
2026-06-09 12:48:12,362 - ERROR - 상세 에러: {"rt_cd":"1","msg1":"초당 거래건수를 초과하였습니다.","msg_cd":"EGW00201","message":"EGW00201"}
2026-06-09 12:48:12,859 - INFO - 매수 조건 충족: 현재가(311500) - 오프셋(2250+0) = 309000원 (보수적 하향 보정)
2026-06-09 12:48:12,859 - INFO - [BUY] 주문 요청: 005930, 1주, 309000원
2026-06-09 12:48:13,410 - INFO - 주문 성공! 주문번호: 0000033821
2026-06-09 12:48:13,455 - INFO - 60초 후 다음 확인을 진행합니다. (현재 상태: BUYING)
2026-06-09 12:49:13,569 - INFO - [005930] 현재가: 311000, 고가: 312000, 저가: 300000
2026-06-09 12:49:14,988 - INFO - 계좌 예수금: 9579172원
2026-06-09 12:49:15,161 - ERROR - GET 요청 실패 (FHKST03010200): 500 Server Error: Internal Server Error for url: https://openapivts.koreainvestment.com:29443/uapi/domestic-stock/v1/quotations/inquire-time-itemchartprice?FID_ETC_CLS_CODE=&FID_COND_MRKT_DIV_CODE=J&FID_INPUT_ISCD=005930&FID_PW_DATA_INCU_YN=N&FID_HOUR_CLS_CODE=1
2026-06-09 12:49:15,161 - ERROR - 상세 에러: {"rt_cd":"1","msg1":"초당 거래건수를 초과하였습니다.","msg_cd":"EGW00201","message":"EGW00201"}
2026-06-09 12:49:15,669 - INFO - 이미 매수 주문(0000033821)이 진행 중입니다. 체결을 기다립니다.
2026-06-09 12:49:15,670 - INFO - 60초 후 다음 확인을 진행합니다. (현재 상태: BUYING)
2026-06-09 12:50:15,787 - INFO - [005930] 현재가: 311000, 고가: 312000, 저가: 300000
2026-06-09 12:50:16,892 - ERROR - GET 요청 실패 (VTTC8434R): 500 Server Error: Internal Server Error for url: https://openapivts.koreainvestment.com:29443/uapi/domestic-stock/v1/trading/inquire-balance?CANO=50174003&ACNT_PRDT_CD=01&AFHR_FLPR_YN=N&OFL_YN=&INQR_DVSN=02&UNPR_DVSN=01&FUND_STTL_ICLD_YN=N&FNCG_AMT_AUTO_RDPT_YN=N&PRCS_DVSN=00&CTX_AREA_FK100=&CTX_AREA_NK100=
2026-06-09 12:50:16,893 - ERROR - 상세 에러: {"rt_cd":"1","msg1":"원장에서 허용 가능한 초당 거래건수를 초과하였습니다.","msg_cd":"EGW00201"}
2026-06-09 12:50:16,895 - ERROR - 잔고 조회 실패
2026-06-09 12:50:17,893 - INFO - 이미 매수 주문(0000033821)이 진행 중입니다. 체결을 기다립니다.
2026-06-09 12:50:17,894 - INFO - 60초 후 다음 확인을 진행합니다. (현재 상태: BUYING)
2026-06-09 12:51:18,004 - INFO - [005930] 현재가: 311000, 고가: 312000, 저가: 300000
2026-06-09 12:51:19,104 - ERROR - GET 요청 실패 (VTTC8434R): 500 Server Error: Internal Server Error for url: https://openapivts.koreainvestment.com:29443/uapi/domestic-stock/v1/trading/inquire-balance?CANO=50174003&ACNT_PRDT_CD=01&AFHR_FLPR_YN=N&OFL_YN=&INQR_DVSN=02&UNPR_DVSN=01&FUND_STTL_ICLD_YN=N&FNCG_AMT_AUTO_RDPT_YN=N&PRCS_DVSN=00&CTX_AREA_FK100=&CTX_AREA_NK100=
2026-06-09 12:51:19,104 - ERROR - 상세 에러: {"rt_cd":"1","msg1":"원장에서 허용 가능한 초당 거래건수를 초과하였습니다.","msg_cd":"EGW00201"}
2026-06-09 12:51:19,107 - ERROR - 잔고 조회 실패
2026-06-09 12:51:20,121 - INFO - 이미 매수 주문(0000033821)이 진행 중입니다. 체결을 기다립니다.
2026-06-09 12:51:20,122 - INFO - 60초 후 다음 확인을 진행합니다. (현재 상태: BUYING)
2026-06-09 12:52:20,649 - INFO - [005930] 현재가: 310500, 고가: 312000, 저가: 300000
2026-06-09 12:52:21,791 - INFO - 계좌 예수금: 9579172원
2026-06-09 12:52:22,739 - INFO - 이미 매수 주문(0000033821)이 진행 중입니다. 체결을 기다립니다.
2026-06-09 12:52:22,739 - INFO - 60초 후 다음 확인을 진행합니다. (현재 상태: BUYING)
2026-06-09 12:53:22,863 - INFO - [005930] 현재가: 310750, 고가: 312000, 저가: 300000
2026-06-09 12:53:23,957 - ERROR - GET 요청 실패 (VTTC8434R): 500 Server Error: Internal Server Error for url: https://openapivts.koreainvestment.com:29443/uapi/domestic-stock/v1/trading/inquire-balance?CANO=50174003&ACNT_PRDT_CD=01&AFHR_FLPR_YN=N&OFL_YN=&INQR_DVSN=02&UNPR_DVSN=01&FUND_STTL_ICLD_YN=N&FNCG_AMT_AUTO_RDPT_YN=N&PRCS_DVSN=00&CTX_AREA_FK100=&CTX_AREA_NK100=
2026-06-09 12:53:23,958 - ERROR - 상세 에러: {"rt_cd":"1","msg1":"원장에서 허용 가능한 초당 거래건수를 초과하였습니다.","msg_cd":"EGW00201"}
2026-06-09 12:53:23,960 - ERROR - 잔고 조회 실패
2026-06-09 12:53:24,958 - INFO - 이미 매수 주문(0000033821)이 진행 중입니다. 체결을 기다립니다.
2026-06-09 12:53:24,959 - INFO - 60초 후 다음 확인을 진행합니다. (현재 상태: BUYING)
2026-06-09 12:54:25,088 - INFO - [005930] 현재가: 311500, 고가: 312000, 저가: 300000
2026-06-09 12:54:25,088 - WARNING - ⚠️ 주문 고착 감지: 가격 이탈 (현재가:311,500, 목표가:309,000, 차이:2,500). 주문 취소를 시도합니다.
2026-06-09 12:54:25,089 - INFO - [CANCEL] 주문 취소 요청: 005930, 주문번호: 0000033821
2026-06-09 12:54:25,606 - INFO - 주문 취소 성공! (원주문: 0000033821)
2026-06-09 12:54:25,654 - INFO - 상태 전환 완료: IDLE
2026-06-09 12:54:26,915 - INFO - 계좌 예수금: 9579172원
2026-06-09 12:54:27,250 - ERROR - GET 요청 실패 (FHKST03010200): 500 Server Error: Internal Server Error for url: https://openapivts.koreainvestment.com:29443/uapi/domestic-stock/v1/quotations/inquire-time-itemchartprice?FID_ETC_CLS_CODE=&FID_COND_MRKT_DIV_CODE=J&FID_INPUT_ISCD=005930&FID_PW_DATA_INCU_YN=N&FID_HOUR_CLS_CODE=1
2026-06-09 12:54:27,251 - ERROR - 상세 에러: {"rt_cd":"1","msg1":"초당 거래건수를 초과하였습니다.","msg_cd":"EGW00201","message":"EGW00201"}
2026-06-09 12:54:27,753 - INFO - 매수 조건 충족: 현재가(311500) - 오프셋(2250+0) = 309000원 (보수적 하향 보정)
2026-06-09 12:54:27,753 - INFO - [BUY] 주문 요청: 005930, 1주, 309000원
2026-06-09 12:54:28,289 - INFO - 주문 성공! 주문번호: 0000034341
2026-06-09 12:54:28,333 - INFO - 60초 후 다음 확인을 진행합니다. (현재 상태: BUYING)
2026-06-09 12:55:28,437 - INFO - [005930] 현재가: 311500, 고가: 312000, 저가: 300000
2026-06-09 12:55:28,438 - WARNING - ⚠️ 주문 고착 감지: 가격 이탈 (현재가:311,500, 목표가:309,000, 차이:2,500). 주문 취소를 시도합니다.
2026-06-09 12:55:28,438 - INFO - [CANCEL] 주문 취소 요청: 005930, 주문번호: 0000034341
2026-06-09 12:55:28,966 - INFO - 주문 취소 성공! (원주문: 0000034341)
2026-06-09 12:55:29,015 - INFO - 상태 전환 완료: IDLE
2026-06-09 12:55:30,130 - ERROR - GET 요청 실패 (VTTC8434R): 500 Server Error: Internal Server Error for url: https://openapivts.koreainvestment.com:29443/uapi/domestic-stock/v1/trading/inquire-balance?CANO=50174003&ACNT_PRDT_CD=01&AFHR_FLPR_YN=N&OFL_YN=&INQR_DVSN=02&UNPR_DVSN=01&FUND_STTL_ICLD_YN=N&FNCG_AMT_AUTO_RDPT_YN=N&PRCS_DVSN=00&CTX_AREA_FK100=&CTX_AREA_NK100=
2026-06-09 12:55:30,131 - ERROR - 상세 에러: {"rt_cd":"1","msg1":"원장에서 허용 가능한 초당 거래건수를 초과하였습니다.","msg_cd":"EGW00201"}
2026-06-09 12:55:30,133 - ERROR - 잔고 조회 실패
2026-06-09 12:55:31,110 - ERROR - GET 요청 실패 (FHKST03010100): 500 Server Error: Internal Server Error for url: https://openapivts.koreainvestment.com:29443/uapi/domestic-stock/v1/quotations/inquire-daily-itemchartprice?FID_COND_MRKT_DIV_CODE=J&FID_INPUT_ISCD=005930&FID_PERIOD_DIV_CODE=D&FID_ORG_ADJ_PRC=0
2026-06-09 12:55:31,110 - ERROR - 상세 에러: {"rt_cd":"1","msg1":"초당 거래건수를 초과하였습니다.","msg_cd":"EGW00201","message":"EGW00201"}
2026-06-09 12:55:31,114 - WARNING - 예수금 부족으로 매수 불가 (예수금: 0원, 필요: 309000원)
2026-06-09 12:55:31,114 - INFO - 60초 후 다음 확인을 진행합니다. (현재 상태: IDLE)
2026-06-09 12:56:31,222 - INFO - [005930] 현재가: 312000, 고가: 312000, 저가: 300000
2026-06-09 12:56:32,342 - ERROR - GET 요청 실패 (VTTC8434R): 500 Server Error: Internal Server Error for url: https://openapivts.koreainvestment.com:29443/uapi/domestic-stock/v1/trading/inquire-balance?CANO=50174003&ACNT_PRDT_CD=01&AFHR_FLPR_YN=N&OFL_YN=&INQR_DVSN=02&UNPR_DVSN=01&FUND_STTL_ICLD_YN=N&FNCG_AMT_AUTO_RDPT_YN=N&PRCS_DVSN=00&CTX_AREA_FK100=&CTX_AREA_NK100=
2026-06-09 12:56:32,342 - ERROR - 상세 에러: {"rt_cd":"1","msg1":"원장에서 허용 가능한 초당 거래건수를 초과하였습니다.","msg_cd":"EGW00201"}
2026-06-09 12:56:32,345 - ERROR - 잔고 조회 실패
2026-06-09 12:56:33,324 - WARNING - 예수금 부족으로 매수 불가 (예수금: 0원, 필요: 309500원)
2026-06-09 12:56:33,325 - INFO - 60초 후 다음 확인을 진행합니다. (현재 상태: IDLE)
2026-06-09 12:57:33,668 - INFO - [005930] 현재가: 312500, 고가: 312500, 저가: 300000
2026-06-09 12:57:35,005 - ERROR - GET 요청 실패 (VTTC8434R): 500 Server Error: Internal Server Error for url: https://openapivts.koreainvestment.com:29443/uapi/domestic-stock/v1/trading/inquire-balance?CANO=50174003&ACNT_PRDT_CD=01&AFHR_FLPR_YN=N&OFL_YN=&INQR_DVSN=02&UNPR_DVSN=01&FUND_STTL_ICLD_YN=N&FNCG_AMT_AUTO_RDPT_YN=N&PRCS_DVSN=00&CTX_AREA_FK100=&CTX_AREA_NK100=
2026-06-09 12:57:35,006 - ERROR - 상세 에러: {"rt_cd":"1","msg1":"원장에서 허용 가능한 초당 거래건수를 초과하였습니다.","msg_cd":"EGW00201"}
2026-06-09 12:57:35,008 - ERROR - 잔고 조회 실패
2026-06-09 12:57:35,792 - WARNING - 예수금 부족으로 매수 불가 (예수금: 0원, 필요: 310000원)
2026-06-09 12:57:35,792 - INFO - 60초 후 다음 확인을 진행합니다. (현재 상태: IDLE)
2026-06-09 12:58:35,898 - INFO - [005930] 현재가: 312750, 고가: 313000, 저가: 300000
2026-06-09 12:58:37,013 - ERROR - GET 요청 실패 (VTTC8434R): 500 Server Error: Internal Server Error for url: https://openapivts.koreainvestment.com:29443/uapi/domestic-stock/v1/trading/inquire-balance?CANO=50174003&ACNT_PRDT_CD=01&AFHR_FLPR_YN=N&OFL_YN=&INQR_DVSN=02&UNPR_DVSN=01&FUND_STTL_ICLD_YN=N&FNCG_AMT_AUTO_RDPT_YN=N&PRCS_DVSN=00&CTX_AREA_FK100=&CTX_AREA_NK100=
2026-06-09 12:58:37,014 - ERROR - 상세 에러: {"rt_cd":"1","msg1":"원장에서 허용 가능한 초당 거래건수를 초과하였습니다.","msg_cd":"EGW00201"}
2026-06-09 12:58:37,016 - ERROR - 잔고 조회 실패
2026-06-09 12:58:37,995 - WARNING - 예수금 부족으로 매수 불가 (예수금: 0원, 필요: 310500원)
2026-06-09 12:58:37,996 - INFO - 60초 후 다음 확인을 진행합니다. (현재 상태: IDLE)
2026-06-09 12:59:38,331 - INFO - [005930] 현재가: 312500, 고가: 313000, 저가: 300000
2026-06-09 12:59:39,426 - ERROR - GET 요청 실패 (VTTC8434R): 500 Server Error: Internal Server Error for url: https://openapivts.koreainvestment.com:29443/uapi/domestic-stock/v1/trading/inquire-balance?CANO=50174003&ACNT_PRDT_CD=01&AFHR_FLPR_YN=N&OFL_YN=&INQR_DVSN=02&UNPR_DVSN=01&FUND_STTL_ICLD_YN=N&FNCG_AMT_AUTO_RDPT_YN=N&PRCS_DVSN=00&CTX_AREA_FK100=&CTX_AREA_NK100=
2026-06-09 12:59:39,427 - ERROR - 상세 에러: {"rt_cd":"1","msg1":"원장에서 허용 가능한 초당 거래건수를 초과하였습니다.","msg_cd":"EGW00201"}
2026-06-09 12:59:39,430 - ERROR - 잔고 조회 실패
2026-06-09 12:59:40,420 - ERROR - GET 요청 실패 (FHKST03010100): 500 Server Error: Internal Server Error for url: https://openapivts.koreainvestment.com:29443/uapi/domestic-stock/v1/quotations/inquire-daily-itemchartprice?FID_COND_MRKT_DIV_CODE=J&FID_INPUT_ISCD=005930&FID_PERIOD_DIV_CODE=D&FID_ORG_ADJ_PRC=0
2026-06-09 12:59:40,420 - ERROR - 상세 에러: {"rt_cd":"1","msg1":"초당 거래건수를 초과하였습니다.","msg_cd":"EGW00201","message":"EGW00201"}
2026-06-09 12:59:40,423 - WARNING - 예수금 부족으로 매수 불가 (예수금: 0원, 필요: 310000원)
2026-06-09 12:59:40,423 - INFO - 60초 후 다음 확인을 진행합니다. (현재 상태: IDLE)
2026-06-09 13:00:44,077 - INFO - [005930] 현재가: 312500, 고가: 313000, 저가: 300000
2026-06-09 13:00:47,125 - INFO - 계좌 예수금: 9579172원
2026-06-09 13:00:53,600 - INFO - 매수 조건 충족: 현재가(312500) - 오프셋(2250+0) = 310000원 (보수적 하향 보정)
2026-06-09 13:00:53,601 - INFO - [BUY] 주문 요청: 005930, 1주, 310000원
2026-06-09 13:00:56,979 - INFO - 주문 성공! 주문번호: 0000035045
2026-06-09 13:00:57,028 - INFO - 60초 후 다음 확인을 진행합니다. (현재 상태: BUYING)
2026-06-09 13:01:57,162 - INFO - [005930] 현재가: 312500, 고가: 313000, 저가: 300000
2026-06-09 13:01:57,163 - WARNING - ⚠️ 주문 고착 감지: 가격 이탈 (현재가:312,500, 목표가:310,000, 차이:2,500). 주문 취소를 시도합니다.
2026-06-09 13:01:57,163 - INFO - [CANCEL] 주문 취소 요청: 005930, 주문번호: 0000035045
2026-06-09 13:01:57,663 - INFO - 주문 취소 성공! (원주문: 0000035045)
2026-06-09 13:01:57,711 - INFO - 상태 전환 완료: IDLE
2026-06-09 13:02:01,187 - INFO - 계좌 예수금: 9579172원
2026-06-09 13:02:01,828 - INFO - 매수 조건 충족: 현재가(312500) - 오프셋(2250+0) = 310000원 (보수적 하향 보정)
2026-06-09 13:02:01,829 - INFO - [BUY] 주문 요청: 005930, 1주, 310000원
2026-06-09 13:02:02,342 - ERROR - POST 요청 실패 (VTTC0012U): 500 Server Error: Internal Server Error for url: https://openapivts.koreainvestment.com:29443/uapi/domestic-stock/v1/trading/order-cash
2026-06-09 13:02:02,343 - ERROR - 상세 에러: {"rt_cd":"1","msg1":"초당 거래건수를 초과하였습니다.","msg_cd":"EGW00201","message":"EGW00201"}
2026-06-09 13:02:02,346 - ERROR - 주문 실패: 응답 없음
2026-06-09 13:02:02,346 - INFO - 60초 후 다음 확인을 진행합니다. (현재 상태: IDLE)
2026-06-09 13:03:02,454 - INFO - [005930] 현재가: 312250, 고가: 313000, 저가: 300000
2026-06-09 13:03:04,578 - INFO - 계좌 예수금: 9579172원
2026-06-09 13:03:05,220 - INFO - 매수 조건 충족: 현재가(312250) - 오프셋(2250+0) = 310000원 (보수적 하향 보정)
2026-06-09 13:03:05,221 - INFO - [BUY] 주문 요청: 005930, 1주, 310000원
2026-06-09 13:03:05,786 - INFO - 주문 성공! 주문번호: 0000035235
2026-06-09 13:03:05,834 - INFO - 60초 후 다음 확인을 진행합니다. (현재 상태: BUYING)
2026-06-09 13:04:05,983 - INFO - [005930] 현재가: 312500, 고가: 313000, 저가: 300000
2026-06-09 13:04:05,984 - WARNING - ⚠️ 주문 고착 감지: 가격 이탈 (현재가:312,500, 목표가:310,000, 차이:2,500). 주문 취소를 시도합니다.
2026-06-09 13:04:05,984 - INFO - [CANCEL] 주문 취소 요청: 005930, 주문번호: 0000035235
2026-06-09 13:04:06,461 - INFO - 주문 취소 성공! (원주문: 0000035235)
2026-06-09 13:04:06,507 - INFO - 상태 전환 완료: IDLE
2026-06-09 13:04:08,654 - INFO - 계좌 예수금: 9579172원
2026-06-09 13:04:09,286 - ERROR - GET 요청 실패 (FHKST03010100): 500 Server Error: Internal Server Error for url: https://openapivts.koreainvestment.com:29443/uapi/domestic-stock/v1/quotations/inquire-daily-itemchartprice?FID_COND_MRKT_DIV_CODE=J&FID_INPUT_ISCD=005930&FID_PERIOD_DIV_CODE=D&FID_ORG_ADJ_PRC=0
2026-06-09 13:04:09,287 - ERROR - 상세 에러: {"rt_cd":"1","msg1":"초당 거래건수를 초과하였습니다.","msg_cd":"EGW00201","message":"EGW00201"}
2026-06-09 13:04:09,290 - INFO - 매수 조건 충족: 현재가(312500) - 오프셋(2250+0) = 310000원 (보수적 하향 보정)
2026-06-09 13:04:09,291 - INFO - [BUY] 주문 요청: 005930, 1주, 310000원
2026-06-09 13:04:09,846 - INFO - 주문 성공! 주문번호: 0000035305
2026-06-09 13:04:09,897 - INFO - 60초 후 다음 확인을 진행합니다. (현재 상태: BUYING)
2026-06-09 13:05:10,015 - INFO - [005930] 현재가: 313000, 고가: 313500, 저가: 300000
2026-06-09 13:05:10,015 - WARNING - ⚠️ 주문 고착 감지: 가격 이탈 (현재가:313,000, 목표가:310,000, 차이:3,000). 주문 취소를 시도합니다.
2026-06-09 13:05:10,016 - INFO - [CANCEL] 주문 취소 요청: 005930, 주문번호: 0000035305
2026-06-09 13:05:10,554 - INFO - 주문 취소 성공! (원주문: 0000035305)
2026-06-09 13:05:10,599 - INFO - 상태 전환 완료: IDLE
2026-06-09 13:05:11,764 - INFO - 계좌 예수금: 9579172원
2026-06-09 13:05:12,191 - ERROR - GET 요청 실패 (FHKST03010200): 500 Server Error: Internal Server Error for url: https://openapivts.koreainvestment.com:29443/uapi/domestic-stock/v1/quotations/inquire-time-itemchartprice?FID_ETC_CLS_CODE=&FID_COND_MRKT_DIV_CODE=J&FID_INPUT_ISCD=005930&FID_PW_DATA_INCU_YN=N&FID_HOUR_CLS_CODE=1
2026-06-09 13:05:12,191 - ERROR - 상세 에러: {"rt_cd":"1","msg1":"초당 거래건수를 초과하였습니다.","msg_cd":"EGW00201","message":"EGW00201"}
2026-06-09 13:05:12,696 - INFO - 매수 조건 충족: 현재가(313000) - 오프셋(2250+0) = 310500원 (보수적 하향 보정)
2026-06-09 13:05:12,697 - INFO - [BUY] 주문 요청: 005930, 1주, 310500원
2026-06-09 13:05:13,204 - ERROR - POST 요청 실패 (VTTC0012U): 500 Server Error: Internal Server Error for url: https://openapivts.koreainvestment.com:29443/uapi/domestic-stock/v1/trading/order-cash
2026-06-09 13:05:13,204 - ERROR - 상세 에러: {"rt_cd":"1","msg1":"초당 거래건수를 초과하였습니다.","msg_cd":"EGW00201","message":"EGW00201"}
2026-06-09 13:05:13,207 - ERROR - 주문 실패: 응답 없음
2026-06-09 13:05:13,208 - INFO - 60초 후 다음 확인을 진행합니다. (현재 상태: IDLE)
2026-06-09 13:06:13,305 - INFO - [005930] 현재가: 313500, 고가: 314000, 저가: 300000
2026-06-09 13:06:14,398 - ERROR - GET 요청 실패 (VTTC8434R): 500 Server Error: Internal Server Error for url: https://openapivts.koreainvestment.com:29443/uapi/domestic-stock/v1/trading/inquire-balance?CANO=50174003&ACNT_PRDT_CD=01&AFHR_FLPR_YN=N&OFL_YN=&INQR_DVSN=02&UNPR_DVSN=01&FUND_STTL_ICLD_YN=N&FNCG_AMT_AUTO_RDPT_YN=N&PRCS_DVSN=00&CTX_AREA_FK100=&CTX_AREA_NK100=
2026-06-09 13:06:14,398 - ERROR - 상세 에러: {"rt_cd":"1","msg1":"원장에서 허용 가능한 초당 거래건수를 초과하였습니다.","msg_cd":"EGW00201"}
2026-06-09 13:06:14,401 - ERROR - 잔고 조회 실패
2026-06-09 13:06:15,399 - ERROR - GET 요청 실패 (FHKST03010100): 500 Server Error: Internal Server Error for url: https://openapivts.koreainvestment.com:29443/uapi/domestic-stock/v1/quotations/inquire-daily-itemchartprice?FID_COND_MRKT_DIV_CODE=J&FID_INPUT_ISCD=005930&FID_PERIOD_DIV_CODE=D&FID_ORG_ADJ_PRC=0
2026-06-09 13:06:15,400 - ERROR - 상세 에러: {"rt_cd":"1","msg1":"초당 거래건수를 초과하였습니다.","msg_cd":"EGW00201","message":"EGW00201"}
2026-06-09 13:06:15,402 - WARNING - 예수금 부족으로 매수 불가 (예수금: 0원, 필요: 311000원)
2026-06-09 13:06:15,402 - INFO - 60초 후 다음 확인을 진행합니다. (현재 상태: IDLE)
2026-06-09 13:07:15,731 - INFO - [005930] 현재가: 312500, 고가: 314000, 저가: 300000
2026-06-09 13:07:17,314 - INFO - 계좌 예수금: 9579172원
2026-06-09 13:07:17,959 - INFO - 매수 조건 충족: 현재가(312500) - 오프셋(2250+0) = 310000원 (보수적 하향 보정)
2026-06-09 13:07:17,959 - INFO - [BUY] 주문 요청: 005930, 1주, 310000원
2026-06-09 13:07:18,456 - ERROR - POST 요청 실패 (VTTC0012U): 500 Server Error: Internal Server Error for url: https://openapivts.koreainvestment.com:29443/uapi/domestic-stock/v1/trading/order-cash
2026-06-09 13:07:18,456 - ERROR - 상세 에러: {"rt_cd":"1","msg1":"초당 거래건수를 초과하였습니다.","msg_cd":"EGW00201","message":"EGW00201"}
2026-06-09 13:07:18,459 - ERROR - 주문 실패: 응답 없음
2026-06-09 13:07:18,459 - INFO - 60초 후 다음 확인을 진행합니다. (현재 상태: IDLE)
2026-06-09 13:08:18,573 - INFO - [005930] 현재가: 313500, 고가: 314000, 저가: 300000
2026-06-09 13:08:19,884 - INFO - 계좌 예수금: 9579172원
2026-06-09 13:08:20,674 - INFO - 매수 조건 충족: 현재가(313500) - 오프셋(2250+0) = 311000원 (보수적 하향 보정)
2026-06-09 13:08:20,681 - INFO - [BUY] 주문 요청: 005930, 1주, 311000원
2026-06-09 13:08:21,162 - ERROR - POST 요청 실패 (VTTC0012U): 500 Server Error: Internal Server Error for url: https://openapivts.koreainvestment.com:29443/uapi/domestic-stock/v1/trading/order-cash
2026-06-09 13:08:21,162 - ERROR - 상세 에러: {"rt_cd":"1","msg1":"초당 거래건수를 초과하였습니다.","msg_cd":"EGW00201","message":"EGW00201"}
2026-06-09 13:08:21,165 - ERROR - 주문 실패: 응답 없음
2026-06-09 13:08:21,166 - INFO - 60초 후 다음 확인을 진행합니다. (현재 상태: IDLE)
2026-06-09 13:09:21,269 - INFO - [005930] 현재가: 313500, 고가: 314000, 저가: 300000
2026-06-09 13:09:22,378 - ERROR - GET 요청 실패 (VTTC8434R): 500 Server Error: Internal Server Error for url: https://openapivts.koreainvestment.com:29443/uapi/domestic-stock/v1/trading/inquire-balance?CANO=50174003&ACNT_PRDT_CD=01&AFHR_FLPR_YN=N&OFL_YN=&INQR_DVSN=02&UNPR_DVSN=01&FUND_STTL_ICLD_YN=N&FNCG_AMT_AUTO_RDPT_YN=N&PRCS_DVSN=00&CTX_AREA_FK100=&CTX_AREA_NK100=
2026-06-09 13:09:22,378 - ERROR - 상세 에러: {"rt_cd":"1","msg1":"원장에서 허용 가능한 초당 거래건수를 초과하였습니다.","msg_cd":"EGW00201"}
2026-06-09 13:09:22,381 - ERROR - 잔고 조회 실패
2026-06-09 13:09:23,386 - ERROR - GET 요청 실패 (FHKST03010100): 500 Server Error: Internal Server Error for url: https://openapivts.koreainvestment.com:29443/uapi/domestic-stock/v1/quotations/inquire-daily-itemchartprice?FID_COND_MRKT_DIV_CODE=J&FID_INPUT_ISCD=005930&FID_PERIOD_DIV_CODE=D&FID_ORG_ADJ_PRC=0
2026-06-09 13:09:23,387 - ERROR - 상세 에러: {"rt_cd":"1","msg1":"초당 거래건수를 초과하였습니다.","msg_cd":"EGW00201","message":"EGW00201"}
2026-06-09 13:09:23,394 - WARNING - 예수금 부족으로 매수 불가 (예수금: 0원, 필요: 311000원)
2026-06-09 13:09:23,395 - INFO - 60초 후 다음 확인을 진행합니다. (현재 상태: IDLE)
2026-06-09 13:10:23,740 - INFO - [005930] 현재가: 313500, 고가: 314000, 저가: 300000
2026-06-09 13:10:26,253 - INFO - 계좌 예수금: 9579172원
2026-06-09 13:10:26,914 - INFO - 매수 조건 충족: 현재가(313500) - 오프셋(2250+0) = 311000원 (보수적 하향 보정)
2026-06-09 13:10:26,914 - INFO - [BUY] 주문 요청: 005930, 1주, 311000원
2026-06-09 13:10:27,432 - INFO - 주문 성공! 주문번호: 0000035669
2026-06-09 13:10:27,480 - INFO - 60초 후 다음 확인을 진행합니다. (현재 상태: BUYING)
2026-06-09 13:11:27,611 - INFO - [005930] 현재가: 313250, 고가: 314000, 저가: 300000
2026-06-09 13:11:27,612 - WARNING - ⚠️ 주문 고착 감지: 가격 이탈 (현재가:313,250, 목표가:311,000, 차이:2,250). 주문 취소를 시도합니다.
2026-06-09 13:11:27,612 - INFO - [CANCEL] 주문 취소 요청: 005930, 주문번호: 0000035669
2026-06-09 13:11:28,081 - ERROR - POST 요청 실패 (VTTC0013U): 500 Server Error: Internal Server Error for url: https://openapivts.koreainvestment.com:29443/uapi/domestic-stock/v1/trading/order-rvsecncl
2026-06-09 13:11:28,081 - ERROR - 상세 에러: {"rt_cd":"1","msg1":"초당 거래건수를 초과하였습니다.","msg_cd":"EGW00201","message":"EGW00201"}
2026-06-09 13:11:28,084 - ERROR - 주문 취소 실패: 응답 없음
2026-06-09 13:11:28,084 - ERROR - 주문 취소 실패. 다음 루프에서 재시도합니다.
2026-06-09 13:11:29,185 - ERROR - GET 요청 실패 (VTTC8434R): 500 Server Error: Internal Server Error for url: https://openapivts.koreainvestment.com:29443/uapi/domestic-stock/v1/trading/inquire-balance?CANO=50174003&ACNT_PRDT_CD=01&AFHR_FLPR_YN=N&OFL_YN=&INQR_DVSN=02&UNPR_DVSN=01&FUND_STTL_ICLD_YN=N&FNCG_AMT_AUTO_RDPT_YN=N&PRCS_DVSN=00&CTX_AREA_FK100=&CTX_AREA_NK100=
2026-06-09 13:11:29,185 - ERROR - 상세 에러: {"rt_cd":"1","msg1":"원장에서 허용 가능한 초당 거래건수를 초과하였습니다.","msg_cd":"EGW00201"}
2026-06-09 13:11:29,189 - ERROR - 잔고 조회 실패
2026-06-09 13:11:30,206 - INFO - 이미 매수 주문(0000035669)이 진행 중입니다. 체결을 기다립니다.
2026-06-09 13:11:30,207 - INFO - 60초 후 다음 확인을 진행합니다. (현재 상태: BUYING)
2026-06-09 13:12:30,323 - INFO - [005930] 현재가: 314000, 고가: 314000, 저가: 300000
2026-06-09 13:12:30,324 - WARNING - ⚠️ 주문 고착 감지: 가격 이탈 (현재가:314,000, 목표가:311,000, 차이:3,000). 주문 취소를 시도합니다.
2026-06-09 13:12:30,324 - INFO - [CANCEL] 주문 취소 요청: 005930, 주문번호: 0000035669
2026-06-09 13:12:30,854 - INFO - 주문 취소 성공! (원주문: 0000035669)
2026-06-09 13:12:30,900 - INFO - 상태 전환 완료: IDLE
2026-06-09 13:12:32,018 - ERROR - GET 요청 실패 (VTTC8434R): 500 Server Error: Internal Server Error for url: https://openapivts.koreainvestment.com:29443/uapi/domestic-stock/v1/trading/inquire-balance?CANO=50174003&ACNT_PRDT_CD=01&AFHR_FLPR_YN=N&OFL_YN=&INQR_DVSN=02&UNPR_DVSN=01&FUND_STTL_ICLD_YN=N&FNCG_AMT_AUTO_RDPT_YN=N&PRCS_DVSN=00&CTX_AREA_FK100=&CTX_AREA_NK100=
2026-06-09 13:12:32,019 - ERROR - 상세 에러: {"rt_cd":"1","msg1":"원장에서 허용 가능한 초당 거래건수를 초과하였습니다.","msg_cd":"EGW00201"}
2026-06-09 13:12:32,022 - ERROR - 잔고 조회 실패
2026-06-09 13:12:33,003 - WARNING - 예수금 부족으로 매수 불가 (예수금: 0원, 필요: 311500원)
2026-06-09 13:12:33,004 - INFO - 60초 후 다음 확인을 진행합니다. (현재 상태: IDLE)
2026-06-09 13:13:33,137 - INFO - [005930] 현재가: 314500, 고가: 314500, 저가: 300000
2026-06-09 13:13:34,243 - ERROR - GET 요청 실패 (VTTC8434R): 500 Server Error: Internal Server Error for url: https://openapivts.koreainvestment.com:29443/uapi/domestic-stock/v1/trading/inquire-balance?CANO=50174003&ACNT_PRDT_CD=01&AFHR_FLPR_YN=N&OFL_YN=&INQR_DVSN=02&UNPR_DVSN=01&FUND_STTL_ICLD_YN=N&FNCG_AMT_AUTO_RDPT_YN=N&PRCS_DVSN=00&CTX_AREA_FK100=&CTX_AREA_NK100=
2026-06-09 13:13:34,244 - ERROR - 상세 에러: {"rt_cd":"1","msg1":"원장에서 허용 가능한 초당 거래건수를 초과하였습니다.","msg_cd":"EGW00201"}
2026-06-09 13:13:34,247 - ERROR - 잔고 조회 실패
2026-06-09 13:13:35,243 - WARNING - 예수금 부족으로 매수 불가 (예수금: 0원, 필요: 312000원)
2026-06-09 13:13:35,244 - INFO - 60초 후 다음 확인을 진행합니다. (현재 상태: IDLE)
2026-06-09 13:14:36,605 - INFO - [005930] 현재가: 314250, 고가: 314500, 저가: 300000
2026-06-09 13:14:38,785 - INFO - 계좌 예수금: 9579172원
2026-06-09 13:14:39,608 - INFO - 매수 조건 충족: 현재가(314250) - 오프셋(2250+0) = 312000원 (보수적 하향 보정)
2026-06-09 13:14:39,609 - INFO - [BUY] 주문 요청: 005930, 1주, 312000원
2026-06-09 13:14:40,158 - INFO - 주문 성공! 주문번호: 0000035905
2026-06-09 13:14:40,202 - INFO - 60초 후 다음 확인을 진행합니다. (현재 상태: BUYING)
2026-06-09 13:15:40,332 - INFO - [005930] 현재가: 314500, 고가: 314500, 저가: 300000
2026-06-09 13:15:40,333 - WARNING - ⚠️ 주문 고착 감지: 가격 이탈 (현재가:314,500, 목표가:312,000, 차이:2,500). 주문 취소를 시도합니다.
2026-06-09 13:15:40,334 - INFO - [CANCEL] 주문 취소 요청: 005930, 주문번호: 0000035905
2026-06-09 13:15:40,852 - INFO - 주문 취소 성공! (원주문: 0000035905)
2026-06-09 13:15:40,902 - INFO - 상태 전환 완료: IDLE
2026-06-09 13:15:41,996 - ERROR - GET 요청 실패 (VTTC8434R): 500 Server Error: Internal Server Error for url: https://openapivts.koreainvestment.com:29443/uapi/domestic-stock/v1/trading/inquire-balance?CANO=50174003&ACNT_PRDT_CD=01&AFHR_FLPR_YN=N&OFL_YN=&INQR_DVSN=02&UNPR_DVSN=01&FUND_STTL_ICLD_YN=N&FNCG_AMT_AUTO_RDPT_YN=N&PRCS_DVSN=00&CTX_AREA_FK100=&CTX_AREA_NK100=
2026-06-09 13:15:41,996 - ERROR - 상세 에러: {"rt_cd":"1","msg1":"원장에서 허용 가능한 초당 거래건수를 초과하였습니다.","msg_cd":"EGW00201"}
2026-06-09 13:15:42,000 - ERROR - 잔고 조회 실패
2026-06-09 13:15:43,002 - ERROR - GET 요청 실패 (FHKST03010100): 500 Server Error: Internal Server Error for url: https://openapivts.koreainvestment.com:29443/uapi/domestic-stock/v1/quotations/inquire-daily-itemchartprice?FID_COND_MRKT_DIV_CODE=J&FID_INPUT_ISCD=005930&FID_PERIOD_DIV_CODE=D&FID_ORG_ADJ_PRC=0
2026-06-09 13:15:43,002 - ERROR - 상세 에러: {"rt_cd":"1","msg1":"초당 거래건수를 초과하였습니다.","msg_cd":"EGW00201","message":"EGW00201"}
2026-06-09 13:15:43,005 - WARNING - 예수금 부족으로 매수 불가 (예수금: 0원, 필요: 312000원)
2026-06-09 13:15:43,006 - INFO - 60초 후 다음 확인을 진행합니다. (현재 상태: IDLE)
2026-06-09 13:16:43,111 - INFO - [005930] 현재가: 314500, 고가: 315000, 저가: 300000
2026-06-09 13:16:44,204 - ERROR - GET 요청 실패 (VTTC8434R): 500 Server Error: Internal Server Error for url: https://openapivts.koreainvestment.com:29443/uapi/domestic-stock/v1/trading/inquire-balance?CANO=50174003&ACNT_PRDT_CD=01&AFHR_FLPR_YN=N&OFL_YN=&INQR_DVSN=02&UNPR_DVSN=01&FUND_STTL_ICLD_YN=N&FNCG_AMT_AUTO_RDPT_YN=N&PRCS_DVSN=00&CTX_AREA_FK100=&CTX_AREA_NK100=
2026-06-09 13:16:44,205 - ERROR - 상세 에러: {"rt_cd":"1","msg1":"원장에서 허용 가능한 초당 거래건수를 초과하였습니다.","msg_cd":"EGW00201"}
2026-06-09 13:16:44,208 - ERROR - 잔고 조회 실패
2026-06-09 13:16:45,208 - ERROR - GET 요청 실패 (FHKST03010100): 500 Server Error: Internal Server Error for url: https://openapivts.koreainvestment.com:29443/uapi/domestic-stock/v1/quotations/inquire-daily-itemchartprice?FID_COND_MRKT_DIV_CODE=J&FID_INPUT_ISCD=005930&FID_PERIOD_DIV_CODE=D&FID_ORG_ADJ_PRC=0
2026-06-09 13:16:45,208 - ERROR - 상세 에러: {"rt_cd":"1","msg1":"초당 거래건수를 초과하였습니다.","msg_cd":"EGW00201","message":"EGW00201"}
2026-06-09 13:16:45,211 - WARNING - 예수금 부족으로 매수 불가 (예수금: 0원, 필요: 312000원)
2026-06-09 13:16:45,212 - INFO - 60초 후 다음 확인을 진행합니다. (현재 상태: IDLE)
2026-06-09 13:17:45,338 - INFO - [005930] 현재가: 316500, 고가: 316500, 저가: 300000
2026-06-09 13:17:46,433 - ERROR - GET 요청 실패 (VTTC8434R): 500 Server Error: Internal Server Error for url: https://openapivts.koreainvestment.com:29443/uapi/domestic-stock/v1/trading/inquire-balance?CANO=50174003&ACNT_PRDT_CD=01&AFHR_FLPR_YN=N&OFL_YN=&INQR_DVSN=02&UNPR_DVSN=01&FUND_STTL_ICLD_YN=N&FNCG_AMT_AUTO_RDPT_YN=N&PRCS_DVSN=00&CTX_AREA_FK100=&CTX_AREA_NK100=
2026-06-09 13:17:46,433 - ERROR - 상세 에러: {"rt_cd":"1","msg1":"원장에서 허용 가능한 초당 거래건수를 초과하였습니다.","msg_cd":"EGW00201"}
2026-06-09 13:17:46,437 - ERROR - 잔고 조회 실패
2026-06-09 13:17:47,433 - ERROR - GET 요청 실패 (FHKST03010100): 500 Server Error: Internal Server Error for url: https://openapivts.koreainvestment.com:29443/uapi/domestic-stock/v1/quotations/inquire-daily-itemchartprice?FID_COND_MRKT_DIV_CODE=J&FID_INPUT_ISCD=005930&FID_PERIOD_DIV_CODE=D&FID_ORG_ADJ_PRC=0
2026-06-09 13:17:47,434 - ERROR - 상세 에러: {"rt_cd":"1","msg1":"초당 거래건수를 초과하였습니다.","msg_cd":"EGW00201","message":"EGW00201"}
2026-06-09 13:17:47,437 - WARNING - 예수금 부족으로 매수 불가 (예수금: 0원, 필요: 314000원)
2026-06-09 13:17:47,438 - INFO - 60초 후 다음 확인을 진행합니다. (현재 상태: IDLE)
2026-06-09 13:18:47,779 - INFO - [005930] 현재가: 317500, 고가: 317500, 저가: 300000
2026-06-09 13:18:50,807 - INFO - 계좌 예수금: 9579172원
2026-06-09 13:18:51,465 - ERROR - GET 요청 실패 (FHKST03010100): 500 Server Error: Internal Server Error for url: https://openapivts.koreainvestment.com:29443/uapi/domestic-stock/v1/quotations/inquire-daily-itemchartprice?FID_COND_MRKT_DIV_CODE=J&FID_INPUT_ISCD=005930&FID_PERIOD_DIV_CODE=D&FID_ORG_ADJ_PRC=0
2026-06-09 13:18:51,465 - ERROR - 상세 에러: {"rt_cd":"1","msg1":"초당 거래건수를 초과하였습니다.","msg_cd":"EGW00201","message":"EGW00201"}
2026-06-09 13:18:51,468 - INFO - 매수 조건 충족: 현재가(317500) - 오프셋(2250+0) = 315000원 (보수적 하향 보정)
2026-06-09 13:18:51,468 - INFO - [BUY] 주문 요청: 005930, 1주, 315000원
2026-06-09 13:18:51,976 - INFO - 주문 성공! 주문번호: 0000036216
2026-06-09 13:18:52,021 - INFO - 60초 후 다음 확인을 진행합니다. (현재 상태: BUYING)
2026-06-09 13:19:52,134 - INFO - [005930] 현재가: 317500, 고가: 318500, 저가: 300000
2026-06-09 13:19:52,135 - WARNING - ⚠️ 주문 고착 감지: 가격 이탈 (현재가:317,500, 목표가:315,000, 차이:2,500). 주문 취소를 시도합니다.
2026-06-09 13:19:52,135 - INFO - [CANCEL] 주문 취소 요청: 005930, 주문번호: 0000036216
2026-06-09 13:19:52,675 - INFO - 주문 취소 성공! (원주문: 0000036216)
2026-06-09 13:19:52,723 - INFO - 상태 전환 완료: IDLE
2026-06-09 13:19:54,707 - INFO - 계좌 예수금: 9579172원
2026-06-09 13:19:55,349 - ERROR - GET 요청 실패 (FHKST03010100): 500 Server Error: Internal Server Error for url: https://openapivts.koreainvestment.com:29443/uapi/domestic-stock/v1/quotations/inquire-daily-itemchartprice?FID_COND_MRKT_DIV_CODE=J&FID_INPUT_ISCD=005930&FID_PERIOD_DIV_CODE=D&FID_ORG_ADJ_PRC=0
2026-06-09 13:19:55,350 - ERROR - 상세 에러: {"rt_cd":"1","msg1":"초당 거래건수를 초과하였습니다.","msg_cd":"EGW00201","message":"EGW00201"}
2026-06-09 13:19:55,353 - INFO - 매수 조건 충족: 현재가(317500) - 오프셋(2250+0) = 315000원 (보수적 하향 보정)
2026-06-09 13:19:55,353 - INFO - [BUY] 주문 요청: 005930, 1주, 315000원
2026-06-09 13:19:55,918 - INFO - 주문 성공! 주문번호: 0000036296
2026-06-09 13:19:55,963 - INFO - 60초 후 다음 확인을 진행합니다. (현재 상태: BUYING)
2026-06-09 13:20:56,070 - INFO - [005930] 현재가: 316000, 고가: 318500, 저가: 300000
2026-06-09 13:21:03,658 - INFO - 계좌 예수금: 9579172원
2026-06-09 13:21:08,951 - INFO - 이미 매수 주문(0000036296)이 진행 중입니다. 체결을 기다립니다.
2026-06-09 13:21:08,952 - INFO - 60초 후 다음 확인을 진행합니다. (현재 상태: BUYING)
2026-06-09 13:22:09,050 - INFO - [005930] 현재가: 315500, 고가: 318500, 저가: 300000
2026-06-09 13:22:10,149 - ERROR - GET 요청 실패 (VTTC8434R): 500 Server Error: Internal Server Error for url: https://openapivts.koreainvestment.com:29443/uapi/domestic-stock/v1/trading/inquire-balance?CANO=50174003&ACNT_PRDT_CD=01&AFHR_FLPR_YN=N&OFL_YN=&INQR_DVSN=02&UNPR_DVSN=01&FUND_STTL_ICLD_YN=N&FNCG_AMT_AUTO_RDPT_YN=N&PRCS_DVSN=00&CTX_AREA_FK100=&CTX_AREA_NK100=
2026-06-09 13:22:10,149 - ERROR - 상세 에러: {"rt_cd":"1","msg1":"원장에서 허용 가능한 초당 거래건수를 초과하였습니다.","msg_cd":"EGW00201"}
2026-06-09 13:22:10,152 - ERROR - 잔고 조회 실패
2026-06-09 13:22:11,145 - INFO - 이미 매수 주문(0000036296)이 진행 중입니다. 체결을 기다립니다.
2026-06-09 13:22:11,145 - INFO - 60초 후 다음 확인을 진행합니다. (현재 상태: BUYING)
2026-06-09 13:23:11,411 - INFO - [005930] 현재가: 316500, 고가: 318500, 저가: 300000
2026-06-09 13:23:12,965 - INFO - 계좌 예수금: 9579172원
2026-06-09 13:23:13,122 - ERROR - GET 요청 실패 (FHKST03010200): 500 Server Error: Internal Server Error for url: https://openapivts.koreainvestment.com:29443/uapi/domestic-stock/v1/quotations/inquire-time-itemchartprice?FID_ETC_CLS_CODE=&FID_COND_MRKT_DIV_CODE=J&FID_INPUT_ISCD=005930&FID_PW_DATA_INCU_YN=N&FID_HOUR_CLS_CODE=1
2026-06-09 13:23:13,122 - ERROR - 상세 에러: {"rt_cd":"1","msg1":"초당 거래건수를 초과하였습니다.","msg_cd":"EGW00201","message":"EGW00201"}
2026-06-09 13:23:13,627 - INFO - 이미 매수 주문(0000036296)이 진행 중입니다. 체결을 기다립니다.
2026-06-09 13:23:13,627 - INFO - 60초 후 다음 확인을 진행합니다. (현재 상태: BUYING)
2026-06-09 13:24:13,740 - INFO - [005930] 현재가: 317000, 고가: 318500, 저가: 300000
2026-06-09 13:24:15,330 - INFO - 계좌 예수금: 9579172원
2026-06-09 13:24:15,969 - ERROR - GET 요청 실패 (FHKST03010100): 500 Server Error: Internal Server Error for url: https://openapivts.koreainvestment.com:29443/uapi/domestic-stock/v1/quotations/inquire-daily-itemchartprice?FID_COND_MRKT_DIV_CODE=J&FID_INPUT_ISCD=005930&FID_PERIOD_DIV_CODE=D&FID_ORG_ADJ_PRC=0
2026-06-09 13:24:15,969 - ERROR - 상세 에러: {"rt_cd":"1","msg1":"초당 거래건수를 초과하였습니다.","msg_cd":"EGW00201","message":"EGW00201"}
2026-06-09 13:24:15,972 - INFO - 이미 매수 주문(0000036296)이 진행 중입니다. 체결을 기다립니다.
2026-06-09 13:24:15,972 - INFO - 60초 후 다음 확인을 진행합니다. (현재 상태: BUYING)
2026-06-09 13:25:16,467 - INFO - [005930] 현재가: 317000, 고가: 318500, 저가: 300000
2026-06-09 13:25:18,722 - INFO - 계좌 예수금: 9579172원
2026-06-09 13:25:19,364 - ERROR - GET 요청 실패 (FHKST03010100): 500 Server Error: Internal Server Error for url: https://openapivts.koreainvestment.com:29443/uapi/domestic-stock/v1/quotations/inquire-daily-itemchartprice?FID_COND_MRKT_DIV_CODE=J&FID_INPUT_ISCD=005930&FID_PERIOD_DIV_CODE=D&FID_ORG_ADJ_PRC=0
2026-06-09 13:25:19,365 - ERROR - 상세 에러: {"rt_cd":"1","msg1":"초당 거래건수를 초과하였습니다.","msg_cd":"EGW00201","message":"EGW00201"}
2026-06-09 13:25:19,368 - INFO - 이미 매수 주문(0000036296)이 진행 중입니다. 체결을 기다립니다.
2026-06-09 13:25:19,368 - INFO - 60초 후 다음 확인을 진행합니다. (현재 상태: BUYING)
2026-06-09 13:26:19,497 - INFO - [005930] 현재가: 317500, 고가: 318500, 저가: 300000
2026-06-09 13:26:19,498 - WARNING - ⚠️ 주문 고착 감지: 가격 이탈 (현재가:317,500, 목표가:315,000, 차이:2,500). 주문 취소를 시도합니다.
2026-06-09 13:26:19,498 - INFO - [CANCEL] 주문 취소 요청: 005930, 주문번호: 0000036296
2026-06-09 13:26:20,007 - INFO - 주문 취소 성공! (원주문: 0000036296)
2026-06-09 13:26:20,056 - INFO - 상태 전환 완료: IDLE
2026-06-09 13:26:21,146 - ERROR - GET 요청 실패 (VTTC8434R): 500 Server Error: Internal Server Error for url: https://openapivts.koreainvestment.com:29443/uapi/domestic-stock/v1/trading/inquire-balance?CANO=50174003&ACNT_PRDT_CD=01&AFHR_FLPR_YN=N&OFL_YN=&INQR_DVSN=02&UNPR_DVSN=01&FUND_STTL_ICLD_YN=N&FNCG_AMT_AUTO_RDPT_YN=N&PRCS_DVSN=00&CTX_AREA_FK100=&CTX_AREA_NK100=
2026-06-09 13:26:21,147 - ERROR - 상세 에러: {"rt_cd":"1","msg1":"원장에서 허용 가능한 초당 거래건수를 초과하였습니다.","msg_cd":"EGW00201"}
2026-06-09 13:26:21,150 - ERROR - 잔고 조회 실패
2026-06-09 13:26:22,184 - ERROR - GET 요청 실패 (FHKST03010100): 500 Server Error: Internal Server Error for url: https://openapivts.koreainvestment.com:29443/uapi/domestic-stock/v1/quotations/inquire-daily-itemchartprice?FID_COND_MRKT_DIV_CODE=J&FID_INPUT_ISCD=005930&FID_PERIOD_DIV_CODE=D&FID_ORG_ADJ_PRC=0
2026-06-09 13:26:22,184 - ERROR - 상세 에러: {"rt_cd":"1","msg1":"초당 거래건수를 초과하였습니다.","msg_cd":"EGW00201","message":"EGW00201"}
2026-06-09 13:26:22,187 - WARNING - 예수금 부족으로 매수 불가 (예수금: 0원, 필요: 315000원)
2026-06-09 13:26:22,187 - INFO - 60초 후 다음 확인을 진행합니다. (현재 상태: IDLE)
2026-06-09 13:27:22,294 - INFO - [005930] 현재가: 317750, 고가: 318500, 저가: 300000
2026-06-09 13:27:23,388 - ERROR - GET 요청 실패 (VTTC8434R): 500 Server Error: Internal Server Error for url: https://openapivts.koreainvestment.com:29443/uapi/domestic-stock/v1/trading/inquire-balance?CANO=50174003&ACNT_PRDT_CD=01&AFHR_FLPR_YN=N&OFL_YN=&INQR_DVSN=02&UNPR_DVSN=01&FUND_STTL_ICLD_YN=N&FNCG_AMT_AUTO_RDPT_YN=N&PRCS_DVSN=00&CTX_AREA_FK100=&CTX_AREA_NK100=
2026-06-09 13:27:23,388 - ERROR - 상세 에러: {"rt_cd":"1","msg1":"원장에서 허용 가능한 초당 거래건수를 초과하였습니다.","msg_cd":"EGW00201"}
2026-06-09 13:27:23,391 - ERROR - 잔고 조회 실패
2026-06-09 13:27:24,444 - WARNING - 예수금 부족으로 매수 불가 (예수금: 0원, 필요: 315500원)
2026-06-09 13:27:24,444 - INFO - 60초 후 다음 확인을 진행합니다. (현재 상태: IDLE)
2026-06-09 13:28:24,543 - INFO - [005930] 현재가: 317500, 고가: 318500, 저가: 300000
2026-06-09 13:28:27,248 - INFO - 계좌 예수금: 9579172원
2026-06-09 13:28:28,001 - INFO - 매수 조건 충족: 현재가(317500) - 오프셋(2250+0) = 315000원 (보수적 하향 보정)
2026-06-09 13:28:28,002 - INFO - [BUY] 주문 요청: 005930, 1주, 315000원
2026-06-09 13:28:28,413 - ERROR - POST 요청 실패 (VTTC0012U): 500 Server Error: Internal Server Error for url: https://openapivts.koreainvestment.com:29443/uapi/domestic-stock/v1/trading/order-cash
2026-06-09 13:28:28,414 - ERROR - 상세 에러: {"rt_cd":"1","msg1":"초당 거래건수를 초과하였습니다.","msg_cd":"EGW00201","message":"EGW00201"}
2026-06-09 13:28:28,417 - ERROR - 주문 실패: 응답 없음
2026-06-09 13:28:28,417 - INFO - 60초 후 다음 확인을 진행합니다. (현재 상태: IDLE)
2026-06-09 13:29:28,527 - INFO - [005930] 현재가: 318000, 고가: 318500, 저가: 300000
2026-06-09 13:29:31,969 - INFO - 계좌 예수금: 9579172원
2026-06-09 13:29:32,646 - INFO - 매수 조건 충족: 현재가(318000) - 오프셋(2250+0) = 315500원 (보수적 하향 보정)
2026-06-09 13:29:32,647 - INFO - [BUY] 주문 요청: 005930, 1주, 315500원
2026-06-09 13:29:33,151 - INFO - 주문 성공! 주문번호: 0000036991
2026-06-09 13:29:33,197 - INFO - 60초 후 다음 확인을 진행합니다. (현재 상태: BUYING)
2026-06-09 13:30:36,493 - INFO - [005930] 현재가: 318000, 고가: 319000, 저가: 300000
2026-06-09 13:30:36,494 - WARNING - ⚠️ 주문 고착 감지: 가격 이탈 (현재가:318,000, 목표가:315,500, 차이:2,500). 주문 취소를 시도합니다.
2026-06-09 13:30:36,494 - INFO - [CANCEL] 주문 취소 요청: 005930, 주문번호: 0000036991
2026-06-09 13:30:39,454 - INFO - 주문 취소 성공! (원주문: 0000036991)
2026-06-09 13:30:39,500 - INFO - 상태 전환 완료: IDLE
2026-06-09 13:30:48,466 - INFO - 계좌 예수금: 9579172원
2026-06-09 13:30:56,350 - INFO - 매수 조건 충족: 현재가(318000) - 오프셋(2250+0) = 315500원 (보수적 하향 보정)
2026-06-09 13:30:56,351 - INFO - [BUY] 주문 요청: 005930, 1주, 315500원
2026-06-09 13:30:58,502 - INFO - 주문 성공! 주문번호: 0000037109
2026-06-09 13:30:58,552 - INFO - 60초 후 다음 확인을 진행합니다. (현재 상태: BUYING)
2026-06-09 13:31:59,842 - INFO - [005930] 현재가: 317750, 고가: 319000, 저가: 300000
2026-06-09 13:31:59,843 - WARNING - ⚠️ 주문 고착 감지: 가격 이탈 (현재가:317,750, 목표가:315,500, 차이:2,250). 주문 취소를 시도합니다.
2026-06-09 13:31:59,843 - INFO - [CANCEL] 주문 취소 요청: 005930, 주문번호: 0000037109
2026-06-09 13:32:00,002 - INFO - 주문 취소 성공! (원주문: 0000037109)
2026-06-09 13:32:00,049 - INFO - 상태 전환 완료: IDLE
2026-06-09 13:32:02,094 - ERROR - GET 요청 실패 (VTTC8434R): 500 Server Error: Internal Server Error for url: https://openapivts.koreainvestment.com:29443/uapi/domestic-stock/v1/trading/inquire-balance?CANO=50174003&ACNT_PRDT_CD=01&AFHR_FLPR_YN=N&OFL_YN=&INQR_DVSN=02&UNPR_DVSN=01&FUND_STTL_ICLD_YN=N&FNCG_AMT_AUTO_RDPT_YN=N&PRCS_DVSN=00&CTX_AREA_FK100=&CTX_AREA_NK100=
2026-06-09 13:32:02,094 - ERROR - 상세 에러: {"rt_cd":"1","msg1":"원장에서 허용 가능한 초당 거래건수를 초과하였습니다.","msg_cd":"EGW00201"}
2026-06-09 13:32:02,098 - ERROR - 잔고 조회 실패
2026-06-09 13:32:02,868 - WARNING - 예수금 부족으로 매수 불가 (예수금: 0원, 필요: 315500원)
2026-06-09 13:32:02,869 - INFO - 60초 후 다음 확인을 진행합니다. (현재 상태: IDLE)
2026-06-09 13:33:02,973 - INFO - [005930] 현재가: 318250, 고가: 319000, 저가: 300000
2026-06-09 13:33:04,086 - ERROR - GET 요청 실패 (VTTC8434R): 500 Server Error: Internal Server Error for url: https://openapivts.koreainvestment.com:29443/uapi/domestic-stock/v1/trading/inquire-balance?CANO=50174003&ACNT_PRDT_CD=01&AFHR_FLPR_YN=N&OFL_YN=&INQR_DVSN=02&UNPR_DVSN=01&FUND_STTL_ICLD_YN=N&FNCG_AMT_AUTO_RDPT_YN=N&PRCS_DVSN=00&CTX_AREA_FK100=&CTX_AREA_NK100=
2026-06-09 13:33:04,086 - ERROR - 상세 에러: {"rt_cd":"1","msg1":"원장에서 허용 가능한 초당 거래건수를 초과하였습니다.","msg_cd":"EGW00201"}
2026-06-09 13:33:04,090 - ERROR - 잔고 조회 실패
2026-06-09 13:33:05,060 - ERROR - GET 요청 실패 (FHKST03010100): 500 Server Error: Internal Server Error for url: https://openapivts.koreainvestment.com:29443/uapi/domestic-stock/v1/quotations/inquire-daily-itemchartprice?FID_COND_MRKT_DIV_CODE=J&FID_INPUT_ISCD=005930&FID_PERIOD_DIV_CODE=D&FID_ORG_ADJ_PRC=0
2026-06-09 13:33:05,061 - ERROR - 상세 에러: {"rt_cd":"1","msg1":"초당 거래건수를 초과하였습니다.","msg_cd":"EGW00201","message":"EGW00201"}
2026-06-09 13:33:05,063 - WARNING - 예수금 부족으로 매수 불가 (예수금: 0원, 필요: 316000원)
2026-06-09 13:33:05,064 - INFO - 60초 후 다음 확인을 진행합니다. (현재 상태: IDLE)
2026-06-09 13:34:05,422 - INFO - [005930] 현재가: 319000, 고가: 320000, 저가: 300000
2026-06-09 13:34:06,534 - ERROR - GET 요청 실패 (VTTC8434R): 500 Server Error: Internal Server Error for url: https://openapivts.koreainvestment.com:29443/uapi/domestic-stock/v1/trading/inquire-balance?CANO=50174003&ACNT_PRDT_CD=01&AFHR_FLPR_YN=N&OFL_YN=&INQR_DVSN=02&UNPR_DVSN=01&FUND_STTL_ICLD_YN=N&FNCG_AMT_AUTO_RDPT_YN=N&PRCS_DVSN=00&CTX_AREA_FK100=&CTX_AREA_NK100=
2026-06-09 13:34:06,535 - ERROR - 상세 에러: {"rt_cd":"1","msg1":"원장에서 허용 가능한 초당 거래건수를 초과하였습니다.","msg_cd":"EGW00201"}
2026-06-09 13:34:06,538 - ERROR - 잔고 조회 실패
2026-06-09 13:34:07,546 - WARNING - 예수금 부족으로 매수 불가 (예수금: 0원, 필요: 316500원)
2026-06-09 13:34:07,547 - INFO - 60초 후 다음 확인을 진행합니다. (현재 상태: IDLE)
2026-06-09 13:35:07,670 - INFO - [005930] 현재가: 319500, 고가: 320000, 저가: 300000
2026-06-09 13:35:10,254 - INFO - 계좌 예수금: 9579172원
2026-06-09 13:35:10,921 - INFO - 매수 조건 충족: 현재가(319500) - 오프셋(2250+0) = 317000원 (보수적 하향 보정)
2026-06-09 13:35:10,922 - INFO - [BUY] 주문 요청: 005930, 1주, 317000원
2026-06-09 13:35:11,485 - INFO - 주문 성공! 주문번호: 0000037500
2026-06-09 13:35:11,531 - INFO - 60초 후 다음 확인을 진행합니다. (현재 상태: BUYING)
2026-06-09 13:36:11,628 - INFO - [005930] 현재가: 319250, 고가: 320000, 저가: 300000
2026-06-09 13:36:11,629 - WARNING - ⚠️ 주문 고착 감지: 가격 이탈 (현재가:319,250, 목표가:317,000, 차이:2,250). 주문 취소를 시도합니다.
2026-06-09 13:36:11,629 - INFO - [CANCEL] 주문 취소 요청: 005930, 주문번호: 0000037500
2026-06-09 13:36:12,141 - ERROR - POST 요청 실패 (VTTC0013U): 500 Server Error: Internal Server Error for url: https://openapivts.koreainvestment.com:29443/uapi/domestic-stock/v1/trading/order-rvsecncl
2026-06-09 13:36:12,141 - ERROR - 상세 에러: {"rt_cd":"1","msg1":"초당 거래건수를 초과하였습니다.","msg_cd":"EGW00201","message":"EGW00201"}
2026-06-09 13:36:12,145 - ERROR - 주문 취소 실패: 응답 없음
2026-06-09 13:36:12,145 - ERROR - 주문 취소 실패. 다음 루프에서 재시도합니다.
2026-06-09 13:36:13,250 - ERROR - GET 요청 실패 (VTTC8434R): 500 Server Error: Internal Server Error for url: https://openapivts.koreainvestment.com:29443/uapi/domestic-stock/v1/trading/inquire-balance?CANO=50174003&ACNT_PRDT_CD=01&AFHR_FLPR_YN=N&OFL_YN=&INQR_DVSN=02&UNPR_DVSN=01&FUND_STTL_ICLD_YN=N&FNCG_AMT_AUTO_RDPT_YN=N&PRCS_DVSN=00&CTX_AREA_FK100=&CTX_AREA_NK100=
2026-06-09 13:36:13,250 - ERROR - 상세 에러: {"rt_cd":"1","msg1":"원장에서 허용 가능한 초당 거래건수를 초과하였습니다.","msg_cd":"EGW00201"}
2026-06-09 13:36:13,253 - ERROR - 잔고 조회 실패
2026-06-09 13:36:14,242 - ERROR - GET 요청 실패 (FHKST03010100): 500 Server Error: Internal Server Error for url: https://openapivts.koreainvestment.com:29443/uapi/domestic-stock/v1/quotations/inquire-daily-itemchartprice?FID_COND_MRKT_DIV_CODE=J&FID_INPUT_ISCD=005930&FID_PERIOD_DIV_CODE=D&FID_ORG_ADJ_PRC=0
2026-06-09 13:36:14,242 - ERROR - 상세 에러: {"rt_cd":"1","msg1":"초당 거래건수를 초과하였습니다.","msg_cd":"EGW00201","message":"EGW00201"}
2026-06-09 13:36:14,245 - INFO - 이미 매수 주문(0000037500)이 진행 중입니다. 체결을 기다립니다.
2026-06-09 13:36:14,246 - INFO - 60초 후 다음 확인을 진행합니다. (현재 상태: BUYING)
2026-06-09 13:37:14,364 - INFO - [005930] 현재가: 320000, 고가: 320000, 저가: 300000
2026-06-09 13:37:14,365 - WARNING - ⚠️ 주문 고착 감지: 가격 이탈 (현재가:320,000, 목표가:317,000, 차이:3,000). 주문 취소를 시도합니다.
2026-06-09 13:37:14,365 - INFO - [CANCEL] 주문 취소 요청: 005930, 주문번호: 0000037500
2026-06-09 13:37:14,890 - INFO - 주문 취소 성공! (원주문: 0000037500)
2026-06-09 13:37:14,940 - INFO - 상태 전환 완료: IDLE
2026-06-09 13:37:16,131 - ERROR - GET 요청 실패 (VTTC8434R): 500 Server Error: Internal Server Error for url: https://openapivts.koreainvestment.com:29443/uapi/domestic-stock/v1/trading/inquire-balance?CANO=50174003&ACNT_PRDT_CD=01&AFHR_FLPR_YN=N&OFL_YN=&INQR_DVSN=02&UNPR_DVSN=01&FUND_STTL_ICLD_YN=N&FNCG_AMT_AUTO_RDPT_YN=N&PRCS_DVSN=00&CTX_AREA_FK100=&CTX_AREA_NK100=
2026-06-09 13:37:16,132 - ERROR - 상세 에러: {"rt_cd":"1","msg1":"원장에서 허용 가능한 초당 거래건수를 초과하였습니다.","msg_cd":"EGW00201"}
2026-06-09 13:37:16,135 - ERROR - 잔고 조회 실패
2026-06-09 13:37:17,120 - WARNING - 예수금 부족으로 매수 불가 (예수금: 0원, 필요: 317500원)
2026-06-09 13:37:17,121 - INFO - 60초 후 다음 확인을 진행합니다. (현재 상태: IDLE)
2026-06-09 13:38:17,225 - INFO - [005930] 현재가: 320500, 고가: 320500, 저가: 300000
2026-06-09 13:38:18,336 - ERROR - GET 요청 실패 (VTTC8434R): 500 Server Error: Internal Server Error for url: https://openapivts.koreainvestment.com:29443/uapi/domestic-stock/v1/trading/inquire-balance?CANO=50174003&ACNT_PRDT_CD=01&AFHR_FLPR_YN=N&OFL_YN=&INQR_DVSN=02&UNPR_DVSN=01&FUND_STTL_ICLD_YN=N&FNCG_AMT_AUTO_RDPT_YN=N&PRCS_DVSN=00&CTX_AREA_FK100=&CTX_AREA_NK100=
2026-06-09 13:38:18,336 - ERROR - 상세 에러: {"rt_cd":"1","msg1":"원장에서 허용 가능한 초당 거래건수를 초과하였습니다.","msg_cd":"EGW00201"}
2026-06-09 13:38:18,339 - ERROR - 잔고 조회 실패
2026-06-09 13:38:19,339 - WARNING - 예수금 부족으로 매수 불가 (예수금: 0원, 필요: 318000원)
2026-06-09 13:38:19,340 - INFO - 60초 후 다음 확인을 진행합니다. (현재 상태: IDLE)
2026-06-09 13:39:19,475 - INFO - [005930] 현재가: 321000, 고가: 321500, 저가: 300000
2026-06-09 13:39:22,645 - INFO - 계좌 예수금: 9579172원
2026-06-09 13:39:23,292 - INFO - 매수 조건 충족: 현재가(321000) - 오프셋(2250+0) = 318500원 (보수적 하향 보정)
2026-06-09 13:39:23,292 - INFO - [BUY] 주문 요청: 005930, 1주, 318500원
2026-06-09 13:39:23,844 - INFO - 주문 성공! 주문번호: 0000037714
2026-06-09 13:39:23,889 - INFO - 60초 후 다음 확인을 진행합니다. (현재 상태: BUYING)
2026-06-09 13:40:24,009 - INFO - [005930] 현재가: 321500, 고가: 321500, 저가: 300000
2026-06-09 13:40:24,009 - WARNING - ⚠️ 주문 고착 감지: 가격 이탈 (현재가:321,500, 목표가:318,500, 차이:3,000). 주문 취소를 시도합니다.
2026-06-09 13:40:24,010 - INFO - [CANCEL] 주문 취소 요청: 005930, 주문번호: 0000037714
2026-06-09 13:40:24,483 - ERROR - POST 요청 실패 (VTTC0013U): 500 Server Error: Internal Server Error for url: https://openapivts.koreainvestment.com:29443/uapi/domestic-stock/v1/trading/order-rvsecncl
2026-06-09 13:40:24,483 - ERROR - 상세 에러: {"rt_cd":"1","msg1":"초당 거래건수를 초과하였습니다.","msg_cd":"EGW00201","message":"EGW00201"}
2026-06-09 13:40:24,487 - ERROR - 주문 취소 실패: 응답 없음
2026-06-09 13:40:24,487 - ERROR - 주문 취소 실패. 다음 루프에서 재시도합니다.
2026-06-09 13:40:28,039 - INFO - 계좌 예수금: 9579172원
2026-06-09 13:40:28,679 - INFO - 이미 매수 주문(0000037714)이 진행 중입니다. 체결을 기다립니다.
2026-06-09 13:40:28,680 - INFO - 60초 후 다음 확인을 진행합니다. (현재 상태: BUYING)
2026-06-09 13:41:28,780 - INFO - [005930] 현재가: 321500, 고가: 322500, 저가: 300000
2026-06-09 13:41:28,781 - WARNING - ⚠️ 주문 고착 감지: 가격 이탈 (현재가:321,500, 목표가:318,500, 차이:3,000). 주문 취소를 시도합니다.
2026-06-09 13:41:28,781 - INFO - [CANCEL] 주문 취소 요청: 005930, 주문번호: 0000037714
2026-06-09 13:41:31,062 - INFO - 주문 취소 성공! (원주문: 0000037714)
2026-06-09 13:41:31,114 - INFO - 상태 전환 완료: IDLE
2026-06-09 13:41:37,616 - INFO - 계좌 예수금: 9579172원
2026-06-09 13:41:38,267 - ERROR - GET 요청 실패 (FHKST03010100): 500 Server Error: Internal Server Error for url: https://openapivts.koreainvestment.com:29443/uapi/domestic-stock/v1/quotations/inquire-daily-itemchartprice?FID_COND_MRKT_DIV_CODE=J&FID_INPUT_ISCD=005930&FID_PERIOD_DIV_CODE=D&FID_ORG_ADJ_PRC=0
2026-06-09 13:41:38,268 - ERROR - 상세 에러: {"rt_cd":"1","msg1":"초당 거래건수를 초과하였습니다.","msg_cd":"EGW00201","message":"EGW00201"}
2026-06-09 13:41:38,271 - INFO - 매수 조건 충족: 현재가(321500) - 오프셋(2250+0) = 319000원 (보수적 하향 보정)
2026-06-09 13:41:38,271 - INFO - [BUY] 주문 요청: 005930, 1주, 319000원
2026-06-09 13:41:38,785 - INFO - 주문 성공! 주문번호: 0000037887
2026-06-09 13:41:38,831 - INFO - 60초 후 다음 확인을 진행합니다. (현재 상태: BUYING)
2026-06-09 13:42:38,943 - INFO - [005930] 현재가: 321000, 고가: 322500, 저가: 300000
2026-06-09 13:42:41,414 - INFO - 계좌 예수금: 9579172원
2026-06-09 13:42:44,589 - INFO - 이미 매수 주문(0000037887)이 진행 중입니다. 체결을 기다립니다.
2026-06-09 13:42:44,589 - INFO - 60초 후 다음 확인을 진행합니다. (현재 상태: BUYING)
2026-06-09 13:43:44,691 - INFO - [005930] 현재가: 320000, 고가: 322500, 저가: 300000
2026-06-09 13:43:46,649 - INFO - 계좌 예수금: 9579172원
2026-06-09 13:43:47,288 - INFO - 이미 매수 주문(0000037887)이 진행 중입니다. 체결을 기다립니다.
2026-06-09 13:43:47,289 - INFO - 60초 후 다음 확인을 진행합니다. (현재 상태: BUYING)
2026-06-09 13:44:47,416 - INFO - [005930] 현재가: 319000, 고가: 322500, 저가: 300000
2026-06-09 13:44:48,509 - ERROR - GET 요청 실패 (VTTC8434R): 500 Server Error: Internal Server Error for url: https://openapivts.koreainvestment.com:29443/uapi/domestic-stock/v1/trading/inquire-balance?CANO=50174003&ACNT_PRDT_CD=01&AFHR_FLPR_YN=N&OFL_YN=&INQR_DVSN=02&UNPR_DVSN=01&FUND_STTL_ICLD_YN=N&FNCG_AMT_AUTO_RDPT_YN=N&PRCS_DVSN=00&CTX_AREA_FK100=&CTX_AREA_NK100=
2026-06-09 13:44:48,510 - ERROR - 상세 에러: {"rt_cd":"1","msg1":"원장에서 허용 가능한 초당 거래건수를 초과하였습니다.","msg_cd":"EGW00201"}
2026-06-09 13:44:48,513 - ERROR - 잔고 조회 실패
2026-06-09 13:44:49,510 - ERROR - GET 요청 실패 (FHKST03010100): 500 Server Error: Internal Server Error for url: https://openapivts.koreainvestment.com:29443/uapi/domestic-stock/v1/quotations/inquire-daily-itemchartprice?FID_COND_MRKT_DIV_CODE=J&FID_INPUT_ISCD=005930&FID_PERIOD_DIV_CODE=D&FID_ORG_ADJ_PRC=0
2026-06-09 13:44:49,511 - ERROR - 상세 에러: {"rt_cd":"1","msg1":"초당 거래건수를 초과하였습니다.","msg_cd":"EGW00201","message":"EGW00201"}
2026-06-09 13:44:49,515 - INFO - 이미 매수 주문(0000037887)이 진행 중입니다. 체결을 기다립니다.
2026-06-09 13:44:49,515 - INFO - 60초 후 다음 확인을 진행합니다. (현재 상태: BUYING)
2026-06-09 13:45:49,654 - INFO - [005930] 현재가: 319000, 고가: 322500, 저가: 300000
2026-06-09 13:45:52,401 - INFO - 계좌 예수금: 9579172원
2026-06-09 13:45:52,402 - INFO - [005930] 보유: 1주, 매도 가능: 1주, 평단가: 319,000원
2026-06-09 13:45:52,424 - INFO - 미실현 손익: 0원 (0.00%), 최고 수익률: 0.00%
2026-06-09 13:45:52,454 - INFO - 매수 체결 확인 (평단가: 319,000원). 히스토리에 기록합니다.
2026-06-09 13:45:52,496 - INFO - 매도 조건 충족: 평단가(319,000), 현재가(319,000) -> 목표가(321,500원) (보수적 상향 보정)
2026-06-09 13:45:52,496 - INFO - [SELL] 주문 요청: 005930, 1주, 321500원
2026-06-09 13:45:52,646 - INFO - 주문 성공! 주문번호: 0000038214
2026-06-09 13:45:52,707 - INFO - 자가 최적화 기록 완료: C:\Users\witpo\OneDrive\바탕 화면\YONSEI\26-1\ECO4126 인공지능과금융공학\open-trading-api\self_optimization_history
2026-06-09 13:45:52,734 - INFO - 60초 후 다음 확인을 진행합니다. (현재 상태: SELLING)
2026-06-09 13:46:52,843 - INFO - [005930] 현재가: 320000, 고가: 322500, 저가: 300000
2026-06-09 13:46:55,586 - INFO - 계좌 예수금: 9579172원
2026-06-09 13:46:55,586 - INFO - [005930] 보유: 1주, 매도 가능: 0주, 평단가: 319,000원
2026-06-09 13:46:55,606 - INFO - 미실현 손익: 1,000원 (0.31%), 최고 수익률: 0.31%
2026-06-09 13:46:55,638 - INFO - 보유 수량(1)에 대해 매도 주문(0000038214)이 진행 중입니다.
2026-06-09 13:46:55,639 - INFO - 60초 후 다음 확인을 진행합니다. (현재 상태: SELLING)
2026-06-09 13:47:55,760 - INFO - [005930] 현재가: 320500, 고가: 322500, 저가: 300000
2026-06-09 13:47:57,951 - INFO - 계좌 예수금: 9579172원
2026-06-09 13:47:57,952 - INFO - [005930] 보유: 1주, 매도 가능: 0주, 평단가: 319,000원
2026-06-09 13:47:57,973 - INFO - 미실현 손익: 1,500원 (0.47%), 최고 수익률: 0.47%
2026-06-09 13:47:58,005 - INFO - 보유 수량(1)에 대해 매도 주문(0000038214)이 진행 중입니다.
2026-06-09 13:47:58,005 - INFO - 60초 후 다음 확인을 진행합니다. (현재 상태: SELLING)
2026-06-09 13:48:58,139 - INFO - [005930] 현재가: 319500, 고가: 322500, 저가: 300000
2026-06-09 13:48:59,229 - ERROR - GET 요청 실패 (VTTC8434R): 500 Server Error: Internal Server Error for url: https://openapivts.koreainvestment.com:29443/uapi/domestic-stock/v1/trading/inquire-balance?CANO=50174003&ACNT_PRDT_CD=01&AFHR_FLPR_YN=N&OFL_YN=&INQR_DVSN=02&UNPR_DVSN=01&FUND_STTL_ICLD_YN=N&FNCG_AMT_AUTO_RDPT_YN=N&PRCS_DVSN=00&CTX_AREA_FK100=&CTX_AREA_NK100=
2026-06-09 13:48:59,229 - ERROR - 상세 에러: {"rt_cd":"1","msg1":"원장에서 허용 가능한 초당 거래건수를 초과하였습니다.","msg_cd":"EGW00201"}
2026-06-09 13:48:59,232 - ERROR - 잔고 조회 실패
2026-06-09 13:49:00,259 - INFO - 매도 주문 완료 확인: 상태를 IDLE로 전환합니다.
2026-06-09 13:49:00,325 - WARNING - 예수금 부족으로 매수 불가 (예수금: 0원, 필요: 318000원)
2026-06-09 13:49:00,325 - INFO - 60초 후 다음 확인을 진행합니다. (현재 상태: IDLE)
2026-06-09 13:50:00,437 - INFO - [005930] 현재가: 319000, 고가: 322500, 저가: 300000
2026-06-09 13:50:01,575 - ERROR - GET 요청 실패 (VTTC8434R): 500 Server Error: Internal Server Error for url: https://openapivts.koreainvestment.com:29443/uapi/domestic-stock/v1/trading/inquire-balance?CANO=50174003&ACNT_PRDT_CD=01&AFHR_FLPR_YN=N&OFL_YN=&INQR_DVSN=02&UNPR_DVSN=01&FUND_STTL_ICLD_YN=N&FNCG_AMT_AUTO_RDPT_YN=N&PRCS_DVSN=00&CTX_AREA_FK100=&CTX_AREA_NK100=
2026-06-09 13:50:01,575 - ERROR - 상세 에러: {"rt_cd":"1","msg1":"원장에서 허용 가능한 초당 거래건수를 초과하였습니다.","msg_cd":"EGW00201"}
2026-06-09 13:50:01,578 - ERROR - 잔고 조회 실패
2026-06-09 13:50:02,560 - ERROR - GET 요청 실패 (FHKST03010100): 500 Server Error: Internal Server Error for url: https://openapivts.koreainvestment.com:29443/uapi/domestic-stock/v1/quotations/inquire-daily-itemchartprice?FID_COND_MRKT_DIV_CODE=J&FID_INPUT_ISCD=005930&FID_PERIOD_DIV_CODE=D&FID_ORG_ADJ_PRC=0
2026-06-09 13:50:02,560 - ERROR - 상세 에러: {"rt_cd":"1","msg1":"초당 거래건수를 초과하였습니다.","msg_cd":"EGW00201","message":"EGW00201"}
2026-06-09 13:50:02,563 - WARNING - 예수금 부족으로 매수 불가 (예수금: 0원, 필요: 317500원)
2026-06-09 13:50:02,563 - INFO - 60초 후 다음 확인을 진행합니다. (현재 상태: IDLE)
2026-06-09 13:51:02,671 - INFO - [005930] 현재가: 319500, 고가: 322500, 저가: 300000
2026-06-09 13:51:07,811 - INFO - 계좌 예수금: 9579172원
2026-06-09 13:51:07,812 - INFO - [005930] 보유: 1주, 매도 가능: 0주, 평단가: 319,000원
2026-06-09 13:51:07,833 - INFO - 미실현 손익: 500원 (0.16%), 최고 수익률: 0.16%
2026-06-09 13:51:07,906 - INFO - 보유 수량(1)에 대해 매도 주문(0000038214)이 진행 중입니다.
2026-06-09 13:51:07,906 - INFO - 60초 후 다음 확인을 진행합니다. (현재 상태: SELLING)
2026-06-09 13:52:08,003 - INFO - [005930] 현재가: 318000, 고가: 322500, 저가: 300000
2026-06-09 13:52:08,005 - WARNING - ⚠️ 주문 고착 감지: 가격 이탈 (현재가:318,000, 목표가:321,500, 차이:3,500). 주문 취소를 시도합니다.
2026-06-09 13:52:08,006 - INFO - [CANCEL] 주문 취소 요청: 005930, 주문번호: 0000038214
2026-06-09 13:52:08,501 - ERROR - POST 요청 실패 (VTTC0013U): 500 Server Error: Internal Server Error for url: https://openapivts.koreainvestment.com:29443/uapi/domestic-stock/v1/trading/order-rvsecncl
2026-06-09 13:52:08,502 - ERROR - 상세 에러: {"rt_cd":"1","msg1":"초당 거래건수를 초과하였습니다.","msg_cd":"EGW00201","message":"EGW00201"}
2026-06-09 13:52:08,505 - ERROR - 주문 취소 실패: 응답 없음
2026-06-09 13:52:08,506 - ERROR - 주문 취소 실패. 다음 루프에서 재시도합니다.
2026-06-09 13:52:09,588 - ERROR - GET 요청 실패 (VTTC8434R): 500 Server Error: Internal Server Error for url: https://openapivts.koreainvestment.com:29443/uapi/domestic-stock/v1/trading/inquire-balance?CANO=50174003&ACNT_PRDT_CD=01&AFHR_FLPR_YN=N&OFL_YN=&INQR_DVSN=02&UNPR_DVSN=01&FUND_STTL_ICLD_YN=N&FNCG_AMT_AUTO_RDPT_YN=N&PRCS_DVSN=00&CTX_AREA_FK100=&CTX_AREA_NK100=
2026-06-09 13:52:09,589 - ERROR - 상세 에러: {"rt_cd":"1","msg1":"원장에서 허용 가능한 초당 거래건수를 초과하였습니다.","msg_cd":"EGW00201"}
2026-06-09 13:52:09,592 - ERROR - 잔고 조회 실패
2026-06-09 13:52:10,637 - INFO - 매도 주문 완료 확인: 상태를 IDLE로 전환합니다.
2026-06-09 13:52:10,703 - WARNING - 예수금 부족으로 매수 불가 (예수금: 0원, 필요: 316500원)
2026-06-09 13:52:10,703 - INFO - 60초 후 다음 확인을 진행합니다. (현재 상태: IDLE)
2026-06-09 13:53:10,820 - INFO - [005930] 현재가: 317500, 고가: 322500, 저가: 300000
2026-06-09 13:53:13,361 - INFO - 계좌 예수금: 9579172원
2026-06-09 13:53:13,362 - INFO - [005930] 보유: 1주, 매도 가능: 0주, 평단가: 319,000원
2026-06-09 13:53:13,383 - INFO - 미실현 손익: -1,500원 (-0.47%), 최고 수익률: 0.00%
2026-06-09 13:53:13,455 - INFO - 보유 수량(1)에 대해 매도 주문(0000038214)이 진행 중입니다.
2026-06-09 13:53:13,456 - INFO - 60초 후 다음 확인을 진행합니다. (현재 상태: SELLING)
2026-06-09 13:54:13,593 - INFO - [005930] 현재가: 318000, 고가: 322500, 저가: 300000
2026-06-09 13:54:13,594 - WARNING - ⚠️ 주문 고착 감지: 가격 이탈 (현재가:318,000, 목표가:321,500, 차이:3,500). 주문 취소를 시도합니다.
2026-06-09 13:54:13,594 - INFO - [CANCEL] 주문 취소 요청: 005930, 주문번호: 0000038214
2026-06-09 13:54:14,118 - INFO - 주문 취소 성공! (원주문: 0000038214)
2026-06-09 13:54:14,181 - INFO - 상태 전환 완료: HOLDING
2026-06-09 13:54:15,296 - ERROR - GET 요청 실패 (VTTC8434R): 500 Server Error: Internal Server Error for url: https://openapivts.koreainvestment.com:29443/uapi/domestic-stock/v1/trading/inquire-balance?CANO=50174003&ACNT_PRDT_CD=01&AFHR_FLPR_YN=N&OFL_YN=&INQR_DVSN=02&UNPR_DVSN=01&FUND_STTL_ICLD_YN=N&FNCG_AMT_AUTO_RDPT_YN=N&PRCS_DVSN=00&CTX_AREA_FK100=&CTX_AREA_NK100=
2026-06-09 13:54:15,297 - ERROR - 상세 에러: {"rt_cd":"1","msg1":"원장에서 허용 가능한 초당 거래건수를 초과하였습니다.","msg_cd":"EGW00201"}
2026-06-09 13:54:15,301 - ERROR - 잔고 조회 실패
2026-06-09 13:54:16,314 - ERROR - GET 요청 실패 (FHKST03010100): 500 Server Error: Internal Server Error for url: https://openapivts.koreainvestment.com:29443/uapi/domestic-stock/v1/quotations/inquire-daily-itemchartprice?FID_COND_MRKT_DIV_CODE=J&FID_INPUT_ISCD=005930&FID_PERIOD_DIV_CODE=D&FID_ORG_ADJ_PRC=0
2026-06-09 13:54:16,315 - ERROR - 상세 에러: {"rt_cd":"1","msg1":"초당 거래건수를 초과하였습니다.","msg_cd":"EGW00201","message":"EGW00201"}
2026-06-09 13:54:16,407 - WARNING - 예수금 부족으로 매수 불가 (예수금: 0원, 필요: 316500원)
2026-06-09 13:54:16,408 - INFO - 60초 후 다음 확인을 진행합니다. (현재 상태: IDLE)
2026-06-09 13:55:16,532 - INFO - [005930] 현재가: 319000, 고가: 322500, 저가: 300000
2026-06-09 13:55:19,730 - INFO - 계좌 예수금: 9579172원
2026-06-09 13:55:19,730 - INFO - [005930] 보유: 1주, 매도 가능: 1주, 평단가: 319,000원
2026-06-09 13:55:19,751 - INFO - 미실현 손익: 0원 (0.00%), 최고 수익률: 0.00%
2026-06-09 13:55:19,782 - INFO - 매도 조건 충족: 평단가(319,000), 현재가(319,000) -> 목표가(321,000원) (보수적 상향 보정)
2026-06-09 13:55:19,782 - INFO - [SELL] 주문 요청: 005930, 1주, 321000원
2026-06-09 13:55:19,931 - INFO - 주문 성공! 주문번호: 0000038745
2026-06-09 13:55:19,977 - INFO - 60초 후 다음 확인을 진행합니다. (현재 상태: SELLING)
2026-06-09 13:56:20,084 - INFO - [005930] 현재가: 319500, 고가: 322500, 저가: 300000
2026-06-09 13:56:21,187 - ERROR - GET 요청 실패 (VTTC8434R): 500 Server Error: Internal Server Error for url: https://openapivts.koreainvestment.com:29443/uapi/domestic-stock/v1/trading/inquire-balance?CANO=50174003&ACNT_PRDT_CD=01&AFHR_FLPR_YN=N&OFL_YN=&INQR_DVSN=02&UNPR_DVSN=01&FUND_STTL_ICLD_YN=N&FNCG_AMT_AUTO_RDPT_YN=N&PRCS_DVSN=00&CTX_AREA_FK100=&CTX_AREA_NK100=
2026-06-09 13:56:21,187 - ERROR - 상세 에러: {"rt_cd":"1","msg1":"원장에서 허용 가능한 초당 거래건수를 초과하였습니다.","msg_cd":"EGW00201"}
2026-06-09 13:56:21,190 - ERROR - 잔고 조회 실패
2026-06-09 13:56:22,197 - ERROR - GET 요청 실패 (FHKST03010100): 500 Server Error: Internal Server Error for url: https://openapivts.koreainvestment.com:29443/uapi/domestic-stock/v1/quotations/inquire-daily-itemchartprice?FID_COND_MRKT_DIV_CODE=J&FID_INPUT_ISCD=005930&FID_PERIOD_DIV_CODE=D&FID_ORG_ADJ_PRC=0
2026-06-09 13:56:22,198 - ERROR - 상세 에러: {"rt_cd":"1","msg1":"초당 거래건수를 초과하였습니다.","msg_cd":"EGW00201","message":"EGW00201"}
2026-06-09 13:56:22,217 - INFO - 매도 주문 완료 확인: 상태를 IDLE로 전환합니다.
2026-06-09 13:56:22,282 - WARNING - 예수금 부족으로 매수 불가 (예수금: 0원, 필요: 318000원)
2026-06-09 13:56:22,282 - INFO - 60초 후 다음 확인을 진행합니다. (현재 상태: IDLE)
2026-06-09 13:57:23,995 - INFO - [005930] 현재가: 319500, 고가: 322500, 저가: 300000
2026-06-09 13:57:25,092 - ERROR - GET 요청 실패 (VTTC8434R): 500 Server Error: Internal Server Error for url: https://openapivts.koreainvestment.com:29443/uapi/domestic-stock/v1/trading/inquire-balance?CANO=50174003&ACNT_PRDT_CD=01&AFHR_FLPR_YN=N&OFL_YN=&INQR_DVSN=02&UNPR_DVSN=01&FUND_STTL_ICLD_YN=N&FNCG_AMT_AUTO_RDPT_YN=N&PRCS_DVSN=00&CTX_AREA_FK100=&CTX_AREA_NK100=
2026-06-09 13:57:25,092 - ERROR - 상세 에러: {"rt_cd":"1","msg1":"원장에서 허용 가능한 초당 거래건수를 초과하였습니다.","msg_cd":"EGW00201"}
2026-06-09 13:57:25,096 - ERROR - 잔고 조회 실패
2026-06-09 13:57:26,316 - WARNING - 예수금 부족으로 매수 불가 (예수금: 0원, 필요: 318000원)
2026-06-09 13:57:26,317 - INFO - 60초 후 다음 확인을 진행합니다. (현재 상태: IDLE)
2026-06-09 13:58:26,417 - INFO - [005930] 현재가: 319500, 고가: 322500, 저가: 300000
2026-06-09 13:58:27,504 - ERROR - GET 요청 실패 (VTTC8434R): 500 Server Error: Internal Server Error for url: https://openapivts.koreainvestment.com:29443/uapi/domestic-stock/v1/trading/inquire-balance?CANO=50174003&ACNT_PRDT_CD=01&AFHR_FLPR_YN=N&OFL_YN=&INQR_DVSN=02&UNPR_DVSN=01&FUND_STTL_ICLD_YN=N&FNCG_AMT_AUTO_RDPT_YN=N&PRCS_DVSN=00&CTX_AREA_FK100=&CTX_AREA_NK100=
2026-06-09 13:58:27,505 - ERROR - 상세 에러: {"rt_cd":"1","msg1":"원장에서 허용 가능한 초당 거래건수를 초과하였습니다.","msg_cd":"EGW00201"}
2026-06-09 13:58:27,508 - ERROR - 잔고 조회 실패
2026-06-09 13:58:28,525 - ERROR - GET 요청 실패 (FHKST03010100): 500 Server Error: Internal Server Error for url: https://openapivts.koreainvestment.com:29443/uapi/domestic-stock/v1/quotations/inquire-daily-itemchartprice?FID_COND_MRKT_DIV_CODE=J&FID_INPUT_ISCD=005930&FID_PERIOD_DIV_CODE=D&FID_ORG_ADJ_PRC=0
2026-06-09 13:58:28,526 - ERROR - 상세 에러: {"rt_cd":"1","msg1":"초당 거래건수를 초과하였습니다.","msg_cd":"EGW00201","message":"EGW00201"}
2026-06-09 13:58:28,528 - WARNING - 예수금 부족으로 매수 불가 (예수금: 0원, 필요: 318000원)
2026-06-09 13:58:28,528 - INFO - 60초 후 다음 확인을 진행합니다. (현재 상태: IDLE)
2026-06-09 13:59:28,632 - INFO - [005930] 현재가: 319500, 고가: 322500, 저가: 300000
2026-06-09 13:59:30,214 - INFO - 계좌 예수금: 9579172원
2026-06-09 13:59:30,215 - INFO - [005930] 보유: 1주, 매도 가능: 0주, 평단가: 319,000원
2026-06-09 13:59:30,235 - INFO - 미실현 손익: 500원 (0.16%), 최고 수익률: 0.16%
2026-06-09 13:59:30,304 - INFO - 보유 수량(1)에 대해 매도 주문(0000038745)이 진행 중입니다.
2026-06-09 13:59:30,304 - INFO - 60초 후 다음 확인을 진행합니다. (현재 상태: SELLING)
2026-06-09 14:00:30,830 - INFO - [005930] 현재가: 318500, 고가: 322500, 저가: 300000
2026-06-09 14:00:30,831 - WARNING - ⚠️ 주문 고착 감지: 가격 이탈 (현재가:318,500, 목표가:321,000, 차이:2,500). 주문 취소를 시도합니다.
2026-06-09 14:00:30,831 - INFO - [CANCEL] 주문 취소 요청: 005930, 주문번호: 0000038745
2026-06-09 14:00:31,066 - ERROR - POST 요청 실패 (VTTC0013U): 500 Server Error: Internal Server Error for url: https://openapivts.koreainvestment.com:29443/uapi/domestic-stock/v1/trading/order-rvsecncl
2026-06-09 14:00:31,066 - ERROR - 상세 에러: {"rt_cd":"1","msg1":"초당 거래건수를 초과하였습니다.","msg_cd":"EGW00201","message":"EGW00201"}
2026-06-09 14:00:31,069 - ERROR - 주문 취소 실패: 응답 없음
2026-06-09 14:00:31,070 - ERROR - 주문 취소 실패. 다음 루프에서 재시도합니다.
2026-06-09 14:00:32,400 - ERROR - GET 요청 실패 (VTTC8434R): 500 Server Error: Internal Server Error for url: https://openapivts.koreainvestment.com:29443/uapi/domestic-stock/v1/trading/inquire-balance?CANO=50174003&ACNT_PRDT_CD=01&AFHR_FLPR_YN=N&OFL_YN=&INQR_DVSN=02&UNPR_DVSN=01&FUND_STTL_ICLD_YN=N&FNCG_AMT_AUTO_RDPT_YN=N&PRCS_DVSN=00&CTX_AREA_FK100=&CTX_AREA_NK100=
2026-06-09 14:00:32,400 - ERROR - 상세 에러: {"rt_cd":"1","msg1":"원장에서 허용 가능한 초당 거래건수를 초과하였습니다.","msg_cd":"EGW00201"}
2026-06-09 14:00:32,403 - ERROR - 잔고 조회 실패
2026-06-09 14:00:33,190 - INFO - 매도 주문 완료 확인: 상태를 IDLE로 전환합니다.
2026-06-09 14:00:33,257 - WARNING - 예수금 부족으로 매수 불가 (예수금: 0원, 필요: 317000원)
2026-06-09 14:00:33,258 - INFO - 60초 후 다음 확인을 진행합니다. (현재 상태: IDLE)
2026-06-09 14:01:36,388 - INFO - [005930] 현재가: 319000, 고가: 322500, 저가: 300000
2026-06-09 14:01:39,656 - INFO - 계좌 예수금: 9579172원
2026-06-09 14:01:39,656 - INFO - [005930] 보유: 1주, 매도 가능: 0주, 평단가: 319,000원
2026-06-09 14:01:39,677 - INFO - 미실현 손익: 0원 (0.00%), 최고 수익률: 0.00%
2026-06-09 14:01:39,746 - INFO - 보유 수량(1)에 대해 매도 주문(0000038745)이 진행 중입니다.
2026-06-09 14:01:39,747 - INFO - 60초 후 다음 확인을 진행합니다. (현재 상태: SELLING)
2026-06-09 14:02:39,870 - INFO - [005930] 현재가: 319250, 고가: 322500, 저가: 300000
2026-06-09 14:02:43,659 - INFO - 계좌 예수금: 9579172원
2026-06-09 14:02:43,660 - INFO - [005930] 보유: 1주, 매도 가능: 0주, 평단가: 319,000원
2026-06-09 14:02:43,681 - INFO - 미실현 손익: 250원 (0.08%), 최고 수익률: 0.08%
2026-06-09 14:02:43,716 - INFO - 보유 수량(1)에 대해 매도 주문(0000038745)이 진행 중입니다.
2026-06-09 14:02:43,716 - INFO - 60초 후 다음 확인을 진행합니다. (현재 상태: SELLING)
2026-06-09 14:03:43,824 - INFO - [005930] 현재가: 319500, 고가: 322500, 저가: 300000
2026-06-09 14:03:45,206 - INFO - 계좌 예수금: 9579172원
2026-06-09 14:03:45,206 - INFO - [005930] 보유: 1주, 매도 가능: 0주, 평단가: 319,000원
2026-06-09 14:03:45,227 - INFO - 미실현 손익: 500원 (0.16%), 최고 수익률: 0.16%
2026-06-09 14:03:45,256 - INFO - 보유 수량(1)에 대해 매도 주문(0000038745)이 진행 중입니다.
2026-06-09 14:03:45,257 - INFO - 60초 후 다음 확인을 진행합니다. (현재 상태: SELLING)
2026-06-09 14:04:45,399 - INFO - [005930] 현재가: 320500, 고가: 322500, 저가: 300000
2026-06-09 14:04:46,503 - ERROR - GET 요청 실패 (VTTC8434R): 500 Server Error: Internal Server Error for url: https://openapivts.koreainvestment.com:29443/uapi/domestic-stock/v1/trading/inquire-balance?CANO=50174003&ACNT_PRDT_CD=01&AFHR_FLPR_YN=N&OFL_YN=&INQR_DVSN=02&UNPR_DVSN=01&FUND_STTL_ICLD_YN=N&FNCG_AMT_AUTO_RDPT_YN=N&PRCS_DVSN=00&CTX_AREA_FK100=&CTX_AREA_NK100=
2026-06-09 14:04:46,503 - ERROR - 상세 에러: {"rt_cd":"1","msg1":"원장에서 허용 가능한 초당 거래건수를 초과하였습니다.","msg_cd":"EGW00201"}
2026-06-09 14:04:46,506 - ERROR - 잔고 조회 실패
2026-06-09 14:04:47,512 - ERROR - GET 요청 실패 (FHKST03010100): 500 Server Error: Internal Server Error for url: https://openapivts.koreainvestment.com:29443/uapi/domestic-stock/v1/quotations/inquire-daily-itemchartprice?FID_COND_MRKT_DIV_CODE=J&FID_INPUT_ISCD=005930&FID_PERIOD_DIV_CODE=D&FID_ORG_ADJ_PRC=0
2026-06-09 14:04:47,513 - ERROR - 상세 에러: {"rt_cd":"1","msg1":"초당 거래건수를 초과하였습니다.","msg_cd":"EGW00201","message":"EGW00201"}
2026-06-09 14:04:47,531 - INFO - 매도 주문 완료 확인: 상태를 IDLE로 전환합니다.
2026-06-09 14:04:47,597 - WARNING - 예수금 부족으로 매수 불가 (예수금: 0원, 필요: 319000원)
2026-06-09 14:04:47,597 - INFO - 60초 후 다음 확인을 진행합니다. (현재 상태: IDLE)
2026-06-09 14:05:47,713 - INFO - [005930] 현재가: 320500, 고가: 322500, 저가: 300000
2026-06-09 14:05:50,038 - INFO - 계좌 예수금: 9579172원
2026-06-09 14:05:50,682 - INFO - 매수 조건 충족: 현재가(320500) - 오프셋(1500+0) = 319000원 (보수적 하향 보정)
2026-06-09 14:05:50,682 - INFO - [BUY] 주문 요청: 005930, 1주, 319000원
2026-06-09 14:05:51,230 - INFO - 주문 성공! 주문번호: 0000039445
2026-06-09 14:05:51,273 - INFO - 60초 후 다음 확인을 진행합니다. (현재 상태: BUYING)
2026-06-09 14:06:51,402 - INFO - [005930] 현재가: 321000, 고가: 322500, 저가: 300000
2026-06-09 14:06:52,500 - ERROR - GET 요청 실패 (VTTC8434R): 500 Server Error: Internal Server Error for url: https://openapivts.koreainvestment.com:29443/uapi/domestic-stock/v1/trading/inquire-balance?CANO=50174003&ACNT_PRDT_CD=01&AFHR_FLPR_YN=N&OFL_YN=&INQR_DVSN=02&UNPR_DVSN=01&FUND_STTL_ICLD_YN=N&FNCG_AMT_AUTO_RDPT_YN=N&PRCS_DVSN=00&CTX_AREA_FK100=&CTX_AREA_NK100=
2026-06-09 14:06:52,501 - ERROR - 상세 에러: {"rt_cd":"1","msg1":"원장에서 허용 가능한 초당 거래건수를 초과하였습니다.","msg_cd":"EGW00201"}
2026-06-09 14:06:52,504 - ERROR - 잔고 조회 실패
2026-06-09 14:06:52,568 - INFO - 자가 최적화 기록 완료: C:\Users\witpo\OneDrive\바탕 화면\YONSEI\26-1\ECO4126 인공지능과금융공학\open-trading-api\self_optimization_history
2026-06-09 14:06:53,500 - INFO - 이미 매수 주문(0000039445)이 진행 중입니다. 체결을 기다립니다.
2026-06-09 14:06:53,500 - INFO - 60초 후 다음 확인을 진행합니다. (현재 상태: BUYING)
2026-06-09 14:07:55,075 - INFO - [005930] 현재가: 320500, 고가: 322500, 저가: 300000
2026-06-09 14:07:56,166 - ERROR - GET 요청 실패 (VTTC8434R): 500 Server Error: Internal Server Error for url: https://openapivts.koreainvestment.com:29443/uapi/domestic-stock/v1/trading/inquire-balance?CANO=50174003&ACNT_PRDT_CD=01&AFHR_FLPR_YN=N&OFL_YN=&INQR_DVSN=02&UNPR_DVSN=01&FUND_STTL_ICLD_YN=N&FNCG_AMT_AUTO_RDPT_YN=N&PRCS_DVSN=00&CTX_AREA_FK100=&CTX_AREA_NK100=
2026-06-09 14:07:56,167 - ERROR - 상세 에러: {"rt_cd":"1","msg1":"원장에서 허용 가능한 초당 거래건수를 초과하였습니다.","msg_cd":"EGW00201"}
2026-06-09 14:07:56,170 - ERROR - 잔고 조회 실패
2026-06-09 14:07:57,172 - INFO - 이미 매수 주문(0000039445)이 진행 중입니다. 체결을 기다립니다.
2026-06-09 14:07:57,172 - INFO - 60초 후 다음 확인을 진행합니다. (현재 상태: BUYING)
2026-06-09 14:08:57,281 - INFO - [005930] 현재가: 318500, 고가: 322500, 저가: 300000
2026-06-09 14:08:58,373 - ERROR - GET 요청 실패 (VTTC8434R): 500 Server Error: Internal Server Error for url: https://openapivts.koreainvestment.com:29443/uapi/domestic-stock/v1/trading/inquire-balance?CANO=50174003&ACNT_PRDT_CD=01&AFHR_FLPR_YN=N&OFL_YN=&INQR_DVSN=02&UNPR_DVSN=01&FUND_STTL_ICLD_YN=N&FNCG_AMT_AUTO_RDPT_YN=N&PRCS_DVSN=00&CTX_AREA_FK100=&CTX_AREA_NK100=
2026-06-09 14:08:58,374 - ERROR - 상세 에러: {"rt_cd":"1","msg1":"원장에서 허용 가능한 초당 거래건수를 초과하였습니다.","msg_cd":"EGW00201"}
2026-06-09 14:08:58,377 - ERROR - 잔고 조회 실패
2026-06-09 14:08:59,375 - ERROR - GET 요청 실패 (FHKST03010100): 500 Server Error: Internal Server Error for url: https://openapivts.koreainvestment.com:29443/uapi/domestic-stock/v1/quotations/inquire-daily-itemchartprice?FID_COND_MRKT_DIV_CODE=J&FID_INPUT_ISCD=005930&FID_PERIOD_DIV_CODE=D&FID_ORG_ADJ_PRC=0
2026-06-09 14:08:59,375 - ERROR - 상세 에러: {"rt_cd":"1","msg1":"초당 거래건수를 초과하였습니다.","msg_cd":"EGW00201","message":"EGW00201"}
2026-06-09 14:08:59,378 - INFO - 이미 매수 주문(0000039445)이 진행 중입니다. 체결을 기다립니다.
2026-06-09 14:08:59,378 - INFO - 60초 후 다음 확인을 진행합니다. (현재 상태: BUYING)
2026-06-09 14:09:59,488 - INFO - [005930] 현재가: 319000, 고가: 322500, 저가: 300000
2026-06-09 14:10:00,589 - ERROR - GET 요청 실패 (VTTC8434R): 500 Server Error: Internal Server Error for url: https://openapivts.koreainvestment.com:29443/uapi/domestic-stock/v1/trading/inquire-balance?CANO=50174003&ACNT_PRDT_CD=01&AFHR_FLPR_YN=N&OFL_YN=&INQR_DVSN=02&UNPR_DVSN=01&FUND_STTL_ICLD_YN=N&FNCG_AMT_AUTO_RDPT_YN=N&PRCS_DVSN=00&CTX_AREA_FK100=&CTX_AREA_NK100=
2026-06-09 14:10:00,590 - ERROR - 상세 에러: {"rt_cd":"1","msg1":"원장에서 허용 가능한 초당 거래건수를 초과하였습니다.","msg_cd":"EGW00201"}
2026-06-09 14:10:00,593 - ERROR - 잔고 조회 실패
2026-06-09 14:10:01,605 - ERROR - GET 요청 실패 (FHKST03010100): 500 Server Error: Internal Server Error for url: https://openapivts.koreainvestment.com:29443/uapi/domestic-stock/v1/quotations/inquire-daily-itemchartprice?FID_COND_MRKT_DIV_CODE=J&FID_INPUT_ISCD=005930&FID_PERIOD_DIV_CODE=D&FID_ORG_ADJ_PRC=0
2026-06-09 14:10:01,606 - ERROR - 상세 에러: {"rt_cd":"1","msg1":"초당 거래건수를 초과하였습니다.","msg_cd":"EGW00201","message":"EGW00201"}
2026-06-09 14:10:01,608 - INFO - 이미 매수 주문(0000039445)이 진행 중입니다. 체결을 기다립니다.
2026-06-09 14:10:01,609 - INFO - 60초 후 다음 확인을 진행합니다. (현재 상태: BUYING)
2026-06-09 14:11:01,715 - INFO - [005930] 현재가: 319000, 고가: 322500, 저가: 300000
2026-06-09 14:11:04,935 - INFO - 계좌 예수금: 9579172원
2026-06-09 14:11:04,936 - INFO - [005930] 보유: 1주, 매도 가능: 1주, 평단가: 319,000원
2026-06-09 14:11:04,956 - INFO - 미실현 손익: 0원 (0.00%), 최고 수익률: 0.00%
2026-06-09 14:11:04,986 - INFO - 매수 체결 확인 (평단가: 319,000원). 히스토리에 기록합니다.
2026-06-09 14:11:05,028 - INFO - 매도 조건 충족: 평단가(319,000), 현재가(319,000) -> 목표가(321,500원) (보수적 상향 보정)
2026-06-09 14:11:05,028 - INFO - [SELL] 주문 요청: 005930, 1주, 321500원
2026-06-09 14:11:05,161 - INFO - 주문 성공! 주문번호: 0000039810
2026-06-09 14:11:05,207 - INFO - 60초 후 다음 확인을 진행합니다. (현재 상태: SELLING)
2026-06-09 14:12:05,317 - INFO - [005930] 현재가: 319000, 고가: 322500, 저가: 300000
2026-06-09 14:12:05,317 - WARNING - ⚠️ 주문 고착 감지: 가격 이탈 (현재가:319,000, 목표가:321,500, 차이:2,500). 주문 취소를 시도합니다.
2026-06-09 14:12:05,317 - INFO - [CANCEL] 주문 취소 요청: 005930, 주문번호: 0000039810
2026-06-09 14:12:05,871 - INFO - 주문 취소 성공! (원주문: 0000039810)
2026-06-09 14:12:05,920 - INFO - 상태 전환 완료: HOLDING
2026-06-09 14:12:08,018 - INFO - 계좌 예수금: 9579172원
2026-06-09 14:12:08,019 - INFO - [005930] 보유: 1주, 매도 가능: 1주, 평단가: 319,000원
2026-06-09 14:12:08,041 - INFO - 미실현 손익: 0원 (0.00%), 최고 수익률: 0.00%
2026-06-09 14:12:08,070 - INFO - 매도 조건 충족: 평단가(319,000), 현재가(319,000) -> 목표가(321,500원) (보수적 상향 보정)
2026-06-09 14:12:08,071 - INFO - [SELL] 주문 요청: 005930, 1주, 321500원
2026-06-09 14:12:08,241 - INFO - 주문 성공! 주문번호: 0000039886
2026-06-09 14:12:08,287 - INFO - 60초 후 다음 확인을 진행합니다. (현재 상태: SELLING)
2026-06-09 14:13:08,392 - INFO - [005930] 현재가: 320000, 고가: 322500, 저가: 300000
2026-06-09 14:13:09,488 - ERROR - GET 요청 실패 (VTTC8434R): 500 Server Error: Internal Server Error for url: https://openapivts.koreainvestment.com:29443/uapi/domestic-stock/v1/trading/inquire-balance?CANO=50174003&ACNT_PRDT_CD=01&AFHR_FLPR_YN=N&OFL_YN=&INQR_DVSN=02&UNPR_DVSN=01&FUND_STTL_ICLD_YN=N&FNCG_AMT_AUTO_RDPT_YN=N&PRCS_DVSN=00&CTX_AREA_FK100=&CTX_AREA_NK100=
2026-06-09 14:13:09,488 - ERROR - 상세 에러: {"rt_cd":"1","msg1":"원장에서 허용 가능한 초당 거래건수를 초과하였습니다.","msg_cd":"EGW00201"}
2026-06-09 14:13:09,491 - ERROR - 잔고 조회 실패
2026-06-09 14:13:10,487 - ERROR - GET 요청 실패 (FHKST03010100): 500 Server Error: Internal Server Error for url: https://openapivts.koreainvestment.com:29443/uapi/domestic-stock/v1/quotations/inquire-daily-itemchartprice?FID_COND_MRKT_DIV_CODE=J&FID_INPUT_ISCD=005930&FID_PERIOD_DIV_CODE=D&FID_ORG_ADJ_PRC=0
2026-06-09 14:13:10,487 - ERROR - 상세 에러: {"rt_cd":"1","msg1":"초당 거래건수를 초과하였습니다.","msg_cd":"EGW00201","message":"EGW00201"}
2026-06-09 14:13:10,506 - INFO - 매도 주문 완료 확인: 상태를 IDLE로 전환합니다.
2026-06-09 14:13:10,570 - WARNING - 예수금 부족으로 매수 불가 (예수금: 0원, 필요: 317500원)
2026-06-09 14:13:10,570 - INFO - 60초 후 다음 확인을 진행합니다. (현재 상태: IDLE)
2026-06-09 14:14:10,691 - INFO - [005930] 현재가: 320000, 고가: 322500, 저가: 300000
2026-06-09 14:14:14,591 - INFO - 계좌 예수금: 9579172원
2026-06-09 14:14:14,592 - INFO - [005930] 보유: 1주, 매도 가능: 0주, 평단가: 319,000원
2026-06-09 14:14:14,612 - INFO - 미실현 손익: 1,000원 (0.31%), 최고 수익률: 0.31%
2026-06-09 14:14:14,683 - INFO - 보유 수량(1)에 대해 매도 주문(0000039886)이 진행 중입니다.
2026-06-09 14:14:14,683 - INFO - 60초 후 다음 확인을 진행합니다. (현재 상태: SELLING)
2026-06-09 14:15:14,813 - INFO - [005930] 현재가: 319500, 고가: 322500, 저가: 300000
2026-06-09 14:15:17,673 - INFO - 계좌 예수금: 9579172원
2026-06-09 14:15:17,673 - INFO - [005930] 보유: 1주, 매도 가능: 0주, 평단가: 319,000원
2026-06-09 14:15:17,694 - INFO - 미실현 손익: 500원 (0.16%), 최고 수익률: 0.31%
2026-06-09 14:15:17,724 - INFO - 보유 수량(1)에 대해 매도 주문(0000039886)이 진행 중입니다.
2026-06-09 14:15:17,725 - INFO - 60초 후 다음 확인을 진행합니다. (현재 상태: SELLING)
2026-06-09 14:16:18,224 - INFO - [005930] 현재가: 320000, 고가: 322500, 저가: 300000
2026-06-09 14:16:19,316 - ERROR - GET 요청 실패 (VTTC8434R): 500 Server Error: Internal Server Error for url: https://openapivts.koreainvestment.com:29443/uapi/domestic-stock/v1/trading/inquire-balance?CANO=50174003&ACNT_PRDT_CD=01&AFHR_FLPR_YN=N&OFL_YN=&INQR_DVSN=02&UNPR_DVSN=01&FUND_STTL_ICLD_YN=N&FNCG_AMT_AUTO_RDPT_YN=N&PRCS_DVSN=00&CTX_AREA_FK100=&CTX_AREA_NK100=
2026-06-09 14:16:19,317 - ERROR - 상세 에러: {"rt_cd":"1","msg1":"원장에서 허용 가능한 초당 거래건수를 초과하였습니다.","msg_cd":"EGW00201"}
2026-06-09 14:16:19,320 - ERROR - 잔고 조회 실패
2026-06-09 14:16:20,341 - ERROR - GET 요청 실패 (FHKST03010100): 500 Server Error: Internal Server Error for url: https://openapivts.koreainvestment.com:29443/uapi/domestic-stock/v1/quotations/inquire-daily-itemchartprice?FID_COND_MRKT_DIV_CODE=J&FID_INPUT_ISCD=005930&FID_PERIOD_DIV_CODE=D&FID_ORG_ADJ_PRC=0
2026-06-09 14:16:20,341 - ERROR - 상세 에러: {"rt_cd":"1","msg1":"초당 거래건수를 초과하였습니다.","msg_cd":"EGW00201","message":"EGW00201"}
2026-06-09 14:16:20,361 - INFO - 매도 주문 완료 확인: 상태를 IDLE로 전환합니다.
2026-06-09 14:16:20,427 - WARNING - 예수금 부족으로 매수 불가 (예수금: 0원, 필요: 317500원)
2026-06-09 14:16:20,427 - INFO - 60초 후 다음 확인을 진행합니다. (현재 상태: IDLE)
2026-06-09 14:17:20,534 - INFO - [005930] 현재가: 320000, 고가: 322500, 저가: 300000
2026-06-09 14:17:22,652 - ERROR - GET 요청 실패 (VTTC8434R): 500 Server Error: Internal Server Error for url: https://openapivts.koreainvestment.com:29443/uapi/domestic-stock/v1/trading/inquire-balance?CANO=50174003&ACNT_PRDT_CD=01&AFHR_FLPR_YN=N&OFL_YN=&INQR_DVSN=02&UNPR_DVSN=01&FUND_STTL_ICLD_YN=N&FNCG_AMT_AUTO_RDPT_YN=N&PRCS_DVSN=00&CTX_AREA_FK100=&CTX_AREA_NK100=
2026-06-09 14:17:22,653 - ERROR - 상세 에러: {"rt_cd":"1","msg1":"원장에서 허용 가능한 초당 거래건수를 초과하였습니다.","msg_cd":"EGW00201"}
2026-06-09 14:17:22,656 - ERROR - 잔고 조회 실패
2026-06-09 14:17:23,319 - WARNING - 예수금 부족으로 매수 불가 (예수금: 0원, 필요: 317500원)
2026-06-09 14:17:23,320 - INFO - 60초 후 다음 확인을 진행합니다. (현재 상태: IDLE)
2026-06-09 14:18:23,429 - INFO - [005930] 현재가: 319750, 고가: 322500, 저가: 300000
2026-06-09 14:18:24,540 - ERROR - GET 요청 실패 (VTTC8434R): 500 Server Error: Internal Server Error for url: https://openapivts.koreainvestment.com:29443/uapi/domestic-stock/v1/trading/inquire-balance?CANO=50174003&ACNT_PRDT_CD=01&AFHR_FLPR_YN=N&OFL_YN=&INQR_DVSN=02&UNPR_DVSN=01&FUND_STTL_ICLD_YN=N&FNCG_AMT_AUTO_RDPT_YN=N&PRCS_DVSN=00&CTX_AREA_FK100=&CTX_AREA_NK100=
2026-06-09 14:18:24,540 - ERROR - 상세 에러: {"rt_cd":"1","msg1":"원장에서 허용 가능한 초당 거래건수를 초과하였습니다.","msg_cd":"EGW00201"}
2026-06-09 14:18:24,543 - ERROR - 잔고 조회 실패
2026-06-09 14:18:25,543 - WARNING - 예수금 부족으로 매수 불가 (예수금: 0원, 필요: 317500원)
2026-06-09 14:18:25,543 - INFO - 60초 후 다음 확인을 진행합니다. (현재 상태: IDLE)
2026-06-09 14:19:25,664 - INFO - [005930] 현재가: 319500, 고가: 322500, 저가: 300000
2026-06-09 14:19:29,694 - INFO - 계좌 예수금: 9579172원
2026-06-09 14:19:29,695 - INFO - [005930] 보유: 1주, 매도 가능: 0주, 평단가: 319,000원
2026-06-09 14:19:29,716 - INFO - 미실현 손익: 500원 (0.16%), 최고 수익률: 0.16%
2026-06-09 14:19:29,787 - INFO - 보유 수량(1)에 대해 매도 주문(0000039886)이 진행 중입니다.
2026-06-09 14:19:29,787 - INFO - 60초 후 다음 확인을 진행합니다. (현재 상태: SELLING)
2026-06-09 14:20:30,425 - INFO - [005930] 현재가: 319750, 고가: 322500, 저가: 300000
2026-06-09 14:20:31,527 - ERROR - GET 요청 실패 (VTTC8434R): 500 Server Error: Internal Server Error for url: https://openapivts.koreainvestment.com:29443/uapi/domestic-stock/v1/trading/inquire-balance?CANO=50174003&ACNT_PRDT_CD=01&AFHR_FLPR_YN=N&OFL_YN=&INQR_DVSN=02&UNPR_DVSN=01&FUND_STTL_ICLD_YN=N&FNCG_AMT_AUTO_RDPT_YN=N&PRCS_DVSN=00&CTX_AREA_FK100=&CTX_AREA_NK100=
2026-06-09 14:20:31,527 - ERROR - 상세 에러: {"rt_cd":"1","msg1":"원장에서 허용 가능한 초당 거래건수를 초과하였습니다.","msg_cd":"EGW00201"}
2026-06-09 14:20:31,530 - ERROR - 잔고 조회 실패
2026-06-09 14:20:32,541 - INFO - 매도 주문 완료 확인: 상태를 IDLE로 전환합니다.
2026-06-09 14:20:32,607 - WARNING - 예수금 부족으로 매수 불가 (예수금: 0원, 필요: 317500원)
2026-06-09 14:20:32,608 - INFO - 60초 후 다음 확인을 진행합니다. (현재 상태: IDLE)
2026-06-09 14:21:32,729 - INFO - [005930] 현재가: 319750, 고가: 322500, 저가: 300000
2026-06-09 14:21:34,937 - INFO - 계좌 예수금: 9579172원
2026-06-09 14:21:34,938 - INFO - [005930] 보유: 1주, 매도 가능: 0주, 평단가: 319,000원
2026-06-09 14:21:34,958 - INFO - 미실현 손익: 750원 (0.24%), 최고 수익률: 0.24%
2026-06-09 14:21:35,027 - INFO - 보유 수량(1)에 대해 매도 주문(0000039886)이 진행 중입니다.
2026-06-09 14:21:35,028 - INFO - 60초 후 다음 확인을 진행합니다. (현재 상태: SELLING)
2026-06-09 14:22:35,142 - INFO - [005930] 현재가: 319250, 고가: 322500, 저가: 300000
2026-06-09 14:22:35,142 - WARNING - ⚠️ 주문 고착 감지: 타임아웃 (627초 경과). 주문 취소를 시도합니다.
2026-06-09 14:22:35,143 - INFO - [CANCEL] 주문 취소 요청: 005930, 주문번호: 0000039886
2026-06-09 14:22:35,686 - INFO - 주문 취소 성공! (원주문: 0000039886)
2026-06-09 14:22:35,737 - INFO - 상태 전환 완료: HOLDING
2026-06-09 14:22:37,200 - INFO - 계좌 예수금: 9579172원
2026-06-09 14:22:37,200 - INFO - [005930] 보유: 1주, 매도 가능: 1주, 평단가: 319,000원
2026-06-09 14:22:37,220 - INFO - 미실현 손익: 250원 (0.08%), 최고 수익률: 0.24%
2026-06-09 14:22:37,248 - INFO - 매도 조건 충족: 평단가(319,000), 현재가(319,250) -> 목표가(321,500원) (보수적 상향 보정)
2026-06-09 14:22:37,248 - INFO - [SELL] 주문 요청: 005930, 1주, 321500원
2026-06-09 14:22:37,356 - INFO - 주문 성공! 주문번호: 0000040412
2026-06-09 14:22:37,401 - INFO - 60초 후 다음 확인을 진행합니다. (현재 상태: SELLING)
2026-06-09 14:23:37,519 - INFO - [005930] 현재가: 318250, 고가: 322500, 저가: 300000
2026-06-09 14:23:37,520 - WARNING - ⚠️ 주문 고착 감지: 가격 이탈 (현재가:318,250, 목표가:321,500, 차이:3,250). 주문 취소를 시도합니다.
2026-06-09 14:23:37,520 - INFO - [CANCEL] 주문 취소 요청: 005930, 주문번호: 0000040412
2026-06-09 14:23:38,046 - INFO - 주문 취소 성공! (원주문: 0000040412)
2026-06-09 14:23:38,091 - INFO - 상태 전환 완료: HOLDING
2026-06-09 14:23:41,407 - INFO - 계좌 예수금: 9579172원
2026-06-09 14:23:41,408 - INFO - [005930] 보유: 1주, 매도 가능: 1주, 평단가: 319,000원
2026-06-09 14:23:41,429 - INFO - 미실현 손익: -750원 (-0.24%), 최고 수익률: 0.24%
2026-06-09 14:23:41,458 - INFO - 매도 조건 충족: 평단가(319,000), 현재가(318,250) -> 목표가(321,500원) (보수적 상향 보정)
2026-06-09 14:23:41,458 - INFO - [SELL] 주문 요청: 005930, 1주, 321500원
2026-06-09 14:23:41,589 - INFO - 주문 성공! 주문번호: 0000040496
2026-06-09 14:23:41,634 - INFO - 60초 후 다음 확인을 진행합니다. (현재 상태: SELLING)
2026-06-09 14:24:41,761 - INFO - [005930] 현재가: 319500, 고가: 322500, 저가: 300000
2026-06-09 14:24:43,363 - INFO - 계좌 예수금: 9579172원
2026-06-09 14:24:43,363 - INFO - [005930] 보유: 1주, 매도 가능: 0주, 평단가: 319,000원
2026-06-09 14:24:43,382 - INFO - 미실현 손익: 500원 (0.16%), 최고 수익률: 0.24%
2026-06-09 14:24:43,414 - INFO - 보유 수량(1)에 대해 매도 주문(0000040496)이 진행 중입니다.
2026-06-09 14:24:43,414 - INFO - 60초 후 다음 확인을 진행합니다. (현재 상태: SELLING)
2026-06-09 14:25:43,528 - INFO - [005930] 현재가: 319500, 고가: 322500, 저가: 300000
2026-06-09 14:25:44,640 - ERROR - GET 요청 실패 (VTTC8434R): 500 Server Error: Internal Server Error for url: https://openapivts.koreainvestment.com:29443/uapi/domestic-stock/v1/trading/inquire-balance?CANO=50174003&ACNT_PRDT_CD=01&AFHR_FLPR_YN=N&OFL_YN=&INQR_DVSN=02&UNPR_DVSN=01&FUND_STTL_ICLD_YN=N&FNCG_AMT_AUTO_RDPT_YN=N&PRCS_DVSN=00&CTX_AREA_FK100=&CTX_AREA_NK100=
2026-06-09 14:25:44,641 - ERROR - 상세 에러: {"rt_cd":"1","msg1":"원장에서 허용 가능한 초당 거래건수를 초과하였습니다.","msg_cd":"EGW00201"}
2026-06-09 14:25:44,643 - ERROR - 잔고 조회 실패
2026-06-09 14:25:45,639 - ERROR - GET 요청 실패 (FHKST03010100): 500 Server Error: Internal Server Error for url: https://openapivts.koreainvestment.com:29443/uapi/domestic-stock/v1/quotations/inquire-daily-itemchartprice?FID_COND_MRKT_DIV_CODE=J&FID_INPUT_ISCD=005930&FID_PERIOD_DIV_CODE=D&FID_ORG_ADJ_PRC=0
2026-06-09 14:25:45,639 - ERROR - 상세 에러: {"rt_cd":"1","msg1":"초당 거래건수를 초과하였습니다.","msg_cd":"EGW00201","message":"EGW00201"}
2026-06-09 14:25:45,658 - INFO - 매도 주문 완료 확인: 상태를 IDLE로 전환합니다.
2026-06-09 14:25:45,725 - WARNING - 예수금 부족으로 매수 불가 (예수금: 0원, 필요: 317000원)
2026-06-09 14:25:45,725 - INFO - 60초 후 다음 확인을 진행합니다. (현재 상태: IDLE)
2026-06-09 14:26:45,851 - INFO - [005930] 현재가: 319500, 고가: 322500, 저가: 300000
2026-06-09 14:26:48,708 - INFO - 계좌 예수금: 9579172원
2026-06-09 14:26:48,709 - INFO - [005930] 보유: 1주, 매도 가능: 0주, 평단가: 319,000원
2026-06-09 14:26:48,729 - INFO - 미실현 손익: 500원 (0.16%), 최고 수익률: 0.16%
2026-06-09 14:26:48,800 - INFO - 보유 수량(1)에 대해 매도 주문(0000040496)이 진행 중입니다.
2026-06-09 14:26:48,801 - INFO - 60초 후 다음 확인을 진행합니다. (현재 상태: SELLING)
2026-06-09 14:27:48,927 - INFO - [005930] 현재가: 319500, 고가: 322500, 저가: 300000
2026-06-09 14:27:50,355 - INFO - 계좌 예수금: 9579172원
2026-06-09 14:27:50,356 - INFO - [005930] 보유: 1주, 매도 가능: 0주, 평단가: 319,000원
2026-06-09 14:27:50,378 - INFO - 미실현 손익: 500원 (0.16%), 최고 수익률: 0.16%
2026-06-09 14:27:50,408 - INFO - 보유 수량(1)에 대해 매도 주문(0000040496)이 진행 중입니다.
2026-06-09 14:27:50,408 - INFO - 60초 후 다음 확인을 진행합니다. (현재 상태: SELLING)
2026-06-09 14:28:50,537 - INFO - [005930] 현재가: 319500, 고가: 322500, 저가: 300000
2026-06-09 14:28:51,624 - ERROR - GET 요청 실패 (VTTC8434R): 500 Server Error: Internal Server Error for url: https://openapivts.koreainvestment.com:29443/uapi/domestic-stock/v1/trading/inquire-balance?CANO=50174003&ACNT_PRDT_CD=01&AFHR_FLPR_YN=N&OFL_YN=&INQR_DVSN=02&UNPR_DVSN=01&FUND_STTL_ICLD_YN=N&FNCG_AMT_AUTO_RDPT_YN=N&PRCS_DVSN=00&CTX_AREA_FK100=&CTX_AREA_NK100=
2026-06-09 14:28:51,624 - ERROR - 상세 에러: {"rt_cd":"1","msg1":"원장에서 허용 가능한 초당 거래건수를 초과하였습니다.","msg_cd":"EGW00201"}
2026-06-09 14:28:51,627 - ERROR - 잔고 조회 실패
2026-06-09 14:28:52,664 - INFO - 매도 주문 완료 확인: 상태를 IDLE로 전환합니다.
2026-06-09 14:28:52,729 - WARNING - 예수금 부족으로 매수 불가 (예수금: 0원, 필요: 317000원)
2026-06-09 14:28:52,729 - INFO - 60초 후 다음 확인을 진행합니다. (현재 상태: IDLE)
2026-06-09 14:29:52,875 - INFO - [005930] 현재가: 319000, 고가: 322500, 저가: 300000
2026-06-09 14:29:54,268 - INFO - 계좌 예수금: 9579172원
2026-06-09 14:29:54,268 - INFO - [005930] 보유: 1주, 매도 가능: 0주, 평단가: 319,000원
2026-06-09 14:29:54,291 - INFO - 미실현 손익: 0원 (0.00%), 최고 수익률: 0.00%
2026-06-09 14:29:54,365 - INFO - 보유 수량(1)에 대해 매도 주문(0000040496)이 진행 중입니다.
2026-06-09 14:29:54,366 - INFO - 60초 후 다음 확인을 진행합니다. (현재 상태: SELLING)
2026-06-09 14:30:54,489 - INFO - [005930] 현재가: 318500, 고가: 322500, 저가: 300000
2026-06-09 14:30:54,489 - WARNING - ⚠️ 주문 고착 감지: 가격 이탈 (현재가:318,500, 목표가:321,500, 차이:3,000). 주문 취소를 시도합니다.
2026-06-09 14:30:54,490 - INFO - [CANCEL] 주문 취소 요청: 005930, 주문번호: 0000040496
2026-06-09 14:30:55,023 - INFO - 주문 취소 성공! (원주문: 0000040496)
2026-06-09 14:30:55,087 - INFO - 상태 전환 완료: HOLDING
2026-06-09 14:30:57,451 - INFO - 계좌 예수금: 9579172원
2026-06-09 14:30:57,452 - INFO - [005930] 보유: 1주, 매도 가능: 1주, 평단가: 319,000원
2026-06-09 14:30:57,474 - INFO - 미실현 손익: -500원 (-0.16%), 최고 수익률: 0.00%
2026-06-09 14:30:57,502 - INFO - 매도 조건 충족: 평단가(319,000), 현재가(318,500) -> 목표가(321,500원) (보수적 상향 보정)
2026-06-09 14:30:57,502 - INFO - [SELL] 주문 요청: 005930, 1주, 321500원
2026-06-09 14:30:57,633 - INFO - 주문 성공! 주문번호: 0000041002
2026-06-09 14:30:57,697 - INFO - 자가 최적화 기록 완료: C:\Users\witpo\OneDrive\바탕 화면\YONSEI\26-1\ECO4126 인공지능과금융공학\open-trading-api\self_optimization_history
2026-06-09 14:30:57,723 - INFO - 60초 후 다음 확인을 진행합니다. (현재 상태: SELLING)
2026-06-09 14:31:57,824 - INFO - [005930] 현재가: 321250, 고가: 322500, 저가: 300000
2026-06-09 14:31:59,100 - INFO - 계좌 예수금: 9579172원
2026-06-09 14:31:59,937 - INFO - 매도 주문 완료 확인: 상태를 IDLE로 전환합니다.
2026-06-09 14:32:00,003 - INFO - 매수 조건 충족: 현재가(321250) - 오프셋(1500+0) = 319500원 (보수적 하향 보정)
2026-06-09 14:32:00,003 - INFO - [BUY] 주문 요청: 005930, 1주, 319500원
2026-06-09 14:32:00,420 - ERROR - POST 요청 실패 (VTTC0012U): 500 Server Error: Internal Server Error for url: https://openapivts.koreainvestment.com:29443/uapi/domestic-stock/v1/trading/order-cash
2026-06-09 14:32:00,421 - ERROR - 상세 에러: {"rt_cd":"1","msg1":"초당 거래건수를 초과하였습니다.","msg_cd":"EGW00201","message":"EGW00201"}
2026-06-09 14:32:00,423 - ERROR - 주문 실패: 응답 없음
2026-06-09 14:32:00,423 - INFO - 60초 후 다음 확인을 진행합니다. (현재 상태: IDLE)
2026-06-09 14:33:00,536 - INFO - [005930] 현재가: 321250, 고가: 322500, 저가: 300000
2026-06-09 14:33:01,626 - ERROR - GET 요청 실패 (VTTC8434R): 500 Server Error: Internal Server Error for url: https://openapivts.koreainvestment.com:29443/uapi/domestic-stock/v1/trading/inquire-balance?CANO=50174003&ACNT_PRDT_CD=01&AFHR_FLPR_YN=N&OFL_YN=&INQR_DVSN=02&UNPR_DVSN=01&FUND_STTL_ICLD_YN=N&FNCG_AMT_AUTO_RDPT_YN=N&PRCS_DVSN=00&CTX_AREA_FK100=&CTX_AREA_NK100=
2026-06-09 14:33:01,627 - ERROR - 상세 에러: {"rt_cd":"1","msg1":"원장에서 허용 가능한 초당 거래건수를 초과하였습니다.","msg_cd":"EGW00201"}
2026-06-09 14:33:01,630 - ERROR - 잔고 조회 실패
2026-06-09 14:33:02,635 - ERROR - GET 요청 실패 (FHKST03010100): 500 Server Error: Internal Server Error for url: https://openapivts.koreainvestment.com:29443/uapi/domestic-stock/v1/quotations/inquire-daily-itemchartprice?FID_COND_MRKT_DIV_CODE=J&FID_INPUT_ISCD=005930&FID_PERIOD_DIV_CODE=D&FID_ORG_ADJ_PRC=0
2026-06-09 14:33:02,635 - ERROR - 상세 에러: {"rt_cd":"1","msg1":"초당 거래건수를 초과하였습니다.","msg_cd":"EGW00201","message":"EGW00201"}
2026-06-09 14:33:02,638 - WARNING - 예수금 부족으로 매수 불가 (예수금: 0원, 필요: 319500원)
2026-06-09 14:33:02,639 - INFO - 60초 후 다음 확인을 진행합니다. (현재 상태: IDLE)
2026-06-09 14:34:02,739 - INFO - [005930] 현재가: 322000, 고가: 322500, 저가: 300000
2026-06-09 14:34:04,341 - INFO - 계좌 예수금: 9579172원
2026-06-09 14:34:04,985 - INFO - 매수 조건 충족: 현재가(322000) - 오프셋(1500+0) = 320500원 (보수적 하향 보정)
2026-06-09 14:34:04,986 - INFO - [BUY] 주문 요청: 005930, 1주, 320500원
2026-06-09 14:34:05,520 - INFO - 주문 성공! 주문번호: 0000041245
2026-06-09 14:34:05,564 - INFO - 60초 후 다음 확인을 진행합니다. (현재 상태: BUYING)
2026-06-09 14:35:05,674 - INFO - [005930] 현재가: 322250, 고가: 322750, 저가: 300000
2026-06-09 14:35:07,432 - INFO - 계좌 예수금: 9579172원
2026-06-09 14:35:07,561 - ERROR - GET 요청 실패 (FHKST03010200): 500 Server Error: Internal Server Error for url: https://openapivts.koreainvestment.com:29443/uapi/domestic-stock/v1/quotations/inquire-time-itemchartprice?FID_ETC_CLS_CODE=&FID_COND_MRKT_DIV_CODE=J&FID_INPUT_ISCD=005930&FID_PW_DATA_INCU_YN=N&FID_HOUR_CLS_CODE=1
2026-06-09 14:35:07,561 - ERROR - 상세 에러: {"rt_cd":"1","msg1":"초당 거래건수를 초과하였습니다.","msg_cd":"EGW00201","message":"EGW00201"}
2026-06-09 14:35:08,092 - INFO - 이미 매수 주문(0000041245)이 진행 중입니다. 체결을 기다립니다.
2026-06-09 14:35:08,093 - INFO - 60초 후 다음 확인을 진행합니다. (현재 상태: BUYING)
2026-06-09 14:36:08,217 - INFO - [005930] 현재가: 322000, 고가: 322750, 저가: 300000
2026-06-09 14:36:09,309 - ERROR - GET 요청 실패 (VTTC8434R): 500 Server Error: Internal Server Error for url: https://openapivts.koreainvestment.com:29443/uapi/domestic-stock/v1/trading/inquire-balance?CANO=50174003&ACNT_PRDT_CD=01&AFHR_FLPR_YN=N&OFL_YN=&INQR_DVSN=02&UNPR_DVSN=01&FUND_STTL_ICLD_YN=N&FNCG_AMT_AUTO_RDPT_YN=N&PRCS_DVSN=00&CTX_AREA_FK100=&CTX_AREA_NK100=
2026-06-09 14:36:09,310 - ERROR - 상세 에러: {"rt_cd":"1","msg1":"원장에서 허용 가능한 초당 거래건수를 초과하였습니다.","msg_cd":"EGW00201"}
2026-06-09 14:36:09,312 - ERROR - 잔고 조회 실패
2026-06-09 14:36:10,310 - ERROR - GET 요청 실패 (FHKST03010100): 500 Server Error: Internal Server Error for url: https://openapivts.koreainvestment.com:29443/uapi/domestic-stock/v1/quotations/inquire-daily-itemchartprice?FID_COND_MRKT_DIV_CODE=J&FID_INPUT_ISCD=005930&FID_PERIOD_DIV_CODE=D&FID_ORG_ADJ_PRC=0
2026-06-09 14:36:10,311 - ERROR - 상세 에러: {"rt_cd":"1","msg1":"초당 거래건수를 초과하였습니다.","msg_cd":"EGW00201","message":"EGW00201"}
2026-06-09 14:36:10,314 - INFO - 이미 매수 주문(0000041245)이 진행 중입니다. 체결을 기다립니다.
2026-06-09 14:36:10,314 - INFO - 60초 후 다음 확인을 진행합니다. (현재 상태: BUYING)
2026-06-09 14:37:10,432 - INFO - [005930] 현재가: 321500, 고가: 322750, 저가: 300000
2026-06-09 14:37:11,532 - ERROR - GET 요청 실패 (VTTC8434R): 500 Server Error: Internal Server Error for url: https://openapivts.koreainvestment.com:29443/uapi/domestic-stock/v1/trading/inquire-balance?CANO=50174003&ACNT_PRDT_CD=01&AFHR_FLPR_YN=N&OFL_YN=&INQR_DVSN=02&UNPR_DVSN=01&FUND_STTL_ICLD_YN=N&FNCG_AMT_AUTO_RDPT_YN=N&PRCS_DVSN=00&CTX_AREA_FK100=&CTX_AREA_NK100=
2026-06-09 14:37:11,532 - ERROR - 상세 에러: {"rt_cd":"1","msg1":"원장에서 허용 가능한 초당 거래건수를 초과하였습니다.","msg_cd":"EGW00201"}
2026-06-09 14:37:11,535 - ERROR - 잔고 조회 실패
2026-06-09 14:37:12,532 - INFO - 이미 매수 주문(0000041245)이 진행 중입니다. 체결을 기다립니다.
2026-06-09 14:37:12,532 - INFO - 60초 후 다음 확인을 진행합니다. (현재 상태: BUYING)
2026-06-09 14:38:12,658 - INFO - [005930] 현재가: 322500, 고가: 323000, 저가: 300000
2026-06-09 14:38:13,818 - INFO - 계좌 예수금: 9579172원
2026-06-09 14:38:14,779 - INFO - 이미 매수 주문(0000041245)이 진행 중입니다. 체결을 기다립니다.
2026-06-09 14:38:14,780 - INFO - 60초 후 다음 확인을 진행합니다. (현재 상태: BUYING)
2026-06-09 14:39:14,905 - INFO - [005930] 현재가: 323000, 고가: 323000, 저가: 300000
2026-06-09 14:39:14,906 - WARNING - ⚠️ 주문 고착 감지: 가격 이탈 (현재가:323,000, 목표가:320,500, 차이:2,500). 주문 취소를 시도합니다.
2026-06-09 14:39:14,906 - INFO - [CANCEL] 주문 취소 요청: 005930, 주문번호: 0000041245
2026-06-09 14:39:15,439 - INFO - 주문 취소 성공! (원주문: 0000041245)
2026-06-09 14:39:15,489 - INFO - 상태 전환 완료: IDLE
2026-06-09 14:39:16,587 - ERROR - GET 요청 실패 (VTTC8434R): 500 Server Error: Internal Server Error for url: https://openapivts.koreainvestment.com:29443/uapi/domestic-stock/v1/trading/inquire-balance?CANO=50174003&ACNT_PRDT_CD=01&AFHR_FLPR_YN=N&OFL_YN=&INQR_DVSN=02&UNPR_DVSN=01&FUND_STTL_ICLD_YN=N&FNCG_AMT_AUTO_RDPT_YN=N&PRCS_DVSN=00&CTX_AREA_FK100=&CTX_AREA_NK100=
2026-06-09 14:39:16,587 - ERROR - 상세 에러: {"rt_cd":"1","msg1":"원장에서 허용 가능한 초당 거래건수를 초과하였습니다.","msg_cd":"EGW00201"}
2026-06-09 14:39:16,590 - ERROR - 잔고 조회 실패
2026-06-09 14:39:17,608 - WARNING - 예수금 부족으로 매수 불가 (예수금: 0원, 필요: 321500원)
2026-06-09 14:39:17,609 - INFO - 60초 후 다음 확인을 진행합니다. (현재 상태: IDLE)
2026-06-09 14:40:19,166 - INFO - [005930] 현재가: 323000, 고가: 323000, 저가: 300000
2026-06-09 14:40:20,478 - INFO - 계좌 예수금: 9579172원
2026-06-09 14:40:21,261 - ERROR - GET 요청 실패 (FHKST03010100): 500 Server Error: Internal Server Error for url: https://openapivts.koreainvestment.com:29443/uapi/domestic-stock/v1/quotations/inquire-daily-itemchartprice?FID_COND_MRKT_DIV_CODE=J&FID_INPUT_ISCD=005930&FID_PERIOD_DIV_CODE=D&FID_ORG_ADJ_PRC=0
2026-06-09 14:40:21,261 - ERROR - 상세 에러: {"rt_cd":"1","msg1":"초당 거래건수를 초과하였습니다.","msg_cd":"EGW00201","message":"EGW00201"}
2026-06-09 14:40:21,265 - INFO - 매수 조건 충족: 현재가(323000) - 오프셋(1500+0) = 321500원 (보수적 하향 보정)
2026-06-09 14:40:21,266 - INFO - [BUY] 주문 요청: 005930, 1주, 321500원
2026-06-09 14:40:22,628 - INFO - 주문 성공! 주문번호: 0000041615
2026-06-09 14:40:22,675 - INFO - 60초 후 다음 확인을 진행합니다. (현재 상태: BUYING)
2026-06-09 14:41:22,793 - INFO - [005930] 현재가: 321500, 고가: 323000, 저가: 300000
2026-06-09 14:41:23,962 - INFO - 계좌 예수금: 9579172원
2026-06-09 14:41:23,963 - INFO - [005930] 보유: 1주, 매도 가능: 1주, 평단가: 321,500원
2026-06-09 14:41:23,982 - INFO - 미실현 손익: 0원 (0.00%), 최고 수익률: 0.00%
2026-06-09 14:41:24,015 - INFO - 매수 체결 확인 (평단가: 321,500원). 히스토리에 기록합니다.
2026-06-09 14:41:24,058 - INFO - 매도 조건 충족: 평단가(321,500), 현재가(321,500) -> 목표가(323,500원) (보수적 상향 보정)
2026-06-09 14:41:24,059 - INFO - [SELL] 주문 요청: 005930, 1주, 323500원
2026-06-09 14:41:24,463 - INFO - 주문 성공! 주문번호: 0000041683
2026-06-09 14:41:24,515 - INFO - 60초 후 다음 확인을 진행합니다. (현재 상태: SELLING)
2026-06-09 14:42:24,643 - INFO - [005930] 현재가: 321500, 고가: 323000, 저가: 300000
2026-06-09 14:42:25,739 - ERROR - GET 요청 실패 (VTTC8434R): 500 Server Error: Internal Server Error for url: https://openapivts.koreainvestment.com:29443/uapi/domestic-stock/v1/trading/inquire-balance?CANO=50174003&ACNT_PRDT_CD=01&AFHR_FLPR_YN=N&OFL_YN=&INQR_DVSN=02&UNPR_DVSN=01&FUND_STTL_ICLD_YN=N&FNCG_AMT_AUTO_RDPT_YN=N&PRCS_DVSN=00&CTX_AREA_FK100=&CTX_AREA_NK100=
2026-06-09 14:42:25,740 - ERROR - 상세 에러: {"rt_cd":"1","msg1":"원장에서 허용 가능한 초당 거래건수를 초과하였습니다.","msg_cd":"EGW00201"}
2026-06-09 14:42:25,742 - ERROR - 잔고 조회 실패
2026-06-09 14:42:26,736 - ERROR - GET 요청 실패 (FHKST03010100): 500 Server Error: Internal Server Error for url: https://openapivts.koreainvestment.com:29443/uapi/domestic-stock/v1/quotations/inquire-daily-itemchartprice?FID_COND_MRKT_DIV_CODE=J&FID_INPUT_ISCD=005930&FID_PERIOD_DIV_CODE=D&FID_ORG_ADJ_PRC=0
2026-06-09 14:42:26,736 - ERROR - 상세 에러: {"rt_cd":"1","msg1":"초당 거래건수를 초과하였습니다.","msg_cd":"EGW00201","message":"EGW00201"}
2026-06-09 14:42:26,756 - INFO - 매도 주문 완료 확인: 상태를 IDLE로 전환합니다.
2026-06-09 14:42:26,822 - WARNING - 예수금 부족으로 매수 불가 (예수금: 0원, 필요: 320000원)
2026-06-09 14:42:26,823 - INFO - 60초 후 다음 확인을 진행합니다. (현재 상태: IDLE)
2026-06-09 14:43:26,932 - INFO - [005930] 현재가: 322000, 고가: 323000, 저가: 300000
2026-06-09 14:43:30,032 - INFO - 계좌 예수금: 9579172원
2026-06-09 14:43:30,032 - INFO - [005930] 보유: 1주, 매도 가능: 0주, 평단가: 321,500원
2026-06-09 14:43:30,052 - INFO - 미실현 손익: 500원 (0.16%), 최고 수익률: 0.16%
2026-06-09 14:43:30,122 - INFO - 보유 수량(1)에 대해 매도 주문(0000041683)이 진행 중입니다.
2026-06-09 14:43:30,123 - INFO - 60초 후 다음 확인을 진행합니다. (현재 상태: SELLING)
2026-06-09 14:44:30,243 - INFO - [005930] 현재가: 321250, 고가: 323000, 저가: 300000
2026-06-09 14:44:30,244 - WARNING - ⚠️ 주문 고착 감지: 가격 이탈 (현재가:321,250, 목표가:323,500, 차이:2,250). 주문 취소를 시도합니다.
2026-06-09 14:44:30,244 - INFO - [CANCEL] 주문 취소 요청: 005930, 주문번호: 0000041683
2026-06-09 14:44:30,730 - ERROR - POST 요청 실패 (VTTC0013U): 500 Server Error: Internal Server Error for url: https://openapivts.koreainvestment.com:29443/uapi/domestic-stock/v1/trading/order-rvsecncl
2026-06-09 14:44:30,730 - ERROR - 상세 에러: {"rt_cd":"1","msg1":"초당 거래건수를 초과하였습니다.","msg_cd":"EGW00201","message":"EGW00201"}
2026-06-09 14:44:30,733 - ERROR - 주문 취소 실패: 응답 없음
2026-06-09 14:44:30,734 - ERROR - 주문 취소 실패. 다음 루프에서 재시도합니다.
2026-06-09 14:44:31,889 - INFO - 계좌 예수금: 9579172원
2026-06-09 14:44:31,889 - INFO - [005930] 보유: 1주, 매도 가능: 0주, 평단가: 321,500원
2026-06-09 14:44:31,911 - INFO - 미실현 손익: -250원 (-0.08%), 최고 수익률: 0.16%
2026-06-09 14:44:31,942 - INFO - 보유 수량(1)에 대해 매도 주문(0000041683)이 진행 중입니다.
2026-06-09 14:44:31,942 - INFO - 60초 후 다음 확인을 진행합니다. (현재 상태: SELLING)
2026-06-09 14:45:34,659 - INFO - [005930] 현재가: 321750, 고가: 323000, 저가: 300000
2026-06-09 14:45:35,838 - INFO - 계좌 예수금: 9579172원
2026-06-09 14:45:35,838 - INFO - [005930] 보유: 1주, 매도 가능: 0주, 평단가: 321,500원
2026-06-09 14:45:35,858 - INFO - 미실현 손익: 250원 (0.08%), 최고 수익률: 0.16%
2026-06-09 14:45:35,890 - INFO - 보유 수량(1)에 대해 매도 주문(0000041683)이 진행 중입니다.
2026-06-09 14:45:35,890 - INFO - 60초 후 다음 확인을 진행합니다. (현재 상태: SELLING)
2026-06-09 14:46:36,078 - INFO - [005930] 현재가: 322000, 고가: 323000, 저가: 300000
2026-06-09 14:46:38,048 - INFO - 계좌 예수금: 9579172원
2026-06-09 14:46:38,049 - INFO - [005930] 보유: 1주, 매도 가능: 0주, 평단가: 321,500원
2026-06-09 14:46:38,069 - INFO - 미실현 손익: 500원 (0.16%), 최고 수익률: 0.16%
2026-06-09 14:46:38,101 - INFO - 보유 수량(1)에 대해 매도 주문(0000041683)이 진행 중입니다.
2026-06-09 14:46:38,102 - INFO - 60초 후 다음 확인을 진행합니다. (현재 상태: SELLING)
2026-06-09 14:47:38,253 - INFO - [005930] 현재가: 323000, 고가: 323000, 저가: 300000
2026-06-09 14:47:40,367 - ERROR - GET 요청 실패 (VTTC8434R): 500 Server Error: Internal Server Error for url: https://openapivts.koreainvestment.com:29443/uapi/domestic-stock/v1/trading/inquire-balance?CANO=50174003&ACNT_PRDT_CD=01&AFHR_FLPR_YN=N&OFL_YN=&INQR_DVSN=02&UNPR_DVSN=01&FUND_STTL_ICLD_YN=N&FNCG_AMT_AUTO_RDPT_YN=N&PRCS_DVSN=00&CTX_AREA_FK100=&CTX_AREA_NK100=
2026-06-09 14:47:40,367 - ERROR - 상세 에러: {"rt_cd":"1","msg1":"원장에서 허용 가능한 초당 거래건수를 초과하였습니다.","msg_cd":"EGW00201"}
2026-06-09 14:47:40,370 - ERROR - 잔고 조회 실패
2026-06-09 14:47:41,039 - INFO - 매도 주문 완료 확인: 상태를 IDLE로 전환합니다.
2026-06-09 14:47:41,103 - WARNING - 예수금 부족으로 매수 불가 (예수금: 0원, 필요: 321500원)
2026-06-09 14:47:41,103 - INFO - 60초 후 다음 확인을 진행합니다. (현재 상태: IDLE)
2026-06-09 14:48:41,208 - INFO - [005930] 현재가: 323750, 고가: 324000, 저가: 300000
2026-06-09 14:48:42,314 - ERROR - GET 요청 실패 (VTTC8434R): 500 Server Error: Internal Server Error for url: https://openapivts.koreainvestment.com:29443/uapi/domestic-stock/v1/trading/inquire-balance?CANO=50174003&ACNT_PRDT_CD=01&AFHR_FLPR_YN=N&OFL_YN=&INQR_DVSN=02&UNPR_DVSN=01&FUND_STTL_ICLD_YN=N&FNCG_AMT_AUTO_RDPT_YN=N&PRCS_DVSN=00&CTX_AREA_FK100=&CTX_AREA_NK100=
2026-06-09 14:48:42,315 - ERROR - 상세 에러: {"rt_cd":"1","msg1":"원장에서 허용 가능한 초당 거래건수를 초과하였습니다.","msg_cd":"EGW00201"}
2026-06-09 14:48:42,318 - ERROR - 잔고 조회 실패
2026-06-09 14:48:43,306 - WARNING - 예수금 부족으로 매수 불가 (예수금: 0원, 필요: 322000원)
2026-06-09 14:48:43,307 - INFO - 60초 후 다음 확인을 진행합니다. (현재 상태: IDLE)
2026-06-09 14:49:43,428 - INFO - [005930] 현재가: 323500, 고가: 324000, 저가: 300000
2026-06-09 14:49:44,555 - ERROR - GET 요청 실패 (VTTC8434R): 500 Server Error: Internal Server Error for url: https://openapivts.koreainvestment.com:29443/uapi/domestic-stock/v1/trading/inquire-balance?CANO=50174003&ACNT_PRDT_CD=01&AFHR_FLPR_YN=N&OFL_YN=&INQR_DVSN=02&UNPR_DVSN=01&FUND_STTL_ICLD_YN=N&FNCG_AMT_AUTO_RDPT_YN=N&PRCS_DVSN=00&CTX_AREA_FK100=&CTX_AREA_NK100=
2026-06-09 14:49:44,555 - ERROR - 상세 에러: {"rt_cd":"1","msg1":"원장에서 허용 가능한 초당 거래건수를 초과하였습니다.","msg_cd":"EGW00201"}
2026-06-09 14:49:44,559 - ERROR - 잔고 조회 실패
2026-06-09 14:49:45,535 - WARNING - 예수금 부족으로 매수 불가 (예수금: 0원, 필요: 322000원)
2026-06-09 14:49:45,536 - INFO - 60초 후 다음 확인을 진행합니다. (현재 상태: IDLE)
2026-06-09 14:50:45,676 - INFO - [005930] 현재가: 322500, 고가: 324000, 저가: 300000
2026-06-09 14:50:46,766 - ERROR - GET 요청 실패 (VTTC8434R): 500 Server Error: Internal Server Error for url: https://openapivts.koreainvestment.com:29443/uapi/domestic-stock/v1/trading/inquire-balance?CANO=50174003&ACNT_PRDT_CD=01&AFHR_FLPR_YN=N&OFL_YN=&INQR_DVSN=02&UNPR_DVSN=01&FUND_STTL_ICLD_YN=N&FNCG_AMT_AUTO_RDPT_YN=N&PRCS_DVSN=00&CTX_AREA_FK100=&CTX_AREA_NK100=
2026-06-09 14:50:46,767 - ERROR - 상세 에러: {"rt_cd":"1","msg1":"원장에서 허용 가능한 초당 거래건수를 초과하였습니다.","msg_cd":"EGW00201"}
2026-06-09 14:50:46,770 - ERROR - 잔고 조회 실패
2026-06-09 14:50:47,775 - WARNING - 예수금 부족으로 매수 불가 (예수금: 0원, 필요: 321000원)
2026-06-09 14:50:47,775 - INFO - 60초 후 다음 확인을 진행합니다. (현재 상태: IDLE)
2026-06-09 14:51:47,885 - INFO - [005930] 현재가: 322000, 고가: 324000, 저가: 300000
2026-06-09 14:51:50,795 - INFO - 계좌 예수금: 9579172원
2026-06-09 14:51:50,865 - INFO - 자가 최적화 기록 완료: C:\Users\witpo\OneDrive\바탕 화면\YONSEI\26-1\ECO4126 인공지능과금융공학\open-trading-api\self_optimization_history
2026-06-09 14:51:51,463 - INFO - 매수 조건 충족: 현재가(322000) - 오프셋(1500+0) = 320500원 (보수적 하향 보정)
2026-06-09 14:51:51,463 - INFO - [BUY] 주문 요청: 005930, 1주, 320500원
2026-06-09 14:51:52,012 - INFO - 주문 성공! 주문번호: 0000042289
2026-06-09 14:51:52,077 - INFO - 60초 후 다음 확인을 진행합니다. (현재 상태: BUYING)
2026-06-09 14:52:52,190 - INFO - [005930] 현재가: 322000, 고가: 324000, 저가: 300000
2026-06-09 14:52:53,284 - ERROR - GET 요청 실패 (VTTC8434R): 500 Server Error: Internal Server Error for url: https://openapivts.koreainvestment.com:29443/uapi/domestic-stock/v1/trading/inquire-balance?CANO=50174003&ACNT_PRDT_CD=01&AFHR_FLPR_YN=N&OFL_YN=&INQR_DVSN=02&UNPR_DVSN=01&FUND_STTL_ICLD_YN=N&FNCG_AMT_AUTO_RDPT_YN=N&PRCS_DVSN=00&CTX_AREA_FK100=&CTX_AREA_NK100=
2026-06-09 14:52:53,284 - ERROR - 상세 에러: {"rt_cd":"1","msg1":"원장에서 허용 가능한 초당 거래건수를 초과하였습니다.","msg_cd":"EGW00201"}
2026-06-09 14:52:53,287 - ERROR - 잔고 조회 실패
2026-06-09 14:52:54,296 - ERROR - GET 요청 실패 (FHKST03010100): 500 Server Error: Internal Server Error for url: https://openapivts.koreainvestment.com:29443/uapi/domestic-stock/v1/quotations/inquire-daily-itemchartprice?FID_COND_MRKT_DIV_CODE=J&FID_INPUT_ISCD=005930&FID_PERIOD_DIV_CODE=D&FID_ORG_ADJ_PRC=0
2026-06-09 14:52:54,297 - ERROR - 상세 에러: {"rt_cd":"1","msg1":"초당 거래건수를 초과하였습니다.","msg_cd":"EGW00201","message":"EGW00201"}
2026-06-09 14:52:54,300 - INFO - 이미 매수 주문(0000042289)이 진행 중입니다. 체결을 기다립니다.
2026-06-09 14:52:54,300 - INFO - 60초 후 다음 확인을 진행합니다. (현재 상태: BUYING)
2026-06-09 14:53:54,408 - INFO - [005930] 현재가: 321750, 고가: 324000, 저가: 300000
2026-06-09 14:53:55,509 - ERROR - GET 요청 실패 (VTTC8434R): 500 Server Error: Internal Server Error for url: https://openapivts.koreainvestment.com:29443/uapi/domestic-stock/v1/trading/inquire-balance?CANO=50174003&ACNT_PRDT_CD=01&AFHR_FLPR_YN=N&OFL_YN=&INQR_DVSN=02&UNPR_DVSN=01&FUND_STTL_ICLD_YN=N&FNCG_AMT_AUTO_RDPT_YN=N&PRCS_DVSN=00&CTX_AREA_FK100=&CTX_AREA_NK100=
2026-06-09 14:53:55,509 - ERROR - 상세 에러: {"rt_cd":"1","msg1":"원장에서 허용 가능한 초당 거래건수를 초과하였습니다.","msg_cd":"EGW00201"}
2026-06-09 14:53:55,513 - ERROR - 잔고 조회 실패
2026-06-09 14:53:56,502 - ERROR - GET 요청 실패 (FHKST03010100): 500 Server Error: Internal Server Error for url: https://openapivts.koreainvestment.com:29443/uapi/domestic-stock/v1/quotations/inquire-daily-itemchartprice?FID_COND_MRKT_DIV_CODE=J&FID_INPUT_ISCD=005930&FID_PERIOD_DIV_CODE=D&FID_ORG_ADJ_PRC=0
2026-06-09 14:53:56,503 - ERROR - 상세 에러: {"rt_cd":"1","msg1":"초당 거래건수를 초과하였습니다.","msg_cd":"EGW00201","message":"EGW00201"}
2026-06-09 14:53:56,506 - INFO - 이미 매수 주문(0000042289)이 진행 중입니다. 체결을 기다립니다.
2026-06-09 14:53:56,506 - INFO - 60초 후 다음 확인을 진행합니다. (현재 상태: BUYING)
2026-06-09 14:54:56,611 - INFO - [005930] 현재가: 320500, 고가: 324000, 저가: 300000
2026-06-09 14:54:57,726 - ERROR - GET 요청 실패 (VTTC8434R): 500 Server Error: Internal Server Error for url: https://openapivts.koreainvestment.com:29443/uapi/domestic-stock/v1/trading/inquire-balance?CANO=50174003&ACNT_PRDT_CD=01&AFHR_FLPR_YN=N&OFL_YN=&INQR_DVSN=02&UNPR_DVSN=01&FUND_STTL_ICLD_YN=N&FNCG_AMT_AUTO_RDPT_YN=N&PRCS_DVSN=00&CTX_AREA_FK100=&CTX_AREA_NK100=
2026-06-09 14:54:57,726 - ERROR - 상세 에러: {"rt_cd":"1","msg1":"원장에서 허용 가능한 초당 거래건수를 초과하였습니다.","msg_cd":"EGW00201"}
2026-06-09 14:54:57,729 - ERROR - 잔고 조회 실패
2026-06-09 14:54:58,712 - INFO - 이미 매수 주문(0000042289)이 진행 중입니다. 체결을 기다립니다.
2026-06-09 14:54:58,713 - INFO - 60초 후 다음 확인을 진행합니다. (현재 상태: BUYING)
2026-06-09 14:55:58,827 - INFO - [005930] 현재가: 319500, 고가: 324000, 저가: 300000
2026-06-09 14:56:00,154 - INFO - 계좌 예수금: 9579172원
2026-06-09 14:56:00,154 - INFO - [005930] 보유: 1주, 매도 가능: 1주, 평단가: 320,500원
2026-06-09 14:56:00,175 - INFO - 미실현 손익: -1,000원 (-0.31%), 최고 수익률: 0.00%
2026-06-09 14:56:00,205 - INFO - 매수 체결 확인 (평단가: 320,500원). 히스토리에 기록합니다.
2026-06-09 14:56:00,248 - INFO - 매도 조건 충족: 평단가(320,500), 현재가(319,500) -> 목표가(323,000원) (보수적 상향 보정)
2026-06-09 14:56:00,248 - INFO - [SELL] 주문 요청: 005930, 1주, 323000원
2026-06-09 14:56:00,413 - ERROR - POST 요청 실패 (VTTC0011U): 500 Server Error: Internal Server Error for url: https://openapivts.koreainvestment.com:29443/uapi/domestic-stock/v1/trading/order-cash
2026-06-09 14:56:00,414 - ERROR - 상세 에러: {"rt_cd":"1","msg1":"초당 거래건수를 초과하였습니다.","msg_cd":"EGW00201","message":"EGW00201"}
2026-06-09 14:56:00,417 - ERROR - 주문 실패: 응답 없음
2026-06-09 14:56:00,417 - INFO - 60초 후 다음 확인을 진행합니다. (현재 상태: HOLDING)
2026-06-09 14:57:00,519 - INFO - [005930] 현재가: 319500, 고가: 324000, 저가: 300000
2026-06-09 14:57:01,636 - ERROR - GET 요청 실패 (VTTC8434R): 500 Server Error: Internal Server Error for url: https://openapivts.koreainvestment.com:29443/uapi/domestic-stock/v1/trading/inquire-balance?CANO=50174003&ACNT_PRDT_CD=01&AFHR_FLPR_YN=N&OFL_YN=&INQR_DVSN=02&UNPR_DVSN=01&FUND_STTL_ICLD_YN=N&FNCG_AMT_AUTO_RDPT_YN=N&PRCS_DVSN=00&CTX_AREA_FK100=&CTX_AREA_NK100=
2026-06-09 14:57:01,637 - ERROR - 상세 에러: {"rt_cd":"1","msg1":"원장에서 허용 가능한 초당 거래건수를 초과하였습니다.","msg_cd":"EGW00201"}
2026-06-09 14:57:01,639 - ERROR - 잔고 조회 실패
2026-06-09 14:57:02,693 - WARNING - 예수금 부족으로 매수 불가 (예수금: 0원, 필요: 317000원)
2026-06-09 14:57:02,694 - INFO - 60초 후 다음 확인을 진행합니다. (현재 상태: IDLE)
2026-06-09 14:58:02,809 - INFO - [005930] 현재가: 319000, 고가: 324000, 저가: 300000
2026-06-09 14:58:04,717 - INFO - 계좌 예수금: 9579172원
2026-06-09 14:58:04,718 - INFO - [005930] 보유: 1주, 매도 가능: 1주, 평단가: 320,500원
2026-06-09 14:58:04,737 - INFO - 미실현 손익: -1,500원 (-0.47%), 최고 수익률: 0.00%
2026-06-09 14:58:04,767 - INFO - 매도 조건 충족: 평단가(320,500), 현재가(319,000) -> 목표가(323,000원) (보수적 상향 보정)
2026-06-09 14:58:04,767 - INFO - [SELL] 주문 요청: 005930, 1주, 323000원
2026-06-09 14:58:04,929 - INFO - 주문 성공! 주문번호: 0000042687
2026-06-09 14:58:04,977 - INFO - 60초 후 다음 확인을 진행합니다. (현재 상태: SELLING)
2026-06-09 14:59:05,088 - INFO - [005930] 현재가: 320000, 고가: 324000, 저가: 300000
2026-06-09 14:59:05,088 - WARNING - ⚠️ 주문 고착 감지: 가격 이탈 (현재가:320,000, 목표가:323,000, 차이:3,000). 주문 취소를 시도합니다.
2026-06-09 14:59:05,089 - INFO - [CANCEL] 주문 취소 요청: 005930, 주문번호: 0000042687
2026-06-09 14:59:05,718 - INFO - 주문 취소 성공! (원주문: 0000042687)
2026-06-09 14:59:05,765 - INFO - 상태 전환 완료: HOLDING
2026-06-09 14:59:08,171 - INFO - 계좌 예수금: 9579172원
2026-06-09 14:59:08,172 - INFO - [005930] 보유: 1주, 매도 가능: 1주, 평단가: 320,500원
2026-06-09 14:59:08,192 - INFO - 미실현 손익: -500원 (-0.16%), 최고 수익률: 0.00%
2026-06-09 14:59:08,224 - INFO - 매도 조건 충족: 평단가(320,500), 현재가(320,000) -> 목표가(323,000원) (보수적 상향 보정)
2026-06-09 14:59:08,225 - INFO - [SELL] 주문 요청: 005930, 1주, 323000원
2026-06-09 14:59:08,371 - INFO - 주문 성공! 주문번호: 0000042765
2026-06-09 14:59:08,422 - INFO - 60초 후 다음 확인을 진행합니다. (현재 상태: SELLING)
2026-06-09 15:00:08,541 - INFO - [005930] 현재가: 319500, 고가: 324000, 저가: 300000
2026-06-09 15:00:08,541 - WARNING - ⚠️ 주문 고착 감지: 가격 이탈 (현재가:319,500, 목표가:323,000, 차이:3,500). 주문 취소를 시도합니다.
2026-06-09 15:00:08,541 - INFO - [CANCEL] 주문 취소 요청: 005930, 주문번호: 0000042765
2026-06-09 15:00:09,060 - INFO - 주문 취소 성공! (원주문: 0000042765)
2026-06-09 15:00:09,106 - INFO - 상태 전환 완료: HOLDING
2026-06-09 15:00:10,213 - ERROR - GET 요청 실패 (VTTC8434R): 500 Server Error: Internal Server Error for url: https://openapivts.koreainvestment.com:29443/uapi/domestic-stock/v1/trading/inquire-balance?CANO=50174003&ACNT_PRDT_CD=01&AFHR_FLPR_YN=N&OFL_YN=&INQR_DVSN=02&UNPR_DVSN=01&FUND_STTL_ICLD_YN=N&FNCG_AMT_AUTO_RDPT_YN=N&PRCS_DVSN=00&CTX_AREA_FK100=&CTX_AREA_NK100=
2026-06-09 15:00:10,214 - ERROR - 상세 에러: {"rt_cd":"1","msg1":"원장에서 허용 가능한 초당 거래건수를 초과하였습니다.","msg_cd":"EGW00201"}
2026-06-09 15:00:10,216 - ERROR - 잔고 조회 실패
2026-06-09 15:00:11,313 - WARNING - 예수금 부족으로 매수 불가 (예수금: 0원, 필요: 317000원)
2026-06-09 15:00:11,314 - INFO - 60초 후 다음 확인을 진행합니다. (현재 상태: IDLE)
2026-06-09 15:01:11,425 - INFO - [005930] 현재가: 320000, 고가: 324000, 저가: 300000
2026-06-09 15:01:12,536 - ERROR - GET 요청 실패 (VTTC8434R): 500 Server Error: Internal Server Error for url: https://openapivts.koreainvestment.com:29443/uapi/domestic-stock/v1/trading/inquire-balance?CANO=50174003&ACNT_PRDT_CD=01&AFHR_FLPR_YN=N&OFL_YN=&INQR_DVSN=02&UNPR_DVSN=01&FUND_STTL_ICLD_YN=N&FNCG_AMT_AUTO_RDPT_YN=N&PRCS_DVSN=00&CTX_AREA_FK100=&CTX_AREA_NK100=
2026-06-09 15:01:12,537 - ERROR - 상세 에러: {"rt_cd":"1","msg1":"원장에서 허용 가능한 초당 거래건수를 초과하였습니다.","msg_cd":"EGW00201"}
2026-06-09 15:01:12,539 - ERROR - 잔고 조회 실패
2026-06-09 15:01:13,538 - WARNING - 예수금 부족으로 매수 불가 (예수금: 0원, 필요: 317500원)
2026-06-09 15:01:13,538 - INFO - 60초 후 다음 확인을 진행합니다. (현재 상태: IDLE)
2026-06-09 15:02:13,752 - INFO - [005930] 현재가: 319500, 고가: 324000, 저가: 300000
2026-06-09 15:02:19,056 - INFO - 계좌 예수금: 9579172원
2026-06-09 15:02:19,056 - INFO - [005930] 보유: 1주, 매도 가능: 1주, 평단가: 320,500원
2026-06-09 15:02:19,076 - INFO - 미실현 손익: -1,000원 (-0.31%), 최고 수익률: 0.00%
2026-06-09 15:02:19,111 - INFO - 매도 조건 충족: 평단가(320,500), 현재가(319,500) -> 목표가(323,000원) (보수적 상향 보정)
2026-06-09 15:02:19,112 - INFO - [SELL] 주문 요청: 005930, 1주, 323000원
2026-06-09 15:02:19,245 - INFO - 주문 성공! 주문번호: 0000043047
2026-06-09 15:02:19,291 - INFO - 60초 후 다음 확인을 진행합니다. (현재 상태: SELLING)
2026-06-09 15:03:19,399 - INFO - [005930] 현재가: 319000, 고가: 324000, 저가: 300000
2026-06-09 15:03:19,399 - WARNING - ⚠️ 주문 고착 감지: 가격 이탈 (현재가:319,000, 목표가:323,000, 차이:4,000). 주문 취소를 시도합니다.
2026-06-09 15:03:19,400 - INFO - [CANCEL] 주문 취소 요청: 005930, 주문번호: 0000043047
2026-06-09 15:03:19,934 - INFO - 주문 취소 성공! (원주문: 0000043047)
2026-06-09 15:03:19,984 - INFO - 상태 전환 완료: HOLDING
2026-06-09 15:03:21,212 - INFO - 계좌 예수금: 9579172원
2026-06-09 15:03:21,213 - INFO - [005930] 보유: 1주, 매도 가능: 1주, 평단가: 320,500원
2026-06-09 15:03:21,234 - INFO - 미실현 손익: -1,500원 (-0.47%), 최고 수익률: 0.00%
2026-06-09 15:03:21,263 - INFO - 매도 조건 충족: 평단가(320,500), 현재가(319,000) -> 목표가(323,000원) (보수적 상향 보정)
2026-06-09 15:03:21,263 - INFO - [SELL] 주문 요청: 005930, 1주, 323000원
2026-06-09 15:03:21,580 - ERROR - POST 요청 실패 (VTTC0011U): 500 Server Error: Internal Server Error for url: https://openapivts.koreainvestment.com:29443/uapi/domestic-stock/v1/trading/order-cash
2026-06-09 15:03:21,580 - ERROR - 상세 에러: {"rt_cd":"1","msg1":"초당 거래건수를 초과하였습니다.","msg_cd":"EGW00201","message":"EGW00201"}
2026-06-09 15:03:21,583 - ERROR - 주문 실패: 응답 없음
2026-06-09 15:03:21,583 - INFO - 60초 후 다음 확인을 진행합니다. (현재 상태: HOLDING)
2026-06-09 15:04:21,684 - INFO - [005930] 현재가: 319000, 고가: 324000, 저가: 300000
2026-06-09 15:04:22,777 - ERROR - GET 요청 실패 (VTTC8434R): 500 Server Error: Internal Server Error for url: https://openapivts.koreainvestment.com:29443/uapi/domestic-stock/v1/trading/inquire-balance?CANO=50174003&ACNT_PRDT_CD=01&AFHR_FLPR_YN=N&OFL_YN=&INQR_DVSN=02&UNPR_DVSN=01&FUND_STTL_ICLD_YN=N&FNCG_AMT_AUTO_RDPT_YN=N&PRCS_DVSN=00&CTX_AREA_FK100=&CTX_AREA_NK100=
2026-06-09 15:04:22,778 - ERROR - 상세 에러: {"rt_cd":"1","msg1":"원장에서 허용 가능한 초당 거래건수를 초과하였습니다.","msg_cd":"EGW00201"}
2026-06-09 15:04:22,781 - ERROR - 잔고 조회 실패
2026-06-09 15:04:23,863 - WARNING - 예수금 부족으로 매수 불가 (예수금: 0원, 필요: 316500원)
2026-06-09 15:04:23,864 - INFO - 60초 후 다음 확인을 진행합니다. (현재 상태: IDLE)
2026-06-09 15:05:23,976 - INFO - [005930] 현재가: 318500, 고가: 324000, 저가: 300000
2026-06-09 15:05:25,182 - INFO - 계좌 예수금: 9579172원
2026-06-09 15:05:25,182 - INFO - [005930] 보유: 1주, 매도 가능: 1주, 평단가: 320,500원
2026-06-09 15:05:25,202 - INFO - 미실현 손익: -2,000원 (-0.62%), 최고 수익률: 0.00%
2026-06-09 15:05:25,231 - INFO - 매도 조건 충족: 평단가(320,500), 현재가(318,500) -> 목표가(323,000원) (보수적 상향 보정)
2026-06-09 15:05:25,231 - INFO - [SELL] 주문 요청: 005930, 1주, 323000원
2026-06-09 15:05:25,579 - ERROR - POST 요청 실패 (VTTC0011U): 500 Server Error: Internal Server Error for url: https://openapivts.koreainvestment.com:29443/uapi/domestic-stock/v1/trading/order-cash
2026-06-09 15:05:25,580 - ERROR - 상세 에러: {"rt_cd":"1","msg1":"초당 거래건수를 초과하였습니다.","msg_cd":"EGW00201","message":"EGW00201"}
2026-06-09 15:05:25,582 - ERROR - 주문 실패: 응답 없음
2026-06-09 15:05:25,582 - INFO - 60초 후 다음 확인을 진행합니다. (현재 상태: IDLE)
2026-06-09 15:06:25,698 - INFO - [005930] 현재가: 318750, 고가: 324000, 저가: 300000
2026-06-09 15:06:26,792 - ERROR - GET 요청 실패 (VTTC8434R): 500 Server Error: Internal Server Error for url: https://openapivts.koreainvestment.com:29443/uapi/domestic-stock/v1/trading/inquire-balance?CANO=50174003&ACNT_PRDT_CD=01&AFHR_FLPR_YN=N&OFL_YN=&INQR_DVSN=02&UNPR_DVSN=01&FUND_STTL_ICLD_YN=N&FNCG_AMT_AUTO_RDPT_YN=N&PRCS_DVSN=00&CTX_AREA_FK100=&CTX_AREA_NK100=
2026-06-09 15:06:26,793 - ERROR - 상세 에러: {"rt_cd":"1","msg1":"원장에서 허용 가능한 초당 거래건수를 초과하였습니다.","msg_cd":"EGW00201"}
2026-06-09 15:06:26,795 - ERROR - 잔고 조회 실패
2026-06-09 15:06:27,793 - WARNING - 예수금 부족으로 매수 불가 (예수금: 0원, 필요: 316500원)
2026-06-09 15:06:27,793 - INFO - 60초 후 다음 확인을 진행합니다. (현재 상태: IDLE)
2026-06-09 15:07:27,910 - INFO - [005930] 현재가: 318750, 고가: 324000, 저가: 300000
2026-06-09 15:07:29,959 - INFO - 계좌 예수금: 9579172원
2026-06-09 15:07:29,959 - INFO - [005930] 보유: 1주, 매도 가능: 1주, 평단가: 320,500원
2026-06-09 15:07:29,979 - INFO - 미실현 손익: -1,750원 (-0.55%), 최고 수익률: 0.00%
2026-06-09 15:07:30,009 - INFO - 매도 조건 충족: 평단가(320,500), 현재가(318,750) -> 목표가(323,000원) (보수적 상향 보정)
2026-06-09 15:07:30,010 - INFO - [SELL] 주문 요청: 005930, 1주, 323000원
2026-06-09 15:07:30,130 - INFO - 주문 성공! 주문번호: 0000043259
2026-06-09 15:07:30,175 - INFO - 60초 후 다음 확인을 진행합니다. (현재 상태: SELLING)
2026-06-09 15:08:30,277 - INFO - [005930] 현재가: 318500, 고가: 324000, 저가: 300000
2026-06-09 15:08:30,278 - WARNING - ⚠️ 주문 고착 감지: 가격 이탈 (현재가:318,500, 목표가:323,000, 차이:4,500). 주문 취소를 시도합니다.
2026-06-09 15:08:30,278 - INFO - [CANCEL] 주문 취소 요청: 005930, 주문번호: 0000043259
2026-06-09 15:08:30,783 - ERROR - POST 요청 실패 (VTTC0013U): 500 Server Error: Internal Server Error for url: https://openapivts.koreainvestment.com:29443/uapi/domestic-stock/v1/trading/order-rvsecncl
2026-06-09 15:08:30,784 - ERROR - 상세 에러: {"rt_cd":"1","msg1":"초당 거래건수를 초과하였습니다.","msg_cd":"EGW00201","message":"EGW00201"}
2026-06-09 15:08:30,787 - ERROR - 주문 취소 실패: 응답 없음
2026-06-09 15:08:30,787 - ERROR - 주문 취소 실패. 다음 루프에서 재시도합니다.
2026-06-09 15:08:32,324 - INFO - 계좌 예수금: 9579172원
2026-06-09 15:08:32,325 - INFO - [005930] 보유: 1주, 매도 가능: 0주, 평단가: 320,500원
2026-06-09 15:08:32,344 - INFO - 미실현 손익: -2,000원 (-0.62%), 최고 수익률: 0.00%
2026-06-09 15:08:32,375 - INFO - 보유 수량(1)에 대해 매도 주문(0000043259)이 진행 중입니다.
2026-06-09 15:08:32,376 - INFO - 60초 후 다음 확인을 진행합니다. (현재 상태: SELLING)
2026-06-09 15:09:32,481 - INFO - [005930] 현재가: 319500, 고가: 324000, 저가: 300000
2026-06-09 15:09:32,482 - WARNING - ⚠️ 주문 고착 감지: 가격 이탈 (현재가:319,500, 목표가:323,000, 차이:3,500). 주문 취소를 시도합니다.
2026-06-09 15:09:32,482 - INFO - [CANCEL] 주문 취소 요청: 005930, 주문번호: 0000043259
2026-06-09 15:09:33,020 - INFO - 주문 취소 성공! (원주문: 0000043259)
2026-06-09 15:09:33,078 - INFO - 상태 전환 완료: HOLDING
2026-06-09 15:09:34,174 - ERROR - GET 요청 실패 (VTTC8434R): 500 Server Error: Internal Server Error for url: https://openapivts.koreainvestment.com:29443/uapi/domestic-stock/v1/trading/inquire-balance?CANO=50174003&ACNT_PRDT_CD=01&AFHR_FLPR_YN=N&OFL_YN=&INQR_DVSN=02&UNPR_DVSN=01&FUND_STTL_ICLD_YN=N&FNCG_AMT_AUTO_RDPT_YN=N&PRCS_DVSN=00&CTX_AREA_FK100=&CTX_AREA_NK100=
2026-06-09 15:09:34,174 - ERROR - 상세 에러: {"rt_cd":"1","msg1":"원장에서 허용 가능한 초당 거래건수를 초과하였습니다.","msg_cd":"EGW00201"}
2026-06-09 15:09:34,178 - ERROR - 잔고 조회 실패
2026-06-09 15:09:35,279 - WARNING - 예수금 부족으로 매수 불가 (예수금: 0원, 필요: 317000원)
2026-06-09 15:09:35,280 - INFO - 60초 후 다음 확인을 진행합니다. (현재 상태: IDLE)
2026-06-09 15:10:35,385 - INFO - [005930] 현재가: 319750, 고가: 324000, 저가: 300000
2026-06-09 15:10:36,500 - ERROR - GET 요청 실패 (VTTC8434R): 500 Server Error: Internal Server Error for url: https://openapivts.koreainvestment.com:29443/uapi/domestic-stock/v1/trading/inquire-balance?CANO=50174003&ACNT_PRDT_CD=01&AFHR_FLPR_YN=N&OFL_YN=&INQR_DVSN=02&UNPR_DVSN=01&FUND_STTL_ICLD_YN=N&FNCG_AMT_AUTO_RDPT_YN=N&PRCS_DVSN=00&CTX_AREA_FK100=&CTX_AREA_NK100=
2026-06-09 15:10:36,501 - ERROR - 상세 에러: {"rt_cd":"1","msg1":"원장에서 허용 가능한 초당 거래건수를 초과하였습니다.","msg_cd":"EGW00201"}
2026-06-09 15:10:36,503 - ERROR - 잔고 조회 실패
2026-06-09 15:10:37,496 - ERROR - GET 요청 실패 (FHKST03010100): 500 Server Error: Internal Server Error for url: https://openapivts.koreainvestment.com:29443/uapi/domestic-stock/v1/quotations/inquire-daily-itemchartprice?FID_COND_MRKT_DIV_CODE=J&FID_INPUT_ISCD=005930&FID_PERIOD_DIV_CODE=D&FID_ORG_ADJ_PRC=0
2026-06-09 15:10:37,496 - ERROR - 상세 에러: {"rt_cd":"1","msg1":"초당 거래건수를 초과하였습니다.","msg_cd":"EGW00201","message":"EGW00201"}
2026-06-09 15:10:37,499 - WARNING - 예수금 부족으로 매수 불가 (예수금: 0원, 필요: 317500원)
2026-06-09 15:10:37,499 - INFO - 60초 후 다음 확인을 진행합니다. (현재 상태: IDLE)
2026-06-09 15:11:37,621 - INFO - [005930] 현재가: 320500, 고가: 324000, 저가: 300000
2026-06-09 15:11:38,715 - ERROR - GET 요청 실패 (VTTC8434R): 500 Server Error: Internal Server Error for url: https://openapivts.koreainvestment.com:29443/uapi/domestic-stock/v1/trading/inquire-balance?CANO=50174003&ACNT_PRDT_CD=01&AFHR_FLPR_YN=N&OFL_YN=&INQR_DVSN=02&UNPR_DVSN=01&FUND_STTL_ICLD_YN=N&FNCG_AMT_AUTO_RDPT_YN=N&PRCS_DVSN=00&CTX_AREA_FK100=&CTX_AREA_NK100=
2026-06-09 15:11:38,715 - ERROR - 상세 에러: {"rt_cd":"1","msg1":"원장에서 허용 가능한 초당 거래건수를 초과하였습니다.","msg_cd":"EGW00201"}
2026-06-09 15:11:38,718 - ERROR - 잔고 조회 실패
2026-06-09 15:11:39,717 - ERROR - GET 요청 실패 (FHKST03010100): 500 Server Error: Internal Server Error for url: https://openapivts.koreainvestment.com:29443/uapi/domestic-stock/v1/quotations/inquire-daily-itemchartprice?FID_COND_MRKT_DIV_CODE=J&FID_INPUT_ISCD=005930&FID_PERIOD_DIV_CODE=D&FID_ORG_ADJ_PRC=0
2026-06-09 15:11:39,717 - ERROR - 상세 에러: {"rt_cd":"1","msg1":"초당 거래건수를 초과하였습니다.","msg_cd":"EGW00201","message":"EGW00201"}
2026-06-09 15:11:39,720 - WARNING - 예수금 부족으로 매수 불가 (예수금: 0원, 필요: 318000원)
2026-06-09 15:11:39,721 - INFO - 60초 후 다음 확인을 진행합니다. (현재 상태: IDLE)
2026-06-09 15:12:39,822 - INFO - [005930] 현재가: 320500, 고가: 324000, 저가: 300000
2026-06-09 15:12:41,036 - INFO - 계좌 예수금: 9579172원
2026-06-09 15:12:41,036 - INFO - [005930] 보유: 1주, 매도 가능: 1주, 평단가: 320,500원
2026-06-09 15:12:41,056 - INFO - 미실현 손익: 0원 (0.00%), 최고 수익률: 0.00%
2026-06-09 15:12:41,085 - INFO - 매도 조건 충족: 평단가(320,500), 현재가(320,500) -> 목표가(323,000원) (보수적 상향 보정)
2026-06-09 15:12:41,086 - INFO - [SELL] 주문 요청: 005930, 1주, 323000원
2026-06-09 15:12:41,425 - ERROR - POST 요청 실패 (VTTC0011U): 500 Server Error: Internal Server Error for url: https://openapivts.koreainvestment.com:29443/uapi/domestic-stock/v1/trading/order-cash
2026-06-09 15:12:41,426 - ERROR - 상세 에러: {"rt_cd":"1","msg1":"초당 거래건수를 초과하였습니다.","msg_cd":"EGW00201","message":"EGW00201"}
2026-06-09 15:12:41,429 - ERROR - 주문 실패: 응답 없음
2026-06-09 15:12:41,429 - INFO - 60초 후 다음 확인을 진행합니다. (현재 상태: IDLE)
2026-06-09 15:13:41,553 - INFO - [005930] 현재가: 321500, 고가: 324000, 저가: 300000
2026-06-09 15:13:42,665 - ERROR - GET 요청 실패 (VTTC8434R): 500 Server Error: Internal Server Error for url: https://openapivts.koreainvestment.com:29443/uapi/domestic-stock/v1/trading/inquire-balance?CANO=50174003&ACNT_PRDT_CD=01&AFHR_FLPR_YN=N&OFL_YN=&INQR_DVSN=02&UNPR_DVSN=01&FUND_STTL_ICLD_YN=N&FNCG_AMT_AUTO_RDPT_YN=N&PRCS_DVSN=00&CTX_AREA_FK100=&CTX_AREA_NK100=
2026-06-09 15:13:42,665 - ERROR - 상세 에러: {"rt_cd":"1","msg1":"원장에서 허용 가능한 초당 거래건수를 초과하였습니다.","msg_cd":"EGW00201"}
2026-06-09 15:13:42,668 - ERROR - 잔고 조회 실패
2026-06-09 15:13:43,656 - ERROR - GET 요청 실패 (FHKST03010100): 500 Server Error: Internal Server Error for url: https://openapivts.koreainvestment.com:29443/uapi/domestic-stock/v1/quotations/inquire-daily-itemchartprice?FID_COND_MRKT_DIV_CODE=J&FID_INPUT_ISCD=005930&FID_PERIOD_DIV_CODE=D&FID_ORG_ADJ_PRC=0
2026-06-09 15:13:43,656 - ERROR - 상세 에러: {"rt_cd":"1","msg1":"초당 거래건수를 초과하였습니다.","msg_cd":"EGW00201","message":"EGW00201"}
2026-06-09 15:13:43,660 - WARNING - 예수금 부족으로 매수 불가 (예수금: 0원, 필요: 319000원)
2026-06-09 15:13:43,660 - INFO - 60초 후 다음 확인을 진행합니다. (현재 상태: IDLE)
2026-06-09 15:14:43,768 - INFO - [005930] 현재가: 322000, 고가: 324000, 저가: 300000
2026-06-09 15:14:45,491 - INFO - 계좌 예수금: 9579172원
2026-06-09 15:14:45,491 - INFO - [005930] 보유: 1주, 매도 가능: 1주, 평단가: 320,500원
2026-06-09 15:14:45,511 - INFO - 미실현 손익: 1,500원 (0.47%), 최고 수익률: 0.47%
2026-06-09 15:14:45,543 - INFO - 매도 조건 충족: 평단가(320,500), 현재가(322,000) -> 목표가(324,500원) (보수적 상향 보정)
2026-06-09 15:14:45,544 - INFO - [SELL] 주문 요청: 005930, 1주, 324500원
2026-06-09 15:14:45,688 - INFO - 주문 성공! 주문번호: 0000043690
2026-06-09 15:14:45,754 - INFO - 자가 최적화 기록 완료: C:\Users\witpo\OneDrive\바탕 화면\YONSEI\26-1\ECO4126 인공지능과금융공학\open-trading-api\self_optimization_history
2026-06-09 15:14:45,781 - INFO - 60초 후 다음 확인을 진행합니다. (현재 상태: SELLING)
2026-06-09 15:15:45,897 - INFO - [005930] 현재가: 322500, 고가: 324000, 저가: 300000
2026-06-09 15:15:48,368 - INFO - 계좌 예수금: 9579172원
2026-06-09 15:15:48,368 - INFO - [005930] 보유: 1주, 매도 가능: 0주, 평단가: 320,500원
2026-06-09 15:15:48,388 - INFO - 미실현 손익: 2,000원 (0.62%), 최고 수익률: 0.62%
2026-06-09 15:15:48,417 - INFO - 보유 수량(1)에 대해 매도 주문(0000043690)이 진행 중입니다.
2026-06-09 15:15:48,418 - INFO - 60초 후 다음 확인을 진행합니다. (현재 상태: SELLING)
2026-06-09 15:16:48,530 - INFO - [005930] 현재가: 322500, 고가: 324000, 저가: 300000
2026-06-09 15:16:49,636 - ERROR - GET 요청 실패 (VTTC8434R): 500 Server Error: Internal Server Error for url: https://openapivts.koreainvestment.com:29443/uapi/domestic-stock/v1/trading/inquire-balance?CANO=50174003&ACNT_PRDT_CD=01&AFHR_FLPR_YN=N&OFL_YN=&INQR_DVSN=02&UNPR_DVSN=01&FUND_STTL_ICLD_YN=N&FNCG_AMT_AUTO_RDPT_YN=N&PRCS_DVSN=00&CTX_AREA_FK100=&CTX_AREA_NK100=
2026-06-09 15:16:49,636 - ERROR - 상세 에러: {"rt_cd":"1","msg1":"원장에서 허용 가능한 초당 거래건수를 초과하였습니다.","msg_cd":"EGW00201"}
2026-06-09 15:16:49,640 - ERROR - 잔고 조회 실패
2026-06-09 15:16:50,620 - ERROR - GET 요청 실패 (FHKST03010100): 500 Server Error: Internal Server Error for url: https://openapivts.koreainvestment.com:29443/uapi/domestic-stock/v1/quotations/inquire-daily-itemchartprice?FID_COND_MRKT_DIV_CODE=J&FID_INPUT_ISCD=005930&FID_PERIOD_DIV_CODE=D&FID_ORG_ADJ_PRC=0
2026-06-09 15:16:50,621 - ERROR - 상세 에러: {"rt_cd":"1","msg1":"초당 거래건수를 초과하였습니다.","msg_cd":"EGW00201","message":"EGW00201"}
2026-06-09 15:16:50,639 - INFO - 매도 주문 완료 확인: 상태를 IDLE로 전환합니다.
2026-06-09 15:16:50,705 - WARNING - 예수금 부족으로 매수 불가 (예수금: 0원, 필요: 321000원)
2026-06-09 15:16:50,706 - INFO - 60초 후 다음 확인을 진행합니다. (현재 상태: IDLE)
2026-06-09 15:17:51,045 - INFO - [005930] 현재가: 322500, 고가: 324000, 저가: 300000
2026-06-09 15:17:52,690 - INFO - 계좌 예수금: 9579172원
2026-06-09 15:17:52,690 - INFO - [005930] 보유: 1주, 매도 가능: 0주, 평단가: 320,500원
2026-06-09 15:17:52,709 - INFO - 미실현 손익: 2,000원 (0.62%), 최고 수익률: 0.62%
2026-06-09 15:17:52,781 - INFO - 보유 수량(1)에 대해 매도 주문(0000043690)이 진행 중입니다.
2026-06-09 15:17:52,781 - INFO - 60초 후 다음 확인을 진행합니다. (현재 상태: SELLING)
2026-06-09 15:18:52,896 - INFO - [005930] 현재가: 322500, 고가: 324000, 저가: 300000
2026-06-09 15:18:55,566 - INFO - 계좌 예수금: 9579172원
2026-06-09 15:18:55,567 - INFO - [005930] 보유: 1주, 매도 가능: 0주, 평단가: 320,500원
2026-06-09 15:18:55,587 - INFO - 미실현 손익: 2,000원 (0.62%), 최고 수익률: 0.62%
2026-06-09 15:18:55,622 - INFO - 보유 수량(1)에 대해 매도 주문(0000043690)이 진행 중입니다.
2026-06-09 15:18:55,622 - INFO - 60초 후 다음 확인을 진행합니다. (현재 상태: SELLING)
2026-06-09 15:19:55,747 - INFO - [005930] 현재가: 322000, 고가: 324000, 저가: 300000
2026-06-09 15:19:55,748 - WARNING - ⚠️ 주문 고착 감지: 가격 이탈 (현재가:322,000, 목표가:324,500, 차이:2,500). 주문 취소를 시도합니다.
2026-06-09 15:19:55,748 - INFO - [CANCEL] 주문 취소 요청: 005930, 주문번호: 0000043690
2026-06-09 15:19:56,266 - INFO - 주문 취소 성공! (원주문: 0000043690)
2026-06-09 15:19:56,317 - INFO - 상태 전환 완료: HOLDING
2026-06-09 15:19:57,417 - ERROR - GET 요청 실패 (VTTC8434R): 500 Server Error: Internal Server Error for url: https://openapivts.koreainvestment.com:29443/uapi/domestic-stock/v1/trading/inquire-balance?CANO=50174003&ACNT_PRDT_CD=01&AFHR_FLPR_YN=N&OFL_YN=&INQR_DVSN=02&UNPR_DVSN=01&FUND_STTL_ICLD_YN=N&FNCG_AMT_AUTO_RDPT_YN=N&PRCS_DVSN=00&CTX_AREA_FK100=&CTX_AREA_NK100=
2026-06-09 15:19:57,417 - ERROR - 상세 에러: {"rt_cd":"1","msg1":"원장에서 허용 가능한 초당 거래건수를 초과하였습니다.","msg_cd":"EGW00201"}
2026-06-09 15:19:57,420 - ERROR - 잔고 조회 실패
2026-06-09 15:19:58,410 - ERROR - GET 요청 실패 (FHKST03010100): 500 Server Error: Internal Server Error for url: https://openapivts.koreainvestment.com:29443/uapi/domestic-stock/v1/quotations/inquire-daily-itemchartprice?FID_COND_MRKT_DIV_CODE=J&FID_INPUT_ISCD=005930&FID_PERIOD_DIV_CODE=D&FID_ORG_ADJ_PRC=0
2026-06-09 15:19:58,410 - ERROR - 상세 에러: {"rt_cd":"1","msg1":"초당 거래건수를 초과하였습니다.","msg_cd":"EGW00201","message":"EGW00201"}
2026-06-09 15:19:58,494 - WARNING - 예수금 부족으로 매수 불가 (예수금: 0원, 필요: 320500원)
2026-06-09 15:19:58,494 - INFO - 60초 후 다음 확인을 진행합니다. (현재 상태: IDLE)
2026-06-09 15:20:58,609 - INFO - [005930] 현재가: 322000, 고가: 324000, 저가: 300000
2026-06-09 15:20:59,706 - ERROR - GET 요청 실패 (VTTC8434R): 500 Server Error: Internal Server Error for url: https://openapivts.koreainvestment.com:29443/uapi/domestic-stock/v1/trading/inquire-balance?CANO=50174003&ACNT_PRDT_CD=01&AFHR_FLPR_YN=N&OFL_YN=&INQR_DVSN=02&UNPR_DVSN=01&FUND_STTL_ICLD_YN=N&FNCG_AMT_AUTO_RDPT_YN=N&PRCS_DVSN=00&CTX_AREA_FK100=&CTX_AREA_NK100=
2026-06-09 15:20:59,706 - ERROR - 상세 에러: {"rt_cd":"1","msg1":"원장에서 허용 가능한 초당 거래건수를 초과하였습니다.","msg_cd":"EGW00201"}
2026-06-09 15:20:59,710 - ERROR - 잔고 조회 실패
2026-06-09 15:21:00,703 - WARNING - 예수금 부족으로 매수 불가 (예수금: 0원, 필요: 320500원)
2026-06-09 15:21:00,704 - INFO - 60초 후 다음 확인을 진행합니다. (현재 상태: IDLE)
2026-06-09 15:22:00,815 - INFO - [005930] 현재가: 322000, 고가: 324000, 저가: 300000
2026-06-09 15:22:02,763 - INFO - 계좌 예수금: 9579172원
2026-06-09 15:22:02,764 - INFO - [005930] 보유: 1주, 매도 가능: 1주, 평단가: 320,500원
2026-06-09 15:22:02,784 - INFO - 미실현 손익: 1,500원 (0.47%), 최고 수익률: 0.47%
2026-06-09 15:22:02,820 - INFO - 매도 조건 충족: 평단가(320,500), 현재가(322,000) -> 목표가(324,000원) (보수적 상향 보정)
2026-06-09 15:22:02,821 - INFO - [SELL] 주문 요청: 005930, 1주, 324000원
2026-06-09 15:22:02,944 - INFO - 주문 성공! 주문번호: 0000044459
2026-06-09 15:22:02,991 - INFO - 60초 후 다음 확인을 진행합니다. (현재 상태: SELLING)
2026-06-09 15:23:03,113 - INFO - [005930] 현재가: 322000, 고가: 324000, 저가: 300000
2026-06-09 15:23:04,284 - INFO - 계좌 예수금: 9579172원
2026-06-09 15:23:04,285 - INFO - [005930] 보유: 1주, 매도 가능: 0주, 평단가: 320,500원
2026-06-09 15:23:04,308 - INFO - 미실현 손익: 1,500원 (0.47%), 최고 수익률: 0.47%
2026-06-09 15:23:04,345 - INFO - 보유 수량(1)에 대해 매도 주문(0000044459)이 진행 중입니다.
2026-06-09 15:23:04,345 - INFO - 60초 후 다음 확인을 진행합니다. (현재 상태: SELLING)
2026-06-09 15:24:04,481 - INFO - [005930] 현재가: 322000, 고가: 324000, 저가: 300000
2026-06-09 15:24:05,590 - ERROR - GET 요청 실패 (VTTC8434R): 500 Server Error: Internal Server Error for url: https://openapivts.koreainvestment.com:29443/uapi/domestic-stock/v1/trading/inquire-balance?CANO=50174003&ACNT_PRDT_CD=01&AFHR_FLPR_YN=N&OFL_YN=&INQR_DVSN=02&UNPR_DVSN=01&FUND_STTL_ICLD_YN=N&FNCG_AMT_AUTO_RDPT_YN=N&PRCS_DVSN=00&CTX_AREA_FK100=&CTX_AREA_NK100=
2026-06-09 15:24:05,591 - ERROR - 상세 에러: {"rt_cd":"1","msg1":"원장에서 허용 가능한 초당 거래건수를 초과하였습니다.","msg_cd":"EGW00201"}
2026-06-09 15:24:05,594 - ERROR - 잔고 조회 실패
2026-06-09 15:24:06,609 - INFO - 매도 주문 완료 확인: 상태를 IDLE로 전환합니다.
2026-06-09 15:24:06,675 - WARNING - 예수금 부족으로 매수 불가 (예수금: 0원, 필요: 320500원)
2026-06-09 15:24:06,676 - INFO - 60초 후 다음 확인을 진행합니다. (현재 상태: IDLE)
2026-06-09 15:25:06,814 - INFO - [005930] 현재가: 322000, 고가: 324000, 저가: 300000
2026-06-09 15:25:08,152 - INFO - 계좌 예수금: 9579172원
2026-06-09 15:25:08,153 - INFO - [005930] 보유: 1주, 매도 가능: 0주, 평단가: 320,500원
2026-06-09 15:25:08,173 - INFO - 미실현 손익: 1,500원 (0.47%), 최고 수익률: 0.47%
2026-06-09 15:25:08,243 - INFO - 보유 수량(1)에 대해 매도 주문(0000044459)이 진행 중입니다.
2026-06-09 15:25:08,243 - INFO - 60초 후 다음 확인을 진행합니다. (현재 상태: SELLING)
2026-06-09 15:26:08,343 - INFO - [005930] 현재가: 322000, 고가: 324000, 저가: 300000
2026-06-09 15:26:09,664 - INFO - 계좌 예수금: 9579172원
2026-06-09 15:26:09,665 - INFO - [005930] 보유: 1주, 매도 가능: 0주, 평단가: 320,500원
2026-06-09 15:26:09,684 - INFO - 미실현 손익: 1,500원 (0.47%), 최고 수익률: 0.47%
2026-06-09 15:26:09,715 - INFO - 보유 수량(1)에 대해 매도 주문(0000044459)이 진행 중입니다.
2026-06-09 15:26:09,715 - INFO - 60초 후 다음 확인을 진행합니다. (현재 상태: SELLING)
2026-06-09 15:27:09,813 - INFO - [005930] 현재가: 322000, 고가: 324000, 저가: 300000
2026-06-09 15:27:13,463 - INFO - 계좌 예수금: 9579172원
2026-06-09 15:27:13,464 - INFO - [005930] 보유: 1주, 매도 가능: 0주, 평단가: 320,500원
2026-06-09 15:27:13,485 - INFO - 미실현 손익: 1,500원 (0.47%), 최고 수익률: 0.47%
2026-06-09 15:27:13,516 - INFO - 보유 수량(1)에 대해 매도 주문(0000044459)이 진행 중입니다.
2026-06-09 15:27:13,517 - INFO - 60초 후 다음 확인을 진행합니다. (현재 상태: SELLING)
2026-06-09 15:28:13,637 - INFO - [005930] 현재가: 322000, 고가: 324000, 저가: 300000
2026-06-09 15:28:14,730 - ERROR - GET 요청 실패 (VTTC8434R): 500 Server Error: Internal Server Error for url: https://openapivts.koreainvestment.com:29443/uapi/domestic-stock/v1/trading/inquire-balance?CANO=50174003&ACNT_PRDT_CD=01&AFHR_FLPR_YN=N&OFL_YN=&INQR_DVSN=02&UNPR_DVSN=01&FUND_STTL_ICLD_YN=N&FNCG_AMT_AUTO_RDPT_YN=N&PRCS_DVSN=00&CTX_AREA_FK100=&CTX_AREA_NK100=
2026-06-09 15:28:14,730 - ERROR - 상세 에러: {"rt_cd":"1","msg1":"원장에서 허용 가능한 초당 거래건수를 초과하였습니다.","msg_cd":"EGW00201"}
2026-06-09 15:28:14,733 - ERROR - 잔고 조회 실패
2026-06-09 15:28:15,752 - ERROR - GET 요청 실패 (FHKST03010100): 500 Server Error: Internal Server Error for url: https://openapivts.koreainvestment.com:29443/uapi/domestic-stock/v1/quotations/inquire-daily-itemchartprice?FID_COND_MRKT_DIV_CODE=J&FID_INPUT_ISCD=005930&FID_PERIOD_DIV_CODE=D&FID_ORG_ADJ_PRC=0
2026-06-09 15:28:15,752 - ERROR - 상세 에러: {"rt_cd":"1","msg1":"초당 거래건수를 초과하였습니다.","msg_cd":"EGW00201","message":"EGW00201"}
2026-06-09 15:28:15,774 - INFO - 매도 주문 완료 확인: 상태를 IDLE로 전환합니다.
2026-06-09 15:28:15,842 - WARNING - 예수금 부족으로 매수 불가 (예수금: 0원, 필요: 320500원)
2026-06-09 15:28:15,842 - INFO - 60초 후 다음 확인을 진행합니다. (현재 상태: IDLE)
2026-06-09 15:29:15,964 - INFO - [005930] 현재가: 322000, 고가: 324000, 저가: 300000
2026-06-09 15:29:17,783 - INFO - 계좌 예수금: 9579172원
2026-06-09 15:29:17,783 - INFO - [005930] 보유: 1주, 매도 가능: 0주, 평단가: 320,500원
2026-06-09 15:29:17,803 - INFO - 미실현 손익: 1,500원 (0.47%), 최고 수익률: 0.47%
2026-06-09 15:29:17,876 - INFO - 보유 수량(1)에 대해 매도 주문(0000044459)이 진행 중입니다.
2026-06-09 15:29:17,876 - INFO - 60초 후 다음 확인을 진행합니다. (현재 상태: SELLING)
2026-06-09 15:30:17,877 - INFO - 현재 시간 15:30:17, 장 종료 시간이 지났습니다. 프로그램을 종료합니다.
2026-06-09 15:30:17,878 - INFO - 프로그램을 종료합니다.
