2026-06-10 09:03:09,764 - INFO - 기존 유효한 토큰을 캐시에서 로드했습니다.
2026-06-10 09:03:09,765 - INFO - 삼성전자 자동매매 프로그램을 시작합니다. (자가 적응형 로직 활성화)
2026-06-10 09:03:09,812 - INFO - 📅 날짜 변경 감지 (2026-06-09 -> 2026-06-10). 세션 데이터를 초기화합니다.
2026-06-10 09:03:09,813 - INFO - 이전 상태 로드 완료: SELLING (목표가: 324000원)
2026-06-10 09:03:09,814 - INFO - 현재 시간 09:03:09, 아직 거래 시간이 아닙니다 (09:10 ~ 15:30). 대기 중...
2026-06-10 09:04:09,815 - INFO - 현재 시간 09:04:09, 아직 거래 시간이 아닙니다 (09:10 ~ 15:30). 대기 중...
2026-06-10 09:05:09,822 - INFO - 현재 시간 09:05:09, 아직 거래 시간이 아닙니다 (09:10 ~ 15:30). 대기 중...
2026-06-10 09:06:09,824 - INFO - 현재 시간 09:06:09, 아직 거래 시간이 아닙니다 (09:10 ~ 15:30). 대기 중...
2026-06-10 09:07:09,826 - INFO - 현재 시간 09:07:09, 아직 거래 시간이 아닙니다 (09:10 ~ 15:30). 대기 중...
2026-06-10 09:08:09,830 - INFO - 현재 시간 09:08:09, 아직 거래 시간이 아닙니다 (09:10 ~ 15:30). 대기 중...
2026-06-10 09:09:09,834 - INFO - 현재 시간 09:09:09, 아직 거래 시간이 아닙니다 (09:10 ~ 15:30). 대기 중...
2026-06-10 09:10:09,843 - INFO - 📅 날짜 변경 감지 (2026-06-09 -> 2026-06-10). 세션 데이터를 초기화합니다.
2026-06-10 09:10:10,325 - INFO - [005930] 현재가: 314500, 고가: 314500, 저가: 309500
2026-06-10 09:10:10,327 - WARNING - ⚠️ 주문 고착 감지: 타임아웃 (64087초 경과). 주문 취소를 시도합니다.
2026-06-10 09:10:10,328 - INFO - [CANCEL] 주문 취소 요청: 005930, 주문번호: 0000044459
2026-06-10 09:10:10,566 - ERROR - 주문 취소 실패: 모의투자 원주문번호가 존재하지 않습니다.
2026-06-10 09:10:10,567 - INFO - 유령 주문 감지 (모의투자 원주문번호가 존재하지 않습니다.). 로컬 상태를 강제 리셋합니다.
2026-06-10 09:10:10,575 - INFO - 📅 날짜 변경 감지 (2026-06-09 -> 2026-06-10). 세션 데이터를 초기화합니다.
2026-06-10 09:10:10,670 - INFO - 상태 전환 완료: HOLDING
2026-06-10 09:10:15,369 - INFO - 계좌 예수금: 9583572원
2026-06-10 09:10:15,370 - INFO - [005930] 보유: 1주, 매도 가능: 1주, 평단가: 320,500원
2026-06-10 09:10:15,418 - INFO - 미실현 손익: -6,000원 (-1.87%), 최고 수익률: 0.00%
2026-06-10 09:10:15,470 - INFO - 매도 조건 충족: 평단가(320,500), 현재가(314,500) -> 목표가(322,500원) (보수적 상향 보정)
2026-06-10 09:10:15,471 - INFO - [SELL] 주문 요청: 005930, 1주, 322500원
2026-06-10 09:10:15,694 - INFO - 주문 성공! 주문번호: 0000004055
2026-06-10 09:10:15,795 - INFO - 60초 후 다음 확인을 진행합니다. (현재 상태: SELLING)
2026-06-10 09:11:18,805 - INFO - [005930] 현재가: 312250, 고가: 314500, 저가: 309500
2026-06-10 09:11:18,807 - WARNING - ⚠️ 주문 고착 감지: 가격 이탈 (현재가:312,250, 목표가:322,500, 차이:10,250). 주문 취소를 시도합니다.
2026-06-10 09:11:18,808 - INFO - [CANCEL] 주문 취소 요청: 005930, 주문번호: 0000004055
2026-06-10 09:11:21,485 - INFO - 주문 취소 성공! (원주문: 0000004055)
2026-06-10 09:11:21,601 - INFO - 상태 전환 완료: HOLDING
2026-06-10 09:11:28,586 - INFO - 계좌 예수금: 9583572원
2026-06-10 09:11:28,587 - INFO - [005930] 보유: 1주, 매도 가능: 1주, 평단가: 320,500원
2026-06-10 09:11:28,642 - INFO - 미실현 손익: -8,250원 (-2.57%), 최고 수익률: 0.00%
2026-06-10 09:11:28,758 - INFO - 자가 최적화 기록 완료: C:\Users\witpo\OneDrive\바탕 화면\YONSEI\26-1\ECO4126 인공지능과금융공학\open-trading-api\self_optimization_history
2026-06-10 09:11:28,760 - INFO - 매도 조건 충족: 평단가(320,500), 현재가(312,250) -> 목표가(322,500원) (보수적 상향 보정)
2026-06-10 09:11:28,760 - INFO - [SELL] 주문 요청: 005930, 1주, 322500원
2026-06-10 09:11:29,047 - INFO - 주문 성공! 주문번호: 0000004338
2026-06-10 09:11:29,221 - INFO - 60초 후 다음 확인을 진행합니다. (현재 상태: SELLING)
2026-06-10 09:12:29,505 - INFO - [005930] 현재가: 312500, 고가: 314500, 저가: 309500
2026-06-10 09:12:29,506 - WARNING - ⚠️ 주문 고착 감지: 가격 이탈 (현재가:312,500, 목표가:322,500, 차이:10,000). 주문 취소를 시도합니다.
2026-06-10 09:12:29,507 - INFO - [CANCEL] 주문 취소 요청: 005930, 주문번호: 0000004338
2026-06-10 09:12:29,978 - ERROR - POST 요청 실패 (VTTC0013U): 500 Server Error: Internal Server Error for url: https://openapivts.koreainvestment.com:29443/uapi/domestic-stock/v1/trading/order-rvsecncl
2026-06-10 09:12:29,980 - ERROR - 상세 에러: {"rt_cd":"1","msg1":"초당 거래건수를 초과하였습니다.","msg_cd":"EGW00201","message":"EGW00201"}
2026-06-10 09:12:29,987 - ERROR - 주문 취소 실패: 응답 없음
2026-06-10 09:12:29,988 - ERROR - 주문 취소 실패. 다음 루프에서 재시도합니다.
2026-06-10 09:12:34,056 - INFO - 계좌 예수금: 9583572원
2026-06-10 09:12:34,057 - INFO - [005930] 보유: 1주, 매도 가능: 0주, 평단가: 320,500원
2026-06-10 09:12:34,113 - INFO - 미실현 손익: -8,000원 (-2.50%), 최고 수익률: 0.00%
2026-06-10 09:12:34,175 - INFO - 보유 수량(1)에 대해 매도 주문(0000004338)이 진행 중입니다.
2026-06-10 09:12:34,176 - INFO - 60초 후 다음 확인을 진행합니다. (현재 상태: SELLING)
2026-06-10 09:13:34,475 - INFO - [005930] 현재가: 311500, 고가: 314500, 저가: 309500
2026-06-10 09:13:34,475 - WARNING - ⚠️ 주문 고착 감지: 가격 이탈 (현재가:311,500, 목표가:322,500, 차이:11,000). 주문 취소를 시도합니다.
2026-06-10 09:13:34,476 - INFO - [CANCEL] 주문 취소 요청: 005930, 주문번호: 0000004338
2026-06-10 09:13:34,887 - ERROR - POST 요청 실패 (VTTC0013U): 500 Server Error: Internal Server Error for url: https://openapivts.koreainvestment.com:29443/uapi/domestic-stock/v1/trading/order-rvsecncl
2026-06-10 09:13:34,888 - ERROR - 상세 에러: {"rt_cd":"1","msg1":"초당 거래건수를 초과하였습니다.","msg_cd":"EGW00201","message":"EGW00201"}
2026-06-10 09:13:34,892 - ERROR - 주문 취소 실패: 응답 없음
2026-06-10 09:13:34,893 - ERROR - 주문 취소 실패. 다음 루프에서 재시도합니다.
2026-06-10 09:13:38,327 - INFO - 계좌 예수금: 9583572원
2026-06-10 09:13:38,328 - INFO - [005930] 보유: 1주, 매도 가능: 0주, 평단가: 320,500원
2026-06-10 09:13:38,378 - INFO - 미실현 손익: -9,000원 (-2.81%), 최고 수익률: 0.00%
2026-06-10 09:13:38,436 - INFO - 보유 수량(1)에 대해 매도 주문(0000004338)이 진행 중입니다.
2026-06-10 09:13:38,437 - INFO - 60초 후 다음 확인을 진행합니다. (현재 상태: SELLING)
2026-06-10 09:14:38,548 - INFO - [005930] 현재가: 311500, 고가: 314500, 저가: 309500
2026-06-10 09:14:38,548 - WARNING - ⚠️ 주문 고착 감지: 가격 이탈 (현재가:311,500, 목표가:322,500, 차이:11,000). 주문 취소를 시도합니다.
2026-06-10 09:14:38,549 - INFO - [CANCEL] 주문 취소 요청: 005930, 주문번호: 0000004338
2026-06-10 09:14:39,114 - ERROR - POST 요청 실패 (VTTC0013U): 500 Server Error: Internal Server Error for url: https://openapivts.koreainvestment.com:29443/uapi/domestic-stock/v1/trading/order-rvsecncl
2026-06-10 09:14:39,115 - ERROR - 상세 에러: {"rt_cd":"1","msg1":"초당 거래건수를 초과하였습니다.","msg_cd":"EGW00201","message":"EGW00201"}
2026-06-10 09:14:39,121 - ERROR - 주문 취소 실패: 응답 없음
2026-06-10 09:14:39,122 - ERROR - 주문 취소 실패. 다음 루프에서 재시도합니다.
2026-06-10 09:14:42,577 - INFO - 계좌 예수금: 9583572원
2026-06-10 09:14:42,578 - INFO - [005930] 보유: 1주, 매도 가능: 0주, 평단가: 320,500원
2026-06-10 09:14:42,620 - INFO - 미실현 손익: -9,000원 (-2.81%), 최고 수익률: 0.00%
2026-06-10 09:14:42,671 - INFO - 보유 수량(1)에 대해 매도 주문(0000004338)이 진행 중입니다.
2026-06-10 09:14:42,673 - INFO - 60초 후 다음 확인을 진행합니다. (현재 상태: SELLING)
2026-06-10 09:15:42,830 - INFO - [005930] 현재가: 312000, 고가: 314500, 저가: 309500
2026-06-10 09:15:42,831 - WARNING - ⚠️ 주문 고착 감지: 가격 이탈 (현재가:312,000, 목표가:322,500, 차이:10,500). 주문 취소를 시도합니다.
2026-06-10 09:15:42,832 - INFO - [CANCEL] 주문 취소 요청: 005930, 주문번호: 0000004338
2026-06-10 09:15:43,294 - ERROR - POST 요청 실패 (VTTC0013U): 500 Server Error: Internal Server Error for url: https://openapivts.koreainvestment.com:29443/uapi/domestic-stock/v1/trading/order-rvsecncl
2026-06-10 09:15:43,296 - ERROR - 상세 에러: {"rt_cd":"1","msg1":"초당 거래건수를 초과하였습니다.","msg_cd":"EGW00201","message":"EGW00201"}
2026-06-10 09:15:43,300 - ERROR - 주문 취소 실패: 응답 없음
2026-06-10 09:15:43,301 - ERROR - 주문 취소 실패. 다음 루프에서 재시도합니다.
2026-06-10 09:15:47,306 - INFO - 계좌 예수금: 9583572원
2026-06-10 09:15:47,307 - INFO - [005930] 보유: 1주, 매도 가능: 0주, 평단가: 320,500원
2026-06-10 09:15:47,349 - INFO - 미실현 손익: -8,500원 (-2.65%), 최고 수익률: 0.00%
2026-06-10 09:15:47,388 - INFO - 보유 수량(1)에 대해 매도 주문(0000004338)이 진행 중입니다.
2026-06-10 09:15:47,389 - INFO - 60초 후 다음 확인을 진행합니다. (현재 상태: SELLING)
2026-06-10 09:16:48,595 - INFO - [005930] 현재가: 311000, 고가: 314500, 저가: 309500
2026-06-10 09:16:48,596 - WARNING - ⚠️ 주문 고착 감지: 가격 이탈 (현재가:311,000, 목표가:322,500, 차이:11,500). 주문 취소를 시도합니다.
2026-06-10 09:16:48,597 - INFO - [CANCEL] 주문 취소 요청: 005930, 주문번호: 0000004338
2026-06-10 09:16:49,568 - INFO - 주문 취소 성공! (원주문: 0000004338)
2026-06-10 09:16:49,636 - INFO - 상태 전환 완료: HOLDING
2026-06-10 09:16:53,830 - INFO - 계좌 예수금: 9583572원
2026-06-10 09:16:53,831 - INFO - [005930] 보유: 1주, 매도 가능: 1주, 평단가: 320,500원
2026-06-10 09:16:53,870 - INFO - 미실현 손익: -9,500원 (-2.96%), 최고 수익률: 0.00%
2026-06-10 09:16:53,928 - INFO - 매도 조건 충족: 평단가(320,500), 현재가(311,000) -> 목표가(323,000원) (보수적 상향 보정)
2026-06-10 09:16:53,929 - INFO - [SELL] 주문 요청: 005930, 1주, 323000원
2026-06-10 09:16:54,158 - INFO - 주문 성공! 주문번호: 0000005241
2026-06-10 09:16:54,262 - INFO - 60초 후 다음 확인을 진행합니다. (현재 상태: SELLING)
2026-06-10 09:17:54,531 - INFO - [005930] 현재가: 311500, 고가: 314500, 저가: 309500
2026-06-10 09:17:54,532 - WARNING - ⚠️ 주문 고착 감지: 가격 이탈 (현재가:311,500, 목표가:323,000, 차이:11,500). 주문 취소를 시도합니다.
2026-06-10 09:17:54,534 - INFO - [CANCEL] 주문 취소 요청: 005930, 주문번호: 0000005241
2026-06-10 09:17:54,996 - ERROR - POST 요청 실패 (VTTC0013U): 500 Server Error: Internal Server Error for url: https://openapivts.koreainvestment.com:29443/uapi/domestic-stock/v1/trading/order-rvsecncl
2026-06-10 09:17:54,997 - ERROR - 상세 에러: {"rt_cd":"1","msg1":"초당 거래건수를 초과하였습니다.","msg_cd":"EGW00201","message":"EGW00201"}
2026-06-10 09:17:55,010 - ERROR - 주문 취소 실패: 응답 없음
2026-06-10 09:17:55,014 - ERROR - 주문 취소 실패. 다음 루프에서 재시도합니다.
2026-06-10 09:17:59,136 - INFO - 계좌 예수금: 9583572원
2026-06-10 09:17:59,138 - INFO - [005930] 보유: 1주, 매도 가능: 0주, 평단가: 320,500원
2026-06-10 09:17:59,199 - INFO - 미실현 손익: -9,000원 (-2.81%), 최고 수익률: 0.00%
2026-06-10 09:17:59,260 - INFO - 보유 수량(1)에 대해 매도 주문(0000005241)이 진행 중입니다.
2026-06-10 09:17:59,261 - INFO - 60초 후 다음 확인을 진행합니다. (현재 상태: SELLING)
2026-06-10 09:18:59,412 - INFO - [005930] 현재가: 310500, 고가: 314500, 저가: 309500
2026-06-10 09:18:59,413 - WARNING - ⚠️ 주문 고착 감지: 가격 이탈 (현재가:310,500, 목표가:323,000, 차이:12,500). 주문 취소를 시도합니다.
2026-06-10 09:18:59,413 - INFO - [CANCEL] 주문 취소 요청: 005930, 주문번호: 0000005241
2026-06-10 09:18:59,899 - INFO - 주문 취소 성공! (원주문: 0000005241)
2026-06-10 09:18:59,978 - INFO - 상태 전환 완료: HOLDING
2026-06-10 09:19:05,013 - INFO - 계좌 예수금: 9583572원
2026-06-10 09:19:05,014 - INFO - [005930] 보유: 1주, 매도 가능: 1주, 평단가: 320,500원
2026-06-10 09:19:05,057 - INFO - 미실현 손익: -10,000원 (-3.12%), 최고 수익률: 0.00%
2026-06-10 09:19:05,058 - WARNING - 🚨 하드 손절 조건 충족 (-3.12%). 즉시 매도 프로세스 진입.
2026-06-10 09:19:05,115 - INFO - 🔥 손절(STOP_LOSS) 실행: 현재가 근처(310,500원)로 즉시 매도 주문 (공격적 하향 보정)
2026-06-10 09:19:05,116 - INFO - [SELL] 주문 요청: 005930, 1주, 310500원
2026-06-10 09:19:05,370 - INFO - 주문 성공! 주문번호: 0000005624
2026-06-10 09:19:05,456 - INFO - 60초 후 다음 확인을 진행합니다. (현재 상태: SELLING)
2026-06-10 09:20:07,689 - INFO - [005930] 현재가: 310500, 고가: 314500, 저가: 309500
2026-06-10 09:20:14,140 - INFO - 계좌 예수금: 9583572원
2026-06-10 09:20:16,741 - INFO - 매도 주문 완료 확인: 상태를 IDLE로 전환합니다.
2026-06-10 09:20:16,874 - INFO - 매수 조건 충족: 현재가(310500) - 오프셋(2500+0) = 308000원 (보수적 하향 보정)
2026-06-10 09:20:16,875 - INFO - [BUY] 주문 요청: 005930, 1주, 308000원
2026-06-10 09:20:17,145 - ERROR - POST 요청 실패 (VTTC0012U): 500 Server Error: Internal Server Error for url: https://openapivts.koreainvestment.com:29443/uapi/domestic-stock/v1/trading/order-cash
2026-06-10 09:20:17,146 - ERROR - 상세 에러: {"rt_cd":"1","msg1":"초당 거래건수를 초과하였습니다.","msg_cd":"EGW00201","message":"EGW00201"}
2026-06-10 09:20:17,151 - ERROR - 주문 실패: 응답 없음
2026-06-10 09:20:17,152 - INFO - 60초 후 다음 확인을 진행합니다. (현재 상태: IDLE)
2026-06-10 09:21:19,066 - INFO - [005930] 현재가: 309500, 고가: 314500, 저가: 309000
2026-06-10 09:21:24,701 - INFO - 계좌 예수금: 9583572원
2026-06-10 09:21:26,335 - INFO - 매수 조건 충족: 현재가(309500) - 오프셋(2500+0) = 307000원 (보수적 하향 보정)
2026-06-10 09:21:26,336 - INFO - [BUY] 주문 요청: 005930, 1주, 307000원
2026-06-10 09:21:26,535 - INFO - 주문 성공! 주문번호: 0000006005
2026-06-10 09:21:26,602 - INFO - 60초 후 다음 확인을 진행합니다. (현재 상태: BUYING)
2026-06-10 09:22:26,816 - INFO - [005930] 현재가: 311000, 고가: 314500, 저가: 309000
2026-06-10 09:22:26,817 - WARNING - ⚠️ 주문 고착 감지: 가격 이탈 (현재가:311,000, 목표가:307,000, 차이:4,000). 주문 취소를 시도합니다.
2026-06-10 09:22:26,818 - INFO - [CANCEL] 주문 취소 요청: 005930, 주문번호: 0000006005
2026-06-10 09:22:28,352 - INFO - 주문 취소 성공! (원주문: 0000006005)
2026-06-10 09:22:28,460 - INFO - 상태 전환 완료: IDLE
2026-06-10 09:22:34,332 - INFO - 계좌 예수금: 9583572원
2026-06-10 09:22:36,770 - INFO - 매수 조건 충족: 현재가(311000) - 오프셋(2500+0) = 308500원 (보수적 하향 보정)
2026-06-10 09:22:36,771 - INFO - [BUY] 주문 요청: 005930, 1주, 308500원
2026-06-10 09:22:37,005 - INFO - 주문 성공! 주문번호: 0000006214
2026-06-10 09:22:37,105 - INFO - 60초 후 다음 확인을 진행합니다. (현재 상태: BUYING)
2026-06-10 09:23:37,344 - INFO - [005930] 현재가: 312000, 고가: 314500, 저가: 309000
2026-06-10 09:23:37,345 - WARNING - ⚠️ 주문 고착 감지: 가격 이탈 (현재가:312,000, 목표가:308,500, 차이:3,500). 주문 취소를 시도합니다.
2026-06-10 09:23:37,346 - INFO - [CANCEL] 주문 취소 요청: 005930, 주문번호: 0000006214
2026-06-10 09:23:37,835 - INFO - 주문 취소 성공! (원주문: 0000006214)
2026-06-10 09:23:37,957 - INFO - 상태 전환 완료: IDLE
2026-06-10 09:23:42,604 - INFO - 계좌 예수금: 9583572원
2026-06-10 09:23:43,391 - ERROR - GET 요청 실패 (FHKST03010100): 500 Server Error: Internal Server Error for url: https://openapivts.koreainvestment.com:29443/uapi/domestic-stock/v1/quotations/inquire-daily-itemchartprice?FID_COND_MRKT_DIV_CODE=J&FID_INPUT_ISCD=005930&FID_PERIOD_DIV_CODE=D&FID_ORG_ADJ_PRC=0
2026-06-10 09:23:43,392 - ERROR - 상세 에러: {"rt_cd":"1","msg1":"초당 거래건수를 초과하였습니다.","msg_cd":"EGW00201","message":"EGW00201"}
2026-06-10 09:23:43,398 - INFO - 매수 조건 충족: 현재가(312000) - 오프셋(2500+0) = 309500원 (보수적 하향 보정)
2026-06-10 09:23:43,399 - INFO - [BUY] 주문 요청: 005930, 1주, 309500원
2026-06-10 09:23:43,963 - INFO - 주문 성공! 주문번호: 0000006359
2026-06-10 09:23:44,062 - INFO - 60초 후 다음 확인을 진행합니다. (현재 상태: BUYING)
2026-06-10 09:24:44,794 - INFO - [005930] 현재가: 311500, 고가: 314500, 저가: 309000
2026-06-10 09:24:50,017 - INFO - 계좌 예수금: 9583572원
2026-06-10 09:24:51,143 - INFO - 이미 매수 주문(0000006359)이 진행 중입니다. 체결을 기다립니다.
2026-06-10 09:24:51,143 - INFO - 60초 후 다음 확인을 진행합니다. (현재 상태: BUYING)
2026-06-10 09:25:51,268 - INFO - [005930] 현재가: 311000, 고가: 314500, 저가: 309000
2026-06-10 09:25:56,889 - INFO - 계좌 예수금: 9583572원
2026-06-10 09:25:58,731 - INFO - 이미 매수 주문(0000006359)이 진행 중입니다. 체결을 기다립니다.
2026-06-10 09:25:58,732 - INFO - 60초 후 다음 확인을 진행합니다. (현재 상태: BUYING)
2026-06-10 09:26:58,827 - INFO - [005930] 현재가: 311000, 고가: 314500, 저가: 309000
2026-06-10 09:27:02,385 - INFO - 계좌 예수금: 9583572원
2026-06-10 09:27:03,347 - ERROR - GET 요청 실패 (FHKST03010100): 500 Server Error: Internal Server Error for url: https://openapivts.koreainvestment.com:29443/uapi/domestic-stock/v1/quotations/inquire-daily-itemchartprice?FID_COND_MRKT_DIV_CODE=J&FID_INPUT_ISCD=005930&FID_PERIOD_DIV_CODE=D&FID_ORG_ADJ_PRC=0
2026-06-10 09:27:03,348 - ERROR - 상세 에러: {"rt_cd":"1","msg1":"초당 거래건수를 초과하였습니다.","msg_cd":"EGW00201","message":"EGW00201"}
2026-06-10 09:27:03,351 - INFO - 이미 매수 주문(0000006359)이 진행 중입니다. 체결을 기다립니다.
2026-06-10 09:27:03,351 - INFO - 60초 후 다음 확인을 진행합니다. (현재 상태: BUYING)
2026-06-10 09:28:05,099 - INFO - [005930] 현재가: 311000, 고가: 314500, 저가: 309000
2026-06-10 09:28:12,070 - INFO - 계좌 예수금: 9583572원
2026-06-10 09:28:14,009 - INFO - 이미 매수 주문(0000006359)이 진행 중입니다. 체결을 기다립니다.
2026-06-10 09:28:14,010 - INFO - 60초 후 다음 확인을 진행합니다. (현재 상태: BUYING)
2026-06-10 09:29:14,157 - INFO - [005930] 현재가: 311000, 고가: 314500, 저가: 309000
2026-06-10 09:29:22,158 - INFO - 계좌 예수금: 9583572원
2026-06-10 09:29:22,849 - INFO - 이미 매수 주문(0000006359)이 진행 중입니다. 체결을 기다립니다.
2026-06-10 09:29:22,850 - INFO - 60초 후 다음 확인을 진행합니다. (현재 상태: BUYING)
2026-06-10 09:30:24,374 - INFO - [005930] 현재가: 310500, 고가: 314500, 저가: 309000
2026-06-10 09:30:31,439 - INFO - 계좌 예수금: 9583572원
2026-06-10 09:30:36,561 - INFO - 이미 매수 주문(0000006359)이 진행 중입니다. 체결을 기다립니다.
2026-06-10 09:30:36,562 - INFO - 60초 후 다음 확인을 진행합니다. (현재 상태: BUYING)
2026-06-10 09:31:39,136 - INFO - [005930] 현재가: 310000, 고가: 314500, 저가: 309000
2026-06-10 09:31:45,481 - INFO - 계좌 예수금: 9583572원
2026-06-10 09:31:45,482 - INFO - [005930] 보유: 1주, 매도 가능: 1주, 평단가: 309,500원
2026-06-10 09:31:45,520 - INFO - 미실현 손익: 500원 (0.16%), 최고 수익률: 0.16%
2026-06-10 09:31:45,584 - INFO - 자가 최적화 기록 완료: C:\Users\witpo\OneDrive\바탕 화면\YONSEI\26-1\ECO4126 인공지능과금융공학\open-trading-api\self_optimization_history
2026-06-10 09:31:45,585 - INFO - 매수 체결 확인 (평단가: 309,500원). 히스토리에 기록합니다.
2026-06-10 09:31:45,665 - INFO - 매도 조건 충족: 평단가(309,500), 현재가(310,000) -> 목표가(312,500원) (보수적 상향 보정)
2026-06-10 09:31:45,666 - INFO - [SELL] 주문 요청: 005930, 1주, 312500원
2026-06-10 09:31:45,823 - INFO - 주문 성공! 주문번호: 0000007705
2026-06-10 09:31:45,880 - INFO - 60초 후 다음 확인을 진행합니다. (현재 상태: SELLING)
2026-06-10 09:32:46,025 - INFO - [005930] 현재가: 308500, 고가: 314500, 저가: 308000
2026-06-10 09:32:46,026 - WARNING - ⚠️ 주문 고착 감지: 가격 이탈 (현재가:308,500, 목표가:312,500, 차이:4,000). 주문 취소를 시도합니다.
2026-06-10 09:32:46,026 - INFO - [CANCEL] 주문 취소 요청: 005930, 주문번호: 0000007705
2026-06-10 09:32:47,332 - INFO - 주문 취소 성공! (원주문: 0000007705)
2026-06-10 09:32:47,399 - INFO - 상태 전환 완료: HOLDING
2026-06-10 09:32:51,401 - INFO - 계좌 예수금: 9583572원
2026-06-10 09:32:51,403 - INFO - [005930] 보유: 1주, 매도 가능: 1주, 평단가: 309,500원
2026-06-10 09:32:51,456 - INFO - 미실현 손익: -1,000원 (-0.32%), 최고 수익률: 0.16%
2026-06-10 09:32:51,513 - INFO - 매도 조건 충족: 평단가(309,500), 현재가(308,500) -> 목표가(311,500원) (보수적 상향 보정)
2026-06-10 09:32:51,514 - INFO - [SELL] 주문 요청: 005930, 1주, 311500원
2026-06-10 09:32:51,729 - INFO - 주문 성공! 주문번호: 0000007962
2026-06-10 09:32:51,823 - INFO - 60초 후 다음 확인을 진행합니다. (현재 상태: SELLING)
2026-06-10 09:33:51,949 - INFO - [005930] 현재가: 308000, 고가: 314500, 저가: 307500
2026-06-10 09:33:51,949 - WARNING - ⚠️ 주문 고착 감지: 가격 이탈 (현재가:308,000, 목표가:311,500, 차이:3,500). 주문 취소를 시도합니다.
2026-06-10 09:33:51,950 - INFO - [CANCEL] 주문 취소 요청: 005930, 주문번호: 0000007962
2026-06-10 09:33:53,286 - INFO - 주문 취소 성공! (원주문: 0000007962)
2026-06-10 09:33:53,387 - INFO - 상태 전환 완료: HOLDING
2026-06-10 09:33:57,999 - INFO - 계좌 예수금: 9583572원
2026-06-10 09:33:58,000 - INFO - [005930] 보유: 1주, 매도 가능: 1주, 평단가: 309,500원
2026-06-10 09:33:58,042 - INFO - 미실현 손익: -1,500원 (-0.48%), 최고 수익률: 0.16%
2026-06-10 09:33:58,083 - INFO - 매도 조건 충족: 평단가(309,500), 현재가(308,000) -> 목표가(311,500원) (보수적 상향 보정)
2026-06-10 09:33:58,084 - INFO - [SELL] 주문 요청: 005930, 1주, 311500원
2026-06-10 09:33:58,276 - INFO - 주문 성공! 주문번호: 0000008226
2026-06-10 09:33:58,346 - INFO - 60초 후 다음 확인을 진행합니다. (현재 상태: SELLING)
2026-06-10 09:34:58,426 - INFO - [005930] 현재가: 308500, 고가: 314500, 저가: 307500
2026-06-10 09:34:58,427 - WARNING - ⚠️ 주문 고착 감지: 가격 이탈 (현재가:308,500, 목표가:311,500, 차이:3,000). 주문 취소를 시도합니다.
2026-06-10 09:34:58,427 - INFO - [CANCEL] 주문 취소 요청: 005930, 주문번호: 0000008226
2026-06-10 09:35:00,071 - INFO - 주문 취소 성공! (원주문: 0000008226)
2026-06-10 09:35:00,096 - INFO - 상태 전환 완료: HOLDING
2026-06-10 09:35:01,171 - ERROR - GET 요청 실패 (VTTC8434R): 500 Server Error: Internal Server Error for url: https://openapivts.koreainvestment.com:29443/uapi/domestic-stock/v1/trading/inquire-balance?CANO=50174003&ACNT_PRDT_CD=01&AFHR_FLPR_YN=N&OFL_YN=&INQR_DVSN=02&UNPR_DVSN=01&FUND_STTL_ICLD_YN=N&FNCG_AMT_AUTO_RDPT_YN=N&PRCS_DVSN=00&CTX_AREA_FK100=&CTX_AREA_NK100=
2026-06-10 09:35:01,172 - ERROR - 상세 에러: {"rt_cd":"1","msg1":"원장에서 허용 가능한 초당 거래건수를 초과하였습니다.","msg_cd":"EGW00201"}
2026-06-10 09:35:01,173 - ERROR - 잔고 조회 실패
2026-06-10 09:35:02,165 - ERROR - GET 요청 실패 (FHKST03010100): 500 Server Error: Internal Server Error for url: https://openapivts.koreainvestment.com:29443/uapi/domestic-stock/v1/quotations/inquire-daily-itemchartprice?FID_COND_MRKT_DIV_CODE=J&FID_INPUT_ISCD=005930&FID_PERIOD_DIV_CODE=D&FID_ORG_ADJ_PRC=0
2026-06-10 09:35:02,166 - ERROR - 상세 에러: {"rt_cd":"1","msg1":"초당 거래건수를 초과하였습니다.","msg_cd":"EGW00201","message":"EGW00201"}
2026-06-10 09:35:02,211 - WARNING - 예수금 부족으로 매수 불가 (예수금: 0원, 필요: 307000원)
2026-06-10 09:35:02,211 - INFO - 60초 후 다음 확인을 진행합니다. (현재 상태: IDLE)
2026-06-10 09:36:06,933 - INFO - [005930] 현재가: 308500, 고가: 314500, 저가: 307500
2026-06-10 09:36:10,287 - INFO - 계좌 예수금: 9583572원
2026-06-10 09:36:10,287 - INFO - [005930] 보유: 1주, 매도 가능: 1주, 평단가: 309,500원
2026-06-10 09:36:10,301 - INFO - 미실현 손익: -1,000원 (-0.32%), 최고 수익률: 0.00%
2026-06-10 09:36:10,315 - INFO - 매도 조건 충족: 평단가(309,500), 현재가(308,500) -> 목표가(311,500원) (보수적 상향 보정)
2026-06-10 09:36:10,315 - INFO - [SELL] 주문 요청: 005930, 1주, 311500원
2026-06-10 09:36:15,005 - INFO - 주문 성공! 주문번호: 0000008643
2026-06-10 09:36:15,036 - INFO - 60초 후 다음 확인을 진행합니다. (현재 상태: SELLING)
2026-06-10 09:37:15,415 - INFO - [005930] 현재가: 307750, 고가: 314500, 저가: 307500
2026-06-10 09:37:15,415 - WARNING - ⚠️ 주문 고착 감지: 가격 이탈 (현재가:307,750, 목표가:311,500, 차이:3,750). 주문 취소를 시도합니다.
2026-06-10 09:37:15,415 - INFO - [CANCEL] 주문 취소 요청: 005930, 주문번호: 0000008643
2026-06-10 09:37:18,299 - INFO - 주문 취소 성공! (원주문: 0000008643)
2026-06-10 09:37:18,324 - INFO - 상태 전환 완료: HOLDING
2026-06-10 09:37:21,996 - INFO - 계좌 예수금: 9583572원
2026-06-10 09:37:21,996 - INFO - [005930] 보유: 1주, 매도 가능: 1주, 평단가: 309,500원
2026-06-10 09:37:22,009 - INFO - 미실현 손익: -1,750원 (-0.57%), 최고 수익률: 0.00%
2026-06-10 09:37:22,023 - INFO - 매도 조건 충족: 평단가(309,500), 현재가(307,750) -> 목표가(311,500원) (보수적 상향 보정)
2026-06-10 09:37:22,024 - INFO - [SELL] 주문 요청: 005930, 1주, 311500원
2026-06-10 09:37:22,135 - INFO - 주문 성공! 주문번호: 0000008838
2026-06-10 09:37:22,162 - INFO - 60초 후 다음 확인을 진행합니다. (현재 상태: SELLING)
2026-06-10 09:38:24,089 - INFO - [005930] 현재가: 308500, 고가: 314500, 저가: 307000
2026-06-10 09:38:24,090 - WARNING - ⚠️ 주문 고착 감지: 가격 이탈 (현재가:308,500, 목표가:311,500, 차이:3,000). 주문 취소를 시도합니다.
2026-06-10 09:38:24,090 - INFO - [CANCEL] 주문 취소 요청: 005930, 주문번호: 0000008838
2026-06-10 09:38:24,192 - INFO - 주문 취소 성공! (원주문: 0000008838)
2026-06-10 09:38:24,217 - INFO - 상태 전환 완료: HOLDING
2026-06-10 09:38:31,734 - INFO - 계좌 예수금: 9583572원
2026-06-10 09:38:31,734 - INFO - [005930] 보유: 1주, 매도 가능: 1주, 평단가: 309,500원
2026-06-10 09:38:31,746 - INFO - 미실현 손익: -1,000원 (-0.32%), 최고 수익률: 0.00%
2026-06-10 09:38:31,762 - INFO - 매도 조건 충족: 평단가(309,500), 현재가(308,500) -> 목표가(311,500원) (보수적 상향 보정)
2026-06-10 09:38:31,763 - INFO - [SELL] 주문 요청: 005930, 1주, 311500원
2026-06-10 09:38:33,881 - INFO - 주문 성공! 주문번호: 0000009055
2026-06-10 09:38:33,909 - INFO - 60초 후 다음 확인을 진행합니다. (현재 상태: SELLING)
2026-06-10 09:39:35,206 - INFO - [005930] 현재가: 308000, 고가: 314500, 저가: 307000
2026-06-10 09:39:35,207 - WARNING - ⚠️ 주문 고착 감지: 가격 이탈 (현재가:308,000, 목표가:311,500, 차이:3,500). 주문 취소를 시도합니다.
2026-06-10 09:39:35,207 - INFO - [CANCEL] 주문 취소 요청: 005930, 주문번호: 0000009055
2026-06-10 09:39:35,311 - INFO - 주문 취소 성공! (원주문: 0000009055)
2026-06-10 09:39:35,339 - INFO - 상태 전환 완료: HOLDING
2026-06-10 09:39:41,814 - INFO - 계좌 예수금: 9583572원
2026-06-10 09:39:41,815 - INFO - [005930] 보유: 1주, 매도 가능: 1주, 평단가: 309,500원
2026-06-10 09:39:41,825 - INFO - 미실현 손익: -1,500원 (-0.48%), 최고 수익률: 0.00%
2026-06-10 09:39:41,842 - INFO - 매도 조건 충족: 평단가(309,500), 현재가(308,000) -> 목표가(311,500원) (보수적 상향 보정)
2026-06-10 09:39:41,842 - INFO - [SELL] 주문 요청: 005930, 1주, 311500원
2026-06-10 09:39:43,018 - INFO - 주문 성공! 주문번호: 0000009200
2026-06-10 09:39:43,045 - INFO - 60초 후 다음 확인을 진행합니다. (현재 상태: SELLING)
2026-06-10 09:40:46,397 - INFO - [005930] 현재가: 308000, 고가: 314500, 저가: 307000
2026-06-10 09:40:46,398 - WARNING - ⚠️ 주문 고착 감지: 가격 이탈 (현재가:308,000, 목표가:311,500, 차이:3,500). 주문 취소를 시도합니다.
2026-06-10 09:40:46,398 - INFO - [CANCEL] 주문 취소 요청: 005930, 주문번호: 0000009200
2026-06-10 09:40:46,521 - INFO - 주문 취소 성공! (원주문: 0000009200)
2026-06-10 09:40:46,548 - INFO - 상태 전환 완료: HOLDING
2026-06-10 09:40:54,984 - INFO - 계좌 예수금: 9583572원
2026-06-10 09:40:54,984 - INFO - [005930] 보유: 1주, 매도 가능: 1주, 평단가: 309,500원
2026-06-10 09:40:54,995 - INFO - 미실현 손익: -1,500원 (-0.48%), 최고 수익률: 0.00%
2026-06-10 09:40:55,014 - INFO - 매도 조건 충족: 평단가(309,500), 현재가(308,000) -> 목표가(311,500원) (보수적 상향 보정)
2026-06-10 09:40:55,014 - INFO - [SELL] 주문 요청: 005930, 1주, 311500원
2026-06-10 09:40:55,173 - INFO - 주문 성공! 주문번호: 0000009350
2026-06-10 09:40:55,196 - INFO - 60초 후 다음 확인을 진행합니다. (현재 상태: SELLING)
2026-06-10 09:41:55,278 - INFO - [005930] 현재가: 307500, 고가: 314500, 저가: 307000
2026-06-10 09:41:55,278 - WARNING - ⚠️ 주문 고착 감지: 가격 이탈 (현재가:307,500, 목표가:311,500, 차이:4,000). 주문 취소를 시도합니다.
2026-06-10 09:41:55,279 - INFO - [CANCEL] 주문 취소 요청: 005930, 주문번호: 0000009350
2026-06-10 09:41:55,904 - INFO - 주문 취소 성공! (원주문: 0000009350)
2026-06-10 09:41:55,934 - INFO - 상태 전환 완료: HOLDING
2026-06-10 09:42:00,109 - INFO - 계좌 예수금: 9583572원
2026-06-10 09:42:00,109 - INFO - [005930] 보유: 1주, 매도 가능: 1주, 평단가: 309,500원
2026-06-10 09:42:00,122 - INFO - 미실현 손익: -2,000원 (-0.65%), 최고 수익률: 0.00%
2026-06-10 09:42:00,137 - INFO - 매도 조건 충족: 평단가(309,500), 현재가(307,500) -> 목표가(311,500원) (보수적 상향 보정)
2026-06-10 09:42:00,137 - INFO - [SELL] 주문 요청: 005930, 1주, 311500원
2026-06-10 09:42:00,260 - INFO - 주문 성공! 주문번호: 0000009533
2026-06-10 09:42:00,286 - INFO - 60초 후 다음 확인을 진행합니다. (현재 상태: SELLING)
2026-06-10 09:43:00,469 - INFO - [005930] 현재가: 306500, 고가: 314500, 저가: 306500
2026-06-10 09:43:00,469 - WARNING - ⚠️ 주문 고착 감지: 가격 이탈 (현재가:306,500, 목표가:311,500, 차이:5,000). 주문 취소를 시도합니다.
2026-06-10 09:43:00,469 - INFO - [CANCEL] 주문 취소 요청: 005930, 주문번호: 0000009533
2026-06-10 09:43:00,944 - INFO - 주문 취소 성공! (원주문: 0000009533)
2026-06-10 09:43:00,973 - INFO - 상태 전환 완료: HOLDING
2026-06-10 09:43:06,545 - INFO - 계좌 예수금: 9583572원
2026-06-10 09:43:06,545 - INFO - [005930] 보유: 1주, 매도 가능: 1주, 평단가: 309,500원
2026-06-10 09:43:06,556 - INFO - 미실현 손익: -3,000원 (-0.97%), 최고 수익률: 0.00%
2026-06-10 09:43:06,573 - INFO - 매도 조건 충족: 평단가(309,500), 현재가(306,500) -> 목표가(311,500원) (보수적 상향 보정)
2026-06-10 09:43:06,573 - INFO - [SELL] 주문 요청: 005930, 1주, 311500원
2026-06-10 09:43:07,887 - INFO - 주문 성공! 주문번호: 0000009701
2026-06-10 09:43:07,916 - INFO - 60초 후 다음 확인을 진행합니다. (현재 상태: SELLING)
2026-06-10 09:44:11,624 - INFO - [005930] 현재가: 306500, 고가: 314500, 저가: 306000
2026-06-10 09:44:11,625 - WARNING - ⚠️ 주문 고착 감지: 가격 이탈 (현재가:306,500, 목표가:311,500, 차이:5,000). 주문 취소를 시도합니다.
2026-06-10 09:44:11,626 - INFO - [CANCEL] 주문 취소 요청: 005930, 주문번호: 0000009701
2026-06-10 09:44:11,753 - INFO - 주문 취소 성공! (원주문: 0000009701)
2026-06-10 09:44:11,779 - INFO - 상태 전환 완료: HOLDING
2026-06-10 09:44:14,471 - INFO - 계좌 예수금: 9583572원
2026-06-10 09:44:14,471 - INFO - [005930] 보유: 1주, 매도 가능: 1주, 평단가: 309,500원
2026-06-10 09:44:14,485 - INFO - 미실현 손익: -3,000원 (-0.97%), 최고 수익률: 0.00%
2026-06-10 09:44:14,499 - INFO - 매도 조건 충족: 평단가(309,500), 현재가(306,500) -> 목표가(311,500원) (보수적 상향 보정)
2026-06-10 09:44:14,499 - INFO - [SELL] 주문 요청: 005930, 1주, 311500원
2026-06-10 09:44:17,355 - INFO - 주문 성공! 주문번호: 0000009880
2026-06-10 09:44:17,384 - INFO - 60초 후 다음 확인을 진행합니다. (현재 상태: SELLING)
2026-06-10 09:45:21,152 - INFO - [005930] 현재가: 306750, 고가: 314500, 저가: 306000
2026-06-10 09:45:21,152 - WARNING - ⚠️ 주문 고착 감지: 가격 이탈 (현재가:306,750, 목표가:311,500, 차이:4,750). 주문 취소를 시도합니다.
2026-06-10 09:45:21,152 - INFO - [CANCEL] 주문 취소 요청: 005930, 주문번호: 0000009880
2026-06-10 09:45:21,261 - INFO - 주문 취소 성공! (원주문: 0000009880)
2026-06-10 09:45:21,282 - INFO - 상태 전환 완료: HOLDING
2026-06-10 09:45:29,241 - INFO - 계좌 예수금: 9583572원
2026-06-10 09:45:29,241 - INFO - [005930] 보유: 1주, 매도 가능: 1주, 평단가: 309,500원
2026-06-10 09:45:29,251 - INFO - 미실현 손익: -2,750원 (-0.89%), 최고 수익률: 0.00%
2026-06-10 09:45:29,264 - INFO - 매도 조건 충족: 평단가(309,500), 현재가(306,750) -> 목표가(311,500원) (보수적 상향 보정)
2026-06-10 09:45:29,265 - INFO - [SELL] 주문 요청: 005930, 1주, 311500원
2026-06-10 09:45:29,379 - INFO - 주문 성공! 주문번호: 0000010078
2026-06-10 09:45:29,404 - INFO - 60초 후 다음 확인을 진행합니다. (현재 상태: SELLING)
2026-06-10 09:46:31,381 - INFO - [005930] 현재가: 306000, 고가: 314500, 저가: 306000
2026-06-10 09:46:31,381 - WARNING - ⚠️ 주문 고착 감지: 가격 이탈 (현재가:306,000, 목표가:311,500, 차이:5,500). 주문 취소를 시도합니다.
2026-06-10 09:46:31,382 - INFO - [CANCEL] 주문 취소 요청: 005930, 주문번호: 0000010078
2026-06-10 09:46:31,510 - INFO - 주문 취소 성공! (원주문: 0000010078)
2026-06-10 09:46:31,531 - INFO - 상태 전환 완료: HOLDING
2026-06-10 09:46:38,733 - INFO - 계좌 예수금: 9583572원
2026-06-10 09:46:38,733 - INFO - [005930] 보유: 1주, 매도 가능: 1주, 평단가: 309,500원
2026-06-10 09:46:38,743 - INFO - 미실현 손익: -3,500원 (-1.13%), 최고 수익률: 0.00%
2026-06-10 09:46:38,758 - INFO - 매도 조건 충족: 평단가(309,500), 현재가(306,000) -> 목표가(311,500원) (보수적 상향 보정)
2026-06-10 09:46:38,758 - INFO - [SELL] 주문 요청: 005930, 1주, 311500원
2026-06-10 09:46:38,891 - INFO - 주문 성공! 주문번호: 0000010246
2026-06-10 09:46:38,914 - INFO - 60초 후 다음 확인을 진행합니다. (현재 상태: SELLING)
2026-06-10 09:47:39,323 - INFO - [005930] 현재가: 306000, 고가: 314500, 저가: 305500
2026-06-10 09:47:39,323 - WARNING - ⚠️ 주문 고착 감지: 가격 이탈 (현재가:306,000, 목표가:311,500, 차이:5,500). 주문 취소를 시도합니다.
2026-06-10 09:47:39,324 - INFO - [CANCEL] 주문 취소 요청: 005930, 주문번호: 0000010246
2026-06-10 09:47:39,524 - INFO - 주문 취소 성공! (원주문: 0000010246)
2026-06-10 09:47:39,548 - INFO - 상태 전환 완료: HOLDING
2026-06-10 09:47:45,926 - INFO - 계좌 예수금: 9583572원
2026-06-10 09:47:45,927 - INFO - [005930] 보유: 1주, 매도 가능: 1주, 평단가: 309,500원
2026-06-10 09:47:45,941 - INFO - 미실현 손익: -3,500원 (-1.13%), 최고 수익률: 0.00%
2026-06-10 09:47:45,954 - INFO - 매도 조건 충족: 평단가(309,500), 현재가(306,000) -> 목표가(311,500원) (보수적 상향 보정)
2026-06-10 09:47:45,954 - INFO - [SELL] 주문 요청: 005930, 1주, 311500원
2026-06-10 09:47:47,513 - INFO - 주문 성공! 주문번호: 0000010429
2026-06-10 09:47:47,540 - INFO - 60초 후 다음 확인을 진행합니다. (현재 상태: SELLING)
2026-06-10 09:48:47,622 - INFO - [005930] 현재가: 306250, 고가: 314500, 저가: 305500
2026-06-10 09:48:47,622 - WARNING - ⚠️ 주문 고착 감지: 가격 이탈 (현재가:306,250, 목표가:311,500, 차이:5,250). 주문 취소를 시도합니다.
2026-06-10 09:48:47,622 - INFO - [CANCEL] 주문 취소 요청: 005930, 주문번호: 0000010429
2026-06-10 09:48:48,136 - ERROR - POST 요청 실패 (VTTC0013U): 500 Server Error: Internal Server Error for url: https://openapivts.koreainvestment.com:29443/uapi/domestic-stock/v1/trading/order-rvsecncl
2026-06-10 09:48:48,136 - ERROR - 상세 에러: {"rt_cd":"1","msg1":"초당 거래건수를 초과하였습니다.","msg_cd":"EGW00201","message":"EGW00201"}
2026-06-10 09:48:48,138 - ERROR - 주문 취소 실패: 응답 없음
2026-06-10 09:48:48,138 - ERROR - 주문 취소 실패. 다음 루프에서 재시도합니다.
2026-06-10 09:48:53,229 - INFO - 계좌 예수금: 9583572원
2026-06-10 09:48:53,229 - INFO - [005930] 보유: 1주, 매도 가능: 0주, 평단가: 309,500원
2026-06-10 09:48:53,240 - INFO - 미실현 손익: -3,250원 (-1.05%), 최고 수익률: 0.00%
2026-06-10 09:48:53,253 - INFO - 보유 수량(1)에 대해 매도 주문(0000010429)이 진행 중입니다.
2026-06-10 09:48:53,253 - INFO - 60초 후 다음 확인을 진행합니다. (현재 상태: SELLING)
2026-06-10 09:49:53,500 - INFO - [005930] 현재가: 307500, 고가: 314500, 저가: 305500
2026-06-10 09:49:53,500 - WARNING - ⚠️ 주문 고착 감지: 가격 이탈 (현재가:307,500, 목표가:311,500, 차이:4,000). 주문 취소를 시도합니다.
2026-06-10 09:49:53,500 - INFO - [CANCEL] 주문 취소 요청: 005930, 주문번호: 0000010429
2026-06-10 09:49:53,911 - INFO - 주문 취소 성공! (원주문: 0000010429)
2026-06-10 09:49:53,937 - INFO - 상태 전환 완료: HOLDING
2026-06-10 09:49:58,957 - INFO - 계좌 예수금: 9583572원
2026-06-10 09:49:58,957 - INFO - [005930] 보유: 1주, 매도 가능: 1주, 평단가: 309,500원
2026-06-10 09:49:58,969 - INFO - 미실현 손익: -2,000원 (-0.65%), 최고 수익률: 0.00%
2026-06-10 09:49:58,983 - INFO - 매도 조건 충족: 평단가(309,500), 현재가(307,500) -> 목표가(311,500원) (보수적 상향 보정)
2026-06-10 09:49:58,983 - INFO - [SELL] 주문 요청: 005930, 1주, 311500원
2026-06-10 09:49:59,307 - INFO - 주문 성공! 주문번호: 0000010680
2026-06-10 09:49:59,333 - INFO - 60초 후 다음 확인을 진행합니다. (현재 상태: SELLING)
2026-06-10 09:50:59,460 - INFO - [005930] 현재가: 305500, 고가: 314500, 저가: 305000
2026-06-10 09:50:59,460 - WARNING - ⚠️ 주문 고착 감지: 가격 이탈 (현재가:305,500, 목표가:311,500, 차이:6,000). 주문 취소를 시도합니다.
2026-06-10 09:50:59,460 - INFO - [CANCEL] 주문 취소 요청: 005930, 주문번호: 0000010680
2026-06-10 09:50:59,951 - INFO - 주문 취소 성공! (원주문: 0000010680)
2026-06-10 09:50:59,982 - INFO - 상태 전환 완료: HOLDING
2026-06-10 09:51:07,166 - INFO - 계좌 예수금: 9583572원
2026-06-10 09:51:07,167 - INFO - [005930] 보유: 1주, 매도 가능: 1주, 평단가: 309,500원
2026-06-10 09:51:07,180 - INFO - 미실현 손익: -4,000원 (-1.29%), 최고 수익률: 0.00%
2026-06-10 09:51:07,193 - INFO - 매도 조건 충족: 평단가(309,500), 현재가(305,500) -> 목표가(311,500원) (보수적 상향 보정)
2026-06-10 09:51:07,193 - INFO - [SELL] 주문 요청: 005930, 1주, 311500원
2026-06-10 09:51:09,820 - INFO - 주문 성공! 주문번호: 0000010849
2026-06-10 09:51:09,848 - INFO - 60초 후 다음 확인을 진행합니다. (현재 상태: SELLING)
2026-06-10 09:52:12,463 - INFO - [005930] 현재가: 306000, 고가: 314500, 저가: 305000
2026-06-10 09:52:12,464 - WARNING - ⚠️ 주문 고착 감지: 가격 이탈 (현재가:306,000, 목표가:311,500, 차이:5,500). 주문 취소를 시도합니다.
2026-06-10 09:52:12,464 - INFO - [CANCEL] 주문 취소 요청: 005930, 주문번호: 0000010849
2026-06-10 09:52:14,866 - INFO - 주문 취소 성공! (원주문: 0000010849)
2026-06-10 09:52:14,894 - INFO - 상태 전환 완료: HOLDING
2026-06-10 09:52:19,027 - INFO - 계좌 예수금: 9583572원
2026-06-10 09:52:19,027 - INFO - [005930] 보유: 1주, 매도 가능: 1주, 평단가: 309,500원
2026-06-10 09:52:19,041 - INFO - 미실현 손익: -3,500원 (-1.13%), 최고 수익률: 0.00%
2026-06-10 09:52:19,065 - INFO - 자가 최적화 기록 완료: C:\Users\witpo\OneDrive\바탕 화면\YONSEI\26-1\ECO4126 인공지능과금융공학\open-trading-api\self_optimization_history
2026-06-10 09:52:19,065 - INFO - 매도 조건 충족: 평단가(309,500), 현재가(306,000) -> 목표가(311,500원) (보수적 상향 보정)
2026-06-10 09:52:19,066 - INFO - [SELL] 주문 요청: 005930, 1주, 311500원
2026-06-10 09:52:21,570 - INFO - 주문 성공! 주문번호: 0000011010
2026-06-10 09:52:21,607 - INFO - 60초 후 다음 확인을 진행합니다. (현재 상태: SELLING)
2026-06-10 09:53:21,707 - INFO - [005930] 현재가: 307000, 고가: 314500, 저가: 305000
2026-06-10 09:53:21,708 - WARNING - ⚠️ 주문 고착 감지: 가격 이탈 (현재가:307,000, 목표가:311,500, 차이:4,500). 주문 취소를 시도합니다.
2026-06-10 09:53:21,708 - INFO - [CANCEL] 주문 취소 요청: 005930, 주문번호: 0000011010
2026-06-10 09:53:23,770 - INFO - 주문 취소 성공! (원주문: 0000011010)
2026-06-10 09:53:23,796 - INFO - 상태 전환 완료: HOLDING
2026-06-10 09:53:30,332 - INFO - 계좌 예수금: 9583572원
2026-06-10 09:53:30,332 - INFO - [005930] 보유: 1주, 매도 가능: 1주, 평단가: 309,500원
2026-06-10 09:53:30,347 - INFO - 미실현 손익: -2,500원 (-0.81%), 최고 수익률: 0.00%
2026-06-10 09:53:30,360 - INFO - 매도 조건 충족: 평단가(309,500), 현재가(307,000) -> 목표가(312,000원) (보수적 상향 보정)
2026-06-10 09:53:30,360 - INFO - [SELL] 주문 요청: 005930, 1주, 312000원
2026-06-10 09:53:32,097 - INFO - 주문 성공! 주문번호: 0000011149
2026-06-10 09:53:32,139 - INFO - 60초 후 다음 확인을 진행합니다. (현재 상태: SELLING)
2026-06-10 09:54:32,217 - INFO - [005930] 현재가: 306500, 고가: 314500, 저가: 305000
2026-06-10 09:54:32,217 - WARNING - ⚠️ 주문 고착 감지: 가격 이탈 (현재가:306,500, 목표가:312,000, 차이:5,500). 주문 취소를 시도합니다.
2026-06-10 09:54:32,217 - INFO - [CANCEL] 주문 취소 요청: 005930, 주문번호: 0000011149
2026-06-10 09:54:33,775 - INFO - 주문 취소 성공! (원주문: 0000011149)
2026-06-10 09:54:33,802 - INFO - 상태 전환 완료: HOLDING
2026-06-10 09:54:35,838 - INFO - 계좌 예수금: 9583572원
2026-06-10 09:54:35,838 - INFO - [005930] 보유: 1주, 매도 가능: 1주, 평단가: 309,500원
2026-06-10 09:54:35,848 - INFO - 미실현 손익: -3,000원 (-0.97%), 최고 수익률: 0.00%
2026-06-10 09:54:35,860 - INFO - 매도 조건 충족: 평단가(309,500), 현재가(306,500) -> 목표가(312,000원) (보수적 상향 보정)
2026-06-10 09:54:35,860 - INFO - [SELL] 주문 요청: 005930, 1주, 312000원
2026-06-10 09:54:35,990 - INFO - 주문 성공! 주문번호: 0000011256
2026-06-10 09:54:36,011 - INFO - 60초 후 다음 확인을 진행합니다. (현재 상태: SELLING)
2026-06-10 09:55:37,314 - INFO - [005930] 현재가: 306500, 고가: 314500, 저가: 305000
2026-06-10 09:55:37,315 - WARNING - ⚠️ 주문 고착 감지: 가격 이탈 (현재가:306,500, 목표가:312,000, 차이:5,500). 주문 취소를 시도합니다.
2026-06-10 09:55:37,315 - INFO - [CANCEL] 주문 취소 요청: 005930, 주문번호: 0000011256
2026-06-10 09:55:37,420 - INFO - 주문 취소 성공! (원주문: 0000011256)
2026-06-10 09:55:37,447 - INFO - 상태 전환 완료: HOLDING
2026-06-10 09:55:41,531 - INFO - 계좌 예수금: 9583572원
2026-06-10 09:55:41,532 - INFO - [005930] 보유: 1주, 매도 가능: 1주, 평단가: 309,500원
2026-06-10 09:55:41,545 - INFO - 미실현 손익: -3,000원 (-0.97%), 최고 수익률: 0.00%
2026-06-10 09:55:41,558 - INFO - 매도 조건 충족: 평단가(309,500), 현재가(306,500) -> 목표가(312,000원) (보수적 상향 보정)
2026-06-10 09:55:41,559 - INFO - [SELL] 주문 요청: 005930, 1주, 312000원
2026-06-10 09:55:42,428 - INFO - 주문 성공! 주문번호: 0000011371
2026-06-10 09:55:42,454 - INFO - 60초 후 다음 확인을 진행합니다. (현재 상태: SELLING)
2026-06-10 09:56:45,749 - INFO - [005930] 현재가: 306500, 고가: 314500, 저가: 305000
2026-06-10 09:56:45,750 - WARNING - ⚠️ 주문 고착 감지: 가격 이탈 (현재가:306,500, 목표가:312,000, 차이:5,500). 주문 취소를 시도합니다.
2026-06-10 09:56:45,750 - INFO - [CANCEL] 주문 취소 요청: 005930, 주문번호: 0000011371
2026-06-10 09:56:45,882 - INFO - 주문 취소 성공! (원주문: 0000011371)
2026-06-10 09:56:45,908 - INFO - 상태 전환 완료: HOLDING
2026-06-10 09:56:52,907 - INFO - 계좌 예수금: 9583572원
2026-06-10 09:56:52,907 - INFO - [005930] 보유: 1주, 매도 가능: 1주, 평단가: 309,500원
2026-06-10 09:56:52,920 - INFO - 미실현 손익: -3,000원 (-0.97%), 최고 수익률: 0.00%
2026-06-10 09:56:52,932 - INFO - 매도 조건 충족: 평단가(309,500), 현재가(306,500) -> 목표가(312,000원) (보수적 상향 보정)
2026-06-10 09:56:52,932 - INFO - [SELL] 주문 요청: 005930, 1주, 312000원
2026-06-10 09:56:53,112 - INFO - 주문 성공! 주문번호: 0000011490
2026-06-10 09:56:53,138 - INFO - 60초 후 다음 확인을 진행합니다. (현재 상태: SELLING)
2026-06-10 09:57:54,657 - INFO - [005930] 현재가: 307000, 고가: 314500, 저가: 305000
2026-06-10 09:57:54,657 - WARNING - ⚠️ 주문 고착 감지: 가격 이탈 (현재가:307,000, 목표가:312,000, 차이:5,000). 주문 취소를 시도합니다.
2026-06-10 09:57:54,657 - INFO - [CANCEL] 주문 취소 요청: 005930, 주문번호: 0000011490
2026-06-10 09:57:56,466 - INFO - 주문 취소 성공! (원주문: 0000011490)
2026-06-10 09:57:56,493 - INFO - 상태 전환 완료: HOLDING
2026-06-10 09:57:58,196 - INFO - 계좌 예수금: 9583572원
2026-06-10 09:57:58,197 - INFO - [005930] 보유: 1주, 매도 가능: 1주, 평단가: 309,500원
2026-06-10 09:57:58,211 - INFO - 미실현 손익: -2,500원 (-0.81%), 최고 수익률: 0.00%
2026-06-10 09:57:58,223 - INFO - 매도 조건 충족: 평단가(309,500), 현재가(307,000) -> 목표가(312,000원) (보수적 상향 보정)
2026-06-10 09:57:58,224 - INFO - [SELL] 주문 요청: 005930, 1주, 312000원
2026-06-10 09:57:58,313 - ERROR - POST 요청 실패 (VTTC0011U): 500 Server Error: Internal Server Error for url: https://openapivts.koreainvestment.com:29443/uapi/domestic-stock/v1/trading/order-cash
2026-06-10 09:57:58,313 - ERROR - 상세 에러: {"rt_cd":"1","msg1":"초당 거래건수를 초과하였습니다.","msg_cd":"EGW00201","message":"EGW00201"}
2026-06-10 09:57:58,315 - ERROR - 주문 실패: 응답 없음
2026-06-10 09:57:58,315 - INFO - 60초 후 다음 확인을 진행합니다. (현재 상태: HOLDING)
2026-06-10 09:58:58,391 - INFO - [005930] 현재가: 307500, 고가: 314500, 저가: 305000
2026-06-10 09:59:01,094 - INFO - 계좌 예수금: 9583572원
2026-06-10 09:59:01,094 - INFO - [005930] 보유: 1주, 매도 가능: 1주, 평단가: 309,500원
2026-06-10 09:59:01,108 - INFO - 미실현 손익: -2,000원 (-0.65%), 최고 수익률: 0.00%
2026-06-10 09:59:01,122 - INFO - 매도 조건 충족: 평단가(309,500), 현재가(307,500) -> 목표가(312,000원) (보수적 상향 보정)
2026-06-10 09:59:01,122 - INFO - [SELL] 주문 요청: 005930, 1주, 312000원
2026-06-10 09:59:01,242 - INFO - 주문 성공! 주문번호: 0000011703
2026-06-10 09:59:01,268 - INFO - 60초 후 다음 확인을 진행합니다. (현재 상태: SELLING)
2026-06-10 10:00:03,656 - INFO - [005930] 현재가: 307000, 고가: 314500, 저가: 305000
2026-06-10 10:00:03,657 - WARNING - ⚠️ 주문 고착 감지: 가격 이탈 (현재가:307,000, 목표가:312,000, 차이:5,000). 주문 취소를 시도합니다.
2026-06-10 10:00:03,657 - INFO - [CANCEL] 주문 취소 요청: 005930, 주문번호: 0000011703
2026-06-10 10:00:07,768 - INFO - 주문 취소 성공! (원주문: 0000011703)
2026-06-10 10:00:07,797 - INFO - 상태 전환 완료: HOLDING
2026-06-10 10:00:15,683 - INFO - 계좌 예수금: 9583572원
2026-06-10 10:00:15,684 - INFO - [005930] 보유: 1주, 매도 가능: 1주, 평단가: 309,500원
2026-06-10 10:00:15,698 - INFO - 미실현 손익: -2,500원 (-0.81%), 최고 수익률: 0.00%
2026-06-10 10:00:15,711 - INFO - 매도 조건 충족: 평단가(309,500), 현재가(307,000) -> 목표가(312,000원) (보수적 상향 보정)
2026-06-10 10:00:15,711 - INFO - [SELL] 주문 요청: 005930, 1주, 312000원
2026-06-10 10:00:19,268 - INFO - 주문 성공! 주문번호: 0000011867
2026-06-10 10:00:19,296 - INFO - 60초 후 다음 확인을 진행합니다. (현재 상태: SELLING)
2026-06-10 10:01:21,569 - INFO - [005930] 현재가: 307000, 고가: 314500, 저가: 305000
2026-06-10 10:01:21,569 - WARNING - ⚠️ 주문 고착 감지: 가격 이탈 (현재가:307,000, 목표가:312,000, 차이:5,000). 주문 취소를 시도합니다.
2026-06-10 10:01:21,570 - INFO - [CANCEL] 주문 취소 요청: 005930, 주문번호: 0000011867
2026-06-10 10:01:21,676 - INFO - 주문 취소 성공! (원주문: 0000011867)
2026-06-10 10:01:21,704 - INFO - 상태 전환 완료: HOLDING
2026-06-10 10:01:25,785 - INFO - 계좌 예수금: 9583572원
2026-06-10 10:01:25,786 - INFO - [005930] 보유: 1주, 매도 가능: 1주, 평단가: 309,500원
2026-06-10 10:01:25,799 - INFO - 미실현 손익: -2,500원 (-0.81%), 최고 수익률: 0.00%
2026-06-10 10:01:25,812 - INFO - 매도 조건 충족: 평단가(309,500), 현재가(307,000) -> 목표가(312,000원) (보수적 상향 보정)
2026-06-10 10:01:25,812 - INFO - [SELL] 주문 요청: 005930, 1주, 312000원
2026-06-10 10:01:25,927 - INFO - 주문 성공! 주문번호: 0000012090
2026-06-10 10:01:25,953 - INFO - 60초 후 다음 확인을 진행합니다. (현재 상태: SELLING)
2026-06-10 10:02:27,724 - INFO - [005930] 현재가: 306500, 고가: 314500, 저가: 305000
2026-06-10 10:02:27,724 - WARNING - ⚠️ 주문 고착 감지: 가격 이탈 (현재가:306,500, 목표가:312,000, 차이:5,500). 주문 취소를 시도합니다.
2026-06-10 10:02:27,725 - INFO - [CANCEL] 주문 취소 요청: 005930, 주문번호: 0000012090
2026-06-10 10:02:29,906 - INFO - 주문 취소 성공! (원주문: 0000012090)
2026-06-10 10:02:29,934 - INFO - 상태 전환 완료: HOLDING
2026-06-10 10:02:33,401 - INFO - 계좌 예수금: 9583572원
2026-06-10 10:02:33,402 - INFO - [005930] 보유: 1주, 매도 가능: 1주, 평단가: 309,500원
2026-06-10 10:02:33,416 - INFO - 미실현 손익: -3,000원 (-0.97%), 최고 수익률: 0.00%
2026-06-10 10:02:33,428 - INFO - 매도 조건 충족: 평단가(309,500), 현재가(306,500) -> 목표가(312,000원) (보수적 상향 보정)
2026-06-10 10:02:33,428 - INFO - [SELL] 주문 요청: 005930, 1주, 312000원
2026-06-10 10:02:33,536 - INFO - 주문 성공! 주문번호: 0000012263
2026-06-10 10:02:33,565 - INFO - 60초 후 다음 확인을 진행합니다. (현재 상태: SELLING)
2026-06-10 10:03:34,947 - INFO - [005930] 현재가: 308000, 고가: 314500, 저가: 305000
2026-06-10 10:03:34,948 - WARNING - ⚠️ 주문 고착 감지: 가격 이탈 (현재가:308,000, 목표가:312,000, 차이:4,000). 주문 취소를 시도합니다.
2026-06-10 10:03:34,948 - INFO - [CANCEL] 주문 취소 요청: 005930, 주문번호: 0000012263
2026-06-10 10:03:36,351 - INFO - 주문 취소 성공! (원주문: 0000012263)
2026-06-10 10:03:36,378 - INFO - 상태 전환 완료: HOLDING
2026-06-10 10:03:41,934 - INFO - 계좌 예수금: 9583572원
2026-06-10 10:03:41,935 - INFO - [005930] 보유: 1주, 매도 가능: 1주, 평단가: 309,500원
2026-06-10 10:03:41,949 - INFO - 미실현 손익: -1,500원 (-0.48%), 최고 수익률: 0.00%
2026-06-10 10:03:41,962 - INFO - 매도 조건 충족: 평단가(309,500), 현재가(308,000) -> 목표가(312,000원) (보수적 상향 보정)
2026-06-10 10:03:41,963 - INFO - [SELL] 주문 요청: 005930, 1주, 312000원
2026-06-10 10:03:42,087 - INFO - 주문 성공! 주문번호: 0000012447
2026-06-10 10:03:42,113 - INFO - 60초 후 다음 확인을 진행합니다. (현재 상태: SELLING)
2026-06-10 10:04:42,259 - INFO - [005930] 현재가: 308000, 고가: 314500, 저가: 305000
2026-06-10 10:04:42,259 - WARNING - ⚠️ 주문 고착 감지: 가격 이탈 (현재가:308,000, 목표가:312,000, 차이:4,000). 주문 취소를 시도합니다.
2026-06-10 10:04:42,259 - INFO - [CANCEL] 주문 취소 요청: 005930, 주문번호: 0000012447
2026-06-10 10:04:45,532 - INFO - 주문 취소 성공! (원주문: 0000012447)
2026-06-10 10:04:45,563 - INFO - 상태 전환 완료: HOLDING
2026-06-10 10:04:51,858 - INFO - 계좌 예수금: 9583572원
2026-06-10 10:04:51,858 - INFO - [005930] 보유: 1주, 매도 가능: 1주, 평단가: 309,500원
2026-06-10 10:04:51,874 - INFO - 미실현 손익: -1,500원 (-0.48%), 최고 수익률: 0.00%
2026-06-10 10:04:51,894 - INFO - 매도 조건 충족: 평단가(309,500), 현재가(308,000) -> 목표가(312,000원) (보수적 상향 보정)
2026-06-10 10:04:51,894 - INFO - [SELL] 주문 요청: 005930, 1주, 312000원
2026-06-10 10:04:53,056 - INFO - 주문 성공! 주문번호: 0000012624
2026-06-10 10:04:53,085 - INFO - 60초 후 다음 확인을 진행합니다. (현재 상태: SELLING)
2026-06-10 10:05:56,684 - INFO - [005930] 현재가: 307000, 고가: 314500, 저가: 305000
2026-06-10 10:05:56,684 - WARNING - ⚠️ 주문 고착 감지: 가격 이탈 (현재가:307,000, 목표가:312,000, 차이:5,000). 주문 취소를 시도합니다.
2026-06-10 10:05:56,684 - INFO - [CANCEL] 주문 취소 요청: 005930, 주문번호: 0000012624
2026-06-10 10:05:56,811 - INFO - 주문 취소 성공! (원주문: 0000012624)
2026-06-10 10:05:56,856 - INFO - 상태 전환 완료: HOLDING
2026-06-10 10:06:05,248 - INFO - 계좌 예수금: 9583572원
2026-06-10 10:06:05,248 - INFO - [005930] 보유: 1주, 매도 가능: 1주, 평단가: 309,500원
2026-06-10 10:06:05,262 - INFO - 미실현 손익: -2,500원 (-0.81%), 최고 수익률: 0.00%
2026-06-10 10:06:05,277 - INFO - 매도 조건 충족: 평단가(309,500), 현재가(307,000) -> 목표가(312,000원) (보수적 상향 보정)
2026-06-10 10:06:05,277 - INFO - [SELL] 주문 요청: 005930, 1주, 312000원
2026-06-10 10:06:06,916 - INFO - 주문 성공! 주문번호: 0000012773
2026-06-10 10:06:06,945 - INFO - 60초 후 다음 확인을 진행합니다. (현재 상태: SELLING)
2026-06-10 10:07:07,651 - INFO - [005930] 현재가: 308000, 고가: 314500, 저가: 305000
2026-06-10 10:07:07,652 - WARNING - ⚠️ 주문 고착 감지: 가격 이탈 (현재가:308,000, 목표가:312,000, 차이:4,000). 주문 취소를 시도합니다.
2026-06-10 10:07:07,652 - INFO - [CANCEL] 주문 취소 요청: 005930, 주문번호: 0000012773
2026-06-10 10:07:10,493 - INFO - 주문 취소 성공! (원주문: 0000012773)
2026-06-10 10:07:10,519 - INFO - 상태 전환 완료: HOLDING
2026-06-10 10:07:16,487 - INFO - 계좌 예수금: 9583572원
2026-06-10 10:07:16,487 - INFO - [005930] 보유: 1주, 매도 가능: 1주, 평단가: 309,500원
2026-06-10 10:07:16,501 - INFO - 미실현 손익: -1,500원 (-0.48%), 최고 수익률: 0.00%
2026-06-10 10:07:16,514 - INFO - 매도 조건 충족: 평단가(309,500), 현재가(308,000) -> 목표가(312,000원) (보수적 상향 보정)
2026-06-10 10:07:16,515 - INFO - [SELL] 주문 요청: 005930, 1주, 312000원
2026-06-10 10:07:18,943 - INFO - 주문 성공! 주문번호: 0000012931
2026-06-10 10:07:18,971 - INFO - 60초 후 다음 확인을 진행합니다. (현재 상태: SELLING)
2026-06-10 10:08:19,074 - INFO - [005930] 현재가: 307500, 고가: 314500, 저가: 305000
2026-06-10 10:08:19,074 - WARNING - ⚠️ 주문 고착 감지: 가격 이탈 (현재가:307,500, 목표가:312,000, 차이:4,500). 주문 취소를 시도합니다.
2026-06-10 10:08:19,075 - INFO - [CANCEL] 주문 취소 요청: 005930, 주문번호: 0000012931
2026-06-10 10:08:22,900 - INFO - 주문 취소 성공! (원주문: 0000012931)
2026-06-10 10:08:22,926 - INFO - 상태 전환 완료: HOLDING
2026-06-10 10:08:26,488 - INFO - 계좌 예수금: 9583572원
2026-06-10 10:08:26,489 - INFO - [005930] 보유: 1주, 매도 가능: 1주, 평단가: 309,500원
2026-06-10 10:08:26,502 - INFO - 미실현 손익: -2,000원 (-0.65%), 최고 수익률: 0.00%
2026-06-10 10:08:26,515 - INFO - 매도 조건 충족: 평단가(309,500), 현재가(307,500) -> 목표가(312,000원) (보수적 상향 보정)
2026-06-10 10:08:26,515 - INFO - [SELL] 주문 요청: 005930, 1주, 312000원
2026-06-10 10:08:26,647 - INFO - 주문 성공! 주문번호: 0000013064
2026-06-10 10:08:26,673 - INFO - 60초 후 다음 확인을 진행합니다. (현재 상태: SELLING)
2026-06-10 10:09:26,761 - INFO - [005930] 현재가: 307500, 고가: 314500, 저가: 305000
2026-06-10 10:09:26,761 - WARNING - ⚠️ 주문 고착 감지: 가격 이탈 (현재가:307,500, 목표가:312,000, 차이:4,500). 주문 취소를 시도합니다.
2026-06-10 10:09:26,761 - INFO - [CANCEL] 주문 취소 요청: 005930, 주문번호: 0000013064
2026-06-10 10:09:27,275 - ERROR - POST 요청 실패 (VTTC0013U): 500 Server Error: Internal Server Error for url: https://openapivts.koreainvestment.com:29443/uapi/domestic-stock/v1/trading/order-rvsecncl
2026-06-10 10:09:27,276 - ERROR - 상세 에러: {"rt_cd":"1","msg1":"초당 거래건수를 초과하였습니다.","msg_cd":"EGW00201","message":"EGW00201"}
2026-06-10 10:09:27,277 - ERROR - 주문 취소 실패: 응답 없음
2026-06-10 10:09:27,278 - ERROR - 주문 취소 실패. 다음 루프에서 재시도합니다.
2026-06-10 10:09:34,401 - INFO - 계좌 예수금: 9583572원
2026-06-10 10:09:34,402 - INFO - [005930] 보유: 1주, 매도 가능: 0주, 평단가: 309,500원
2026-06-10 10:09:34,415 - INFO - 미실현 손익: -2,000원 (-0.65%), 최고 수익률: 0.00%
2026-06-10 10:09:34,429 - INFO - 보유 수량(1)에 대해 매도 주문(0000013064)이 진행 중입니다.
2026-06-10 10:09:34,429 - INFO - 60초 후 다음 확인을 진행합니다. (현재 상태: SELLING)
2026-06-10 10:10:36,777 - INFO - [005930] 현재가: 306500, 고가: 314500, 저가: 305000
2026-06-10 10:10:36,777 - WARNING - ⚠️ 주문 고착 감지: 가격 이탈 (현재가:306,500, 목표가:312,000, 차이:5,500). 주문 취소를 시도합니다.
2026-06-10 10:10:36,778 - INFO - [CANCEL] 주문 취소 요청: 005930, 주문번호: 0000013064
2026-06-10 10:10:38,763 - INFO - 주문 취소 성공! (원주문: 0000013064)
2026-06-10 10:10:38,788 - INFO - 상태 전환 완료: HOLDING
2026-06-10 10:10:45,377 - INFO - 계좌 예수금: 9583572원
2026-06-10 10:10:45,378 - INFO - [005930] 보유: 1주, 매도 가능: 1주, 평단가: 309,500원
2026-06-10 10:10:45,392 - INFO - 미실현 손익: -3,000원 (-0.97%), 최고 수익률: 0.00%
2026-06-10 10:10:45,404 - INFO - 매도 조건 충족: 평단가(309,500), 현재가(306,500) -> 목표가(312,000원) (보수적 상향 보정)
2026-06-10 10:10:45,405 - INFO - [SELL] 주문 요청: 005930, 1주, 312000원
2026-06-10 10:10:47,050 - INFO - 주문 성공! 주문번호: 0000013366
2026-06-10 10:10:47,082 - INFO - 60초 후 다음 확인을 진행합니다. (현재 상태: SELLING)
2026-06-10 10:11:47,196 - INFO - [005930] 현재가: 307500, 고가: 314500, 저가: 305000
2026-06-10 10:11:47,196 - WARNING - ⚠️ 주문 고착 감지: 가격 이탈 (현재가:307,500, 목표가:312,000, 차이:4,500). 주문 취소를 시도합니다.
2026-06-10 10:11:47,197 - INFO - [CANCEL] 주문 취소 요청: 005930, 주문번호: 0000013366
2026-06-10 10:11:47,692 - INFO - 주문 취소 성공! (원주문: 0000013366)
2026-06-10 10:11:47,719 - INFO - 상태 전환 완료: HOLDING
2026-06-10 10:11:52,125 - INFO - 계좌 예수금: 9583572원
2026-06-10 10:11:52,126 - INFO - [005930] 보유: 1주, 매도 가능: 1주, 평단가: 309,500원
2026-06-10 10:11:52,139 - INFO - 미실현 손익: -2,000원 (-0.65%), 최고 수익률: 0.00%
2026-06-10 10:11:52,151 - INFO - 매도 조건 충족: 평단가(309,500), 현재가(307,500) -> 목표가(312,000원) (보수적 상향 보정)
2026-06-10 10:11:52,151 - INFO - [SELL] 주문 요청: 005930, 1주, 312000원
2026-06-10 10:11:52,291 - INFO - 주문 성공! 주문번호: 0000013485
2026-06-10 10:11:52,319 - INFO - 60초 후 다음 확인을 진행합니다. (현재 상태: SELLING)
2026-06-10 10:12:54,765 - INFO - [005930] 현재가: 308000, 고가: 314500, 저가: 305000
2026-06-10 10:12:54,765 - WARNING - ⚠️ 주문 고착 감지: 가격 이탈 (현재가:308,000, 목표가:312,000, 차이:4,000). 주문 취소를 시도합니다.
2026-06-10 10:12:54,766 - INFO - [CANCEL] 주문 취소 요청: 005930, 주문번호: 0000013485
2026-06-10 10:12:55,297 - INFO - 주문 취소 성공! (원주문: 0000013485)
2026-06-10 10:12:55,324 - INFO - 상태 전환 완료: HOLDING
2026-06-10 10:13:01,103 - INFO - 계좌 예수금: 9583572원
2026-06-10 10:13:01,103 - INFO - [005930] 보유: 1주, 매도 가능: 1주, 평단가: 309,500원
2026-06-10 10:13:01,117 - INFO - 미실현 손익: -1,500원 (-0.48%), 최고 수익률: 0.00%
2026-06-10 10:13:01,132 - INFO - 매도 조건 충족: 평단가(309,500), 현재가(308,000) -> 목표가(312,000원) (보수적 상향 보정)
2026-06-10 10:13:01,133 - INFO - [SELL] 주문 요청: 005930, 1주, 312000원
2026-06-10 10:13:03,065 - INFO - 주문 성공! 주문번호: 0000013624
2026-06-10 10:13:03,102 - INFO - 자가 최적화 기록 완료: C:\Users\witpo\OneDrive\바탕 화면\YONSEI\26-1\ECO4126 인공지능과금융공학\open-trading-api\self_optimization_history
2026-06-10 10:13:03,114 - INFO - 60초 후 다음 확인을 진행합니다. (현재 상태: SELLING)
2026-06-10 10:14:05,896 - INFO - [005930] 현재가: 307750, 고가: 314500, 저가: 305000
2026-06-10 10:14:05,896 - WARNING - ⚠️ 주문 고착 감지: 가격 이탈 (현재가:307,750, 목표가:312,000, 차이:4,250). 주문 취소를 시도합니다.
2026-06-10 10:14:05,896 - INFO - [CANCEL] 주문 취소 요청: 005930, 주문번호: 0000013624
2026-06-10 10:14:09,076 - INFO - 주문 취소 성공! (원주문: 0000013624)
2026-06-10 10:14:09,101 - INFO - 상태 전환 완료: HOLDING
2026-06-10 10:14:14,613 - INFO - 계좌 예수금: 9583572원
2026-06-10 10:14:14,613 - INFO - [005930] 보유: 1주, 매도 가능: 1주, 평단가: 309,500원
2026-06-10 10:14:14,625 - INFO - 미실현 손익: -1,750원 (-0.57%), 최고 수익률: 0.00%
2026-06-10 10:14:14,638 - INFO - 매도 조건 충족: 평단가(309,500), 현재가(307,750) -> 목표가(311,500원) (보수적 상향 보정)
2026-06-10 10:14:14,639 - INFO - [SELL] 주문 요청: 005930, 1주, 311500원
2026-06-10 10:14:16,803 - INFO - 주문 성공! 주문번호: 0000013754
2026-06-10 10:14:16,828 - INFO - 60초 후 다음 확인을 진행합니다. (현재 상태: SELLING)
2026-06-10 10:15:17,318 - INFO - [005930] 현재가: 308000, 고가: 314500, 저가: 305000
2026-06-10 10:15:17,319 - WARNING - ⚠️ 주문 고착 감지: 가격 이탈 (현재가:308,000, 목표가:311,500, 차이:3,500). 주문 취소를 시도합니다.
2026-06-10 10:15:17,319 - INFO - [CANCEL] 주문 취소 요청: 005930, 주문번호: 0000013754
2026-06-10 10:15:17,830 - INFO - 주문 취소 성공! (원주문: 0000013754)
2026-06-10 10:15:17,853 - INFO - 상태 전환 완료: HOLDING
2026-06-10 10:15:24,150 - INFO - 계좌 예수금: 9583572원
2026-06-10 10:15:24,150 - INFO - [005930] 보유: 1주, 매도 가능: 1주, 평단가: 309,500원
2026-06-10 10:15:24,165 - INFO - 미실현 손익: -1,500원 (-0.48%), 최고 수익률: 0.00%
2026-06-10 10:15:24,178 - INFO - 매도 조건 충족: 평단가(309,500), 현재가(308,000) -> 목표가(311,500원) (보수적 상향 보정)
2026-06-10 10:15:24,178 - INFO - [SELL] 주문 요청: 005930, 1주, 311500원
2026-06-10 10:15:25,890 - INFO - 주문 성공! 주문번호: 0000013908
2026-06-10 10:15:25,917 - INFO - 60초 후 다음 확인을 진행합니다. (현재 상태: SELLING)
2026-06-10 10:16:27,804 - INFO - [005930] 현재가: 308000, 고가: 314500, 저가: 305000
2026-06-10 10:16:27,804 - WARNING - ⚠️ 주문 고착 감지: 가격 이탈 (현재가:308,000, 목표가:311,500, 차이:3,500). 주문 취소를 시도합니다.
2026-06-10 10:16:27,804 - INFO - [CANCEL] 주문 취소 요청: 005930, 주문번호: 0000013908
2026-06-10 10:16:27,941 - INFO - 주문 취소 성공! (원주문: 0000013908)
2026-06-10 10:16:27,971 - INFO - 상태 전환 완료: HOLDING
2026-06-10 10:16:34,786 - INFO - 계좌 예수금: 9583572원
2026-06-10 10:16:34,787 - INFO - [005930] 보유: 1주, 매도 가능: 1주, 평단가: 309,500원
2026-06-10 10:16:34,798 - INFO - 미실현 손익: -1,500원 (-0.48%), 최고 수익률: 0.00%
2026-06-10 10:16:34,813 - INFO - 매도 조건 충족: 평단가(309,500), 현재가(308,000) -> 목표가(311,500원) (보수적 상향 보정)
2026-06-10 10:16:34,813 - INFO - [SELL] 주문 요청: 005930, 1주, 311500원
2026-06-10 10:16:38,148 - INFO - 주문 성공! 주문번호: 0000014035
2026-06-10 10:16:38,175 - INFO - 60초 후 다음 확인을 진행합니다. (현재 상태: SELLING)
2026-06-10 10:17:41,285 - INFO - [005930] 현재가: 309000, 고가: 314500, 저가: 305000
2026-06-10 10:17:41,285 - WARNING - ⚠️ 주문 고착 감지: 가격 이탈 (현재가:309,000, 목표가:311,500, 차이:2,500). 주문 취소를 시도합니다.
2026-06-10 10:17:41,285 - INFO - [CANCEL] 주문 취소 요청: 005930, 주문번호: 0000014035
2026-06-10 10:17:41,440 - INFO - 주문 취소 성공! (원주문: 0000014035)
2026-06-10 10:17:41,466 - INFO - 상태 전환 완료: HOLDING
2026-06-10 10:17:49,530 - INFO - 계좌 예수금: 9583572원
2026-06-10 10:17:49,530 - INFO - [005930] 보유: 1주, 매도 가능: 1주, 평단가: 309,500원
2026-06-10 10:17:49,542 - INFO - 미실현 손익: -500원 (-0.16%), 최고 수익률: 0.00%
2026-06-10 10:17:49,557 - INFO - 매도 조건 충족: 평단가(309,500), 현재가(309,000) -> 목표가(311,500원) (보수적 상향 보정)
2026-06-10 10:17:49,557 - INFO - [SELL] 주문 요청: 005930, 1주, 311500원
2026-06-10 10:17:52,038 - INFO - 주문 성공! 주문번호: 0000014197
2026-06-10 10:17:52,065 - INFO - 60초 후 다음 확인을 진행합니다. (현재 상태: SELLING)
2026-06-10 10:18:52,172 - INFO - [005930] 현재가: 309500, 고가: 314500, 저가: 305000
2026-06-10 10:18:56,738 - INFO - 계좌 예수금: 9583572원
2026-06-10 10:18:56,738 - INFO - [005930] 보유: 1주, 매도 가능: 0주, 평단가: 309,500원
2026-06-10 10:18:56,751 - INFO - 미실현 손익: 0원 (0.00%), 최고 수익률: 0.00%
2026-06-10 10:18:56,767 - INFO - 보유 수량(1)에 대해 매도 주문(0000014197)이 진행 중입니다.
2026-06-10 10:18:56,767 - INFO - 60초 후 다음 확인을 진행합니다. (현재 상태: SELLING)
2026-06-10 10:19:57,010 - INFO - [005930] 현재가: 310000, 고가: 314500, 저가: 305000
2026-06-10 10:20:01,750 - INFO - 계좌 예수금: 9583572원
2026-06-10 10:20:01,751 - INFO - [005930] 보유: 1주, 매도 가능: 0주, 평단가: 309,500원
2026-06-10 10:20:01,763 - INFO - 미실현 손익: 500원 (0.16%), 최고 수익률: 0.16%
2026-06-10 10:20:01,779 - INFO - 보유 수량(1)에 대해 매도 주문(0000014197)이 진행 중입니다.
2026-06-10 10:20:01,779 - INFO - 60초 후 다음 확인을 진행합니다. (현재 상태: SELLING)
2026-06-10 10:21:05,685 - INFO - [005930] 현재가: 309500, 고가: 314500, 저가: 305000
2026-06-10 10:21:14,795 - INFO - 계좌 예수금: 9583572원
2026-06-10 10:21:14,795 - INFO - [005930] 보유: 1주, 매도 가능: 0주, 평단가: 309,500원
2026-06-10 10:21:14,806 - INFO - 미실현 손익: 0원 (0.00%), 최고 수익률: 0.16%
2026-06-10 10:21:14,820 - INFO - 보유 수량(1)에 대해 매도 주문(0000014197)이 진행 중입니다.
2026-06-10 10:21:14,820 - INFO - 60초 후 다음 확인을 진행합니다. (현재 상태: SELLING)
2026-06-10 10:22:14,921 - INFO - [005930] 현재가: 309000, 고가: 314500, 저가: 305000
2026-06-10 10:22:14,921 - WARNING - ⚠️ 주문 고착 감지: 가격 이탈 (현재가:309,000, 목표가:311,500, 차이:2,500). 주문 취소를 시도합니다.
2026-06-10 10:22:14,922 - INFO - [CANCEL] 주문 취소 요청: 005930, 주문번호: 0000014197
2026-06-10 10:22:20,515 - INFO - 주문 취소 성공! (원주문: 0000014197)
2026-06-10 10:22:20,540 - INFO - 상태 전환 완료: HOLDING
2026-06-10 10:22:29,088 - INFO - 계좌 예수금: 9583572원
2026-06-10 10:22:29,088 - INFO - [005930] 보유: 1주, 매도 가능: 1주, 평단가: 309,500원
2026-06-10 10:22:29,099 - INFO - 미실현 손익: -500원 (-0.16%), 최고 수익률: 0.16%
2026-06-10 10:22:29,113 - INFO - 매도 조건 충족: 평단가(309,500), 현재가(309,000) -> 목표가(311,500원) (보수적 상향 보정)
2026-06-10 10:22:29,113 - INFO - [SELL] 주문 요청: 005930, 1주, 311500원
2026-06-10 10:22:29,228 - INFO - 주문 성공! 주문번호: 0000014756
2026-06-10 10:22:29,254 - INFO - 60초 후 다음 확인을 진행합니다. (현재 상태: SELLING)
2026-06-10 10:23:30,190 - INFO - [005930] 현재가: 308000, 고가: 314500, 저가: 305000
2026-06-10 10:23:30,190 - WARNING - ⚠️ 주문 고착 감지: 가격 이탈 (현재가:308,000, 목표가:311,500, 차이:3,500). 주문 취소를 시도합니다.
2026-06-10 10:23:30,190 - INFO - [CANCEL] 주문 취소 요청: 005930, 주문번호: 0000014756
2026-06-10 10:23:30,660 - INFO - 주문 취소 성공! (원주문: 0000014756)
2026-06-10 10:23:30,687 - INFO - 상태 전환 완료: HOLDING
2026-06-10 10:23:36,017 - INFO - 계좌 예수금: 9583572원
2026-06-10 10:23:36,017 - INFO - [005930] 보유: 1주, 매도 가능: 1주, 평단가: 309,500원
2026-06-10 10:23:36,031 - INFO - 미실현 손익: -1,500원 (-0.48%), 최고 수익률: 0.16%
2026-06-10 10:23:36,045 - INFO - 매도 조건 충족: 평단가(309,500), 현재가(308,000) -> 목표가(311,500원) (보수적 상향 보정)
2026-06-10 10:23:36,046 - INFO - [SELL] 주문 요청: 005930, 1주, 311500원
2026-06-10 10:23:37,357 - INFO - 주문 성공! 주문번호: 0000014886
2026-06-10 10:23:37,387 - INFO - 60초 후 다음 확인을 진행합니다. (현재 상태: SELLING)
2026-06-10 10:24:38,327 - INFO - [005930] 현재가: 307500, 고가: 314500, 저가: 305000
2026-06-10 10:24:38,328 - WARNING - ⚠️ 주문 고착 감지: 가격 이탈 (현재가:307,500, 목표가:311,500, 차이:4,000). 주문 취소를 시도합니다.
2026-06-10 10:24:38,328 - INFO - [CANCEL] 주문 취소 요청: 005930, 주문번호: 0000014886
2026-06-10 10:24:39,606 - INFO - 주문 취소 성공! (원주문: 0000014886)
2026-06-10 10:24:39,632 - INFO - 상태 전환 완료: HOLDING
2026-06-10 10:24:44,196 - INFO - 계좌 예수금: 9583572원
2026-06-10 10:24:44,196 - INFO - [005930] 보유: 1주, 매도 가능: 1주, 평단가: 309,500원
2026-06-10 10:24:44,208 - INFO - 미실현 손익: -2,000원 (-0.65%), 최고 수익률: 0.16%
2026-06-10 10:24:44,222 - INFO - 매도 조건 충족: 평단가(309,500), 현재가(307,500) -> 목표가(311,500원) (보수적 상향 보정)
2026-06-10 10:24:44,222 - INFO - [SELL] 주문 요청: 005930, 1주, 311500원
2026-06-10 10:24:45,647 - INFO - 주문 성공! 주문번호: 0000014988
2026-06-10 10:24:45,678 - INFO - 60초 후 다음 확인을 진행합니다. (현재 상태: SELLING)
2026-06-10 10:25:46,044 - INFO - [005930] 현재가: 307000, 고가: 314500, 저가: 305000
2026-06-10 10:25:46,044 - WARNING - ⚠️ 주문 고착 감지: 가격 이탈 (현재가:307,000, 목표가:311,500, 차이:4,500). 주문 취소를 시도합니다.
2026-06-10 10:25:46,044 - INFO - [CANCEL] 주문 취소 요청: 005930, 주문번호: 0000014988
2026-06-10 10:25:49,931 - INFO - 주문 취소 성공! (원주문: 0000014988)
2026-06-10 10:25:49,958 - INFO - 상태 전환 완료: HOLDING
2026-06-10 10:25:54,385 - INFO - 계좌 예수금: 9583572원
2026-06-10 10:25:54,386 - INFO - [005930] 보유: 1주, 매도 가능: 1주, 평단가: 309,500원
2026-06-10 10:25:54,399 - INFO - 미실현 손익: -2,500원 (-0.81%), 최고 수익률: 0.16%
2026-06-10 10:25:54,413 - INFO - 매도 조건 충족: 평단가(309,500), 현재가(307,000) -> 목표가(311,500원) (보수적 상향 보정)
2026-06-10 10:25:54,414 - INFO - [SELL] 주문 요청: 005930, 1주, 311500원
2026-06-10 10:25:59,588 - INFO - 주문 성공! 주문번호: 0000015088
2026-06-10 10:25:59,617 - INFO - 60초 후 다음 확인을 진행합니다. (현재 상태: SELLING)
2026-06-10 10:27:02,079 - INFO - [005930] 현재가: 307500, 고가: 314500, 저가: 305000
2026-06-10 10:27:02,080 - WARNING - ⚠️ 주문 고착 감지: 가격 이탈 (현재가:307,500, 목표가:311,500, 차이:4,000). 주문 취소를 시도합니다.
2026-06-10 10:27:02,080 - INFO - [CANCEL] 주문 취소 요청: 005930, 주문번호: 0000015088
2026-06-10 10:27:02,204 - INFO - 주문 취소 성공! (원주문: 0000015088)
2026-06-10 10:27:02,233 - INFO - 상태 전환 완료: HOLDING
2026-06-10 10:27:05,743 - INFO - 계좌 예수금: 9583572원
2026-06-10 10:27:05,743 - INFO - [005930] 보유: 1주, 매도 가능: 1주, 평단가: 309,500원
2026-06-10 10:27:05,757 - INFO - 미실현 손익: -2,000원 (-0.65%), 최고 수익률: 0.16%
2026-06-10 10:27:05,771 - INFO - 매도 조건 충족: 평단가(309,500), 현재가(307,500) -> 목표가(311,500원) (보수적 상향 보정)
2026-06-10 10:27:05,771 - INFO - [SELL] 주문 요청: 005930, 1주, 311500원
2026-06-10 10:27:09,055 - INFO - 주문 성공! 주문번호: 0000015183
2026-06-10 10:27:09,082 - INFO - 60초 후 다음 확인을 진행합니다. (현재 상태: SELLING)
2026-06-10 10:28:09,665 - INFO - [005930] 현재가: 307500, 고가: 314500, 저가: 305000
2026-06-10 10:28:09,665 - WARNING - ⚠️ 주문 고착 감지: 가격 이탈 (현재가:307,500, 목표가:311,500, 차이:4,000). 주문 취소를 시도합니다.
2026-06-10 10:28:09,665 - INFO - [CANCEL] 주문 취소 요청: 005930, 주문번호: 0000015183
2026-06-10 10:28:10,028 - ERROR - POST 요청 실패 (VTTC0013U): 500 Server Error: Internal Server Error for url: https://openapivts.koreainvestment.com:29443/uapi/domestic-stock/v1/trading/order-rvsecncl
2026-06-10 10:28:10,028 - ERROR - 상세 에러: {"rt_cd":"1","msg1":"초당 거래건수를 초과하였습니다.","msg_cd":"EGW00201","message":"EGW00201"}
2026-06-10 10:28:10,031 - ERROR - 주문 취소 실패: 응답 없음
2026-06-10 10:28:10,031 - ERROR - 주문 취소 실패. 다음 루프에서 재시도합니다.
2026-06-10 10:28:15,026 - INFO - 계좌 예수금: 9583572원
2026-06-10 10:28:15,027 - INFO - [005930] 보유: 1주, 매도 가능: 0주, 평단가: 309,500원
2026-06-10 10:28:15,040 - INFO - 미실현 손익: -2,000원 (-0.65%), 최고 수익률: 0.16%
2026-06-10 10:28:15,053 - INFO - 보유 수량(1)에 대해 매도 주문(0000015183)이 진행 중입니다.
2026-06-10 10:28:15,054 - INFO - 60초 후 다음 확인을 진행합니다. (현재 상태: SELLING)
2026-06-10 10:29:15,167 - INFO - [005930] 현재가: 308000, 고가: 314500, 저가: 305000
2026-06-10 10:29:15,168 - WARNING - ⚠️ 주문 고착 감지: 가격 이탈 (현재가:308,000, 목표가:311,500, 차이:3,500). 주문 취소를 시도합니다.
2026-06-10 10:29:15,168 - INFO - [CANCEL] 주문 취소 요청: 005930, 주문번호: 0000015183
2026-06-10 10:29:18,838 - INFO - 주문 취소 성공! (원주문: 0000015183)
2026-06-10 10:29:18,864 - INFO - 상태 전환 완료: HOLDING
2026-06-10 10:29:22,249 - INFO - 계좌 예수금: 9583572원
2026-06-10 10:29:22,250 - INFO - [005930] 보유: 1주, 매도 가능: 1주, 평단가: 309,500원
2026-06-10 10:29:22,260 - INFO - 미실현 손익: -1,500원 (-0.48%), 최고 수익률: 0.16%
2026-06-10 10:29:22,275 - INFO - 매도 조건 충족: 평단가(309,500), 현재가(308,000) -> 목표가(311,500원) (보수적 상향 보정)
2026-06-10 10:29:22,276 - INFO - [SELL] 주문 요청: 005930, 1주, 311500원
2026-06-10 10:29:24,968 - INFO - 주문 성공! 주문번호: 0000015388
2026-06-10 10:29:24,997 - INFO - 60초 후 다음 확인을 진행합니다. (현재 상태: SELLING)
2026-06-10 10:30:28,262 - INFO - [005930] 현재가: 307000, 고가: 314500, 저가: 305000
2026-06-10 10:30:28,262 - WARNING - ⚠️ 주문 고착 감지: 가격 이탈 (현재가:307,000, 목표가:311,500, 차이:4,500). 주문 취소를 시도합니다.
2026-06-10 10:30:28,262 - INFO - [CANCEL] 주문 취소 요청: 005930, 주문번호: 0000015388
2026-06-10 10:30:30,786 - INFO - 주문 취소 성공! (원주문: 0000015388)
2026-06-10 10:30:30,813 - INFO - 상태 전환 완료: HOLDING
2026-06-10 10:30:38,983 - INFO - 계좌 예수금: 9583572원
2026-06-10 10:30:38,984 - INFO - [005930] 보유: 1주, 매도 가능: 1주, 평단가: 309,500원
2026-06-10 10:30:38,998 - INFO - 미실현 손익: -2,500원 (-0.81%), 최고 수익률: 0.16%
2026-06-10 10:30:39,012 - INFO - 매도 조건 충족: 평단가(309,500), 현재가(307,000) -> 목표가(311,500원) (보수적 상향 보정)
2026-06-10 10:30:39,012 - INFO - [SELL] 주문 요청: 005930, 1주, 311500원
2026-06-10 10:30:41,287 - INFO - 주문 성공! 주문번호: 0000015506
2026-06-10 10:30:41,314 - INFO - 60초 후 다음 확인을 진행합니다. (현재 상태: SELLING)
2026-06-10 10:31:42,099 - INFO - [005930] 현재가: 306500, 고가: 314500, 저가: 305000
2026-06-10 10:31:42,099 - WARNING - ⚠️ 주문 고착 감지: 가격 이탈 (현재가:306,500, 목표가:311,500, 차이:5,000). 주문 취소를 시도합니다.
2026-06-10 10:31:42,100 - INFO - [CANCEL] 주문 취소 요청: 005930, 주문번호: 0000015506
2026-06-10 10:31:44,507 - INFO - 주문 취소 성공! (원주문: 0000015506)
2026-06-10 10:31:44,533 - INFO - 상태 전환 완료: HOLDING
2026-06-10 10:31:49,449 - INFO - 계좌 예수금: 9583572원
2026-06-10 10:31:49,450 - INFO - [005930] 보유: 1주, 매도 가능: 1주, 평단가: 309,500원
2026-06-10 10:31:49,461 - INFO - 미실현 손익: -3,000원 (-0.97%), 최고 수익률: 0.16%
2026-06-10 10:31:49,477 - INFO - 매도 조건 충족: 평단가(309,500), 현재가(306,500) -> 목표가(311,500원) (보수적 상향 보정)
2026-06-10 10:31:49,477 - INFO - [SELL] 주문 요청: 005930, 1주, 311500원
2026-06-10 10:31:51,695 - INFO - 주문 성공! 주문번호: 0000015633
2026-06-10 10:31:51,726 - INFO - 60초 후 다음 확인을 진행합니다. (현재 상태: SELLING)
2026-06-10 10:32:51,902 - INFO - [005930] 현재가: 307000, 고가: 314500, 저가: 305000
2026-06-10 10:32:51,903 - WARNING - ⚠️ 주문 고착 감지: 가격 이탈 (현재가:307,000, 목표가:311,500, 차이:4,500). 주문 취소를 시도합니다.
2026-06-10 10:32:51,903 - INFO - [CANCEL] 주문 취소 요청: 005930, 주문번호: 0000015633
2026-06-10 10:32:52,360 - ERROR - POST 요청 실패 (VTTC0013U): 500 Server Error: Internal Server Error for url: https://openapivts.koreainvestment.com:29443/uapi/domestic-stock/v1/trading/order-rvsecncl
2026-06-10 10:32:52,360 - ERROR - 상세 에러: {"rt_cd":"1","msg1":"초당 거래건수를 초과하였습니다.","msg_cd":"EGW00201","message":"EGW00201"}
2026-06-10 10:32:52,362 - ERROR - 주문 취소 실패: 응답 없음
2026-06-10 10:32:52,362 - ERROR - 주문 취소 실패. 다음 루프에서 재시도합니다.
2026-06-10 10:32:57,838 - INFO - 계좌 예수금: 9583572원
2026-06-10 10:32:57,838 - INFO - [005930] 보유: 1주, 매도 가능: 0주, 평단가: 309,500원
2026-06-10 10:32:57,852 - INFO - 미실현 손익: -2,500원 (-0.81%), 최고 수익률: 0.16%
2026-06-10 10:32:57,867 - INFO - 보유 수량(1)에 대해 매도 주문(0000015633)이 진행 중입니다.
2026-06-10 10:32:57,867 - INFO - 60초 후 다음 확인을 진행합니다. (현재 상태: SELLING)
2026-06-10 10:33:57,982 - ERROR - GET 요청 실패 (FHKST01010100): 500 Server Error: Internal Server Error for url: https://openapivts.koreainvestment.com:29443/uapi/domestic-stock/v1/quotations/inquire-price?FID_COND_MRKT_DIV_CODE=J&FID_INPUT_ISCD=005930
2026-06-10 10:33:57,983 - ERROR - 상세 에러: {"rt_cd":"1","msg1":"기간이 만료된 token 입니다.","msg_cd":"EGW00123"}
2026-06-10 10:33:57,984 - WARNING - [005930] 현재가를 가져오는데 실패했습니다. 10초 후 재시도합니다.
2026-06-10 10:34:08,155 - ERROR - GET 요청 실패 (FHKST01010100): 500 Server Error: Internal Server Error for url: https://openapivts.koreainvestment.com:29443/uapi/domestic-stock/v1/quotations/inquire-price?FID_COND_MRKT_DIV_CODE=J&FID_INPUT_ISCD=005930
2026-06-10 10:34:08,156 - ERROR - 상세 에러: {"rt_cd":"1","msg1":"기간이 만료된 token 입니다.","msg_cd":"EGW00123"}
2026-06-10 10:34:08,158 - WARNING - [005930] 현재가를 가져오는데 실패했습니다. 10초 후 재시도합니다.
2026-06-10 10:34:18,227 - ERROR - GET 요청 실패 (FHKST01010100): 500 Server Error: Internal Server Error for url: https://openapivts.koreainvestment.com:29443/uapi/domestic-stock/v1/quotations/inquire-price?FID_COND_MRKT_DIV_CODE=J&FID_INPUT_ISCD=005930
2026-06-10 10:34:18,228 - ERROR - 상세 에러: {"rt_cd":"1","msg1":"기간이 만료된 token 입니다.","msg_cd":"EGW00123"}
2026-06-10 10:34:18,229 - WARNING - [005930] 현재가를 가져오는데 실패했습니다. 10초 후 재시도합니다.
2026-06-10 10:34:29,532 - ERROR - GET 요청 실패 (FHKST01010100): 500 Server Error: Internal Server Error for url: https://openapivts.koreainvestment.com:29443/uapi/domestic-stock/v1/quotations/inquire-price?FID_COND_MRKT_DIV_CODE=J&FID_INPUT_ISCD=005930
2026-06-10 10:34:29,533 - ERROR - 상세 에러: {"rt_cd":"1","msg1":"기간이 만료된 token 입니다.","msg_cd":"EGW00123"}
2026-06-10 10:34:29,535 - WARNING - [005930] 현재가를 가져오는데 실패했습니다. 10초 후 재시도합니다.
2026-06-10 10:34:39,608 - ERROR - GET 요청 실패 (FHKST01010100): 500 Server Error: Internal Server Error for url: https://openapivts.koreainvestment.com:29443/uapi/domestic-stock/v1/quotations/inquire-price?FID_COND_MRKT_DIV_CODE=J&FID_INPUT_ISCD=005930
2026-06-10 10:34:39,608 - ERROR - 상세 에러: {"rt_cd":"1","msg1":"기간이 만료된 token 입니다.","msg_cd":"EGW00123"}
2026-06-10 10:34:39,610 - WARNING - [005930] 현재가를 가져오는데 실패했습니다. 10초 후 재시도합니다.
2026-06-10 10:34:50,976 - ERROR - GET 요청 실패 (FHKST01010100): 500 Server Error: Internal Server Error for url: https://openapivts.koreainvestment.com:29443/uapi/domestic-stock/v1/quotations/inquire-price?FID_COND_MRKT_DIV_CODE=J&FID_INPUT_ISCD=005930
2026-06-10 10:34:50,976 - ERROR - 상세 에러: {"rt_cd":"1","msg1":"기간이 만료된 token 입니다.","msg_cd":"EGW00123"}
2026-06-10 10:34:50,978 - WARNING - [005930] 현재가를 가져오는데 실패했습니다. 10초 후 재시도합니다.
2026-06-10 10:35:04,691 - ERROR - GET 요청 실패 (FHKST01010100): 500 Server Error: Internal Server Error for url: https://openapivts.koreainvestment.com:29443/uapi/domestic-stock/v1/quotations/inquire-price?FID_COND_MRKT_DIV_CODE=J&FID_INPUT_ISCD=005930
2026-06-10 10:35:04,691 - ERROR - 상세 에러: {"rt_cd":"1","msg1":"기간이 만료된 token 입니다.","msg_cd":"EGW00123"}
2026-06-10 10:35:04,693 - WARNING - [005930] 현재가를 가져오는데 실패했습니다. 10초 후 재시도합니다.
2026-06-10 10:35:19,932 - ERROR - GET 요청 실패 (FHKST01010100): 500 Server Error: Internal Server Error for url: https://openapivts.koreainvestment.com:29443/uapi/domestic-stock/v1/quotations/inquire-price?FID_COND_MRKT_DIV_CODE=J&FID_INPUT_ISCD=005930
2026-06-10 10:35:19,932 - ERROR - 상세 에러: {"rt_cd":"1","msg1":"기간이 만료된 token 입니다.","msg_cd":"EGW00123"}
2026-06-10 10:35:19,935 - WARNING - [005930] 현재가를 가져오는데 실패했습니다. 10초 후 재시도합니다.
2026-06-10 10:35:33,243 - ERROR - GET 요청 실패 (FHKST01010100): 500 Server Error: Internal Server Error for url: https://openapivts.koreainvestment.com:29443/uapi/domestic-stock/v1/quotations/inquire-price?FID_COND_MRKT_DIV_CODE=J&FID_INPUT_ISCD=005930
2026-06-10 10:35:33,244 - ERROR - 상세 에러: {"rt_cd":"1","msg1":"기간이 만료된 token 입니다.","msg_cd":"EGW00123"}
2026-06-10 10:35:33,245 - WARNING - [005930] 현재가를 가져오는데 실패했습니다. 10초 후 재시도합니다.
2026-06-10 10:35:45,286 - ERROR - GET 요청 실패 (FHKST01010100): 500 Server Error: Internal Server Error for url: https://openapivts.koreainvestment.com:29443/uapi/domestic-stock/v1/quotations/inquire-price?FID_COND_MRKT_DIV_CODE=J&FID_INPUT_ISCD=005930
2026-06-10 10:35:45,286 - ERROR - 상세 에러: {"rt_cd":"1","msg1":"기간이 만료된 token 입니다.","msg_cd":"EGW00123"}
2026-06-10 10:35:45,288 - WARNING - [005930] 현재가를 가져오는데 실패했습니다. 10초 후 재시도합니다.
2026-06-10 10:35:55,404 - ERROR - GET 요청 실패 (FHKST01010100): 500 Server Error: Internal Server Error for url: https://openapivts.koreainvestment.com:29443/uapi/domestic-stock/v1/quotations/inquire-price?FID_COND_MRKT_DIV_CODE=J&FID_INPUT_ISCD=005930
2026-06-10 10:35:55,404 - ERROR - 상세 에러: {"rt_cd":"1","msg1":"기간이 만료된 token 입니다.","msg_cd":"EGW00123"}
2026-06-10 10:35:55,406 - WARNING - [005930] 현재가를 가져오는데 실패했습니다. 10초 후 재시도합니다.
2026-06-10 10:36:09,090 - ERROR - GET 요청 실패 (FHKST01010100): 500 Server Error: Internal Server Error for url: https://openapivts.koreainvestment.com:29443/uapi/domestic-stock/v1/quotations/inquire-price?FID_COND_MRKT_DIV_CODE=J&FID_INPUT_ISCD=005930
2026-06-10 10:36:09,091 - ERROR - 상세 에러: {"rt_cd":"1","msg1":"기간이 만료된 token 입니다.","msg_cd":"EGW00123"}
2026-06-10 10:36:09,093 - WARNING - [005930] 현재가를 가져오는데 실패했습니다. 10초 후 재시도합니다.
2026-06-10 10:36:19,505 - ERROR - GET 요청 실패 (FHKST01010100): 500 Server Error: Internal Server Error for url: https://openapivts.koreainvestment.com:29443/uapi/domestic-stock/v1/quotations/inquire-price?FID_COND_MRKT_DIV_CODE=J&FID_INPUT_ISCD=005930
2026-06-10 10:36:19,505 - ERROR - 상세 에러: {"rt_cd":"1","msg1":"기간이 만료된 token 입니다.","msg_cd":"EGW00123"}
2026-06-10 10:36:19,507 - WARNING - [005930] 현재가를 가져오는데 실패했습니다. 10초 후 재시도합니다.
2026-06-10 10:36:31,597 - ERROR - GET 요청 실패 (FHKST01010100): 500 Server Error: Internal Server Error for url: https://openapivts.koreainvestment.com:29443/uapi/domestic-stock/v1/quotations/inquire-price?FID_COND_MRKT_DIV_CODE=J&FID_INPUT_ISCD=005930
2026-06-10 10:36:31,597 - ERROR - 상세 에러: {"rt_cd":"1","msg1":"기간이 만료된 token 입니다.","msg_cd":"EGW00123"}
2026-06-10 10:36:31,599 - WARNING - [005930] 현재가를 가져오는데 실패했습니다. 10초 후 재시도합니다.
2026-06-10 10:36:41,706 - ERROR - GET 요청 실패 (FHKST01010100): 500 Server Error: Internal Server Error for url: https://openapivts.koreainvestment.com:29443/uapi/domestic-stock/v1/quotations/inquire-price?FID_COND_MRKT_DIV_CODE=J&FID_INPUT_ISCD=005930
2026-06-10 10:36:41,706 - ERROR - 상세 에러: {"rt_cd":"1","msg1":"기간이 만료된 token 입니다.","msg_cd":"EGW00123"}
2026-06-10 10:36:41,708 - WARNING - [005930] 현재가를 가져오는데 실패했습니다. 10초 후 재시도합니다.
2026-06-10 10:36:51,901 - ERROR - GET 요청 실패 (FHKST01010100): 500 Server Error: Internal Server Error for url: https://openapivts.koreainvestment.com:29443/uapi/domestic-stock/v1/quotations/inquire-price?FID_COND_MRKT_DIV_CODE=J&FID_INPUT_ISCD=005930
2026-06-10 10:36:51,901 - ERROR - 상세 에러: {"rt_cd":"1","msg1":"기간이 만료된 token 입니다.","msg_cd":"EGW00123"}
2026-06-10 10:36:51,904 - WARNING - [005930] 현재가를 가져오는데 실패했습니다. 10초 후 재시도합니다.
2026-06-10 10:37:03,010 - ERROR - GET 요청 실패 (FHKST01010100): 500 Server Error: Internal Server Error for url: https://openapivts.koreainvestment.com:29443/uapi/domestic-stock/v1/quotations/inquire-price?FID_COND_MRKT_DIV_CODE=J&FID_INPUT_ISCD=005930
2026-06-10 10:37:03,011 - ERROR - 상세 에러: {"rt_cd":"1","msg1":"기간이 만료된 token 입니다.","msg_cd":"EGW00123"}
2026-06-10 10:37:03,012 - WARNING - [005930] 현재가를 가져오는데 실패했습니다. 10초 후 재시도합니다.
2026-06-10 10:37:14,985 - ERROR - GET 요청 실패 (FHKST01010100): 500 Server Error: Internal Server Error for url: https://openapivts.koreainvestment.com:29443/uapi/domestic-stock/v1/quotations/inquire-price?FID_COND_MRKT_DIV_CODE=J&FID_INPUT_ISCD=005930
2026-06-10 10:37:14,985 - ERROR - 상세 에러: {"rt_cd":"1","msg1":"기간이 만료된 token 입니다.","msg_cd":"EGW00123"}
2026-06-10 10:37:14,987 - WARNING - [005930] 현재가를 가져오는데 실패했습니다. 10초 후 재시도합니다.
2026-06-10 10:37:25,080 - ERROR - GET 요청 실패 (FHKST01010100): 500 Server Error: Internal Server Error for url: https://openapivts.koreainvestment.com:29443/uapi/domestic-stock/v1/quotations/inquire-price?FID_COND_MRKT_DIV_CODE=J&FID_INPUT_ISCD=005930
2026-06-10 10:37:25,080 - ERROR - 상세 에러: {"rt_cd":"1","msg1":"기간이 만료된 token 입니다.","msg_cd":"EGW00123"}
2026-06-10 10:37:25,083 - WARNING - [005930] 현재가를 가져오는데 실패했습니다. 10초 후 재시도합니다.
2026-06-10 10:37:35,170 - ERROR - GET 요청 실패 (FHKST01010100): 500 Server Error: Internal Server Error for url: https://openapivts.koreainvestment.com:29443/uapi/domestic-stock/v1/quotations/inquire-price?FID_COND_MRKT_DIV_CODE=J&FID_INPUT_ISCD=005930
2026-06-10 10:37:35,170 - ERROR - 상세 에러: {"rt_cd":"1","msg1":"기간이 만료된 token 입니다.","msg_cd":"EGW00123"}
2026-06-10 10:37:35,172 - WARNING - [005930] 현재가를 가져오는데 실패했습니다. 10초 후 재시도합니다.
2026-06-10 10:37:45,255 - ERROR - GET 요청 실패 (FHKST01010100): 500 Server Error: Internal Server Error for url: https://openapivts.koreainvestment.com:29443/uapi/domestic-stock/v1/quotations/inquire-price?FID_COND_MRKT_DIV_CODE=J&FID_INPUT_ISCD=005930
2026-06-10 10:37:45,256 - ERROR - 상세 에러: {"rt_cd":"1","msg1":"기간이 만료된 token 입니다.","msg_cd":"EGW00123"}
2026-06-10 10:37:45,258 - WARNING - [005930] 현재가를 가져오는데 실패했습니다. 10초 후 재시도합니다.
2026-06-10 10:37:56,894 - ERROR - GET 요청 실패 (FHKST01010100): 500 Server Error: Internal Server Error for url: https://openapivts.koreainvestment.com:29443/uapi/domestic-stock/v1/quotations/inquire-price?FID_COND_MRKT_DIV_CODE=J&FID_INPUT_ISCD=005930
2026-06-10 10:37:56,895 - ERROR - 상세 에러: {"rt_cd":"1","msg1":"기간이 만료된 token 입니다.","msg_cd":"EGW00123"}
2026-06-10 10:37:56,896 - WARNING - [005930] 현재가를 가져오는데 실패했습니다. 10초 후 재시도합니다.
2026-06-10 10:38:06,971 - ERROR - GET 요청 실패 (FHKST01010100): 500 Server Error: Internal Server Error for url: https://openapivts.koreainvestment.com:29443/uapi/domestic-stock/v1/quotations/inquire-price?FID_COND_MRKT_DIV_CODE=J&FID_INPUT_ISCD=005930
2026-06-10 10:38:06,972 - ERROR - 상세 에러: {"rt_cd":"1","msg1":"기간이 만료된 token 입니다.","msg_cd":"EGW00123"}
2026-06-10 10:38:06,973 - WARNING - [005930] 현재가를 가져오는데 실패했습니다. 10초 후 재시도합니다.
2026-06-10 10:38:19,828 - ERROR - GET 요청 실패 (FHKST01010100): 500 Server Error: Internal Server Error for url: https://openapivts.koreainvestment.com:29443/uapi/domestic-stock/v1/quotations/inquire-price?FID_COND_MRKT_DIV_CODE=J&FID_INPUT_ISCD=005930
2026-06-10 10:38:19,828 - ERROR - 상세 에러: {"rt_cd":"1","msg1":"기간이 만료된 token 입니다.","msg_cd":"EGW00123"}
2026-06-10 10:38:19,830 - WARNING - [005930] 현재가를 가져오는데 실패했습니다. 10초 후 재시도합니다.
2026-06-10 10:38:29,927 - ERROR - GET 요청 실패 (FHKST01010100): 500 Server Error: Internal Server Error for url: https://openapivts.koreainvestment.com:29443/uapi/domestic-stock/v1/quotations/inquire-price?FID_COND_MRKT_DIV_CODE=J&FID_INPUT_ISCD=005930
2026-06-10 10:38:29,927 - ERROR - 상세 에러: {"rt_cd":"1","msg1":"기간이 만료된 token 입니다.","msg_cd":"EGW00123"}
2026-06-10 10:38:29,930 - WARNING - [005930] 현재가를 가져오는데 실패했습니다. 10초 후 재시도합니다.
2026-06-10 10:38:43,008 - ERROR - GET 요청 실패 (FHKST01010100): 500 Server Error: Internal Server Error for url: https://openapivts.koreainvestment.com:29443/uapi/domestic-stock/v1/quotations/inquire-price?FID_COND_MRKT_DIV_CODE=J&FID_INPUT_ISCD=005930
2026-06-10 10:38:43,009 - ERROR - 상세 에러: {"rt_cd":"1","msg1":"기간이 만료된 token 입니다.","msg_cd":"EGW00123"}
2026-06-10 10:38:43,011 - WARNING - [005930] 현재가를 가져오는데 실패했습니다. 10초 후 재시도합니다.
2026-06-10 10:38:53,109 - ERROR - GET 요청 실패 (FHKST01010100): 500 Server Error: Internal Server Error for url: https://openapivts.koreainvestment.com:29443/uapi/domestic-stock/v1/quotations/inquire-price?FID_COND_MRKT_DIV_CODE=J&FID_INPUT_ISCD=005930
2026-06-10 10:38:53,109 - ERROR - 상세 에러: {"rt_cd":"1","msg1":"기간이 만료된 token 입니다.","msg_cd":"EGW00123"}
2026-06-10 10:38:53,111 - WARNING - [005930] 현재가를 가져오는데 실패했습니다. 10초 후 재시도합니다.
2026-06-10 10:39:06,825 - ERROR - GET 요청 실패 (FHKST01010100): 500 Server Error: Internal Server Error for url: https://openapivts.koreainvestment.com:29443/uapi/domestic-stock/v1/quotations/inquire-price?FID_COND_MRKT_DIV_CODE=J&FID_INPUT_ISCD=005930
2026-06-10 10:39:06,825 - ERROR - 상세 에러: {"rt_cd":"1","msg1":"기간이 만료된 token 입니다.","msg_cd":"EGW00123"}
2026-06-10 10:39:06,828 - WARNING - [005930] 현재가를 가져오는데 실패했습니다. 10초 후 재시도합니다.
2026-06-10 10:39:18,856 - ERROR - GET 요청 실패 (FHKST01010100): 500 Server Error: Internal Server Error for url: https://openapivts.koreainvestment.com:29443/uapi/domestic-stock/v1/quotations/inquire-price?FID_COND_MRKT_DIV_CODE=J&FID_INPUT_ISCD=005930
2026-06-10 10:39:18,856 - ERROR - 상세 에러: {"rt_cd":"1","msg1":"기간이 만료된 token 입니다.","msg_cd":"EGW00123"}
2026-06-10 10:39:18,858 - WARNING - [005930] 현재가를 가져오는데 실패했습니다. 10초 후 재시도합니다.
2026-06-10 10:39:29,883 - ERROR - GET 요청 실패 (FHKST01010100): 500 Server Error: Internal Server Error for url: https://openapivts.koreainvestment.com:29443/uapi/domestic-stock/v1/quotations/inquire-price?FID_COND_MRKT_DIV_CODE=J&FID_INPUT_ISCD=005930
2026-06-10 10:39:29,884 - ERROR - 상세 에러: {"rt_cd":"1","msg1":"기간이 만료된 token 입니다.","msg_cd":"EGW00123"}
2026-06-10 10:39:29,885 - WARNING - [005930] 현재가를 가져오는데 실패했습니다. 10초 후 재시도합니다.
2026-06-10 10:39:41,959 - ERROR - GET 요청 실패 (FHKST01010100): 500 Server Error: Internal Server Error for url: https://openapivts.koreainvestment.com:29443/uapi/domestic-stock/v1/quotations/inquire-price?FID_COND_MRKT_DIV_CODE=J&FID_INPUT_ISCD=005930
2026-06-10 10:39:41,959 - ERROR - 상세 에러: {"rt_cd":"1","msg1":"기간이 만료된 token 입니다.","msg_cd":"EGW00123"}
2026-06-10 10:39:41,961 - WARNING - [005930] 현재가를 가져오는데 실패했습니다. 10초 후 재시도합니다.
2026-06-10 10:39:52,053 - ERROR - GET 요청 실패 (FHKST01010100): 500 Server Error: Internal Server Error for url: https://openapivts.koreainvestment.com:29443/uapi/domestic-stock/v1/quotations/inquire-price?FID_COND_MRKT_DIV_CODE=J&FID_INPUT_ISCD=005930
2026-06-10 10:39:52,053 - ERROR - 상세 에러: {"rt_cd":"1","msg1":"기간이 만료된 token 입니다.","msg_cd":"EGW00123"}
2026-06-10 10:39:52,055 - WARNING - [005930] 현재가를 가져오는데 실패했습니다. 10초 후 재시도합니다.
2026-06-10 10:40:02,152 - ERROR - GET 요청 실패 (FHKST01010100): 500 Server Error: Internal Server Error for url: https://openapivts.koreainvestment.com:29443/uapi/domestic-stock/v1/quotations/inquire-price?FID_COND_MRKT_DIV_CODE=J&FID_INPUT_ISCD=005930
2026-06-10 10:40:02,152 - ERROR - 상세 에러: {"rt_cd":"1","msg1":"기간이 만료된 token 입니다.","msg_cd":"EGW00123"}
2026-06-10 10:40:02,154 - WARNING - [005930] 현재가를 가져오는데 실패했습니다. 10초 후 재시도합니다.
2026-06-10 10:40:17,129 - ERROR - GET 요청 실패 (FHKST01010100): 500 Server Error: Internal Server Error for url: https://openapivts.koreainvestment.com:29443/uapi/domestic-stock/v1/quotations/inquire-price?FID_COND_MRKT_DIV_CODE=J&FID_INPUT_ISCD=005930
2026-06-10 10:40:17,129 - ERROR - 상세 에러: {"rt_cd":"1","msg1":"기간이 만료된 token 입니다.","msg_cd":"EGW00123"}
2026-06-10 10:40:17,131 - WARNING - [005930] 현재가를 가져오는데 실패했습니다. 10초 후 재시도합니다.
2026-06-10 10:40:30,750 - ERROR - GET 요청 실패 (FHKST01010100): 500 Server Error: Internal Server Error for url: https://openapivts.koreainvestment.com:29443/uapi/domestic-stock/v1/quotations/inquire-price?FID_COND_MRKT_DIV_CODE=J&FID_INPUT_ISCD=005930
2026-06-10 10:40:30,751 - ERROR - 상세 에러: {"rt_cd":"1","msg1":"기간이 만료된 token 입니다.","msg_cd":"EGW00123"}
2026-06-10 10:40:30,753 - WARNING - [005930] 현재가를 가져오는데 실패했습니다. 10초 후 재시도합니다.
2026-06-10 10:40:44,307 - ERROR - GET 요청 실패 (FHKST01010100): 500 Server Error: Internal Server Error for url: https://openapivts.koreainvestment.com:29443/uapi/domestic-stock/v1/quotations/inquire-price?FID_COND_MRKT_DIV_CODE=J&FID_INPUT_ISCD=005930
2026-06-10 10:40:44,308 - ERROR - 상세 에러: {"rt_cd":"1","msg1":"기간이 만료된 token 입니다.","msg_cd":"EGW00123"}
2026-06-10 10:40:44,309 - WARNING - [005930] 현재가를 가져오는데 실패했습니다. 10초 후 재시도합니다.
2026-06-10 10:40:54,668 - ERROR - GET 요청 실패 (FHKST01010100): 500 Server Error: Internal Server Error for url: https://openapivts.koreainvestment.com:29443/uapi/domestic-stock/v1/quotations/inquire-price?FID_COND_MRKT_DIV_CODE=J&FID_INPUT_ISCD=005930
2026-06-10 10:40:54,668 - ERROR - 상세 에러: {"rt_cd":"1","msg1":"기간이 만료된 token 입니다.","msg_cd":"EGW00123"}
2026-06-10 10:40:54,670 - WARNING - [005930] 현재가를 가져오는데 실패했습니다. 10초 후 재시도합니다.
2026-06-10 10:41:05,472 - ERROR - GET 요청 실패 (FHKST01010100): 500 Server Error: Internal Server Error for url: https://openapivts.koreainvestment.com:29443/uapi/domestic-stock/v1/quotations/inquire-price?FID_COND_MRKT_DIV_CODE=J&FID_INPUT_ISCD=005930
2026-06-10 10:41:05,472 - ERROR - 상세 에러: {"rt_cd":"1","msg1":"기간이 만료된 token 입니다.","msg_cd":"EGW00123"}
2026-06-10 10:41:05,474 - WARNING - [005930] 현재가를 가져오는데 실패했습니다. 10초 후 재시도합니다.
2026-06-10 10:41:20,099 - ERROR - GET 요청 실패 (FHKST01010100): 500 Server Error: Internal Server Error for url: https://openapivts.koreainvestment.com:29443/uapi/domestic-stock/v1/quotations/inquire-price?FID_COND_MRKT_DIV_CODE=J&FID_INPUT_ISCD=005930
2026-06-10 10:41:20,099 - ERROR - 상세 에러: {"rt_cd":"1","msg1":"기간이 만료된 token 입니다.","msg_cd":"EGW00123"}
2026-06-10 10:41:20,101 - WARNING - [005930] 현재가를 가져오는데 실패했습니다. 10초 후 재시도합니다.
2026-06-10 10:41:30,178 - ERROR - GET 요청 실패 (FHKST01010100): 500 Server Error: Internal Server Error for url: https://openapivts.koreainvestment.com:29443/uapi/domestic-stock/v1/quotations/inquire-price?FID_COND_MRKT_DIV_CODE=J&FID_INPUT_ISCD=005930
2026-06-10 10:41:30,179 - ERROR - 상세 에러: {"rt_cd":"1","msg1":"기간이 만료된 token 입니다.","msg_cd":"EGW00123"}
2026-06-10 10:41:30,180 - WARNING - [005930] 현재가를 가져오는데 실패했습니다. 10초 후 재시도합니다.
2026-06-10 10:41:42,087 - ERROR - GET 요청 실패 (FHKST01010100): 500 Server Error: Internal Server Error for url: https://openapivts.koreainvestment.com:29443/uapi/domestic-stock/v1/quotations/inquire-price?FID_COND_MRKT_DIV_CODE=J&FID_INPUT_ISCD=005930
2026-06-10 10:41:42,087 - ERROR - 상세 에러: {"rt_cd":"1","msg1":"기간이 만료된 token 입니다.","msg_cd":"EGW00123"}
2026-06-10 10:41:42,089 - WARNING - [005930] 현재가를 가져오는데 실패했습니다. 10초 후 재시도합니다.
2026-06-10 10:41:54,004 - ERROR - GET 요청 실패 (FHKST01010100): 500 Server Error: Internal Server Error for url: https://openapivts.koreainvestment.com:29443/uapi/domestic-stock/v1/quotations/inquire-price?FID_COND_MRKT_DIV_CODE=J&FID_INPUT_ISCD=005930
2026-06-10 10:41:54,004 - ERROR - 상세 에러: {"rt_cd":"1","msg1":"기간이 만료된 token 입니다.","msg_cd":"EGW00123"}
2026-06-10 10:41:54,006 - WARNING - [005930] 현재가를 가져오는데 실패했습니다. 10초 후 재시도합니다.
2026-06-10 10:42:05,682 - ERROR - GET 요청 실패 (FHKST01010100): 500 Server Error: Internal Server Error for url: https://openapivts.koreainvestment.com:29443/uapi/domestic-stock/v1/quotations/inquire-price?FID_COND_MRKT_DIV_CODE=J&FID_INPUT_ISCD=005930
2026-06-10 10:42:05,683 - ERROR - 상세 에러: {"rt_cd":"1","msg1":"기간이 만료된 token 입니다.","msg_cd":"EGW00123"}
2026-06-10 10:42:05,684 - WARNING - [005930] 현재가를 가져오는데 실패했습니다. 10초 후 재시도합니다.
2026-06-10 10:42:16,855 - ERROR - GET 요청 실패 (FHKST01010100): 500 Server Error: Internal Server Error for url: https://openapivts.koreainvestment.com:29443/uapi/domestic-stock/v1/quotations/inquire-price?FID_COND_MRKT_DIV_CODE=J&FID_INPUT_ISCD=005930
2026-06-10 10:42:16,855 - ERROR - 상세 에러: {"rt_cd":"1","msg1":"기간이 만료된 token 입니다.","msg_cd":"EGW00123"}
2026-06-10 10:42:16,858 - WARNING - [005930] 현재가를 가져오는데 실패했습니다. 10초 후 재시도합니다.
2026-06-10 10:42:26,933 - ERROR - GET 요청 실패 (FHKST01010100): 500 Server Error: Internal Server Error for url: https://openapivts.koreainvestment.com:29443/uapi/domestic-stock/v1/quotations/inquire-price?FID_COND_MRKT_DIV_CODE=J&FID_INPUT_ISCD=005930
2026-06-10 10:42:26,933 - ERROR - 상세 에러: {"rt_cd":"1","msg1":"기간이 만료된 token 입니다.","msg_cd":"EGW00123"}
2026-06-10 10:42:26,935 - WARNING - [005930] 현재가를 가져오는데 실패했습니다. 10초 후 재시도합니다.
2026-06-10 10:42:38,374 - ERROR - GET 요청 실패 (FHKST01010100): 500 Server Error: Internal Server Error for url: https://openapivts.koreainvestment.com:29443/uapi/domestic-stock/v1/quotations/inquire-price?FID_COND_MRKT_DIV_CODE=J&FID_INPUT_ISCD=005930
2026-06-10 10:42:38,374 - ERROR - 상세 에러: {"rt_cd":"1","msg1":"기간이 만료된 token 입니다.","msg_cd":"EGW00123"}
2026-06-10 10:42:38,376 - WARNING - [005930] 현재가를 가져오는데 실패했습니다. 10초 후 재시도합니다.
2026-06-10 10:42:50,063 - ERROR - GET 요청 실패 (FHKST01010100): 500 Server Error: Internal Server Error for url: https://openapivts.koreainvestment.com:29443/uapi/domestic-stock/v1/quotations/inquire-price?FID_COND_MRKT_DIV_CODE=J&FID_INPUT_ISCD=005930
2026-06-10 10:42:50,064 - ERROR - 상세 에러: {"rt_cd":"1","msg1":"기간이 만료된 token 입니다.","msg_cd":"EGW00123"}
2026-06-10 10:42:50,065 - WARNING - [005930] 현재가를 가져오는데 실패했습니다. 10초 후 재시도합니다.
2026-06-10 10:43:00,188 - ERROR - GET 요청 실패 (FHKST01010100): 500 Server Error: Internal Server Error for url: https://openapivts.koreainvestment.com:29443/uapi/domestic-stock/v1/quotations/inquire-price?FID_COND_MRKT_DIV_CODE=J&FID_INPUT_ISCD=005930
2026-06-10 10:43:00,188 - ERROR - 상세 에러: {"rt_cd":"1","msg1":"기간이 만료된 token 입니다.","msg_cd":"EGW00123"}
2026-06-10 10:43:00,190 - WARNING - [005930] 현재가를 가져오는데 실패했습니다. 10초 후 재시도합니다.
2026-06-10 10:43:13,544 - ERROR - GET 요청 실패 (FHKST01010100): 500 Server Error: Internal Server Error for url: https://openapivts.koreainvestment.com:29443/uapi/domestic-stock/v1/quotations/inquire-price?FID_COND_MRKT_DIV_CODE=J&FID_INPUT_ISCD=005930
2026-06-10 10:43:13,544 - ERROR - 상세 에러: {"rt_cd":"1","msg1":"기간이 만료된 token 입니다.","msg_cd":"EGW00123"}
2026-06-10 10:43:13,545 - WARNING - [005930] 현재가를 가져오는데 실패했습니다. 10초 후 재시도합니다.
2026-06-10 10:43:25,972 - ERROR - GET 요청 실패 (FHKST01010100): 500 Server Error: Internal Server Error for url: https://openapivts.koreainvestment.com:29443/uapi/domestic-stock/v1/quotations/inquire-price?FID_COND_MRKT_DIV_CODE=J&FID_INPUT_ISCD=005930
2026-06-10 10:43:25,973 - ERROR - 상세 에러: {"rt_cd":"1","msg1":"기간이 만료된 token 입니다.","msg_cd":"EGW00123"}
2026-06-10 10:43:25,975 - WARNING - [005930] 현재가를 가져오는데 실패했습니다. 10초 후 재시도합니다.
2026-06-10 10:43:36,068 - ERROR - GET 요청 실패 (FHKST01010100): 500 Server Error: Internal Server Error for url: https://openapivts.koreainvestment.com:29443/uapi/domestic-stock/v1/quotations/inquire-price?FID_COND_MRKT_DIV_CODE=J&FID_INPUT_ISCD=005930
2026-06-10 10:43:36,068 - ERROR - 상세 에러: {"rt_cd":"1","msg1":"기간이 만료된 token 입니다.","msg_cd":"EGW00123"}
2026-06-10 10:43:36,070 - WARNING - [005930] 현재가를 가져오는데 실패했습니다. 10초 후 재시도합니다.
2026-06-10 10:43:48,646 - ERROR - GET 요청 실패 (FHKST01010100): 500 Server Error: Internal Server Error for url: https://openapivts.koreainvestment.com:29443/uapi/domestic-stock/v1/quotations/inquire-price?FID_COND_MRKT_DIV_CODE=J&FID_INPUT_ISCD=005930
2026-06-10 10:43:48,646 - ERROR - 상세 에러: {"rt_cd":"1","msg1":"기간이 만료된 token 입니다.","msg_cd":"EGW00123"}
2026-06-10 10:43:48,648 - WARNING - [005930] 현재가를 가져오는데 실패했습니다. 10초 후 재시도합니다.
2026-06-10 10:43:58,721 - ERROR - GET 요청 실패 (FHKST01010100): 500 Server Error: Internal Server Error for url: https://openapivts.koreainvestment.com:29443/uapi/domestic-stock/v1/quotations/inquire-price?FID_COND_MRKT_DIV_CODE=J&FID_INPUT_ISCD=005930
2026-06-10 10:43:58,721 - ERROR - 상세 에러: {"rt_cd":"1","msg1":"기간이 만료된 token 입니다.","msg_cd":"EGW00123"}
2026-06-10 10:43:58,723 - WARNING - [005930] 현재가를 가져오는데 실패했습니다. 10초 후 재시도합니다.
2026-06-10 10:44:09,611 - ERROR - GET 요청 실패 (FHKST01010100): 500 Server Error: Internal Server Error for url: https://openapivts.koreainvestment.com:29443/uapi/domestic-stock/v1/quotations/inquire-price?FID_COND_MRKT_DIV_CODE=J&FID_INPUT_ISCD=005930
2026-06-10 10:44:09,611 - ERROR - 상세 에러: {"rt_cd":"1","msg1":"기간이 만료된 token 입니다.","msg_cd":"EGW00123"}
2026-06-10 10:44:09,614 - WARNING - [005930] 현재가를 가져오는데 실패했습니다. 10초 후 재시도합니다.
2026-06-10 10:44:20,932 - ERROR - GET 요청 실패 (FHKST01010100): 500 Server Error: Internal Server Error for url: https://openapivts.koreainvestment.com:29443/uapi/domestic-stock/v1/quotations/inquire-price?FID_COND_MRKT_DIV_CODE=J&FID_INPUT_ISCD=005930
2026-06-10 10:44:20,932 - ERROR - 상세 에러: {"rt_cd":"1","msg1":"기간이 만료된 token 입니다.","msg_cd":"EGW00123"}
2026-06-10 10:44:20,934 - WARNING - [005930] 현재가를 가져오는데 실패했습니다. 10초 후 재시도합니다.
2026-06-10 10:44:31,220 - ERROR - GET 요청 실패 (FHKST01010100): 500 Server Error: Internal Server Error for url: https://openapivts.koreainvestment.com:29443/uapi/domestic-stock/v1/quotations/inquire-price?FID_COND_MRKT_DIV_CODE=J&FID_INPUT_ISCD=005930
2026-06-10 10:44:31,220 - ERROR - 상세 에러: {"rt_cd":"1","msg1":"기간이 만료된 token 입니다.","msg_cd":"EGW00123"}
2026-06-10 10:44:31,222 - WARNING - [005930] 현재가를 가져오는데 실패했습니다. 10초 후 재시도합니다.
2026-06-10 10:44:41,362 - ERROR - GET 요청 실패 (FHKST01010100): 500 Server Error: Internal Server Error for url: https://openapivts.koreainvestment.com:29443/uapi/domestic-stock/v1/quotations/inquire-price?FID_COND_MRKT_DIV_CODE=J&FID_INPUT_ISCD=005930
2026-06-10 10:44:41,363 - ERROR - 상세 에러: {"rt_cd":"1","msg1":"기간이 만료된 token 입니다.","msg_cd":"EGW00123"}
2026-06-10 10:44:41,365 - WARNING - [005930] 현재가를 가져오는데 실패했습니다. 10초 후 재시도합니다.
2026-06-10 10:44:51,903 - ERROR - GET 요청 실패 (FHKST01010100): 500 Server Error: Internal Server Error for url: https://openapivts.koreainvestment.com:29443/uapi/domestic-stock/v1/quotations/inquire-price?FID_COND_MRKT_DIV_CODE=J&FID_INPUT_ISCD=005930
2026-06-10 10:44:51,904 - ERROR - 상세 에러: {"rt_cd":"1","msg1":"기간이 만료된 token 입니다.","msg_cd":"EGW00123"}
2026-06-10 10:44:51,905 - WARNING - [005930] 현재가를 가져오는데 실패했습니다. 10초 후 재시도합니다.
2026-06-10 10:45:04,765 - ERROR - GET 요청 실패 (FHKST01010100): 500 Server Error: Internal Server Error for url: https://openapivts.koreainvestment.com:29443/uapi/domestic-stock/v1/quotations/inquire-price?FID_COND_MRKT_DIV_CODE=J&FID_INPUT_ISCD=005930
2026-06-10 10:45:04,766 - ERROR - 상세 에러: {"rt_cd":"1","msg1":"기간이 만료된 token 입니다.","msg_cd":"EGW00123"}
2026-06-10 10:45:04,768 - WARNING - [005930] 현재가를 가져오는데 실패했습니다. 10초 후 재시도합니다.
2026-06-10 10:45:16,988 - ERROR - GET 요청 실패 (FHKST01010100): 500 Server Error: Internal Server Error for url: https://openapivts.koreainvestment.com:29443/uapi/domestic-stock/v1/quotations/inquire-price?FID_COND_MRKT_DIV_CODE=J&FID_INPUT_ISCD=005930
2026-06-10 10:45:16,988 - ERROR - 상세 에러: {"rt_cd":"1","msg1":"기간이 만료된 token 입니다.","msg_cd":"EGW00123"}
2026-06-10 10:45:16,990 - WARNING - [005930] 현재가를 가져오는데 실패했습니다. 10초 후 재시도합니다.
2026-06-10 10:45:28,980 - ERROR - GET 요청 실패 (FHKST01010100): 500 Server Error: Internal Server Error for url: https://openapivts.koreainvestment.com:29443/uapi/domestic-stock/v1/quotations/inquire-price?FID_COND_MRKT_DIV_CODE=J&FID_INPUT_ISCD=005930
2026-06-10 10:45:28,981 - ERROR - 상세 에러: {"rt_cd":"1","msg1":"기간이 만료된 token 입니다.","msg_cd":"EGW00123"}
2026-06-10 10:45:28,983 - WARNING - [005930] 현재가를 가져오는데 실패했습니다. 10초 후 재시도합니다.
2026-06-10 10:45:41,130 - ERROR - GET 요청 실패 (FHKST01010100): 500 Server Error: Internal Server Error for url: https://openapivts.koreainvestment.com:29443/uapi/domestic-stock/v1/quotations/inquire-price?FID_COND_MRKT_DIV_CODE=J&FID_INPUT_ISCD=005930
2026-06-10 10:45:41,130 - ERROR - 상세 에러: {"rt_cd":"1","msg1":"기간이 만료된 token 입니다.","msg_cd":"EGW00123"}
2026-06-10 10:45:41,133 - WARNING - [005930] 현재가를 가져오는데 실패했습니다. 10초 후 재시도합니다.
2026-06-10 10:45:51,265 - ERROR - GET 요청 실패 (FHKST01010100): 500 Server Error: Internal Server Error for url: https://openapivts.koreainvestment.com:29443/uapi/domestic-stock/v1/quotations/inquire-price?FID_COND_MRKT_DIV_CODE=J&FID_INPUT_ISCD=005930
2026-06-10 10:45:51,265 - ERROR - 상세 에러: {"rt_cd":"1","msg1":"기간이 만료된 token 입니다.","msg_cd":"EGW00123"}
2026-06-10 10:45:51,268 - WARNING - [005930] 현재가를 가져오는데 실패했습니다. 10초 후 재시도합니다.
2026-06-10 10:46:01,452 - ERROR - GET 요청 실패 (FHKST01010100): 500 Server Error: Internal Server Error for url: https://openapivts.koreainvestment.com:29443/uapi/domestic-stock/v1/quotations/inquire-price?FID_COND_MRKT_DIV_CODE=J&FID_INPUT_ISCD=005930
2026-06-10 10:46:01,453 - ERROR - 상세 에러: {"rt_cd":"1","msg1":"기간이 만료된 token 입니다.","msg_cd":"EGW00123"}
2026-06-10 10:46:01,454 - WARNING - [005930] 현재가를 가져오는데 실패했습니다. 10초 후 재시도합니다.
2026-06-10 10:46:12,058 - ERROR - GET 요청 실패 (FHKST01010100): 500 Server Error: Internal Server Error for url: https://openapivts.koreainvestment.com:29443/uapi/domestic-stock/v1/quotations/inquire-price?FID_COND_MRKT_DIV_CODE=J&FID_INPUT_ISCD=005930
2026-06-10 10:46:12,058 - ERROR - 상세 에러: {"rt_cd":"1","msg1":"기간이 만료된 token 입니다.","msg_cd":"EGW00123"}
2026-06-10 10:46:12,060 - WARNING - [005930] 현재가를 가져오는데 실패했습니다. 10초 후 재시도합니다.
2026-06-10 10:46:22,158 - ERROR - GET 요청 실패 (FHKST01010100): 500 Server Error: Internal Server Error for url: https://openapivts.koreainvestment.com:29443/uapi/domestic-stock/v1/quotations/inquire-price?FID_COND_MRKT_DIV_CODE=J&FID_INPUT_ISCD=005930
2026-06-10 10:46:22,159 - ERROR - 상세 에러: {"rt_cd":"1","msg1":"기간이 만료된 token 입니다.","msg_cd":"EGW00123"}
2026-06-10 10:46:22,160 - WARNING - [005930] 현재가를 가져오는데 실패했습니다. 10초 후 재시도합니다.
2026-06-10 10:46:33,405 - ERROR - GET 요청 실패 (FHKST01010100): 500 Server Error: Internal Server Error for url: https://openapivts.koreainvestment.com:29443/uapi/domestic-stock/v1/quotations/inquire-price?FID_COND_MRKT_DIV_CODE=J&FID_INPUT_ISCD=005930
2026-06-10 10:46:33,423 - ERROR - 상세 에러: {"rt_cd":"1","msg1":"기간이 만료된 token 입니다.","msg_cd":"EGW00123"}
2026-06-10 10:46:33,426 - WARNING - [005930] 현재가를 가져오는데 실패했습니다. 10초 후 재시도합니다.
2026-06-10 10:46:44,416 - ERROR - GET 요청 실패 (FHKST01010100): 500 Server Error: Internal Server Error for url: https://openapivts.koreainvestment.com:29443/uapi/domestic-stock/v1/quotations/inquire-price?FID_COND_MRKT_DIV_CODE=J&FID_INPUT_ISCD=005930
2026-06-10 10:46:44,416 - ERROR - 상세 에러: {"rt_cd":"1","msg1":"기간이 만료된 token 입니다.","msg_cd":"EGW00123"}
2026-06-10 10:46:44,418 - WARNING - [005930] 현재가를 가져오는데 실패했습니다. 10초 후 재시도합니다.
2026-06-10 10:46:54,647 - ERROR - GET 요청 실패 (FHKST01010100): 500 Server Error: Internal Server Error for url: https://openapivts.koreainvestment.com:29443/uapi/domestic-stock/v1/quotations/inquire-price?FID_COND_MRKT_DIV_CODE=J&FID_INPUT_ISCD=005930
2026-06-10 10:46:54,647 - ERROR - 상세 에러: {"rt_cd":"1","msg1":"기간이 만료된 token 입니다.","msg_cd":"EGW00123"}
2026-06-10 10:46:54,649 - WARNING - [005930] 현재가를 가져오는데 실패했습니다. 10초 후 재시도합니다.
2026-06-10 10:47:07,141 - ERROR - GET 요청 실패 (FHKST01010100): 500 Server Error: Internal Server Error for url: https://openapivts.koreainvestment.com:29443/uapi/domestic-stock/v1/quotations/inquire-price?FID_COND_MRKT_DIV_CODE=J&FID_INPUT_ISCD=005930
2026-06-10 10:47:07,142 - ERROR - 상세 에러: {"rt_cd":"1","msg1":"기간이 만료된 token 입니다.","msg_cd":"EGW00123"}
2026-06-10 10:47:07,143 - WARNING - [005930] 현재가를 가져오는데 실패했습니다. 10초 후 재시도합니다.
2026-06-10 10:47:19,022 - ERROR - GET 요청 실패 (FHKST01010100): 500 Server Error: Internal Server Error for url: https://openapivts.koreainvestment.com:29443/uapi/domestic-stock/v1/quotations/inquire-price?FID_COND_MRKT_DIV_CODE=J&FID_INPUT_ISCD=005930
2026-06-10 10:47:19,022 - ERROR - 상세 에러: {"rt_cd":"1","msg1":"기간이 만료된 token 입니다.","msg_cd":"EGW00123"}
2026-06-10 10:47:19,024 - WARNING - [005930] 현재가를 가져오는데 실패했습니다. 10초 후 재시도합니다.
2026-06-10 10:47:29,129 - ERROR - GET 요청 실패 (FHKST01010100): 500 Server Error: Internal Server Error for url: https://openapivts.koreainvestment.com:29443/uapi/domestic-stock/v1/quotations/inquire-price?FID_COND_MRKT_DIV_CODE=J&FID_INPUT_ISCD=005930
2026-06-10 10:47:29,129 - ERROR - 상세 에러: {"rt_cd":"1","msg1":"기간이 만료된 token 입니다.","msg_cd":"EGW00123"}
2026-06-10 10:47:29,130 - WARNING - [005930] 현재가를 가져오는데 실패했습니다. 10초 후 재시도합니다.
2026-06-10 10:47:39,197 - ERROR - GET 요청 실패 (FHKST01010100): 500 Server Error: Internal Server Error for url: https://openapivts.koreainvestment.com:29443/uapi/domestic-stock/v1/quotations/inquire-price?FID_COND_MRKT_DIV_CODE=J&FID_INPUT_ISCD=005930
2026-06-10 10:47:39,197 - ERROR - 상세 에러: {"rt_cd":"1","msg1":"기간이 만료된 token 입니다.","msg_cd":"EGW00123"}
2026-06-10 10:47:39,199 - WARNING - [005930] 현재가를 가져오는데 실패했습니다. 10초 후 재시도합니다.
2026-06-10 10:47:50,394 - ERROR - GET 요청 실패 (FHKST01010100): 500 Server Error: Internal Server Error for url: https://openapivts.koreainvestment.com:29443/uapi/domestic-stock/v1/quotations/inquire-price?FID_COND_MRKT_DIV_CODE=J&FID_INPUT_ISCD=005930
2026-06-10 10:47:50,395 - ERROR - 상세 에러: {"rt_cd":"1","msg1":"기간이 만료된 token 입니다.","msg_cd":"EGW00123"}
2026-06-10 10:47:50,396 - WARNING - [005930] 현재가를 가져오는데 실패했습니다. 10초 후 재시도합니다.
2026-06-10 10:48:00,512 - ERROR - GET 요청 실패 (FHKST01010100): 500 Server Error: Internal Server Error for url: https://openapivts.koreainvestment.com:29443/uapi/domestic-stock/v1/quotations/inquire-price?FID_COND_MRKT_DIV_CODE=J&FID_INPUT_ISCD=005930
2026-06-10 10:48:00,513 - ERROR - 상세 에러: {"rt_cd":"1","msg1":"기간이 만료된 token 입니다.","msg_cd":"EGW00123"}
2026-06-10 10:48:00,515 - WARNING - [005930] 현재가를 가져오는데 실패했습니다. 10초 후 재시도합니다.
2026-06-10 10:48:13,111 - ERROR - GET 요청 실패 (FHKST01010100): 500 Server Error: Internal Server Error for url: https://openapivts.koreainvestment.com:29443/uapi/domestic-stock/v1/quotations/inquire-price?FID_COND_MRKT_DIV_CODE=J&FID_INPUT_ISCD=005930
2026-06-10 10:48:13,111 - ERROR - 상세 에러: {"rt_cd":"1","msg1":"기간이 만료된 token 입니다.","msg_cd":"EGW00123"}
2026-06-10 10:48:13,113 - WARNING - [005930] 현재가를 가져오는데 실패했습니다. 10초 후 재시도합니다.
2026-06-10 10:48:24,286 - ERROR - GET 요청 실패 (FHKST01010100): 500 Server Error: Internal Server Error for url: https://openapivts.koreainvestment.com:29443/uapi/domestic-stock/v1/quotations/inquire-price?FID_COND_MRKT_DIV_CODE=J&FID_INPUT_ISCD=005930
2026-06-10 10:48:24,286 - ERROR - 상세 에러: {"rt_cd":"1","msg1":"기간이 만료된 token 입니다.","msg_cd":"EGW00123"}
2026-06-10 10:48:24,288 - WARNING - [005930] 현재가를 가져오는데 실패했습니다. 10초 후 재시도합니다.
2026-06-10 10:48:35,833 - ERROR - GET 요청 실패 (FHKST01010100): 500 Server Error: Internal Server Error for url: https://openapivts.koreainvestment.com:29443/uapi/domestic-stock/v1/quotations/inquire-price?FID_COND_MRKT_DIV_CODE=J&FID_INPUT_ISCD=005930
2026-06-10 10:48:35,834 - ERROR - 상세 에러: {"rt_cd":"1","msg1":"기간이 만료된 token 입니다.","msg_cd":"EGW00123"}
2026-06-10 10:48:35,837 - WARNING - [005930] 현재가를 가져오는데 실패했습니다. 10초 후 재시도합니다.
2026-06-10 10:48:45,934 - ERROR - GET 요청 실패 (FHKST01010100): 500 Server Error: Internal Server Error for url: https://openapivts.koreainvestment.com:29443/uapi/domestic-stock/v1/quotations/inquire-price?FID_COND_MRKT_DIV_CODE=J&FID_INPUT_ISCD=005930
2026-06-10 10:48:45,934 - ERROR - 상세 에러: {"rt_cd":"1","msg1":"기간이 만료된 token 입니다.","msg_cd":"EGW00123"}
2026-06-10 10:48:45,936 - WARNING - [005930] 현재가를 가져오는데 실패했습니다. 10초 후 재시도합니다.
2026-06-10 10:48:58,339 - ERROR - GET 요청 실패 (FHKST01010100): 500 Server Error: Internal Server Error for url: https://openapivts.koreainvestment.com:29443/uapi/domestic-stock/v1/quotations/inquire-price?FID_COND_MRKT_DIV_CODE=J&FID_INPUT_ISCD=005930
2026-06-10 10:48:58,339 - ERROR - 상세 에러: {"rt_cd":"1","msg1":"기간이 만료된 token 입니다.","msg_cd":"EGW00123"}
2026-06-10 10:48:58,341 - WARNING - [005930] 현재가를 가져오는데 실패했습니다. 10초 후 재시도합니다.
2026-06-10 10:49:08,432 - ERROR - GET 요청 실패 (FHKST01010100): 500 Server Error: Internal Server Error for url: https://openapivts.koreainvestment.com:29443/uapi/domestic-stock/v1/quotations/inquire-price?FID_COND_MRKT_DIV_CODE=J&FID_INPUT_ISCD=005930
2026-06-10 10:49:08,432 - ERROR - 상세 에러: {"rt_cd":"1","msg1":"기간이 만료된 token 입니다.","msg_cd":"EGW00123"}
2026-06-10 10:49:08,433 - WARNING - [005930] 현재가를 가져오는데 실패했습니다. 10초 후 재시도합니다.
2026-06-10 10:49:20,325 - ERROR - GET 요청 실패 (FHKST01010100): 500 Server Error: Internal Server Error for url: https://openapivts.koreainvestment.com:29443/uapi/domestic-stock/v1/quotations/inquire-price?FID_COND_MRKT_DIV_CODE=J&FID_INPUT_ISCD=005930
2026-06-10 10:49:20,325 - ERROR - 상세 에러: {"rt_cd":"1","msg1":"기간이 만료된 token 입니다.","msg_cd":"EGW00123"}
2026-06-10 10:49:20,328 - WARNING - [005930] 현재가를 가져오는데 실패했습니다. 10초 후 재시도합니다.
2026-06-10 10:49:32,166 - ERROR - GET 요청 실패 (FHKST01010100): 500 Server Error: Internal Server Error for url: https://openapivts.koreainvestment.com:29443/uapi/domestic-stock/v1/quotations/inquire-price?FID_COND_MRKT_DIV_CODE=J&FID_INPUT_ISCD=005930
2026-06-10 10:49:32,166 - ERROR - 상세 에러: {"rt_cd":"1","msg1":"기간이 만료된 token 입니다.","msg_cd":"EGW00123"}
2026-06-10 10:49:32,168 - WARNING - [005930] 현재가를 가져오는데 실패했습니다. 10초 후 재시도합니다.
2026-06-10 10:49:42,245 - ERROR - GET 요청 실패 (FHKST01010100): 500 Server Error: Internal Server Error for url: https://openapivts.koreainvestment.com:29443/uapi/domestic-stock/v1/quotations/inquire-price?FID_COND_MRKT_DIV_CODE=J&FID_INPUT_ISCD=005930
2026-06-10 10:49:42,245 - ERROR - 상세 에러: {"rt_cd":"1","msg1":"기간이 만료된 token 입니다.","msg_cd":"EGW00123"}
2026-06-10 10:49:42,247 - WARNING - [005930] 현재가를 가져오는데 실패했습니다. 10초 후 재시도합니다.
2026-06-10 10:49:54,405 - ERROR - GET 요청 실패 (FHKST01010100): 500 Server Error: Internal Server Error for url: https://openapivts.koreainvestment.com:29443/uapi/domestic-stock/v1/quotations/inquire-price?FID_COND_MRKT_DIV_CODE=J&FID_INPUT_ISCD=005930
2026-06-10 10:49:54,408 - ERROR - 상세 에러: {"rt_cd":"1","msg1":"기간이 만료된 token 입니다.","msg_cd":"EGW00123"}
2026-06-10 10:49:54,415 - WARNING - [005930] 현재가를 가져오는데 실패했습니다. 10초 후 재시도합니다.
2026-06-10 10:50:09,103 - ERROR - GET 요청 실패 (FHKST01010100): 500 Server Error: Internal Server Error for url: https://openapivts.koreainvestment.com:29443/uapi/domestic-stock/v1/quotations/inquire-price?FID_COND_MRKT_DIV_CODE=J&FID_INPUT_ISCD=005930
2026-06-10 10:50:09,106 - ERROR - 상세 에러: {"rt_cd":"1","msg1":"기간이 만료된 token 입니다.","msg_cd":"EGW00123"}
2026-06-10 10:50:09,111 - WARNING - [005930] 현재가를 가져오는데 실패했습니다. 10초 후 재시도합니다.
2026-06-10 10:50:23,266 - ERROR - GET 요청 실패 (FHKST01010100): 500 Server Error: Internal Server Error for url: https://openapivts.koreainvestment.com:29443/uapi/domestic-stock/v1/quotations/inquire-price?FID_COND_MRKT_DIV_CODE=J&FID_INPUT_ISCD=005930
2026-06-10 10:50:23,267 - ERROR - 상세 에러: {"rt_cd":"1","msg1":"기간이 만료된 token 입니다.","msg_cd":"EGW00123"}
2026-06-10 10:50:23,271 - WARNING - [005930] 현재가를 가져오는데 실패했습니다. 10초 후 재시도합니다.
2026-06-10 10:50:36,581 - ERROR - GET 요청 실패 (FHKST01010100): 500 Server Error: Internal Server Error for url: https://openapivts.koreainvestment.com:29443/uapi/domestic-stock/v1/quotations/inquire-price?FID_COND_MRKT_DIV_CODE=J&FID_INPUT_ISCD=005930
2026-06-10 10:50:36,581 - ERROR - 상세 에러: {"rt_cd":"1","msg1":"기간이 만료된 token 입니다.","msg_cd":"EGW00123"}
2026-06-10 10:50:36,584 - WARNING - [005930] 현재가를 가져오는데 실패했습니다. 10초 후 재시도합니다.
2026-06-10 10:50:48,675 - ERROR - GET 요청 실패 (FHKST01010100): 500 Server Error: Internal Server Error for url: https://openapivts.koreainvestment.com:29443/uapi/domestic-stock/v1/quotations/inquire-price?FID_COND_MRKT_DIV_CODE=J&FID_INPUT_ISCD=005930
2026-06-10 10:50:48,675 - ERROR - 상세 에러: {"rt_cd":"1","msg1":"기간이 만료된 token 입니다.","msg_cd":"EGW00123"}
2026-06-10 10:50:48,678 - WARNING - [005930] 현재가를 가져오는데 실패했습니다. 10초 후 재시도합니다.
2026-06-10 10:51:00,009 - ERROR - GET 요청 실패 (FHKST01010100): 500 Server Error: Internal Server Error for url: https://openapivts.koreainvestment.com:29443/uapi/domestic-stock/v1/quotations/inquire-price?FID_COND_MRKT_DIV_CODE=J&FID_INPUT_ISCD=005930
2026-06-10 10:51:00,009 - ERROR - 상세 에러: {"rt_cd":"1","msg1":"기간이 만료된 token 입니다.","msg_cd":"EGW00123"}
2026-06-10 10:51:00,011 - WARNING - [005930] 현재가를 가져오는데 실패했습니다. 10초 후 재시도합니다.
2026-06-10 10:51:11,589 - ERROR - GET 요청 실패 (FHKST01010100): 500 Server Error: Internal Server Error for url: https://openapivts.koreainvestment.com:29443/uapi/domestic-stock/v1/quotations/inquire-price?FID_COND_MRKT_DIV_CODE=J&FID_INPUT_ISCD=005930
2026-06-10 10:51:11,590 - ERROR - 상세 에러: {"rt_cd":"1","msg1":"기간이 만료된 token 입니다.","msg_cd":"EGW00123"}
2026-06-10 10:51:11,592 - WARNING - [005930] 현재가를 가져오는데 실패했습니다. 10초 후 재시도합니다.
2026-06-10 10:51:21,687 - ERROR - GET 요청 실패 (FHKST01010100): 500 Server Error: Internal Server Error for url: https://openapivts.koreainvestment.com:29443/uapi/domestic-stock/v1/quotations/inquire-price?FID_COND_MRKT_DIV_CODE=J&FID_INPUT_ISCD=005930
2026-06-10 10:51:21,687 - ERROR - 상세 에러: {"rt_cd":"1","msg1":"기간이 만료된 token 입니다.","msg_cd":"EGW00123"}
2026-06-10 10:51:21,690 - WARNING - [005930] 현재가를 가져오는데 실패했습니다. 10초 후 재시도합니다.
2026-06-10 10:51:32,471 - ERROR - GET 요청 실패 (FHKST01010100): 500 Server Error: Internal Server Error for url: https://openapivts.koreainvestment.com:29443/uapi/domestic-stock/v1/quotations/inquire-price?FID_COND_MRKT_DIV_CODE=J&FID_INPUT_ISCD=005930
2026-06-10 10:51:32,472 - ERROR - 상세 에러: {"rt_cd":"1","msg1":"기간이 만료된 token 입니다.","msg_cd":"EGW00123"}
2026-06-10 10:51:32,474 - WARNING - [005930] 현재가를 가져오는데 실패했습니다. 10초 후 재시도합니다.
2026-06-10 10:51:44,319 - ERROR - GET 요청 실패 (FHKST01010100): 500 Server Error: Internal Server Error for url: https://openapivts.koreainvestment.com:29443/uapi/domestic-stock/v1/quotations/inquire-price?FID_COND_MRKT_DIV_CODE=J&FID_INPUT_ISCD=005930
2026-06-10 10:51:44,320 - ERROR - 상세 에러: {"rt_cd":"1","msg1":"기간이 만료된 token 입니다.","msg_cd":"EGW00123"}
2026-06-10 10:51:44,324 - WARNING - [005930] 현재가를 가져오는데 실패했습니다. 10초 후 재시도합니다.
2026-06-10 10:51:54,875 - ERROR - GET 요청 실패 (FHKST01010100): 500 Server Error: Internal Server Error for url: https://openapivts.koreainvestment.com:29443/uapi/domestic-stock/v1/quotations/inquire-price?FID_COND_MRKT_DIV_CODE=J&FID_INPUT_ISCD=005930
2026-06-10 10:51:54,876 - ERROR - 상세 에러: {"rt_cd":"1","msg1":"기간이 만료된 token 입니다.","msg_cd":"EGW00123"}
2026-06-10 10:51:54,877 - WARNING - [005930] 현재가를 가져오는데 실패했습니다. 10초 후 재시도합니다.
2026-06-10 10:52:06,413 - ERROR - GET 요청 실패 (FHKST01010100): 500 Server Error: Internal Server Error for url: https://openapivts.koreainvestment.com:29443/uapi/domestic-stock/v1/quotations/inquire-price?FID_COND_MRKT_DIV_CODE=J&FID_INPUT_ISCD=005930
2026-06-10 10:52:06,414 - ERROR - 상세 에러: {"rt_cd":"1","msg1":"기간이 만료된 token 입니다.","msg_cd":"EGW00123"}
2026-06-10 10:52:06,417 - WARNING - [005930] 현재가를 가져오는데 실패했습니다. 10초 후 재시도합니다.
2026-06-10 10:52:17,082 - ERROR - GET 요청 실패 (FHKST01010100): 500 Server Error: Internal Server Error for url: https://openapivts.koreainvestment.com:29443/uapi/domestic-stock/v1/quotations/inquire-price?FID_COND_MRKT_DIV_CODE=J&FID_INPUT_ISCD=005930
2026-06-10 10:52:17,083 - ERROR - 상세 에러: {"rt_cd":"1","msg1":"기간이 만료된 token 입니다.","msg_cd":"EGW00123"}
2026-06-10 10:52:17,085 - WARNING - [005930] 현재가를 가져오는데 실패했습니다. 10초 후 재시도합니다.
2026-06-10 10:52:28,888 - ERROR - GET 요청 실패 (FHKST01010100): 500 Server Error: Internal Server Error for url: https://openapivts.koreainvestment.com:29443/uapi/domestic-stock/v1/quotations/inquire-price?FID_COND_MRKT_DIV_CODE=J&FID_INPUT_ISCD=005930
2026-06-10 10:52:28,888 - ERROR - 상세 에러: {"rt_cd":"1","msg1":"기간이 만료된 token 입니다.","msg_cd":"EGW00123"}
2026-06-10 10:52:28,892 - WARNING - [005930] 현재가를 가져오는데 실패했습니다. 10초 후 재시도합니다.
2026-06-10 10:52:40,508 - ERROR - GET 요청 실패 (FHKST01010100): 500 Server Error: Internal Server Error for url: https://openapivts.koreainvestment.com:29443/uapi/domestic-stock/v1/quotations/inquire-price?FID_COND_MRKT_DIV_CODE=J&FID_INPUT_ISCD=005930
2026-06-10 10:52:40,508 - ERROR - 상세 에러: {"rt_cd":"1","msg1":"기간이 만료된 token 입니다.","msg_cd":"EGW00123"}
2026-06-10 10:52:40,510 - WARNING - [005930] 현재가를 가져오는데 실패했습니다. 10초 후 재시도합니다.
2026-06-10 10:52:52,510 - ERROR - GET 요청 실패 (FHKST01010100): 500 Server Error: Internal Server Error for url: https://openapivts.koreainvestment.com:29443/uapi/domestic-stock/v1/quotations/inquire-price?FID_COND_MRKT_DIV_CODE=J&FID_INPUT_ISCD=005930
2026-06-10 10:52:52,511 - ERROR - 상세 에러: {"rt_cd":"1","msg1":"기간이 만료된 token 입니다.","msg_cd":"EGW00123"}
2026-06-10 10:52:52,513 - WARNING - [005930] 현재가를 가져오는데 실패했습니다. 10초 후 재시도합니다.
2026-06-10 10:53:05,843 - ERROR - GET 요청 실패 (FHKST01010100): 500 Server Error: Internal Server Error for url: https://openapivts.koreainvestment.com:29443/uapi/domestic-stock/v1/quotations/inquire-price?FID_COND_MRKT_DIV_CODE=J&FID_INPUT_ISCD=005930
2026-06-10 10:53:05,843 - ERROR - 상세 에러: {"rt_cd":"1","msg1":"기간이 만료된 token 입니다.","msg_cd":"EGW00123"}
2026-06-10 10:53:05,845 - WARNING - [005930] 현재가를 가져오는데 실패했습니다. 10초 후 재시도합니다.
2026-06-10 10:53:15,947 - ERROR - GET 요청 실패 (FHKST01010100): 500 Server Error: Internal Server Error for url: https://openapivts.koreainvestment.com:29443/uapi/domestic-stock/v1/quotations/inquire-price?FID_COND_MRKT_DIV_CODE=J&FID_INPUT_ISCD=005930
2026-06-10 10:53:15,947 - ERROR - 상세 에러: {"rt_cd":"1","msg1":"기간이 만료된 token 입니다.","msg_cd":"EGW00123"}
2026-06-10 10:53:15,948 - WARNING - [005930] 현재가를 가져오는데 실패했습니다. 10초 후 재시도합니다.
2026-06-10 10:53:29,900 - ERROR - GET 요청 실패 (FHKST01010100): 500 Server Error: Internal Server Error for url: https://openapivts.koreainvestment.com:29443/uapi/domestic-stock/v1/quotations/inquire-price?FID_COND_MRKT_DIV_CODE=J&FID_INPUT_ISCD=005930
2026-06-10 10:53:29,901 - ERROR - 상세 에러: {"rt_cd":"1","msg1":"기간이 만료된 token 입니다.","msg_cd":"EGW00123"}
2026-06-10 10:53:29,902 - WARNING - [005930] 현재가를 가져오는데 실패했습니다. 10초 후 재시도합니다.
2026-06-10 10:53:43,407 - ERROR - GET 요청 실패 (FHKST01010100): 500 Server Error: Internal Server Error for url: https://openapivts.koreainvestment.com:29443/uapi/domestic-stock/v1/quotations/inquire-price?FID_COND_MRKT_DIV_CODE=J&FID_INPUT_ISCD=005930
2026-06-10 10:53:43,408 - ERROR - 상세 에러: {"rt_cd":"1","msg1":"기간이 만료된 token 입니다.","msg_cd":"EGW00123"}
2026-06-10 10:53:43,410 - WARNING - [005930] 현재가를 가져오는데 실패했습니다. 10초 후 재시도합니다.
2026-06-10 10:53:54,856 - ERROR - GET 요청 실패 (FHKST01010100): 500 Server Error: Internal Server Error for url: https://openapivts.koreainvestment.com:29443/uapi/domestic-stock/v1/quotations/inquire-price?FID_COND_MRKT_DIV_CODE=J&FID_INPUT_ISCD=005930
2026-06-10 10:53:54,857 - ERROR - 상세 에러: {"rt_cd":"1","msg1":"기간이 만료된 token 입니다.","msg_cd":"EGW00123"}
2026-06-10 10:53:54,859 - WARNING - [005930] 현재가를 가져오는데 실패했습니다. 10초 후 재시도합니다.
2026-06-10 10:54:04,961 - ERROR - GET 요청 실패 (FHKST01010100): 500 Server Error: Internal Server Error for url: https://openapivts.koreainvestment.com:29443/uapi/domestic-stock/v1/quotations/inquire-price?FID_COND_MRKT_DIV_CODE=J&FID_INPUT_ISCD=005930
2026-06-10 10:54:04,962 - ERROR - 상세 에러: {"rt_cd":"1","msg1":"기간이 만료된 token 입니다.","msg_cd":"EGW00123"}
2026-06-10 10:54:04,963 - WARNING - [005930] 현재가를 가져오는데 실패했습니다. 10초 후 재시도합니다.
2026-06-10 10:54:17,291 - ERROR - GET 요청 실패 (FHKST01010100): 500 Server Error: Internal Server Error for url: https://openapivts.koreainvestment.com:29443/uapi/domestic-stock/v1/quotations/inquire-price?FID_COND_MRKT_DIV_CODE=J&FID_INPUT_ISCD=005930
2026-06-10 10:54:17,292 - ERROR - 상세 에러: {"rt_cd":"1","msg1":"기간이 만료된 token 입니다.","msg_cd":"EGW00123"}
2026-06-10 10:54:17,294 - WARNING - [005930] 현재가를 가져오는데 실패했습니다. 10초 후 재시도합니다.
2026-06-10 10:54:28,502 - ERROR - GET 요청 실패 (FHKST01010100): 500 Server Error: Internal Server Error for url: https://openapivts.koreainvestment.com:29443/uapi/domestic-stock/v1/quotations/inquire-price?FID_COND_MRKT_DIV_CODE=J&FID_INPUT_ISCD=005930
2026-06-10 10:54:28,502 - ERROR - 상세 에러: {"rt_cd":"1","msg1":"기간이 만료된 token 입니다.","msg_cd":"EGW00123"}
2026-06-10 10:54:28,504 - WARNING - [005930] 현재가를 가져오는데 실패했습니다. 10초 후 재시도합니다.
2026-06-10 10:54:38,611 - ERROR - GET 요청 실패 (FHKST01010100): 500 Server Error: Internal Server Error for url: https://openapivts.koreainvestment.com:29443/uapi/domestic-stock/v1/quotations/inquire-price?FID_COND_MRKT_DIV_CODE=J&FID_INPUT_ISCD=005930
2026-06-10 10:54:38,611 - ERROR - 상세 에러: {"rt_cd":"1","msg1":"기간이 만료된 token 입니다.","msg_cd":"EGW00123"}
2026-06-10 10:54:38,613 - WARNING - [005930] 현재가를 가져오는데 실패했습니다. 10초 후 재시도합니다.
2026-06-10 10:54:49,424 - ERROR - GET 요청 실패 (FHKST01010100): 500 Server Error: Internal Server Error for url: https://openapivts.koreainvestment.com:29443/uapi/domestic-stock/v1/quotations/inquire-price?FID_COND_MRKT_DIV_CODE=J&FID_INPUT_ISCD=005930
2026-06-10 10:54:49,424 - ERROR - 상세 에러: {"rt_cd":"1","msg1":"기간이 만료된 token 입니다.","msg_cd":"EGW00123"}
2026-06-10 10:54:49,427 - WARNING - [005930] 현재가를 가져오는데 실패했습니다. 10초 후 재시도합니다.
2026-06-10 10:55:00,378 - ERROR - GET 요청 실패 (FHKST01010100): 500 Server Error: Internal Server Error for url: https://openapivts.koreainvestment.com:29443/uapi/domestic-stock/v1/quotations/inquire-price?FID_COND_MRKT_DIV_CODE=J&FID_INPUT_ISCD=005930
2026-06-10 10:55:00,379 - ERROR - 상세 에러: {"rt_cd":"1","msg1":"기간이 만료된 token 입니다.","msg_cd":"EGW00123"}
2026-06-10 10:55:00,381 - WARNING - [005930] 현재가를 가져오는데 실패했습니다. 10초 후 재시도합니다.
2026-06-10 10:55:13,633 - ERROR - GET 요청 실패 (FHKST01010100): 500 Server Error: Internal Server Error for url: https://openapivts.koreainvestment.com:29443/uapi/domestic-stock/v1/quotations/inquire-price?FID_COND_MRKT_DIV_CODE=J&FID_INPUT_ISCD=005930
2026-06-10 10:55:13,633 - ERROR - 상세 에러: {"rt_cd":"1","msg1":"기간이 만료된 token 입니다.","msg_cd":"EGW00123"}
2026-06-10 10:55:13,635 - WARNING - [005930] 현재가를 가져오는데 실패했습니다. 10초 후 재시도합니다.
2026-06-10 10:55:26,697 - ERROR - GET 요청 실패 (FHKST01010100): 500 Server Error: Internal Server Error for url: https://openapivts.koreainvestment.com:29443/uapi/domestic-stock/v1/quotations/inquire-price?FID_COND_MRKT_DIV_CODE=J&FID_INPUT_ISCD=005930
2026-06-10 10:55:26,698 - ERROR - 상세 에러: {"rt_cd":"1","msg1":"기간이 만료된 token 입니다.","msg_cd":"EGW00123"}
2026-06-10 10:55:26,700 - WARNING - [005930] 현재가를 가져오는데 실패했습니다. 10초 후 재시도합니다.
2026-06-10 10:55:37,508 - ERROR - GET 요청 실패 (FHKST01010100): 500 Server Error: Internal Server Error for url: https://openapivts.koreainvestment.com:29443/uapi/domestic-stock/v1/quotations/inquire-price?FID_COND_MRKT_DIV_CODE=J&FID_INPUT_ISCD=005930
2026-06-10 10:55:37,509 - ERROR - 상세 에러: {"rt_cd":"1","msg1":"기간이 만료된 token 입니다.","msg_cd":"EGW00123"}
2026-06-10 10:55:37,510 - WARNING - [005930] 현재가를 가져오는데 실패했습니다. 10초 후 재시도합니다.
2026-06-10 10:55:48,229 - ERROR - GET 요청 실패 (FHKST01010100): 500 Server Error: Internal Server Error for url: https://openapivts.koreainvestment.com:29443/uapi/domestic-stock/v1/quotations/inquire-price?FID_COND_MRKT_DIV_CODE=J&FID_INPUT_ISCD=005930
2026-06-10 10:55:48,229 - ERROR - 상세 에러: {"rt_cd":"1","msg1":"기간이 만료된 token 입니다.","msg_cd":"EGW00123"}
2026-06-10 10:55:48,231 - WARNING - [005930] 현재가를 가져오는데 실패했습니다. 10초 후 재시도합니다.
2026-06-10 10:55:58,757 - ERROR - GET 요청 실패 (FHKST01010100): 500 Server Error: Internal Server Error for url: https://openapivts.koreainvestment.com:29443/uapi/domestic-stock/v1/quotations/inquire-price?FID_COND_MRKT_DIV_CODE=J&FID_INPUT_ISCD=005930
2026-06-10 10:55:58,758 - ERROR - 상세 에러: {"rt_cd":"1","msg1":"기간이 만료된 token 입니다.","msg_cd":"EGW00123"}
2026-06-10 10:55:58,760 - WARNING - [005930] 현재가를 가져오는데 실패했습니다. 10초 후 재시도합니다.
2026-06-10 10:56:10,032 - ERROR - GET 요청 실패 (FHKST01010100): 500 Server Error: Internal Server Error for url: https://openapivts.koreainvestment.com:29443/uapi/domestic-stock/v1/quotations/inquire-price?FID_COND_MRKT_DIV_CODE=J&FID_INPUT_ISCD=005930
2026-06-10 10:56:10,032 - ERROR - 상세 에러: {"rt_cd":"1","msg1":"기간이 만료된 token 입니다.","msg_cd":"EGW00123"}
2026-06-10 10:56:10,035 - WARNING - [005930] 현재가를 가져오는데 실패했습니다. 10초 후 재시도합니다.
2026-06-10 10:56:20,110 - ERROR - GET 요청 실패 (FHKST01010100): 500 Server Error: Internal Server Error for url: https://openapivts.koreainvestment.com:29443/uapi/domestic-stock/v1/quotations/inquire-price?FID_COND_MRKT_DIV_CODE=J&FID_INPUT_ISCD=005930
2026-06-10 10:56:20,110 - ERROR - 상세 에러: {"rt_cd":"1","msg1":"기간이 만료된 token 입니다.","msg_cd":"EGW00123"}
2026-06-10 10:56:20,112 - WARNING - [005930] 현재가를 가져오는데 실패했습니다. 10초 후 재시도합니다.
2026-06-10 10:56:30,203 - ERROR - GET 요청 실패 (FHKST01010100): 500 Server Error: Internal Server Error for url: https://openapivts.koreainvestment.com:29443/uapi/domestic-stock/v1/quotations/inquire-price?FID_COND_MRKT_DIV_CODE=J&FID_INPUT_ISCD=005930
2026-06-10 10:56:30,204 - ERROR - 상세 에러: {"rt_cd":"1","msg1":"기간이 만료된 token 입니다.","msg_cd":"EGW00123"}
2026-06-10 10:56:30,206 - WARNING - [005930] 현재가를 가져오는데 실패했습니다. 10초 후 재시도합니다.
2026-06-10 10:56:42,502 - ERROR - GET 요청 실패 (FHKST01010100): 500 Server Error: Internal Server Error for url: https://openapivts.koreainvestment.com:29443/uapi/domestic-stock/v1/quotations/inquire-price?FID_COND_MRKT_DIV_CODE=J&FID_INPUT_ISCD=005930
2026-06-10 10:56:42,503 - ERROR - 상세 에러: {"rt_cd":"1","msg1":"기간이 만료된 token 입니다.","msg_cd":"EGW00123"}
2026-06-10 10:56:42,504 - WARNING - [005930] 현재가를 가져오는데 실패했습니다. 10초 후 재시도합니다.
2026-06-10 10:56:52,635 - ERROR - GET 요청 실패 (FHKST01010100): 500 Server Error: Internal Server Error for url: https://openapivts.koreainvestment.com:29443/uapi/domestic-stock/v1/quotations/inquire-price?FID_COND_MRKT_DIV_CODE=J&FID_INPUT_ISCD=005930
2026-06-10 10:56:52,635 - ERROR - 상세 에러: {"rt_cd":"1","msg1":"기간이 만료된 token 입니다.","msg_cd":"EGW00123"}
2026-06-10 10:56:52,638 - WARNING - [005930] 현재가를 가져오는데 실패했습니다. 10초 후 재시도합니다.
2026-06-10 10:57:06,525 - ERROR - GET 요청 실패 (FHKST01010100): 500 Server Error: Internal Server Error for url: https://openapivts.koreainvestment.com:29443/uapi/domestic-stock/v1/quotations/inquire-price?FID_COND_MRKT_DIV_CODE=J&FID_INPUT_ISCD=005930
2026-06-10 10:57:06,526 - ERROR - 상세 에러: {"rt_cd":"1","msg1":"기간이 만료된 token 입니다.","msg_cd":"EGW00123"}
2026-06-10 10:57:06,528 - WARNING - [005930] 현재가를 가져오는데 실패했습니다. 10초 후 재시도합니다.
2026-06-10 10:57:19,497 - ERROR - GET 요청 실패 (FHKST01010100): 500 Server Error: Internal Server Error for url: https://openapivts.koreainvestment.com:29443/uapi/domestic-stock/v1/quotations/inquire-price?FID_COND_MRKT_DIV_CODE=J&FID_INPUT_ISCD=005930
2026-06-10 10:57:19,498 - ERROR - 상세 에러: {"rt_cd":"1","msg1":"기간이 만료된 token 입니다.","msg_cd":"EGW00123"}
2026-06-10 10:57:19,499 - WARNING - [005930] 현재가를 가져오는데 실패했습니다. 10초 후 재시도합니다.
2026-06-10 10:57:31,982 - ERROR - GET 요청 실패 (FHKST01010100): 500 Server Error: Internal Server Error for url: https://openapivts.koreainvestment.com:29443/uapi/domestic-stock/v1/quotations/inquire-price?FID_COND_MRKT_DIV_CODE=J&FID_INPUT_ISCD=005930
2026-06-10 10:57:31,982 - ERROR - 상세 에러: {"rt_cd":"1","msg1":"기간이 만료된 token 입니다.","msg_cd":"EGW00123"}
2026-06-10 10:57:31,984 - WARNING - [005930] 현재가를 가져오는데 실패했습니다. 10초 후 재시도합니다.
2026-06-10 10:57:43,655 - ERROR - GET 요청 실패 (FHKST01010100): 500 Server Error: Internal Server Error for url: https://openapivts.koreainvestment.com:29443/uapi/domestic-stock/v1/quotations/inquire-price?FID_COND_MRKT_DIV_CODE=J&FID_INPUT_ISCD=005930
2026-06-10 10:57:43,655 - ERROR - 상세 에러: {"rt_cd":"1","msg1":"기간이 만료된 token 입니다.","msg_cd":"EGW00123"}
2026-06-10 10:57:43,657 - WARNING - [005930] 현재가를 가져오는데 실패했습니다. 10초 후 재시도합니다.
2026-06-10 10:57:53,744 - ERROR - GET 요청 실패 (FHKST01010100): 500 Server Error: Internal Server Error for url: https://openapivts.koreainvestment.com:29443/uapi/domestic-stock/v1/quotations/inquire-price?FID_COND_MRKT_DIV_CODE=J&FID_INPUT_ISCD=005930
2026-06-10 10:57:53,744 - ERROR - 상세 에러: {"rt_cd":"1","msg1":"기간이 만료된 token 입니다.","msg_cd":"EGW00123"}
2026-06-10 10:57:53,746 - WARNING - [005930] 현재가를 가져오는데 실패했습니다. 10초 후 재시도합니다.
2026-06-10 10:58:03,846 - ERROR - GET 요청 실패 (FHKST01010100): 500 Server Error: Internal Server Error for url: https://openapivts.koreainvestment.com:29443/uapi/domestic-stock/v1/quotations/inquire-price?FID_COND_MRKT_DIV_CODE=J&FID_INPUT_ISCD=005930
2026-06-10 10:58:03,846 - ERROR - 상세 에러: {"rt_cd":"1","msg1":"기간이 만료된 token 입니다.","msg_cd":"EGW00123"}
2026-06-10 10:58:03,847 - WARNING - [005930] 현재가를 가져오는데 실패했습니다. 10초 후 재시도합니다.
2026-06-10 10:58:15,470 - ERROR - GET 요청 실패 (FHKST01010100): 500 Server Error: Internal Server Error for url: https://openapivts.koreainvestment.com:29443/uapi/domestic-stock/v1/quotations/inquire-price?FID_COND_MRKT_DIV_CODE=J&FID_INPUT_ISCD=005930
2026-06-10 10:58:15,471 - ERROR - 상세 에러: {"rt_cd":"1","msg1":"기간이 만료된 token 입니다.","msg_cd":"EGW00123"}
2026-06-10 10:58:15,474 - WARNING - [005930] 현재가를 가져오는데 실패했습니다. 10초 후 재시도합니다.
2026-06-10 10:58:26,839 - ERROR - GET 요청 실패 (FHKST01010100): 500 Server Error: Internal Server Error for url: https://openapivts.koreainvestment.com:29443/uapi/domestic-stock/v1/quotations/inquire-price?FID_COND_MRKT_DIV_CODE=J&FID_INPUT_ISCD=005930
2026-06-10 10:58:26,840 - ERROR - 상세 에러: {"rt_cd":"1","msg1":"기간이 만료된 token 입니다.","msg_cd":"EGW00123"}
2026-06-10 10:58:26,844 - WARNING - [005930] 현재가를 가져오는데 실패했습니다. 10초 후 재시도합니다.
2026-06-10 10:58:38,170 - ERROR - GET 요청 실패 (FHKST01010100): 500 Server Error: Internal Server Error for url: https://openapivts.koreainvestment.com:29443/uapi/domestic-stock/v1/quotations/inquire-price?FID_COND_MRKT_DIV_CODE=J&FID_INPUT_ISCD=005930
2026-06-10 10:58:38,170 - ERROR - 상세 에러: {"rt_cd":"1","msg1":"기간이 만료된 token 입니다.","msg_cd":"EGW00123"}
2026-06-10 10:58:38,172 - WARNING - [005930] 현재가를 가져오는데 실패했습니다. 10초 후 재시도합니다.
2026-06-10 10:58:48,896 - ERROR - GET 요청 실패 (FHKST01010100): 500 Server Error: Internal Server Error for url: https://openapivts.koreainvestment.com:29443/uapi/domestic-stock/v1/quotations/inquire-price?FID_COND_MRKT_DIV_CODE=J&FID_INPUT_ISCD=005930
2026-06-10 10:58:48,896 - ERROR - 상세 에러: {"rt_cd":"1","msg1":"기간이 만료된 token 입니다.","msg_cd":"EGW00123"}
2026-06-10 10:58:48,898 - WARNING - [005930] 현재가를 가져오는데 실패했습니다. 10초 후 재시도합니다.
2026-06-10 10:58:59,213 - ERROR - GET 요청 실패 (FHKST01010100): 500 Server Error: Internal Server Error for url: https://openapivts.koreainvestment.com:29443/uapi/domestic-stock/v1/quotations/inquire-price?FID_COND_MRKT_DIV_CODE=J&FID_INPUT_ISCD=005930
2026-06-10 10:58:59,213 - ERROR - 상세 에러: {"rt_cd":"1","msg1":"기간이 만료된 token 입니다.","msg_cd":"EGW00123"}
2026-06-10 10:58:59,215 - WARNING - [005930] 현재가를 가져오는데 실패했습니다. 10초 후 재시도합니다.
2026-06-10 10:59:11,306 - ERROR - GET 요청 실패 (FHKST01010100): 500 Server Error: Internal Server Error for url: https://openapivts.koreainvestment.com:29443/uapi/domestic-stock/v1/quotations/inquire-price?FID_COND_MRKT_DIV_CODE=J&FID_INPUT_ISCD=005930
2026-06-10 10:59:11,307 - ERROR - 상세 에러: {"rt_cd":"1","msg1":"기간이 만료된 token 입니다.","msg_cd":"EGW00123"}
2026-06-10 10:59:11,309 - WARNING - [005930] 현재가를 가져오는데 실패했습니다. 10초 후 재시도합니다.
2026-06-10 10:59:21,417 - ERROR - GET 요청 실패 (FHKST01010100): 500 Server Error: Internal Server Error for url: https://openapivts.koreainvestment.com:29443/uapi/domestic-stock/v1/quotations/inquire-price?FID_COND_MRKT_DIV_CODE=J&FID_INPUT_ISCD=005930
2026-06-10 10:59:21,417 - ERROR - 상세 에러: {"rt_cd":"1","msg1":"기간이 만료된 token 입니다.","msg_cd":"EGW00123"}
2026-06-10 10:59:21,419 - WARNING - [005930] 현재가를 가져오는데 실패했습니다. 10초 후 재시도합니다.
2026-06-10 10:59:32,252 - ERROR - GET 요청 실패 (FHKST01010100): 500 Server Error: Internal Server Error for url: https://openapivts.koreainvestment.com:29443/uapi/domestic-stock/v1/quotations/inquire-price?FID_COND_MRKT_DIV_CODE=J&FID_INPUT_ISCD=005930
2026-06-10 10:59:32,253 - ERROR - 상세 에러: {"rt_cd":"1","msg1":"기간이 만료된 token 입니다.","msg_cd":"EGW00123"}
2026-06-10 10:59:32,254 - WARNING - [005930] 현재가를 가져오는데 실패했습니다. 10초 후 재시도합니다.
2026-06-10 10:59:42,328 - ERROR - GET 요청 실패 (FHKST01010100): 500 Server Error: Internal Server Error for url: https://openapivts.koreainvestment.com:29443/uapi/domestic-stock/v1/quotations/inquire-price?FID_COND_MRKT_DIV_CODE=J&FID_INPUT_ISCD=005930
2026-06-10 10:59:42,329 - ERROR - 상세 에러: {"rt_cd":"1","msg1":"기간이 만료된 token 입니다.","msg_cd":"EGW00123"}
2026-06-10 10:59:42,335 - WARNING - [005930] 현재가를 가져오는데 실패했습니다. 10초 후 재시도합니다.
2026-06-10 10:59:52,576 - ERROR - GET 요청 실패 (FHKST01010100): 500 Server Error: Internal Server Error for url: https://openapivts.koreainvestment.com:29443/uapi/domestic-stock/v1/quotations/inquire-price?FID_COND_MRKT_DIV_CODE=J&FID_INPUT_ISCD=005930
2026-06-10 10:59:52,576 - ERROR - 상세 에러: {"rt_cd":"1","msg1":"기간이 만료된 token 입니다.","msg_cd":"EGW00123"}
2026-06-10 10:59:52,578 - WARNING - [005930] 현재가를 가져오는데 실패했습니다. 10초 후 재시도합니다.
2026-06-10 11:00:06,443 - ERROR - GET 요청 실패 (FHKST01010100): 500 Server Error: Internal Server Error for url: https://openapivts.koreainvestment.com:29443/uapi/domestic-stock/v1/quotations/inquire-price?FID_COND_MRKT_DIV_CODE=J&FID_INPUT_ISCD=005930
2026-06-10 11:00:06,443 - ERROR - 상세 에러: {"rt_cd":"1","msg1":"기간이 만료된 token 입니다.","msg_cd":"EGW00123"}
2026-06-10 11:00:06,446 - WARNING - [005930] 현재가를 가져오는데 실패했습니다. 10초 후 재시도합니다.
2026-06-10 11:00:20,763 - ERROR - GET 요청 실패 (FHKST01010100): 500 Server Error: Internal Server Error for url: https://openapivts.koreainvestment.com:29443/uapi/domestic-stock/v1/quotations/inquire-price?FID_COND_MRKT_DIV_CODE=J&FID_INPUT_ISCD=005930
2026-06-10 11:00:20,764 - ERROR - 상세 에러: {"rt_cd":"1","msg1":"기간이 만료된 token 입니다.","msg_cd":"EGW00123"}
2026-06-10 11:00:20,766 - WARNING - [005930] 현재가를 가져오는데 실패했습니다. 10초 후 재시도합니다.
2026-06-10 11:00:33,503 - ERROR - GET 요청 실패 (FHKST01010100): 500 Server Error: Internal Server Error for url: https://openapivts.koreainvestment.com:29443/uapi/domestic-stock/v1/quotations/inquire-price?FID_COND_MRKT_DIV_CODE=J&FID_INPUT_ISCD=005930
2026-06-10 11:00:33,503 - ERROR - 상세 에러: {"rt_cd":"1","msg1":"기간이 만료된 token 입니다.","msg_cd":"EGW00123"}
2026-06-10 11:00:33,505 - WARNING - [005930] 현재가를 가져오는데 실패했습니다. 10초 후 재시도합니다.
2026-06-10 11:00:46,103 - ERROR - GET 요청 실패 (FHKST01010100): 500 Server Error: Internal Server Error for url: https://openapivts.koreainvestment.com:29443/uapi/domestic-stock/v1/quotations/inquire-price?FID_COND_MRKT_DIV_CODE=J&FID_INPUT_ISCD=005930
2026-06-10 11:00:46,103 - ERROR - 상세 에러: {"rt_cd":"1","msg1":"기간이 만료된 token 입니다.","msg_cd":"EGW00123"}
2026-06-10 11:00:46,104 - WARNING - [005930] 현재가를 가져오는데 실패했습니다. 10초 후 재시도합니다.
2026-06-10 11:00:59,303 - ERROR - GET 요청 실패 (FHKST01010100): 500 Server Error: Internal Server Error for url: https://openapivts.koreainvestment.com:29443/uapi/domestic-stock/v1/quotations/inquire-price?FID_COND_MRKT_DIV_CODE=J&FID_INPUT_ISCD=005930
2026-06-10 11:00:59,303 - ERROR - 상세 에러: {"rt_cd":"1","msg1":"기간이 만료된 token 입니다.","msg_cd":"EGW00123"}
2026-06-10 11:00:59,305 - WARNING - [005930] 현재가를 가져오는데 실패했습니다. 10초 후 재시도합니다.
2026-06-10 11:01:10,211 - ERROR - GET 요청 실패 (FHKST01010100): 500 Server Error: Internal Server Error for url: https://openapivts.koreainvestment.com:29443/uapi/domestic-stock/v1/quotations/inquire-price?FID_COND_MRKT_DIV_CODE=J&FID_INPUT_ISCD=005930
2026-06-10 11:01:10,212 - ERROR - 상세 에러: {"rt_cd":"1","msg1":"기간이 만료된 token 입니다.","msg_cd":"EGW00123"}
2026-06-10 11:01:10,216 - WARNING - [005930] 현재가를 가져오는데 실패했습니다. 10초 후 재시도합니다.
2026-06-10 11:01:23,860 - ERROR - GET 요청 실패 (FHKST01010100): 500 Server Error: Internal Server Error for url: https://openapivts.koreainvestment.com:29443/uapi/domestic-stock/v1/quotations/inquire-price?FID_COND_MRKT_DIV_CODE=J&FID_INPUT_ISCD=005930
2026-06-10 11:01:23,861 - ERROR - 상세 에러: {"rt_cd":"1","msg1":"기간이 만료된 token 입니다.","msg_cd":"EGW00123"}
2026-06-10 11:01:23,867 - WARNING - [005930] 현재가를 가져오는데 실패했습니다. 10초 후 재시도합니다.
2026-06-10 11:01:36,501 - ERROR - GET 요청 실패 (FHKST01010100): 500 Server Error: Internal Server Error for url: https://openapivts.koreainvestment.com:29443/uapi/domestic-stock/v1/quotations/inquire-price?FID_COND_MRKT_DIV_CODE=J&FID_INPUT_ISCD=005930
2026-06-10 11:01:36,501 - ERROR - 상세 에러: {"rt_cd":"1","msg1":"기간이 만료된 token 입니다.","msg_cd":"EGW00123"}
2026-06-10 11:01:36,504 - WARNING - [005930] 현재가를 가져오는데 실패했습니다. 10초 후 재시도합니다.
2026-06-10 11:01:46,641 - ERROR - GET 요청 실패 (FHKST01010100): 500 Server Error: Internal Server Error for url: https://openapivts.koreainvestment.com:29443/uapi/domestic-stock/v1/quotations/inquire-price?FID_COND_MRKT_DIV_CODE=J&FID_INPUT_ISCD=005930
2026-06-10 11:01:46,642 - ERROR - 상세 에러: {"rt_cd":"1","msg1":"기간이 만료된 token 입니다.","msg_cd":"EGW00123"}
2026-06-10 11:01:46,644 - WARNING - [005930] 현재가를 가져오는데 실패했습니다. 10초 후 재시도합니다.
2026-06-10 11:01:56,796 - ERROR - GET 요청 실패 (FHKST01010100): 500 Server Error: Internal Server Error for url: https://openapivts.koreainvestment.com:29443/uapi/domestic-stock/v1/quotations/inquire-price?FID_COND_MRKT_DIV_CODE=J&FID_INPUT_ISCD=005930
2026-06-10 11:01:56,797 - ERROR - 상세 에러: {"rt_cd":"1","msg1":"기간이 만료된 token 입니다.","msg_cd":"EGW00123"}
2026-06-10 11:01:56,804 - WARNING - [005930] 현재가를 가져오는데 실패했습니다. 10초 후 재시도합니다.
2026-06-10 11:02:09,841 - ERROR - GET 요청 실패 (FHKST01010100): 500 Server Error: Internal Server Error for url: https://openapivts.koreainvestment.com:29443/uapi/domestic-stock/v1/quotations/inquire-price?FID_COND_MRKT_DIV_CODE=J&FID_INPUT_ISCD=005930
2026-06-10 11:02:09,841 - ERROR - 상세 에러: {"rt_cd":"1","msg1":"기간이 만료된 token 입니다.","msg_cd":"EGW00123"}
2026-06-10 11:02:09,844 - WARNING - [005930] 현재가를 가져오는데 실패했습니다. 10초 후 재시도합니다.
2026-06-10 11:02:20,998 - ERROR - GET 요청 실패 (FHKST01010100): 500 Server Error: Internal Server Error for url: https://openapivts.koreainvestment.com:29443/uapi/domestic-stock/v1/quotations/inquire-price?FID_COND_MRKT_DIV_CODE=J&FID_INPUT_ISCD=005930
2026-06-10 11:02:20,999 - ERROR - 상세 에러: {"rt_cd":"1","msg1":"기간이 만료된 token 입니다.","msg_cd":"EGW00123"}
2026-06-10 11:02:21,001 - WARNING - [005930] 현재가를 가져오는데 실패했습니다. 10초 후 재시도합니다.
2026-06-10 11:02:33,774 - ERROR - GET 요청 실패 (FHKST01010100): 500 Server Error: Internal Server Error for url: https://openapivts.koreainvestment.com:29443/uapi/domestic-stock/v1/quotations/inquire-price?FID_COND_MRKT_DIV_CODE=J&FID_INPUT_ISCD=005930
2026-06-10 11:02:33,775 - ERROR - 상세 에러: {"rt_cd":"1","msg1":"기간이 만료된 token 입니다.","msg_cd":"EGW00123"}
2026-06-10 11:02:33,777 - WARNING - [005930] 현재가를 가져오는데 실패했습니다. 10초 후 재시도합니다.
2026-06-10 11:02:44,724 - ERROR - GET 요청 실패 (FHKST01010100): 500 Server Error: Internal Server Error for url: https://openapivts.koreainvestment.com:29443/uapi/domestic-stock/v1/quotations/inquire-price?FID_COND_MRKT_DIV_CODE=J&FID_INPUT_ISCD=005930
2026-06-10 11:02:44,725 - ERROR - 상세 에러: {"rt_cd":"1","msg1":"기간이 만료된 token 입니다.","msg_cd":"EGW00123"}
2026-06-10 11:02:44,728 - WARNING - [005930] 현재가를 가져오는데 실패했습니다. 10초 후 재시도합니다.
2026-06-10 11:02:56,126 - ERROR - GET 요청 실패 (FHKST01010100): 500 Server Error: Internal Server Error for url: https://openapivts.koreainvestment.com:29443/uapi/domestic-stock/v1/quotations/inquire-price?FID_COND_MRKT_DIV_CODE=J&FID_INPUT_ISCD=005930
2026-06-10 11:02:56,126 - ERROR - 상세 에러: {"rt_cd":"1","msg1":"기간이 만료된 token 입니다.","msg_cd":"EGW00123"}
2026-06-10 11:02:56,130 - WARNING - [005930] 현재가를 가져오는데 실패했습니다. 10초 후 재시도합니다.
2026-06-10 11:03:06,469 - ERROR - GET 요청 실패 (FHKST01010100): 500 Server Error: Internal Server Error for url: https://openapivts.koreainvestment.com:29443/uapi/domestic-stock/v1/quotations/inquire-price?FID_COND_MRKT_DIV_CODE=J&FID_INPUT_ISCD=005930
2026-06-10 11:03:06,471 - ERROR - 상세 에러: {"rt_cd":"1","msg1":"기간이 만료된 token 입니다.","msg_cd":"EGW00123"}
2026-06-10 11:03:06,476 - WARNING - [005930] 현재가를 가져오는데 실패했습니다. 10초 후 재시도합니다.
2026-06-10 11:03:19,890 - ERROR - GET 요청 실패 (FHKST01010100): 500 Server Error: Internal Server Error for url: https://openapivts.koreainvestment.com:29443/uapi/domestic-stock/v1/quotations/inquire-price?FID_COND_MRKT_DIV_CODE=J&FID_INPUT_ISCD=005930
2026-06-10 11:03:19,891 - ERROR - 상세 에러: {"rt_cd":"1","msg1":"기간이 만료된 token 입니다.","msg_cd":"EGW00123"}
2026-06-10 11:03:19,894 - WARNING - [005930] 현재가를 가져오는데 실패했습니다. 10초 후 재시도합니다.
2026-06-10 11:03:30,013 - ERROR - GET 요청 실패 (FHKST01010100): 500 Server Error: Internal Server Error for url: https://openapivts.koreainvestment.com:29443/uapi/domestic-stock/v1/quotations/inquire-price?FID_COND_MRKT_DIV_CODE=J&FID_INPUT_ISCD=005930
2026-06-10 11:03:30,014 - ERROR - 상세 에러: {"rt_cd":"1","msg1":"기간이 만료된 token 입니다.","msg_cd":"EGW00123"}
2026-06-10 11:03:30,016 - WARNING - [005930] 현재가를 가져오는데 실패했습니다. 10초 후 재시도합니다.
2026-06-10 11:03:42,884 - ERROR - GET 요청 실패 (FHKST01010100): 500 Server Error: Internal Server Error for url: https://openapivts.koreainvestment.com:29443/uapi/domestic-stock/v1/quotations/inquire-price?FID_COND_MRKT_DIV_CODE=J&FID_INPUT_ISCD=005930
2026-06-10 11:03:42,884 - ERROR - 상세 에러: {"rt_cd":"1","msg1":"기간이 만료된 token 입니다.","msg_cd":"EGW00123"}
2026-06-10 11:03:42,889 - WARNING - [005930] 현재가를 가져오는데 실패했습니다. 10초 후 재시도합니다.
2026-06-10 11:03:53,015 - ERROR - GET 요청 실패 (FHKST01010100): 500 Server Error: Internal Server Error for url: https://openapivts.koreainvestment.com:29443/uapi/domestic-stock/v1/quotations/inquire-price?FID_COND_MRKT_DIV_CODE=J&FID_INPUT_ISCD=005930
2026-06-10 11:03:53,016 - ERROR - 상세 에러: {"rt_cd":"1","msg1":"기간이 만료된 token 입니다.","msg_cd":"EGW00123"}
2026-06-10 11:03:53,019 - WARNING - [005930] 현재가를 가져오는데 실패했습니다. 10초 후 재시도합니다.
2026-06-10 11:04:03,393 - ERROR - GET 요청 실패 (FHKST01010100): 500 Server Error: Internal Server Error for url: https://openapivts.koreainvestment.com:29443/uapi/domestic-stock/v1/quotations/inquire-price?FID_COND_MRKT_DIV_CODE=J&FID_INPUT_ISCD=005930
2026-06-10 11:04:03,394 - ERROR - 상세 에러: {"rt_cd":"1","msg1":"기간이 만료된 token 입니다.","msg_cd":"EGW00123"}
2026-06-10 11:04:03,398 - WARNING - [005930] 현재가를 가져오는데 실패했습니다. 10초 후 재시도합니다.
2026-06-10 11:04:16,579 - ERROR - GET 요청 실패 (FHKST01010100): 500 Server Error: Internal Server Error for url: https://openapivts.koreainvestment.com:29443/uapi/domestic-stock/v1/quotations/inquire-price?FID_COND_MRKT_DIV_CODE=J&FID_INPUT_ISCD=005930
2026-06-10 11:04:16,580 - ERROR - 상세 에러: {"rt_cd":"1","msg1":"기간이 만료된 token 입니다.","msg_cd":"EGW00123"}
2026-06-10 11:04:16,584 - WARNING - [005930] 현재가를 가져오는데 실패했습니다. 10초 후 재시도합니다.
2026-06-10 11:04:30,908 - ERROR - GET 요청 실패 (FHKST01010100): 500 Server Error: Internal Server Error for url: https://openapivts.koreainvestment.com:29443/uapi/domestic-stock/v1/quotations/inquire-price?FID_COND_MRKT_DIV_CODE=J&FID_INPUT_ISCD=005930
2026-06-10 11:04:30,908 - ERROR - 상세 에러: {"rt_cd":"1","msg1":"기간이 만료된 token 입니다.","msg_cd":"EGW00123"}
2026-06-10 11:04:30,911 - WARNING - [005930] 현재가를 가져오는데 실패했습니다. 10초 후 재시도합니다.
2026-06-10 11:04:45,499 - ERROR - GET 요청 실패 (FHKST01010100): 500 Server Error: Internal Server Error for url: https://openapivts.koreainvestment.com:29443/uapi/domestic-stock/v1/quotations/inquire-price?FID_COND_MRKT_DIV_CODE=J&FID_INPUT_ISCD=005930
2026-06-10 11:04:45,500 - ERROR - 상세 에러: {"rt_cd":"1","msg1":"기간이 만료된 token 입니다.","msg_cd":"EGW00123"}
2026-06-10 11:04:45,503 - WARNING - [005930] 현재가를 가져오는데 실패했습니다. 10초 후 재시도합니다.
2026-06-10 11:04:58,503 - ERROR - GET 요청 실패 (FHKST01010100): 500 Server Error: Internal Server Error for url: https://openapivts.koreainvestment.com:29443/uapi/domestic-stock/v1/quotations/inquire-price?FID_COND_MRKT_DIV_CODE=J&FID_INPUT_ISCD=005930
2026-06-10 11:04:58,504 - ERROR - 상세 에러: {"rt_cd":"1","msg1":"기간이 만료된 token 입니다.","msg_cd":"EGW00123"}
2026-06-10 11:04:58,507 - WARNING - [005930] 현재가를 가져오는데 실패했습니다. 10초 후 재시도합니다.
2026-06-10 11:05:08,625 - ERROR - GET 요청 실패 (FHKST01010100): 500 Server Error: Internal Server Error for url: https://openapivts.koreainvestment.com:29443/uapi/domestic-stock/v1/quotations/inquire-price?FID_COND_MRKT_DIV_CODE=J&FID_INPUT_ISCD=005930
2026-06-10 11:05:08,626 - ERROR - 상세 에러: {"rt_cd":"1","msg1":"기간이 만료된 token 입니다.","msg_cd":"EGW00123"}
2026-06-10 11:05:08,630 - WARNING - [005930] 현재가를 가져오는데 실패했습니다. 10초 후 재시도합니다.
2026-06-10 11:05:23,953 - ERROR - GET 요청 실패 (FHKST01010100): 500 Server Error: Internal Server Error for url: https://openapivts.koreainvestment.com:29443/uapi/domestic-stock/v1/quotations/inquire-price?FID_COND_MRKT_DIV_CODE=J&FID_INPUT_ISCD=005930
2026-06-10 11:05:23,954 - ERROR - 상세 에러: {"rt_cd":"1","msg1":"기간이 만료된 token 입니다.","msg_cd":"EGW00123"}
2026-06-10 11:05:23,956 - WARNING - [005930] 현재가를 가져오는데 실패했습니다. 10초 후 재시도합니다.
2026-06-10 11:05:38,033 - ERROR - GET 요청 실패 (FHKST01010100): 500 Server Error: Internal Server Error for url: https://openapivts.koreainvestment.com:29443/uapi/domestic-stock/v1/quotations/inquire-price?FID_COND_MRKT_DIV_CODE=J&FID_INPUT_ISCD=005930
2026-06-10 11:05:38,033 - ERROR - 상세 에러: {"rt_cd":"1","msg1":"기간이 만료된 token 입니다.","msg_cd":"EGW00123"}
2026-06-10 11:05:38,036 - WARNING - [005930] 현재가를 가져오는데 실패했습니다. 10초 후 재시도합니다.
2026-06-10 11:05:48,142 - ERROR - GET 요청 실패 (FHKST01010100): 500 Server Error: Internal Server Error for url: https://openapivts.koreainvestment.com:29443/uapi/domestic-stock/v1/quotations/inquire-price?FID_COND_MRKT_DIV_CODE=J&FID_INPUT_ISCD=005930
2026-06-10 11:05:48,143 - ERROR - 상세 에러: {"rt_cd":"1","msg1":"기간이 만료된 token 입니다.","msg_cd":"EGW00123"}
2026-06-10 11:05:48,146 - WARNING - [005930] 현재가를 가져오는데 실패했습니다. 10초 후 재시도합니다.
2026-06-10 11:06:01,074 - ERROR - GET 요청 실패 (FHKST01010100): 500 Server Error: Internal Server Error for url: https://openapivts.koreainvestment.com:29443/uapi/domestic-stock/v1/quotations/inquire-price?FID_COND_MRKT_DIV_CODE=J&FID_INPUT_ISCD=005930
2026-06-10 11:06:01,075 - ERROR - 상세 에러: {"rt_cd":"1","msg1":"기간이 만료된 token 입니다.","msg_cd":"EGW00123"}
2026-06-10 11:06:01,077 - WARNING - [005930] 현재가를 가져오는데 실패했습니다. 10초 후 재시도합니다.
2026-06-10 11:06:14,693 - ERROR - GET 요청 실패 (FHKST01010100): 500 Server Error: Internal Server Error for url: https://openapivts.koreainvestment.com:29443/uapi/domestic-stock/v1/quotations/inquire-price?FID_COND_MRKT_DIV_CODE=J&FID_INPUT_ISCD=005930
2026-06-10 11:06:14,693 - ERROR - 상세 에러: {"rt_cd":"1","msg1":"기간이 만료된 token 입니다.","msg_cd":"EGW00123"}
2026-06-10 11:06:14,698 - WARNING - [005930] 현재가를 가져오는데 실패했습니다. 10초 후 재시도합니다.
2026-06-10 11:06:24,841 - ERROR - GET 요청 실패 (FHKST01010100): 500 Server Error: Internal Server Error for url: https://openapivts.koreainvestment.com:29443/uapi/domestic-stock/v1/quotations/inquire-price?FID_COND_MRKT_DIV_CODE=J&FID_INPUT_ISCD=005930
2026-06-10 11:06:24,841 - ERROR - 상세 에러: {"rt_cd":"1","msg1":"기간이 만료된 token 입니다.","msg_cd":"EGW00123"}
2026-06-10 11:06:24,844 - WARNING - [005930] 현재가를 가져오는데 실패했습니다. 10초 후 재시도합니다.
2026-06-10 11:06:38,447 - ERROR - GET 요청 실패 (FHKST01010100): 500 Server Error: Internal Server Error for url: https://openapivts.koreainvestment.com:29443/uapi/domestic-stock/v1/quotations/inquire-price?FID_COND_MRKT_DIV_CODE=J&FID_INPUT_ISCD=005930
2026-06-10 11:06:38,448 - ERROR - 상세 에러: {"rt_cd":"1","msg1":"기간이 만료된 token 입니다.","msg_cd":"EGW00123"}
2026-06-10 11:06:38,453 - WARNING - [005930] 현재가를 가져오는데 실패했습니다. 10초 후 재시도합니다.
2026-06-10 11:06:51,201 - ERROR - GET 요청 실패 (FHKST01010100): 500 Server Error: Internal Server Error for url: https://openapivts.koreainvestment.com:29443/uapi/domestic-stock/v1/quotations/inquire-price?FID_COND_MRKT_DIV_CODE=J&FID_INPUT_ISCD=005930
2026-06-10 11:06:51,201 - ERROR - 상세 에러: {"rt_cd":"1","msg1":"기간이 만료된 token 입니다.","msg_cd":"EGW00123"}
2026-06-10 11:06:51,204 - WARNING - [005930] 현재가를 가져오는데 실패했습니다. 10초 후 재시도합니다.
2026-06-10 11:07:05,801 - ERROR - GET 요청 실패 (FHKST01010100): 500 Server Error: Internal Server Error for url: https://openapivts.koreainvestment.com:29443/uapi/domestic-stock/v1/quotations/inquire-price?FID_COND_MRKT_DIV_CODE=J&FID_INPUT_ISCD=005930
2026-06-10 11:07:05,801 - ERROR - 상세 에러: {"rt_cd":"1","msg1":"기간이 만료된 token 입니다.","msg_cd":"EGW00123"}
2026-06-10 11:07:05,804 - WARNING - [005930] 현재가를 가져오는데 실패했습니다. 10초 후 재시도합니다.
2026-06-10 11:07:19,108 - ERROR - GET 요청 실패 (FHKST01010100): 500 Server Error: Internal Server Error for url: https://openapivts.koreainvestment.com:29443/uapi/domestic-stock/v1/quotations/inquire-price?FID_COND_MRKT_DIV_CODE=J&FID_INPUT_ISCD=005930
2026-06-10 11:07:19,109 - ERROR - 상세 에러: {"rt_cd":"1","msg1":"기간이 만료된 token 입니다.","msg_cd":"EGW00123"}
2026-06-10 11:07:19,113 - WARNING - [005930] 현재가를 가져오는데 실패했습니다. 10초 후 재시도합니다.
2026-06-10 11:07:31,527 - ERROR - GET 요청 실패 (FHKST01010100): 500 Server Error: Internal Server Error for url: https://openapivts.koreainvestment.com:29443/uapi/domestic-stock/v1/quotations/inquire-price?FID_COND_MRKT_DIV_CODE=J&FID_INPUT_ISCD=005930
2026-06-10 11:07:31,527 - ERROR - 상세 에러: {"rt_cd":"1","msg1":"기간이 만료된 token 입니다.","msg_cd":"EGW00123"}
2026-06-10 11:07:31,530 - WARNING - [005930] 현재가를 가져오는데 실패했습니다. 10초 후 재시도합니다.
2026-06-10 11:07:44,707 - ERROR - GET 요청 실패 (FHKST01010100): 500 Server Error: Internal Server Error for url: https://openapivts.koreainvestment.com:29443/uapi/domestic-stock/v1/quotations/inquire-price?FID_COND_MRKT_DIV_CODE=J&FID_INPUT_ISCD=005930
2026-06-10 11:07:44,708 - ERROR - 상세 에러: {"rt_cd":"1","msg1":"기간이 만료된 token 입니다.","msg_cd":"EGW00123"}
2026-06-10 11:07:44,711 - WARNING - [005930] 현재가를 가져오는데 실패했습니다. 10초 후 재시도합니다.
2026-06-10 11:07:56,895 - ERROR - GET 요청 실패 (FHKST01010100): 500 Server Error: Internal Server Error for url: https://openapivts.koreainvestment.com:29443/uapi/domestic-stock/v1/quotations/inquire-price?FID_COND_MRKT_DIV_CODE=J&FID_INPUT_ISCD=005930
2026-06-10 11:07:56,896 - ERROR - 상세 에러: {"rt_cd":"1","msg1":"기간이 만료된 token 입니다.","msg_cd":"EGW00123"}
2026-06-10 11:07:56,899 - WARNING - [005930] 현재가를 가져오는데 실패했습니다. 10초 후 재시도합니다.
2026-06-10 11:08:07,030 - ERROR - GET 요청 실패 (FHKST01010100): 500 Server Error: Internal Server Error for url: https://openapivts.koreainvestment.com:29443/uapi/domestic-stock/v1/quotations/inquire-price?FID_COND_MRKT_DIV_CODE=J&FID_INPUT_ISCD=005930
2026-06-10 11:08:07,031 - ERROR - 상세 에러: {"rt_cd":"1","msg1":"기간이 만료된 token 입니다.","msg_cd":"EGW00123"}
2026-06-10 11:08:07,034 - WARNING - [005930] 현재가를 가져오는데 실패했습니다. 10초 후 재시도합니다.
2026-06-10 11:08:19,426 - ERROR - GET 요청 실패 (FHKST01010100): 500 Server Error: Internal Server Error for url: https://openapivts.koreainvestment.com:29443/uapi/domestic-stock/v1/quotations/inquire-price?FID_COND_MRKT_DIV_CODE=J&FID_INPUT_ISCD=005930
2026-06-10 11:08:19,427 - ERROR - 상세 에러: {"rt_cd":"1","msg1":"기간이 만료된 token 입니다.","msg_cd":"EGW00123"}
2026-06-10 11:08:19,430 - WARNING - [005930] 현재가를 가져오는데 실패했습니다. 10초 후 재시도합니다.
2026-06-10 11:08:30,585 - ERROR - GET 요청 실패 (FHKST01010100): 500 Server Error: Internal Server Error for url: https://openapivts.koreainvestment.com:29443/uapi/domestic-stock/v1/quotations/inquire-price?FID_COND_MRKT_DIV_CODE=J&FID_INPUT_ISCD=005930
2026-06-10 11:08:30,586 - ERROR - 상세 에러: {"rt_cd":"1","msg1":"기간이 만료된 token 입니다.","msg_cd":"EGW00123"}
2026-06-10 11:08:30,590 - WARNING - [005930] 현재가를 가져오는데 실패했습니다. 10초 후 재시도합니다.
2026-06-10 11:08:41,235 - ERROR - GET 요청 실패 (FHKST01010100): 500 Server Error: Internal Server Error for url: https://openapivts.koreainvestment.com:29443/uapi/domestic-stock/v1/quotations/inquire-price?FID_COND_MRKT_DIV_CODE=J&FID_INPUT_ISCD=005930
2026-06-10 11:08:41,236 - ERROR - 상세 에러: {"rt_cd":"1","msg1":"기간이 만료된 token 입니다.","msg_cd":"EGW00123"}
2026-06-10 11:08:41,239 - WARNING - [005930] 현재가를 가져오는데 실패했습니다. 10초 후 재시도합니다.
2026-06-10 11:08:51,989 - ERROR - GET 요청 실패 (FHKST01010100): 500 Server Error: Internal Server Error for url: https://openapivts.koreainvestment.com:29443/uapi/domestic-stock/v1/quotations/inquire-price?FID_COND_MRKT_DIV_CODE=J&FID_INPUT_ISCD=005930
2026-06-10 11:08:51,990 - ERROR - 상세 에러: {"rt_cd":"1","msg1":"기간이 만료된 token 입니다.","msg_cd":"EGW00123"}
2026-06-10 11:08:51,994 - WARNING - [005930] 현재가를 가져오는데 실패했습니다. 10초 후 재시도합니다.
2026-06-10 11:09:03,663 - ERROR - GET 요청 실패 (FHKST01010100): 500 Server Error: Internal Server Error for url: https://openapivts.koreainvestment.com:29443/uapi/domestic-stock/v1/quotations/inquire-price?FID_COND_MRKT_DIV_CODE=J&FID_INPUT_ISCD=005930
2026-06-10 11:09:03,663 - ERROR - 상세 에러: {"rt_cd":"1","msg1":"기간이 만료된 token 입니다.","msg_cd":"EGW00123"}
2026-06-10 11:09:03,666 - WARNING - [005930] 현재가를 가져오는데 실패했습니다. 10초 후 재시도합니다.
2026-06-10 11:09:14,108 - ERROR - GET 요청 실패 (FHKST01010100): 500 Server Error: Internal Server Error for url: https://openapivts.koreainvestment.com:29443/uapi/domestic-stock/v1/quotations/inquire-price?FID_COND_MRKT_DIV_CODE=J&FID_INPUT_ISCD=005930
2026-06-10 11:09:14,109 - ERROR - 상세 에러: {"rt_cd":"1","msg1":"기간이 만료된 token 입니다.","msg_cd":"EGW00123"}
2026-06-10 11:09:14,112 - WARNING - [005930] 현재가를 가져오는데 실패했습니다. 10초 후 재시도합니다.
2026-06-10 11:09:24,656 - ERROR - GET 요청 실패 (FHKST01010100): 500 Server Error: Internal Server Error for url: https://openapivts.koreainvestment.com:29443/uapi/domestic-stock/v1/quotations/inquire-price?FID_COND_MRKT_DIV_CODE=J&FID_INPUT_ISCD=005930
2026-06-10 11:09:24,657 - ERROR - 상세 에러: {"rt_cd":"1","msg1":"기간이 만료된 token 입니다.","msg_cd":"EGW00123"}
2026-06-10 11:09:24,660 - WARNING - [005930] 현재가를 가져오는데 실패했습니다. 10초 후 재시도합니다.
2026-06-10 11:09:35,204 - ERROR - GET 요청 실패 (FHKST01010100): 500 Server Error: Internal Server Error for url: https://openapivts.koreainvestment.com:29443/uapi/domestic-stock/v1/quotations/inquire-price?FID_COND_MRKT_DIV_CODE=J&FID_INPUT_ISCD=005930
2026-06-10 11:09:35,205 - ERROR - 상세 에러: {"rt_cd":"1","msg1":"기간이 만료된 token 입니다.","msg_cd":"EGW00123"}
2026-06-10 11:09:35,208 - WARNING - [005930] 현재가를 가져오는데 실패했습니다. 10초 후 재시도합니다.
2026-06-10 11:09:45,342 - ERROR - GET 요청 실패 (FHKST01010100): 500 Server Error: Internal Server Error for url: https://openapivts.koreainvestment.com:29443/uapi/domestic-stock/v1/quotations/inquire-price?FID_COND_MRKT_DIV_CODE=J&FID_INPUT_ISCD=005930
2026-06-10 11:09:45,343 - ERROR - 상세 에러: {"rt_cd":"1","msg1":"기간이 만료된 token 입니다.","msg_cd":"EGW00123"}
2026-06-10 11:09:45,348 - WARNING - [005930] 현재가를 가져오는데 실패했습니다. 10초 후 재시도합니다.
2026-06-10 11:09:55,993 - ERROR - GET 요청 실패 (FHKST01010100): 500 Server Error: Internal Server Error for url: https://openapivts.koreainvestment.com:29443/uapi/domestic-stock/v1/quotations/inquire-price?FID_COND_MRKT_DIV_CODE=J&FID_INPUT_ISCD=005930
2026-06-10 11:09:55,994 - ERROR - 상세 에러: {"rt_cd":"1","msg1":"기간이 만료된 token 입니다.","msg_cd":"EGW00123"}
2026-06-10 11:09:55,998 - WARNING - [005930] 현재가를 가져오는데 실패했습니다. 10초 후 재시도합니다.
2026-06-10 11:10:09,919 - ERROR - GET 요청 실패 (FHKST01010100): 500 Server Error: Internal Server Error for url: https://openapivts.koreainvestment.com:29443/uapi/domestic-stock/v1/quotations/inquire-price?FID_COND_MRKT_DIV_CODE=J&FID_INPUT_ISCD=005930
2026-06-10 11:10:09,920 - ERROR - 상세 에러: {"rt_cd":"1","msg1":"기간이 만료된 token 입니다.","msg_cd":"EGW00123"}
2026-06-10 11:10:09,923 - WARNING - [005930] 현재가를 가져오는데 실패했습니다. 10초 후 재시도합니다.
2026-06-10 11:10:21,416 - ERROR - GET 요청 실패 (FHKST01010100): 500 Server Error: Internal Server Error for url: https://openapivts.koreainvestment.com:29443/uapi/domestic-stock/v1/quotations/inquire-price?FID_COND_MRKT_DIV_CODE=J&FID_INPUT_ISCD=005930
2026-06-10 11:10:21,417 - ERROR - 상세 에러: {"rt_cd":"1","msg1":"기간이 만료된 token 입니다.","msg_cd":"EGW00123"}
2026-06-10 11:10:21,421 - WARNING - [005930] 현재가를 가져오는데 실패했습니다. 10초 후 재시도합니다.
2026-06-10 11:10:32,246 - ERROR - GET 요청 실패 (FHKST01010100): 500 Server Error: Internal Server Error for url: https://openapivts.koreainvestment.com:29443/uapi/domestic-stock/v1/quotations/inquire-price?FID_COND_MRKT_DIV_CODE=J&FID_INPUT_ISCD=005930
2026-06-10 11:10:32,247 - ERROR - 상세 에러: {"rt_cd":"1","msg1":"기간이 만료된 token 입니다.","msg_cd":"EGW00123"}
2026-06-10 11:10:32,251 - WARNING - [005930] 현재가를 가져오는데 실패했습니다. 10초 후 재시도합니다.
2026-06-10 11:10:42,465 - ERROR - GET 요청 실패 (FHKST01010100): 500 Server Error: Internal Server Error for url: https://openapivts.koreainvestment.com:29443/uapi/domestic-stock/v1/quotations/inquire-price?FID_COND_MRKT_DIV_CODE=J&FID_INPUT_ISCD=005930
2026-06-10 11:10:42,466 - ERROR - 상세 에러: {"rt_cd":"1","msg1":"기간이 만료된 token 입니다.","msg_cd":"EGW00123"}
2026-06-10 11:10:42,469 - WARNING - [005930] 현재가를 가져오는데 실패했습니다. 10초 후 재시도합니다.
2026-06-10 11:10:52,608 - ERROR - GET 요청 실패 (FHKST01010100): 500 Server Error: Internal Server Error for url: https://openapivts.koreainvestment.com:29443/uapi/domestic-stock/v1/quotations/inquire-price?FID_COND_MRKT_DIV_CODE=J&FID_INPUT_ISCD=005930
2026-06-10 11:10:52,609 - ERROR - 상세 에러: {"rt_cd":"1","msg1":"기간이 만료된 token 입니다.","msg_cd":"EGW00123"}
2026-06-10 11:10:52,612 - WARNING - [005930] 현재가를 가져오는데 실패했습니다. 10초 후 재시도합니다.
2026-06-10 11:11:06,039 - ERROR - GET 요청 실패 (FHKST01010100): 500 Server Error: Internal Server Error for url: https://openapivts.koreainvestment.com:29443/uapi/domestic-stock/v1/quotations/inquire-price?FID_COND_MRKT_DIV_CODE=J&FID_INPUT_ISCD=005930
2026-06-10 11:11:06,040 - ERROR - 상세 에러: {"rt_cd":"1","msg1":"기간이 만료된 token 입니다.","msg_cd":"EGW00123"}
2026-06-10 11:11:06,042 - WARNING - [005930] 현재가를 가져오는데 실패했습니다. 10초 후 재시도합니다.
2026-06-10 11:11:19,145 - ERROR - GET 요청 실패 (FHKST01010100): 500 Server Error: Internal Server Error for url: https://openapivts.koreainvestment.com:29443/uapi/domestic-stock/v1/quotations/inquire-price?FID_COND_MRKT_DIV_CODE=J&FID_INPUT_ISCD=005930
2026-06-10 11:11:19,145 - ERROR - 상세 에러: {"rt_cd":"1","msg1":"기간이 만료된 token 입니다.","msg_cd":"EGW00123"}
2026-06-10 11:11:19,149 - WARNING - [005930] 현재가를 가져오는데 실패했습니다. 10초 후 재시도합니다.
2026-06-10 11:11:29,407 - ERROR - GET 요청 실패 (FHKST01010100): 500 Server Error: Internal Server Error for url: https://openapivts.koreainvestment.com:29443/uapi/domestic-stock/v1/quotations/inquire-price?FID_COND_MRKT_DIV_CODE=J&FID_INPUT_ISCD=005930
2026-06-10 11:11:29,407 - ERROR - 상세 에러: {"rt_cd":"1","msg1":"기간이 만료된 token 입니다.","msg_cd":"EGW00123"}
2026-06-10 11:11:29,411 - WARNING - [005930] 현재가를 가져오는데 실패했습니다. 10초 후 재시도합니다.
2026-06-10 11:11:40,548 - ERROR - GET 요청 실패 (FHKST01010100): 500 Server Error: Internal Server Error for url: https://openapivts.koreainvestment.com:29443/uapi/domestic-stock/v1/quotations/inquire-price?FID_COND_MRKT_DIV_CODE=J&FID_INPUT_ISCD=005930
2026-06-10 11:11:40,549 - ERROR - 상세 에러: {"rt_cd":"1","msg1":"기간이 만료된 token 입니다.","msg_cd":"EGW00123"}
2026-06-10 11:11:40,552 - WARNING - [005930] 현재가를 가져오는데 실패했습니다. 10초 후 재시도합니다.
2026-06-10 11:11:51,056 - ERROR - GET 요청 실패 (FHKST01010100): 500 Server Error: Internal Server Error for url: https://openapivts.koreainvestment.com:29443/uapi/domestic-stock/v1/quotations/inquire-price?FID_COND_MRKT_DIV_CODE=J&FID_INPUT_ISCD=005930
2026-06-10 11:11:51,056 - ERROR - 상세 에러: {"rt_cd":"1","msg1":"기간이 만료된 token 입니다.","msg_cd":"EGW00123"}
2026-06-10 11:11:51,059 - WARNING - [005930] 현재가를 가져오는데 실패했습니다. 10초 후 재시도합니다.
2026-06-10 11:12:02,733 - ERROR - GET 요청 실패 (FHKST01010100): 500 Server Error: Internal Server Error for url: https://openapivts.koreainvestment.com:29443/uapi/domestic-stock/v1/quotations/inquire-price?FID_COND_MRKT_DIV_CODE=J&FID_INPUT_ISCD=005930
2026-06-10 11:12:02,734 - ERROR - 상세 에러: {"rt_cd":"1","msg1":"기간이 만료된 token 입니다.","msg_cd":"EGW00123"}
2026-06-10 11:12:02,737 - WARNING - [005930] 현재가를 가져오는데 실패했습니다. 10초 후 재시도합니다.
2026-06-10 11:12:13,529 - ERROR - GET 요청 실패 (FHKST01010100): 500 Server Error: Internal Server Error for url: https://openapivts.koreainvestment.com:29443/uapi/domestic-stock/v1/quotations/inquire-price?FID_COND_MRKT_DIV_CODE=J&FID_INPUT_ISCD=005930
2026-06-10 11:12:13,530 - ERROR - 상세 에러: {"rt_cd":"1","msg1":"기간이 만료된 token 입니다.","msg_cd":"EGW00123"}
2026-06-10 11:12:13,534 - WARNING - [005930] 현재가를 가져오는데 실패했습니다. 10초 후 재시도합니다.
2026-06-10 11:12:24,790 - ERROR - GET 요청 실패 (FHKST01010100): 500 Server Error: Internal Server Error for url: https://openapivts.koreainvestment.com:29443/uapi/domestic-stock/v1/quotations/inquire-price?FID_COND_MRKT_DIV_CODE=J&FID_INPUT_ISCD=005930
2026-06-10 11:12:24,790 - ERROR - 상세 에러: {"rt_cd":"1","msg1":"기간이 만료된 token 입니다.","msg_cd":"EGW00123"}
2026-06-10 11:12:24,793 - WARNING - [005930] 현재가를 가져오는데 실패했습니다. 10초 후 재시도합니다.
2026-06-10 11:12:35,439 - ERROR - GET 요청 실패 (FHKST01010100): 500 Server Error: Internal Server Error for url: https://openapivts.koreainvestment.com:29443/uapi/domestic-stock/v1/quotations/inquire-price?FID_COND_MRKT_DIV_CODE=J&FID_INPUT_ISCD=005930
2026-06-10 11:12:35,439 - ERROR - 상세 에러: {"rt_cd":"1","msg1":"기간이 만료된 token 입니다.","msg_cd":"EGW00123"}
2026-06-10 11:12:35,442 - WARNING - [005930] 현재가를 가져오는데 실패했습니다. 10초 후 재시도합니다.
2026-06-10 11:12:46,498 - ERROR - GET 요청 실패 (FHKST01010100): 500 Server Error: Internal Server Error for url: https://openapivts.koreainvestment.com:29443/uapi/domestic-stock/v1/quotations/inquire-price?FID_COND_MRKT_DIV_CODE=J&FID_INPUT_ISCD=005930
2026-06-10 11:12:46,499 - ERROR - 상세 에러: {"rt_cd":"1","msg1":"기간이 만료된 token 입니다.","msg_cd":"EGW00123"}
2026-06-10 11:12:46,502 - WARNING - [005930] 현재가를 가져오는데 실패했습니다. 10초 후 재시도합니다.
2026-06-10 11:12:56,612 - ERROR - GET 요청 실패 (FHKST01010100): 500 Server Error: Internal Server Error for url: https://openapivts.koreainvestment.com:29443/uapi/domestic-stock/v1/quotations/inquire-price?FID_COND_MRKT_DIV_CODE=J&FID_INPUT_ISCD=005930
2026-06-10 11:12:56,612 - ERROR - 상세 에러: {"rt_cd":"1","msg1":"기간이 만료된 token 입니다.","msg_cd":"EGW00123"}
2026-06-10 11:12:56,615 - WARNING - [005930] 현재가를 가져오는데 실패했습니다. 10초 후 재시도합니다.
2026-06-10 11:13:07,011 - ERROR - GET 요청 실패 (FHKST01010100): 500 Server Error: Internal Server Error for url: https://openapivts.koreainvestment.com:29443/uapi/domestic-stock/v1/quotations/inquire-price?FID_COND_MRKT_DIV_CODE=J&FID_INPUT_ISCD=005930
2026-06-10 11:13:07,011 - ERROR - 상세 에러: {"rt_cd":"1","msg1":"기간이 만료된 token 입니다.","msg_cd":"EGW00123"}
2026-06-10 11:13:07,015 - WARNING - [005930] 현재가를 가져오는데 실패했습니다. 10초 후 재시도합니다.
2026-06-10 11:13:18,040 - ERROR - GET 요청 실패 (FHKST01010100): 500 Server Error: Internal Server Error for url: https://openapivts.koreainvestment.com:29443/uapi/domestic-stock/v1/quotations/inquire-price?FID_COND_MRKT_DIV_CODE=J&FID_INPUT_ISCD=005930
2026-06-10 11:13:18,041 - ERROR - 상세 에러: {"rt_cd":"1","msg1":"기간이 만료된 token 입니다.","msg_cd":"EGW00123"}
2026-06-10 11:13:18,045 - WARNING - [005930] 현재가를 가져오는데 실패했습니다. 10초 후 재시도합니다.
2026-06-10 11:13:28,884 - ERROR - GET 요청 실패 (FHKST01010100): 500 Server Error: Internal Server Error for url: https://openapivts.koreainvestment.com:29443/uapi/domestic-stock/v1/quotations/inquire-price?FID_COND_MRKT_DIV_CODE=J&FID_INPUT_ISCD=005930
2026-06-10 11:13:28,885 - ERROR - 상세 에러: {"rt_cd":"1","msg1":"기간이 만료된 token 입니다.","msg_cd":"EGW00123"}
2026-06-10 11:13:28,888 - WARNING - [005930] 현재가를 가져오는데 실패했습니다. 10초 후 재시도합니다.
2026-06-10 11:13:40,028 - ERROR - GET 요청 실패 (FHKST01010100): 500 Server Error: Internal Server Error for url: https://openapivts.koreainvestment.com:29443/uapi/domestic-stock/v1/quotations/inquire-price?FID_COND_MRKT_DIV_CODE=J&FID_INPUT_ISCD=005930
2026-06-10 11:13:40,029 - ERROR - 상세 에러: {"rt_cd":"1","msg1":"기간이 만료된 token 입니다.","msg_cd":"EGW00123"}
2026-06-10 11:13:40,033 - WARNING - [005930] 현재가를 가져오는데 실패했습니다. 10초 후 재시도합니다.
2026-06-10 11:13:51,731 - ERROR - GET 요청 실패 (FHKST01010100): 500 Server Error: Internal Server Error for url: https://openapivts.koreainvestment.com:29443/uapi/domestic-stock/v1/quotations/inquire-price?FID_COND_MRKT_DIV_CODE=J&FID_INPUT_ISCD=005930
2026-06-10 11:13:51,732 - ERROR - 상세 에러: {"rt_cd":"1","msg1":"기간이 만료된 token 입니다.","msg_cd":"EGW00123"}
2026-06-10 11:13:51,735 - WARNING - [005930] 현재가를 가져오는데 실패했습니다. 10초 후 재시도합니다.
2026-06-10 11:14:02,793 - ERROR - GET 요청 실패 (FHKST01010100): 500 Server Error: Internal Server Error for url: https://openapivts.koreainvestment.com:29443/uapi/domestic-stock/v1/quotations/inquire-price?FID_COND_MRKT_DIV_CODE=J&FID_INPUT_ISCD=005930
2026-06-10 11:14:02,794 - ERROR - 상세 에러: {"rt_cd":"1","msg1":"기간이 만료된 token 입니다.","msg_cd":"EGW00123"}
2026-06-10 11:14:02,797 - WARNING - [005930] 현재가를 가져오는데 실패했습니다. 10초 후 재시도합니다.
2026-06-10 11:14:14,170 - ERROR - GET 요청 실패 (FHKST01010100): 500 Server Error: Internal Server Error for url: https://openapivts.koreainvestment.com:29443/uapi/domestic-stock/v1/quotations/inquire-price?FID_COND_MRKT_DIV_CODE=J&FID_INPUT_ISCD=005930
2026-06-10 11:14:14,171 - ERROR - 상세 에러: {"rt_cd":"1","msg1":"기간이 만료된 token 입니다.","msg_cd":"EGW00123"}
2026-06-10 11:14:14,175 - WARNING - [005930] 현재가를 가져오는데 실패했습니다. 10초 후 재시도합니다.
2026-06-10 11:14:25,835 - ERROR - GET 요청 실패 (FHKST01010100): 500 Server Error: Internal Server Error for url: https://openapivts.koreainvestment.com:29443/uapi/domestic-stock/v1/quotations/inquire-price?FID_COND_MRKT_DIV_CODE=J&FID_INPUT_ISCD=005930
2026-06-10 11:14:25,835 - ERROR - 상세 에러: {"rt_cd":"1","msg1":"기간이 만료된 token 입니다.","msg_cd":"EGW00123"}
2026-06-10 11:14:25,840 - WARNING - [005930] 현재가를 가져오는데 실패했습니다. 10초 후 재시도합니다.
2026-06-10 11:14:35,991 - ERROR - GET 요청 실패 (FHKST01010100): 500 Server Error: Internal Server Error for url: https://openapivts.koreainvestment.com:29443/uapi/domestic-stock/v1/quotations/inquire-price?FID_COND_MRKT_DIV_CODE=J&FID_INPUT_ISCD=005930
2026-06-10 11:14:35,992 - ERROR - 상세 에러: {"rt_cd":"1","msg1":"기간이 만료된 token 입니다.","msg_cd":"EGW00123"}
2026-06-10 11:14:35,995 - WARNING - [005930] 현재가를 가져오는데 실패했습니다. 10초 후 재시도합니다.
2026-06-10 11:14:46,111 - ERROR - GET 요청 실패 (FHKST01010100): 500 Server Error: Internal Server Error for url: https://openapivts.koreainvestment.com:29443/uapi/domestic-stock/v1/quotations/inquire-price?FID_COND_MRKT_DIV_CODE=J&FID_INPUT_ISCD=005930
2026-06-10 11:14:46,111 - ERROR - 상세 에러: {"rt_cd":"1","msg1":"기간이 만료된 token 입니다.","msg_cd":"EGW00123"}
2026-06-10 11:14:46,114 - WARNING - [005930] 현재가를 가져오는데 실패했습니다. 10초 후 재시도합니다.
2026-06-10 11:14:56,658 - ERROR - GET 요청 실패 (FHKST01010100): 500 Server Error: Internal Server Error for url: https://openapivts.koreainvestment.com:29443/uapi/domestic-stock/v1/quotations/inquire-price?FID_COND_MRKT_DIV_CODE=J&FID_INPUT_ISCD=005930
2026-06-10 11:14:56,658 - ERROR - 상세 에러: {"rt_cd":"1","msg1":"기간이 만료된 token 입니다.","msg_cd":"EGW00123"}
2026-06-10 11:14:56,661 - WARNING - [005930] 현재가를 가져오는데 실패했습니다. 10초 후 재시도합니다.
2026-06-10 11:15:08,332 - ERROR - GET 요청 실패 (FHKST01010100): 500 Server Error: Internal Server Error for url: https://openapivts.koreainvestment.com:29443/uapi/domestic-stock/v1/quotations/inquire-price?FID_COND_MRKT_DIV_CODE=J&FID_INPUT_ISCD=005930
2026-06-10 11:15:08,333 - ERROR - 상세 에러: {"rt_cd":"1","msg1":"기간이 만료된 token 입니다.","msg_cd":"EGW00123"}
2026-06-10 11:15:08,335 - WARNING - [005930] 현재가를 가져오는데 실패했습니다. 10초 후 재시도합니다.
2026-06-10 11:15:20,622 - ERROR - GET 요청 실패 (FHKST01010100): 500 Server Error: Internal Server Error for url: https://openapivts.koreainvestment.com:29443/uapi/domestic-stock/v1/quotations/inquire-price?FID_COND_MRKT_DIV_CODE=J&FID_INPUT_ISCD=005930
2026-06-10 11:15:20,622 - ERROR - 상세 에러: {"rt_cd":"1","msg1":"기간이 만료된 token 입니다.","msg_cd":"EGW00123"}
2026-06-10 11:15:20,627 - WARNING - [005930] 현재가를 가져오는데 실패했습니다. 10초 후 재시도합니다.
2026-06-10 11:15:30,748 - ERROR - GET 요청 실패 (FHKST01010100): 500 Server Error: Internal Server Error for url: https://openapivts.koreainvestment.com:29443/uapi/domestic-stock/v1/quotations/inquire-price?FID_COND_MRKT_DIV_CODE=J&FID_INPUT_ISCD=005930
2026-06-10 11:15:30,749 - ERROR - 상세 에러: {"rt_cd":"1","msg1":"기간이 만료된 token 입니다.","msg_cd":"EGW00123"}
2026-06-10 11:15:30,752 - WARNING - [005930] 현재가를 가져오는데 실패했습니다. 10초 후 재시도합니다.
2026-06-10 11:15:44,624 - ERROR - GET 요청 실패 (FHKST01010100): 500 Server Error: Internal Server Error for url: https://openapivts.koreainvestment.com:29443/uapi/domestic-stock/v1/quotations/inquire-price?FID_COND_MRKT_DIV_CODE=J&FID_INPUT_ISCD=005930
2026-06-10 11:15:44,625 - ERROR - 상세 에러: {"rt_cd":"1","msg1":"기간이 만료된 token 입니다.","msg_cd":"EGW00123"}
2026-06-10 11:15:44,628 - WARNING - [005930] 현재가를 가져오는데 실패했습니다. 10초 후 재시도합니다.
2026-06-10 11:15:54,772 - ERROR - GET 요청 실패 (FHKST01010100): 500 Server Error: Internal Server Error for url: https://openapivts.koreainvestment.com:29443/uapi/domestic-stock/v1/quotations/inquire-price?FID_COND_MRKT_DIV_CODE=J&FID_INPUT_ISCD=005930
2026-06-10 11:15:54,772 - ERROR - 상세 에러: {"rt_cd":"1","msg1":"기간이 만료된 token 입니다.","msg_cd":"EGW00123"}
2026-06-10 11:15:54,776 - WARNING - [005930] 현재가를 가져오는데 실패했습니다. 10초 후 재시도합니다.
2026-06-10 11:16:08,649 - ERROR - GET 요청 실패 (FHKST01010100): 500 Server Error: Internal Server Error for url: https://openapivts.koreainvestment.com:29443/uapi/domestic-stock/v1/quotations/inquire-price?FID_COND_MRKT_DIV_CODE=J&FID_INPUT_ISCD=005930
2026-06-10 11:16:08,650 - ERROR - 상세 에러: {"rt_cd":"1","msg1":"기간이 만료된 token 입니다.","msg_cd":"EGW00123"}
2026-06-10 11:16:08,653 - WARNING - [005930] 현재가를 가져오는데 실패했습니다. 10초 후 재시도합니다.
2026-06-10 11:16:22,578 - ERROR - GET 요청 실패 (FHKST01010100): 500 Server Error: Internal Server Error for url: https://openapivts.koreainvestment.com:29443/uapi/domestic-stock/v1/quotations/inquire-price?FID_COND_MRKT_DIV_CODE=J&FID_INPUT_ISCD=005930
2026-06-10 11:16:22,579 - ERROR - 상세 에러: {"rt_cd":"1","msg1":"기간이 만료된 token 입니다.","msg_cd":"EGW00123"}
2026-06-10 11:16:22,582 - WARNING - [005930] 현재가를 가져오는데 실패했습니다. 10초 후 재시도합니다.
2026-06-10 11:16:32,693 - ERROR - GET 요청 실패 (FHKST01010100): 500 Server Error: Internal Server Error for url: https://openapivts.koreainvestment.com:29443/uapi/domestic-stock/v1/quotations/inquire-price?FID_COND_MRKT_DIV_CODE=J&FID_INPUT_ISCD=005930
2026-06-10 11:16:32,694 - ERROR - 상세 에러: {"rt_cd":"1","msg1":"기간이 만료된 token 입니다.","msg_cd":"EGW00123"}
2026-06-10 11:16:32,697 - WARNING - [005930] 현재가를 가져오는데 실패했습니다. 10초 후 재시도합니다.
2026-06-10 11:16:44,215 - ERROR - GET 요청 실패 (FHKST01010100): 500 Server Error: Internal Server Error for url: https://openapivts.koreainvestment.com:29443/uapi/domestic-stock/v1/quotations/inquire-price?FID_COND_MRKT_DIV_CODE=J&FID_INPUT_ISCD=005930
2026-06-10 11:16:44,216 - ERROR - 상세 에러: {"rt_cd":"1","msg1":"기간이 만료된 token 입니다.","msg_cd":"EGW00123"}
2026-06-10 11:16:44,220 - WARNING - [005930] 현재가를 가져오는데 실패했습니다. 10초 후 재시도합니다.
2026-06-10 11:16:54,384 - ERROR - GET 요청 실패 (FHKST01010100): 500 Server Error: Internal Server Error for url: https://openapivts.koreainvestment.com:29443/uapi/domestic-stock/v1/quotations/inquire-price?FID_COND_MRKT_DIV_CODE=J&FID_INPUT_ISCD=005930
2026-06-10 11:16:54,385 - ERROR - 상세 에러: {"rt_cd":"1","msg1":"기간이 만료된 token 입니다.","msg_cd":"EGW00123"}
2026-06-10 11:16:54,388 - WARNING - [005930] 현재가를 가져오는데 실패했습니다. 10초 후 재시도합니다.
2026-06-10 11:17:07,330 - ERROR - GET 요청 실패 (FHKST01010100): 500 Server Error: Internal Server Error for url: https://openapivts.koreainvestment.com:29443/uapi/domestic-stock/v1/quotations/inquire-price?FID_COND_MRKT_DIV_CODE=J&FID_INPUT_ISCD=005930
2026-06-10 11:17:07,331 - ERROR - 상세 에러: {"rt_cd":"1","msg1":"기간이 만료된 token 입니다.","msg_cd":"EGW00123"}
2026-06-10 11:17:07,335 - WARNING - [005930] 현재가를 가져오는데 실패했습니다. 10초 후 재시도합니다.
2026-06-10 11:17:19,210 - ERROR - GET 요청 실패 (FHKST01010100): 500 Server Error: Internal Server Error for url: https://openapivts.koreainvestment.com:29443/uapi/domestic-stock/v1/quotations/inquire-price?FID_COND_MRKT_DIV_CODE=J&FID_INPUT_ISCD=005930
2026-06-10 11:17:19,211 - ERROR - 상세 에러: {"rt_cd":"1","msg1":"기간이 만료된 token 입니다.","msg_cd":"EGW00123"}
2026-06-10 11:17:19,215 - WARNING - [005930] 현재가를 가져오는데 실패했습니다. 10초 후 재시도합니다.
2026-06-10 11:17:29,354 - ERROR - GET 요청 실패 (FHKST01010100): 500 Server Error: Internal Server Error for url: https://openapivts.koreainvestment.com:29443/uapi/domestic-stock/v1/quotations/inquire-price?FID_COND_MRKT_DIV_CODE=J&FID_INPUT_ISCD=005930
2026-06-10 11:17:29,355 - ERROR - 상세 에러: {"rt_cd":"1","msg1":"기간이 만료된 token 입니다.","msg_cd":"EGW00123"}
2026-06-10 11:17:29,358 - WARNING - [005930] 현재가를 가져오는데 실패했습니다. 10초 후 재시도합니다.
2026-06-10 11:17:39,466 - ERROR - GET 요청 실패 (FHKST01010100): 500 Server Error: Internal Server Error for url: https://openapivts.koreainvestment.com:29443/uapi/domestic-stock/v1/quotations/inquire-price?FID_COND_MRKT_DIV_CODE=J&FID_INPUT_ISCD=005930
2026-06-10 11:17:39,467 - ERROR - 상세 에러: {"rt_cd":"1","msg1":"기간이 만료된 token 입니다.","msg_cd":"EGW00123"}
2026-06-10 11:17:39,470 - WARNING - [005930] 현재가를 가져오는데 실패했습니다. 10초 후 재시도합니다.
2026-06-10 11:17:49,592 - ERROR - GET 요청 실패 (FHKST01010100): 500 Server Error: Internal Server Error for url: https://openapivts.koreainvestment.com:29443/uapi/domestic-stock/v1/quotations/inquire-price?FID_COND_MRKT_DIV_CODE=J&FID_INPUT_ISCD=005930
2026-06-10 11:17:49,593 - ERROR - 상세 에러: {"rt_cd":"1","msg1":"기간이 만료된 token 입니다.","msg_cd":"EGW00123"}
2026-06-10 11:17:49,595 - WARNING - [005930] 현재가를 가져오는데 실패했습니다. 10초 후 재시도합니다.
2026-06-10 11:17:59,738 - ERROR - GET 요청 실패 (FHKST01010100): 500 Server Error: Internal Server Error for url: https://openapivts.koreainvestment.com:29443/uapi/domestic-stock/v1/quotations/inquire-price?FID_COND_MRKT_DIV_CODE=J&FID_INPUT_ISCD=005930
2026-06-10 11:17:59,739 - ERROR - 상세 에러: {"rt_cd":"1","msg1":"기간이 만료된 token 입니다.","msg_cd":"EGW00123"}
2026-06-10 11:17:59,742 - WARNING - [005930] 현재가를 가져오는데 실패했습니다. 10초 후 재시도합니다.
2026-06-10 11:18:09,910 - ERROR - GET 요청 실패 (FHKST01010100): 500 Server Error: Internal Server Error for url: https://openapivts.koreainvestment.com:29443/uapi/domestic-stock/v1/quotations/inquire-price?FID_COND_MRKT_DIV_CODE=J&FID_INPUT_ISCD=005930
2026-06-10 11:18:09,911 - ERROR - 상세 에러: {"rt_cd":"1","msg1":"기간이 만료된 token 입니다.","msg_cd":"EGW00123"}
2026-06-10 11:18:09,914 - WARNING - [005930] 현재가를 가져오는데 실패했습니다. 10초 후 재시도합니다.
2026-06-10 11:18:21,677 - ERROR - GET 요청 실패 (FHKST01010100): 500 Server Error: Internal Server Error for url: https://openapivts.koreainvestment.com:29443/uapi/domestic-stock/v1/quotations/inquire-price?FID_COND_MRKT_DIV_CODE=J&FID_INPUT_ISCD=005930
2026-06-10 11:18:21,677 - ERROR - 상세 에러: {"rt_cd":"1","msg1":"기간이 만료된 token 입니다.","msg_cd":"EGW00123"}
2026-06-10 11:18:21,681 - WARNING - [005930] 현재가를 가져오는데 실패했습니다. 10초 후 재시도합니다.
2026-06-10 11:18:31,816 - ERROR - GET 요청 실패 (FHKST01010100): 500 Server Error: Internal Server Error for url: https://openapivts.koreainvestment.com:29443/uapi/domestic-stock/v1/quotations/inquire-price?FID_COND_MRKT_DIV_CODE=J&FID_INPUT_ISCD=005930
2026-06-10 11:18:31,817 - ERROR - 상세 에러: {"rt_cd":"1","msg1":"기간이 만료된 token 입니다.","msg_cd":"EGW00123"}
2026-06-10 11:18:31,820 - WARNING - [005930] 현재가를 가져오는데 실패했습니다. 10초 후 재시도합니다.
2026-06-10 11:18:42,980 - ERROR - GET 요청 실패 (FHKST01010100): 500 Server Error: Internal Server Error for url: https://openapivts.koreainvestment.com:29443/uapi/domestic-stock/v1/quotations/inquire-price?FID_COND_MRKT_DIV_CODE=J&FID_INPUT_ISCD=005930
2026-06-10 11:18:42,980 - ERROR - 상세 에러: {"rt_cd":"1","msg1":"기간이 만료된 token 입니다.","msg_cd":"EGW00123"}
2026-06-10 11:18:42,983 - WARNING - [005930] 현재가를 가져오는데 실패했습니다. 10초 후 재시도합니다.
2026-06-10 11:18:53,101 - ERROR - GET 요청 실패 (FHKST01010100): 500 Server Error: Internal Server Error for url: https://openapivts.koreainvestment.com:29443/uapi/domestic-stock/v1/quotations/inquire-price?FID_COND_MRKT_DIV_CODE=J&FID_INPUT_ISCD=005930
2026-06-10 11:18:53,102 - ERROR - 상세 에러: {"rt_cd":"1","msg1":"기간이 만료된 token 입니다.","msg_cd":"EGW00123"}
2026-06-10 11:18:53,106 - WARNING - [005930] 현재가를 가져오는데 실패했습니다. 10초 후 재시도합니다.
2026-06-10 11:19:04,687 - ERROR - GET 요청 실패 (FHKST01010100): 500 Server Error: Internal Server Error for url: https://openapivts.koreainvestment.com:29443/uapi/domestic-stock/v1/quotations/inquire-price?FID_COND_MRKT_DIV_CODE=J&FID_INPUT_ISCD=005930
2026-06-10 11:19:04,688 - ERROR - 상세 에러: {"rt_cd":"1","msg1":"기간이 만료된 token 입니다.","msg_cd":"EGW00123"}
2026-06-10 11:19:04,692 - WARNING - [005930] 현재가를 가져오는데 실패했습니다. 10초 후 재시도합니다.
2026-06-10 11:19:14,843 - ERROR - GET 요청 실패 (FHKST01010100): 500 Server Error: Internal Server Error for url: https://openapivts.koreainvestment.com:29443/uapi/domestic-stock/v1/quotations/inquire-price?FID_COND_MRKT_DIV_CODE=J&FID_INPUT_ISCD=005930
2026-06-10 11:19:14,844 - ERROR - 상세 에러: {"rt_cd":"1","msg1":"기간이 만료된 token 입니다.","msg_cd":"EGW00123"}
2026-06-10 11:19:14,847 - WARNING - [005930] 현재가를 가져오는데 실패했습니다. 10초 후 재시도합니다.
2026-06-10 11:19:26,386 - ERROR - GET 요청 실패 (FHKST01010100): 500 Server Error: Internal Server Error for url: https://openapivts.koreainvestment.com:29443/uapi/domestic-stock/v1/quotations/inquire-price?FID_COND_MRKT_DIV_CODE=J&FID_INPUT_ISCD=005930
2026-06-10 11:19:26,387 - ERROR - 상세 에러: {"rt_cd":"1","msg1":"기간이 만료된 token 입니다.","msg_cd":"EGW00123"}
2026-06-10 11:19:26,390 - WARNING - [005930] 현재가를 가져오는데 실패했습니다. 10초 후 재시도합니다.
2026-06-10 11:19:37,157 - ERROR - GET 요청 실패 (FHKST01010100): 500 Server Error: Internal Server Error for url: https://openapivts.koreainvestment.com:29443/uapi/domestic-stock/v1/quotations/inquire-price?FID_COND_MRKT_DIV_CODE=J&FID_INPUT_ISCD=005930
2026-06-10 11:19:37,157 - ERROR - 상세 에러: {"rt_cd":"1","msg1":"기간이 만료된 token 입니다.","msg_cd":"EGW00123"}
2026-06-10 11:19:37,162 - WARNING - [005930] 현재가를 가져오는데 실패했습니다. 10초 후 재시도합니다.
2026-06-10 11:19:47,296 - ERROR - GET 요청 실패 (FHKST01010100): 500 Server Error: Internal Server Error for url: https://openapivts.koreainvestment.com:29443/uapi/domestic-stock/v1/quotations/inquire-price?FID_COND_MRKT_DIV_CODE=J&FID_INPUT_ISCD=005930
2026-06-10 11:19:47,296 - ERROR - 상세 에러: {"rt_cd":"1","msg1":"기간이 만료된 token 입니다.","msg_cd":"EGW00123"}
2026-06-10 11:19:47,299 - WARNING - [005930] 현재가를 가져오는데 실패했습니다. 10초 후 재시도합니다.
2026-06-10 11:19:57,535 - ERROR - GET 요청 실패 (FHKST01010100): 500 Server Error: Internal Server Error for url: https://openapivts.koreainvestment.com:29443/uapi/domestic-stock/v1/quotations/inquire-price?FID_COND_MRKT_DIV_CODE=J&FID_INPUT_ISCD=005930
2026-06-10 11:19:57,535 - ERROR - 상세 에러: {"rt_cd":"1","msg1":"기간이 만료된 token 입니다.","msg_cd":"EGW00123"}
2026-06-10 11:19:57,539 - WARNING - [005930] 현재가를 가져오는데 실패했습니다. 10초 후 재시도합니다.
2026-06-10 11:20:10,637 - ERROR - GET 요청 실패 (FHKST01010100): 500 Server Error: Internal Server Error for url: https://openapivts.koreainvestment.com:29443/uapi/domestic-stock/v1/quotations/inquire-price?FID_COND_MRKT_DIV_CODE=J&FID_INPUT_ISCD=005930
2026-06-10 11:20:10,638 - ERROR - 상세 에러: {"rt_cd":"1","msg1":"기간이 만료된 token 입니다.","msg_cd":"EGW00123"}
2026-06-10 11:20:10,643 - WARNING - [005930] 현재가를 가져오는데 실패했습니다. 10초 후 재시도합니다.
2026-06-10 11:20:23,444 - ERROR - GET 요청 실패 (FHKST01010100): 500 Server Error: Internal Server Error for url: https://openapivts.koreainvestment.com:29443/uapi/domestic-stock/v1/quotations/inquire-price?FID_COND_MRKT_DIV_CODE=J&FID_INPUT_ISCD=005930
2026-06-10 11:20:23,445 - ERROR - 상세 에러: {"rt_cd":"1","msg1":"기간이 만료된 token 입니다.","msg_cd":"EGW00123"}
2026-06-10 11:20:23,449 - WARNING - [005930] 현재가를 가져오는데 실패했습니다. 10초 후 재시도합니다.
2026-06-10 11:20:36,752 - ERROR - GET 요청 실패 (FHKST01010100): 500 Server Error: Internal Server Error for url: https://openapivts.koreainvestment.com:29443/uapi/domestic-stock/v1/quotations/inquire-price?FID_COND_MRKT_DIV_CODE=J&FID_INPUT_ISCD=005930
2026-06-10 11:20:36,753 - ERROR - 상세 에러: {"rt_cd":"1","msg1":"기간이 만료된 token 입니다.","msg_cd":"EGW00123"}
2026-06-10 11:20:36,756 - WARNING - [005930] 현재가를 가져오는데 실패했습니다. 10초 후 재시도합니다.
2026-06-10 11:20:48,360 - ERROR - GET 요청 실패 (FHKST01010100): 500 Server Error: Internal Server Error for url: https://openapivts.koreainvestment.com:29443/uapi/domestic-stock/v1/quotations/inquire-price?FID_COND_MRKT_DIV_CODE=J&FID_INPUT_ISCD=005930
2026-06-10 11:20:48,361 - ERROR - 상세 에러: {"rt_cd":"1","msg1":"기간이 만료된 token 입니다.","msg_cd":"EGW00123"}
2026-06-10 11:20:48,364 - WARNING - [005930] 현재가를 가져오는데 실패했습니다. 10초 후 재시도합니다.
2026-06-10 11:21:00,201 - ERROR - GET 요청 실패 (FHKST01010100): 500 Server Error: Internal Server Error for url: https://openapivts.koreainvestment.com:29443/uapi/domestic-stock/v1/quotations/inquire-price?FID_COND_MRKT_DIV_CODE=J&FID_INPUT_ISCD=005930
2026-06-10 11:21:00,202 - ERROR - 상세 에러: {"rt_cd":"1","msg1":"기간이 만료된 token 입니다.","msg_cd":"EGW00123"}
2026-06-10 11:21:00,205 - WARNING - [005930] 현재가를 가져오는데 실패했습니다. 10초 후 재시도합니다.
2026-06-10 11:21:11,978 - ERROR - GET 요청 실패 (FHKST01010100): 500 Server Error: Internal Server Error for url: https://openapivts.koreainvestment.com:29443/uapi/domestic-stock/v1/quotations/inquire-price?FID_COND_MRKT_DIV_CODE=J&FID_INPUT_ISCD=005930
2026-06-10 11:21:11,979 - ERROR - 상세 에러: {"rt_cd":"1","msg1":"기간이 만료된 token 입니다.","msg_cd":"EGW00123"}
2026-06-10 11:21:11,982 - WARNING - [005930] 현재가를 가져오는데 실패했습니다. 10초 후 재시도합니다.
2026-06-10 11:21:25,700 - ERROR - GET 요청 실패 (FHKST01010100): 500 Server Error: Internal Server Error for url: https://openapivts.koreainvestment.com:29443/uapi/domestic-stock/v1/quotations/inquire-price?FID_COND_MRKT_DIV_CODE=J&FID_INPUT_ISCD=005930
2026-06-10 11:21:25,700 - ERROR - 상세 에러: {"rt_cd":"1","msg1":"기간이 만료된 token 입니다.","msg_cd":"EGW00123"}
2026-06-10 11:21:25,703 - WARNING - [005930] 현재가를 가져오는데 실패했습니다. 10초 후 재시도합니다.
2026-06-10 11:21:35,844 - ERROR - GET 요청 실패 (FHKST01010100): 500 Server Error: Internal Server Error for url: https://openapivts.koreainvestment.com:29443/uapi/domestic-stock/v1/quotations/inquire-price?FID_COND_MRKT_DIV_CODE=J&FID_INPUT_ISCD=005930
2026-06-10 11:21:35,845 - ERROR - 상세 에러: {"rt_cd":"1","msg1":"기간이 만료된 token 입니다.","msg_cd":"EGW00123"}
2026-06-10 11:21:35,848 - WARNING - [005930] 현재가를 가져오는데 실패했습니다. 10초 후 재시도합니다.
2026-06-10 11:21:45,960 - ERROR - GET 요청 실패 (FHKST01010100): 500 Server Error: Internal Server Error for url: https://openapivts.koreainvestment.com:29443/uapi/domestic-stock/v1/quotations/inquire-price?FID_COND_MRKT_DIV_CODE=J&FID_INPUT_ISCD=005930
2026-06-10 11:21:45,961 - ERROR - 상세 에러: {"rt_cd":"1","msg1":"기간이 만료된 token 입니다.","msg_cd":"EGW00123"}
2026-06-10 11:21:45,964 - WARNING - [005930] 현재가를 가져오는데 실패했습니다. 10초 후 재시도합니다.
2026-06-10 11:21:59,187 - ERROR - GET 요청 실패 (FHKST01010100): 500 Server Error: Internal Server Error for url: https://openapivts.koreainvestment.com:29443/uapi/domestic-stock/v1/quotations/inquire-price?FID_COND_MRKT_DIV_CODE=J&FID_INPUT_ISCD=005930
2026-06-10 11:21:59,188 - ERROR - 상세 에러: {"rt_cd":"1","msg1":"기간이 만료된 token 입니다.","msg_cd":"EGW00123"}
2026-06-10 11:21:59,190 - WARNING - [005930] 현재가를 가져오는데 실패했습니다. 10초 후 재시도합니다.
2026-06-10 11:22:09,313 - ERROR - GET 요청 실패 (FHKST01010100): 500 Server Error: Internal Server Error for url: https://openapivts.koreainvestment.com:29443/uapi/domestic-stock/v1/quotations/inquire-price?FID_COND_MRKT_DIV_CODE=J&FID_INPUT_ISCD=005930
2026-06-10 11:22:09,314 - ERROR - 상세 에러: {"rt_cd":"1","msg1":"기간이 만료된 token 입니다.","msg_cd":"EGW00123"}
2026-06-10 11:22:09,318 - WARNING - [005930] 현재가를 가져오는데 실패했습니다. 10초 후 재시도합니다.
2026-06-10 11:22:22,025 - ERROR - GET 요청 실패 (FHKST01010100): 500 Server Error: Internal Server Error for url: https://openapivts.koreainvestment.com:29443/uapi/domestic-stock/v1/quotations/inquire-price?FID_COND_MRKT_DIV_CODE=J&FID_INPUT_ISCD=005930
2026-06-10 11:22:22,026 - ERROR - 상세 에러: {"rt_cd":"1","msg1":"기간이 만료된 token 입니다.","msg_cd":"EGW00123"}
2026-06-10 11:22:22,030 - WARNING - [005930] 현재가를 가져오는데 실패했습니다. 10초 후 재시도합니다.
2026-06-10 11:22:32,150 - ERROR - GET 요청 실패 (FHKST01010100): 500 Server Error: Internal Server Error for url: https://openapivts.koreainvestment.com:29443/uapi/domestic-stock/v1/quotations/inquire-price?FID_COND_MRKT_DIV_CODE=J&FID_INPUT_ISCD=005930
2026-06-10 11:22:32,151 - ERROR - 상세 에러: {"rt_cd":"1","msg1":"기간이 만료된 token 입니다.","msg_cd":"EGW00123"}
2026-06-10 11:22:32,154 - WARNING - [005930] 현재가를 가져오는데 실패했습니다. 10초 후 재시도합니다.
2026-06-10 11:22:45,167 - ERROR - GET 요청 실패 (FHKST01010100): 500 Server Error: Internal Server Error for url: https://openapivts.koreainvestment.com:29443/uapi/domestic-stock/v1/quotations/inquire-price?FID_COND_MRKT_DIV_CODE=J&FID_INPUT_ISCD=005930
2026-06-10 11:22:45,168 - ERROR - 상세 에러: {"rt_cd":"1","msg1":"기간이 만료된 token 입니다.","msg_cd":"EGW00123"}
2026-06-10 11:22:45,171 - WARNING - [005930] 현재가를 가져오는데 실패했습니다. 10초 후 재시도합니다.
2026-06-10 11:22:56,023 - ERROR - GET 요청 실패 (FHKST01010100): 500 Server Error: Internal Server Error for url: https://openapivts.koreainvestment.com:29443/uapi/domestic-stock/v1/quotations/inquire-price?FID_COND_MRKT_DIV_CODE=J&FID_INPUT_ISCD=005930
2026-06-10 11:22:56,023 - ERROR - 상세 에러: {"rt_cd":"1","msg1":"기간이 만료된 token 입니다.","msg_cd":"EGW00123"}
2026-06-10 11:22:56,027 - WARNING - [005930] 현재가를 가져오는데 실패했습니다. 10초 후 재시도합니다.
2026-06-10 11:23:07,510 - ERROR - GET 요청 실패 (FHKST01010100): 500 Server Error: Internal Server Error for url: https://openapivts.koreainvestment.com:29443/uapi/domestic-stock/v1/quotations/inquire-price?FID_COND_MRKT_DIV_CODE=J&FID_INPUT_ISCD=005930
2026-06-10 11:23:07,511 - ERROR - 상세 에러: {"rt_cd":"1","msg1":"기간이 만료된 token 입니다.","msg_cd":"EGW00123"}
2026-06-10 11:23:07,514 - WARNING - [005930] 현재가를 가져오는데 실패했습니다. 10초 후 재시도합니다.
2026-06-10 11:23:19,371 - ERROR - GET 요청 실패 (FHKST01010100): 500 Server Error: Internal Server Error for url: https://openapivts.koreainvestment.com:29443/uapi/domestic-stock/v1/quotations/inquire-price?FID_COND_MRKT_DIV_CODE=J&FID_INPUT_ISCD=005930
2026-06-10 11:23:19,372 - ERROR - 상세 에러: {"rt_cd":"1","msg1":"기간이 만료된 token 입니다.","msg_cd":"EGW00123"}
2026-06-10 11:23:19,376 - WARNING - [005930] 현재가를 가져오는데 실패했습니다. 10초 후 재시도합니다.
2026-06-10 11:23:30,227 - ERROR - GET 요청 실패 (FHKST01010100): 500 Server Error: Internal Server Error for url: https://openapivts.koreainvestment.com:29443/uapi/domestic-stock/v1/quotations/inquire-price?FID_COND_MRKT_DIV_CODE=J&FID_INPUT_ISCD=005930
2026-06-10 11:23:30,228 - ERROR - 상세 에러: {"rt_cd":"1","msg1":"기간이 만료된 token 입니다.","msg_cd":"EGW00123"}
2026-06-10 11:23:30,230 - WARNING - [005930] 현재가를 가져오는데 실패했습니다. 10초 후 재시도합니다.
2026-06-10 11:23:41,697 - ERROR - GET 요청 실패 (FHKST01010100): 500 Server Error: Internal Server Error for url: https://openapivts.koreainvestment.com:29443/uapi/domestic-stock/v1/quotations/inquire-price?FID_COND_MRKT_DIV_CODE=J&FID_INPUT_ISCD=005930
2026-06-10 11:23:41,698 - ERROR - 상세 에러: {"rt_cd":"1","msg1":"기간이 만료된 token 입니다.","msg_cd":"EGW00123"}
2026-06-10 11:23:41,703 - WARNING - [005930] 현재가를 가져오는데 실패했습니다. 10초 후 재시도합니다.
2026-06-10 11:23:51,803 - ERROR - GET 요청 실패 (FHKST01010100): 500 Server Error: Internal Server Error for url: https://openapivts.koreainvestment.com:29443/uapi/domestic-stock/v1/quotations/inquire-price?FID_COND_MRKT_DIV_CODE=J&FID_INPUT_ISCD=005930
2026-06-10 11:23:51,804 - ERROR - 상세 에러: {"rt_cd":"1","msg1":"기간이 만료된 token 입니다.","msg_cd":"EGW00123"}
2026-06-10 11:23:51,806 - WARNING - [005930] 현재가를 가져오는데 실패했습니다. 10초 후 재시도합니다.
2026-06-10 11:24:03,614 - ERROR - GET 요청 실패 (FHKST01010100): 500 Server Error: Internal Server Error for url: https://openapivts.koreainvestment.com:29443/uapi/domestic-stock/v1/quotations/inquire-price?FID_COND_MRKT_DIV_CODE=J&FID_INPUT_ISCD=005930
2026-06-10 11:24:03,614 - ERROR - 상세 에러: {"rt_cd":"1","msg1":"기간이 만료된 token 입니다.","msg_cd":"EGW00123"}
2026-06-10 11:24:03,617 - WARNING - [005930] 현재가를 가져오는데 실패했습니다. 10초 후 재시도합니다.
2026-06-10 11:24:14,364 - ERROR - GET 요청 실패 (FHKST01010100): 500 Server Error: Internal Server Error for url: https://openapivts.koreainvestment.com:29443/uapi/domestic-stock/v1/quotations/inquire-price?FID_COND_MRKT_DIV_CODE=J&FID_INPUT_ISCD=005930
2026-06-10 11:24:14,365 - ERROR - 상세 에러: {"rt_cd":"1","msg1":"기간이 만료된 token 입니다.","msg_cd":"EGW00123"}
2026-06-10 11:24:14,368 - WARNING - [005930] 현재가를 가져오는데 실패했습니다. 10초 후 재시도합니다.
2026-06-10 11:24:26,620 - ERROR - GET 요청 실패 (FHKST01010100): 500 Server Error: Internal Server Error for url: https://openapivts.koreainvestment.com:29443/uapi/domestic-stock/v1/quotations/inquire-price?FID_COND_MRKT_DIV_CODE=J&FID_INPUT_ISCD=005930
2026-06-10 11:24:26,621 - ERROR - 상세 에러: {"rt_cd":"1","msg1":"기간이 만료된 token 입니다.","msg_cd":"EGW00123"}
2026-06-10 11:24:26,625 - WARNING - [005930] 현재가를 가져오는데 실패했습니다. 10초 후 재시도합니다.
2026-06-10 11:24:36,747 - ERROR - GET 요청 실패 (FHKST01010100): 500 Server Error: Internal Server Error for url: https://openapivts.koreainvestment.com:29443/uapi/domestic-stock/v1/quotations/inquire-price?FID_COND_MRKT_DIV_CODE=J&FID_INPUT_ISCD=005930
2026-06-10 11:24:36,748 - ERROR - 상세 에러: {"rt_cd":"1","msg1":"기간이 만료된 token 입니다.","msg_cd":"EGW00123"}
2026-06-10 11:24:36,752 - WARNING - [005930] 현재가를 가져오는데 실패했습니다. 10초 후 재시도합니다.
2026-06-10 11:24:46,851 - ERROR - GET 요청 실패 (FHKST01010100): 500 Server Error: Internal Server Error for url: https://openapivts.koreainvestment.com:29443/uapi/domestic-stock/v1/quotations/inquire-price?FID_COND_MRKT_DIV_CODE=J&FID_INPUT_ISCD=005930
2026-06-10 11:24:46,852 - ERROR - 상세 에러: {"rt_cd":"1","msg1":"기간이 만료된 token 입니다.","msg_cd":"EGW00123"}
2026-06-10 11:24:46,855 - WARNING - [005930] 현재가를 가져오는데 실패했습니다. 10초 후 재시도합니다.
2026-06-10 11:24:56,969 - ERROR - GET 요청 실패 (FHKST01010100): 500 Server Error: Internal Server Error for url: https://openapivts.koreainvestment.com:29443/uapi/domestic-stock/v1/quotations/inquire-price?FID_COND_MRKT_DIV_CODE=J&FID_INPUT_ISCD=005930
2026-06-10 11:24:56,969 - ERROR - 상세 에러: {"rt_cd":"1","msg1":"기간이 만료된 token 입니다.","msg_cd":"EGW00123"}
2026-06-10 11:24:56,973 - WARNING - [005930] 현재가를 가져오는데 실패했습니다. 10초 후 재시도합니다.
2026-06-10 11:25:07,106 - ERROR - GET 요청 실패 (FHKST01010100): 500 Server Error: Internal Server Error for url: https://openapivts.koreainvestment.com:29443/uapi/domestic-stock/v1/quotations/inquire-price?FID_COND_MRKT_DIV_CODE=J&FID_INPUT_ISCD=005930
2026-06-10 11:25:07,107 - ERROR - 상세 에러: {"rt_cd":"1","msg1":"기간이 만료된 token 입니다.","msg_cd":"EGW00123"}
2026-06-10 11:25:07,110 - WARNING - [005930] 현재가를 가져오는데 실패했습니다. 10초 후 재시도합니다.
2026-06-10 11:25:17,237 - ERROR - GET 요청 실패 (FHKST01010100): 500 Server Error: Internal Server Error for url: https://openapivts.koreainvestment.com:29443/uapi/domestic-stock/v1/quotations/inquire-price?FID_COND_MRKT_DIV_CODE=J&FID_INPUT_ISCD=005930
2026-06-10 11:25:17,237 - ERROR - 상세 에러: {"rt_cd":"1","msg1":"기간이 만료된 token 입니다.","msg_cd":"EGW00123"}
2026-06-10 11:25:17,241 - WARNING - [005930] 현재가를 가져오는데 실패했습니다. 10초 후 재시도합니다.
2026-06-10 11:25:27,337 - ERROR - GET 요청 실패 (FHKST01010100): 500 Server Error: Internal Server Error for url: https://openapivts.koreainvestment.com:29443/uapi/domestic-stock/v1/quotations/inquire-price?FID_COND_MRKT_DIV_CODE=J&FID_INPUT_ISCD=005930
2026-06-10 11:25:27,338 - ERROR - 상세 에러: {"rt_cd":"1","msg1":"기간이 만료된 token 입니다.","msg_cd":"EGW00123"}
2026-06-10 11:25:27,341 - WARNING - [005930] 현재가를 가져오는데 실패했습니다. 10초 후 재시도합니다.
2026-06-10 11:25:37,457 - ERROR - GET 요청 실패 (FHKST01010100): 500 Server Error: Internal Server Error for url: https://openapivts.koreainvestment.com:29443/uapi/domestic-stock/v1/quotations/inquire-price?FID_COND_MRKT_DIV_CODE=J&FID_INPUT_ISCD=005930
2026-06-10 11:25:37,457 - ERROR - 상세 에러: {"rt_cd":"1","msg1":"기간이 만료된 token 입니다.","msg_cd":"EGW00123"}
2026-06-10 11:25:37,460 - WARNING - [005930] 현재가를 가져오는데 실패했습니다. 10초 후 재시도합니다.
2026-06-10 11:25:48,400 - ERROR - GET 요청 실패 (FHKST01010100): 500 Server Error: Internal Server Error for url: https://openapivts.koreainvestment.com:29443/uapi/domestic-stock/v1/quotations/inquire-price?FID_COND_MRKT_DIV_CODE=J&FID_INPUT_ISCD=005930
2026-06-10 11:25:48,401 - ERROR - 상세 에러: {"rt_cd":"1","msg1":"기간이 만료된 token 입니다.","msg_cd":"EGW00123"}
2026-06-10 11:25:48,404 - WARNING - [005930] 현재가를 가져오는데 실패했습니다. 10초 후 재시도합니다.
2026-06-10 11:25:58,818 - ERROR - GET 요청 실패 (FHKST01010100): 500 Server Error: Internal Server Error for url: https://openapivts.koreainvestment.com:29443/uapi/domestic-stock/v1/quotations/inquire-price?FID_COND_MRKT_DIV_CODE=J&FID_INPUT_ISCD=005930
2026-06-10 11:25:58,819 - ERROR - 상세 에러: {"rt_cd":"1","msg1":"기간이 만료된 token 입니다.","msg_cd":"EGW00123"}
2026-06-10 11:25:58,822 - WARNING - [005930] 현재가를 가져오는데 실패했습니다. 10초 후 재시도합니다.
2026-06-10 11:26:11,210 - ERROR - GET 요청 실패 (FHKST01010100): 500 Server Error: Internal Server Error for url: https://openapivts.koreainvestment.com:29443/uapi/domestic-stock/v1/quotations/inquire-price?FID_COND_MRKT_DIV_CODE=J&FID_INPUT_ISCD=005930
2026-06-10 11:26:11,210 - ERROR - 상세 에러: {"rt_cd":"1","msg1":"기간이 만료된 token 입니다.","msg_cd":"EGW00123"}
2026-06-10 11:26:11,215 - WARNING - [005930] 현재가를 가져오는데 실패했습니다. 10초 후 재시도합니다.
2026-06-10 11:26:23,806 - ERROR - GET 요청 실패 (FHKST01010100): 500 Server Error: Internal Server Error for url: https://openapivts.koreainvestment.com:29443/uapi/domestic-stock/v1/quotations/inquire-price?FID_COND_MRKT_DIV_CODE=J&FID_INPUT_ISCD=005930
2026-06-10 11:26:23,806 - ERROR - 상세 에러: {"rt_cd":"1","msg1":"기간이 만료된 token 입니다.","msg_cd":"EGW00123"}
2026-06-10 11:26:23,810 - WARNING - [005930] 현재가를 가져오는데 실패했습니다. 10초 후 재시도합니다.
2026-06-10 11:26:33,910 - ERROR - GET 요청 실패 (FHKST01010100): 500 Server Error: Internal Server Error for url: https://openapivts.koreainvestment.com:29443/uapi/domestic-stock/v1/quotations/inquire-price?FID_COND_MRKT_DIV_CODE=J&FID_INPUT_ISCD=005930
2026-06-10 11:26:33,910 - ERROR - 상세 에러: {"rt_cd":"1","msg1":"기간이 만료된 token 입니다.","msg_cd":"EGW00123"}
2026-06-10 11:26:33,914 - WARNING - [005930] 현재가를 가져오는데 실패했습니다. 10초 후 재시도합니다.
2026-06-10 11:26:44,013 - ERROR - GET 요청 실패 (FHKST01010100): 500 Server Error: Internal Server Error for url: https://openapivts.koreainvestment.com:29443/uapi/domestic-stock/v1/quotations/inquire-price?FID_COND_MRKT_DIV_CODE=J&FID_INPUT_ISCD=005930
2026-06-10 11:26:44,013 - ERROR - 상세 에러: {"rt_cd":"1","msg1":"기간이 만료된 token 입니다.","msg_cd":"EGW00123"}
2026-06-10 11:26:44,016 - WARNING - [005930] 현재가를 가져오는데 실패했습니다. 10초 후 재시도합니다.
2026-06-10 11:26:54,837 - ERROR - GET 요청 실패 (FHKST01010100): 500 Server Error: Internal Server Error for url: https://openapivts.koreainvestment.com:29443/uapi/domestic-stock/v1/quotations/inquire-price?FID_COND_MRKT_DIV_CODE=J&FID_INPUT_ISCD=005930
2026-06-10 11:26:54,838 - ERROR - 상세 에러: {"rt_cd":"1","msg1":"기간이 만료된 token 입니다.","msg_cd":"EGW00123"}
2026-06-10 11:26:54,841 - WARNING - [005930] 현재가를 가져오는데 실패했습니다. 10초 후 재시도합니다.
2026-06-10 11:27:06,102 - ERROR - GET 요청 실패 (FHKST01010100): 500 Server Error: Internal Server Error for url: https://openapivts.koreainvestment.com:29443/uapi/domestic-stock/v1/quotations/inquire-price?FID_COND_MRKT_DIV_CODE=J&FID_INPUT_ISCD=005930
2026-06-10 11:27:06,102 - ERROR - 상세 에러: {"rt_cd":"1","msg1":"기간이 만료된 token 입니다.","msg_cd":"EGW00123"}
2026-06-10 11:27:06,107 - WARNING - [005930] 현재가를 가져오는데 실패했습니다. 10초 후 재시도합니다.
2026-06-10 11:27:18,083 - ERROR - GET 요청 실패 (FHKST01010100): 500 Server Error: Internal Server Error for url: https://openapivts.koreainvestment.com:29443/uapi/domestic-stock/v1/quotations/inquire-price?FID_COND_MRKT_DIV_CODE=J&FID_INPUT_ISCD=005930
2026-06-10 11:27:18,084 - ERROR - 상세 에러: {"rt_cd":"1","msg1":"기간이 만료된 token 입니다.","msg_cd":"EGW00123"}
2026-06-10 11:27:18,087 - WARNING - [005930] 현재가를 가져오는데 실패했습니다. 10초 후 재시도합니다.
2026-06-10 11:27:29,347 - ERROR - GET 요청 실패 (FHKST01010100): 500 Server Error: Internal Server Error for url: https://openapivts.koreainvestment.com:29443/uapi/domestic-stock/v1/quotations/inquire-price?FID_COND_MRKT_DIV_CODE=J&FID_INPUT_ISCD=005930
2026-06-10 11:27:29,347 - ERROR - 상세 에러: {"rt_cd":"1","msg1":"기간이 만료된 token 입니다.","msg_cd":"EGW00123"}
2026-06-10 11:27:29,352 - WARNING - [005930] 현재가를 가져오는데 실패했습니다. 10초 후 재시도합니다.
2026-06-10 11:27:39,461 - ERROR - GET 요청 실패 (FHKST01010100): 500 Server Error: Internal Server Error for url: https://openapivts.koreainvestment.com:29443/uapi/domestic-stock/v1/quotations/inquire-price?FID_COND_MRKT_DIV_CODE=J&FID_INPUT_ISCD=005930
2026-06-10 11:27:39,462 - ERROR - 상세 에러: {"rt_cd":"1","msg1":"기간이 만료된 token 입니다.","msg_cd":"EGW00123"}
2026-06-10 11:27:39,465 - WARNING - [005930] 현재가를 가져오는데 실패했습니다. 10초 후 재시도합니다.
2026-06-10 11:27:49,569 - ERROR - GET 요청 실패 (FHKST01010100): 500 Server Error: Internal Server Error for url: https://openapivts.koreainvestment.com:29443/uapi/domestic-stock/v1/quotations/inquire-price?FID_COND_MRKT_DIV_CODE=J&FID_INPUT_ISCD=005930
2026-06-10 11:27:49,570 - ERROR - 상세 에러: {"rt_cd":"1","msg1":"기간이 만료된 token 입니다.","msg_cd":"EGW00123"}
2026-06-10 11:27:49,573 - WARNING - [005930] 현재가를 가져오는데 실패했습니다. 10초 후 재시도합니다.
2026-06-10 11:27:59,677 - ERROR - GET 요청 실패 (FHKST01010100): 500 Server Error: Internal Server Error for url: https://openapivts.koreainvestment.com:29443/uapi/domestic-stock/v1/quotations/inquire-price?FID_COND_MRKT_DIV_CODE=J&FID_INPUT_ISCD=005930
2026-06-10 11:27:59,678 - ERROR - 상세 에러: {"rt_cd":"1","msg1":"기간이 만료된 token 입니다.","msg_cd":"EGW00123"}
2026-06-10 11:27:59,681 - WARNING - [005930] 현재가를 가져오는데 실패했습니다. 10초 후 재시도합니다.
2026-06-10 11:28:11,950 - ERROR - GET 요청 실패 (FHKST01010100): 500 Server Error: Internal Server Error for url: https://openapivts.koreainvestment.com:29443/uapi/domestic-stock/v1/quotations/inquire-price?FID_COND_MRKT_DIV_CODE=J&FID_INPUT_ISCD=005930
2026-06-10 11:28:11,950 - ERROR - 상세 에러: {"rt_cd":"1","msg1":"기간이 만료된 token 입니다.","msg_cd":"EGW00123"}
2026-06-10 11:28:11,953 - WARNING - [005930] 현재가를 가져오는데 실패했습니다. 10초 후 재시도합니다.
2026-06-10 11:28:23,008 - ERROR - GET 요청 실패 (FHKST01010100): 500 Server Error: Internal Server Error for url: https://openapivts.koreainvestment.com:29443/uapi/domestic-stock/v1/quotations/inquire-price?FID_COND_MRKT_DIV_CODE=J&FID_INPUT_ISCD=005930
2026-06-10 11:28:23,008 - ERROR - 상세 에러: {"rt_cd":"1","msg1":"기간이 만료된 token 입니다.","msg_cd":"EGW00123"}
2026-06-10 11:28:23,011 - WARNING - [005930] 현재가를 가져오는데 실패했습니다. 10초 후 재시도합니다.
2026-06-10 11:28:33,199 - ERROR - GET 요청 실패 (FHKST01010100): 500 Server Error: Internal Server Error for url: https://openapivts.koreainvestment.com:29443/uapi/domestic-stock/v1/quotations/inquire-price?FID_COND_MRKT_DIV_CODE=J&FID_INPUT_ISCD=005930
2026-06-10 11:28:33,199 - ERROR - 상세 에러: {"rt_cd":"1","msg1":"기간이 만료된 token 입니다.","msg_cd":"EGW00123"}
2026-06-10 11:28:33,202 - WARNING - [005930] 현재가를 가져오는데 실패했습니다. 10초 후 재시도합니다.
2026-06-10 11:28:43,312 - ERROR - GET 요청 실패 (FHKST01010100): 500 Server Error: Internal Server Error for url: https://openapivts.koreainvestment.com:29443/uapi/domestic-stock/v1/quotations/inquire-price?FID_COND_MRKT_DIV_CODE=J&FID_INPUT_ISCD=005930
2026-06-10 11:28:43,313 - ERROR - 상세 에러: {"rt_cd":"1","msg1":"기간이 만료된 token 입니다.","msg_cd":"EGW00123"}
2026-06-10 11:28:43,316 - WARNING - [005930] 현재가를 가져오는데 실패했습니다. 10초 후 재시도합니다.
2026-06-10 11:28:53,441 - ERROR - GET 요청 실패 (FHKST01010100): 500 Server Error: Internal Server Error for url: https://openapivts.koreainvestment.com:29443/uapi/domestic-stock/v1/quotations/inquire-price?FID_COND_MRKT_DIV_CODE=J&FID_INPUT_ISCD=005930
2026-06-10 11:28:53,442 - ERROR - 상세 에러: {"rt_cd":"1","msg1":"기간이 만료된 token 입니다.","msg_cd":"EGW00123"}
2026-06-10 11:28:53,445 - WARNING - [005930] 현재가를 가져오는데 실패했습니다. 10초 후 재시도합니다.
2026-06-10 11:29:02,363 - INFO - 새로운 접근 토큰을 발급받습니다... (사유: 토큰 만료 또는 없음)
2026-06-10 11:29:02,602 - INFO - 새로운 토큰이 발급 및 저장되었습니다. 만료 시간: 2026-06-11 11:29:01
2026-06-10 11:29:02,702 - INFO - [005930] 현재가: 304500, 고가: 314500, 저가: 303000
2026-06-10 11:29:04,687 - ERROR - GET 요청 실패 (FHKST01010100): 500 Server Error: Internal Server Error for url: https://openapivts.koreainvestment.com:29443/uapi/domestic-stock/v1/quotations/inquire-price?FID_COND_MRKT_DIV_CODE=J&FID_INPUT_ISCD=005930
2026-06-10 11:29:04,688 - ERROR - 상세 에러: {"rt_cd":"1","msg1":"기간이 만료된 token 입니다.","msg_cd":"EGW00123"}
2026-06-10 11:29:04,691 - WARNING - [005930] 현재가를 가져오는데 실패했습니다. 10초 후 재시도합니다.
2026-06-10 11:29:14,793 - ERROR - GET 요청 실패 (FHKST01010100): 500 Server Error: Internal Server Error for url: https://openapivts.koreainvestment.com:29443/uapi/domestic-stock/v1/quotations/inquire-price?FID_COND_MRKT_DIV_CODE=J&FID_INPUT_ISCD=005930
2026-06-10 11:29:14,793 - ERROR - 상세 에러: {"rt_cd":"1","msg1":"기간이 만료된 token 입니다.","msg_cd":"EGW00123"}
2026-06-10 11:29:14,797 - WARNING - [005930] 현재가를 가져오는데 실패했습니다. 10초 후 재시도합니다.
2026-06-10 11:29:24,928 - ERROR - GET 요청 실패 (FHKST01010100): 500 Server Error: Internal Server Error for url: https://openapivts.koreainvestment.com:29443/uapi/domestic-stock/v1/quotations/inquire-price?FID_COND_MRKT_DIV_CODE=J&FID_INPUT_ISCD=005930
2026-06-10 11:29:24,928 - ERROR - 상세 에러: {"rt_cd":"1","msg1":"기간이 만료된 token 입니다.","msg_cd":"EGW00123"}
2026-06-10 11:29:24,931 - WARNING - [005930] 현재가를 가져오는데 실패했습니다. 10초 후 재시도합니다.
2026-06-10 11:29:37,457 - ERROR - GET 요청 실패 (FHKST01010100): 500 Server Error: Internal Server Error for url: https://openapivts.koreainvestment.com:29443/uapi/domestic-stock/v1/quotations/inquire-price?FID_COND_MRKT_DIV_CODE=J&FID_INPUT_ISCD=005930
2026-06-10 11:29:37,457 - ERROR - 상세 에러: {"rt_cd":"1","msg1":"기간이 만료된 token 입니다.","msg_cd":"EGW00123"}
2026-06-10 11:29:37,461 - WARNING - [005930] 현재가를 가져오는데 실패했습니다. 10초 후 재시도합니다.
2026-06-10 11:29:47,556 - ERROR - GET 요청 실패 (FHKST01010100): 500 Server Error: Internal Server Error for url: https://openapivts.koreainvestment.com:29443/uapi/domestic-stock/v1/quotations/inquire-price?FID_COND_MRKT_DIV_CODE=J&FID_INPUT_ISCD=005930
2026-06-10 11:29:47,557 - ERROR - 상세 에러: {"rt_cd":"1","msg1":"기간이 만료된 token 입니다.","msg_cd":"EGW00123"}
2026-06-10 11:29:47,560 - WARNING - [005930] 현재가를 가져오는데 실패했습니다. 10초 후 재시도합니다.
2026-06-10 11:30:00,395 - ERROR - GET 요청 실패 (FHKST01010100): 500 Server Error: Internal Server Error for url: https://openapivts.koreainvestment.com:29443/uapi/domestic-stock/v1/quotations/inquire-price?FID_COND_MRKT_DIV_CODE=J&FID_INPUT_ISCD=005930
2026-06-10 11:30:00,395 - ERROR - 상세 에러: {"rt_cd":"1","msg1":"기간이 만료된 token 입니다.","msg_cd":"EGW00123"}
2026-06-10 11:30:00,398 - WARNING - [005930] 현재가를 가져오는데 실패했습니다. 10초 후 재시도합니다.
2026-06-10 11:30:10,502 - ERROR - GET 요청 실패 (FHKST01010100): 500 Server Error: Internal Server Error for url: https://openapivts.koreainvestment.com:29443/uapi/domestic-stock/v1/quotations/inquire-price?FID_COND_MRKT_DIV_CODE=J&FID_INPUT_ISCD=005930
2026-06-10 11:30:10,502 - ERROR - 상세 에러: {"rt_cd":"1","msg1":"기간이 만료된 token 입니다.","msg_cd":"EGW00123"}
2026-06-10 11:30:10,506 - WARNING - [005930] 현재가를 가져오는데 실패했습니다. 10초 후 재시도합니다.
2026-06-10 11:30:20,603 - ERROR - GET 요청 실패 (FHKST01010100): 500 Server Error: Internal Server Error for url: https://openapivts.koreainvestment.com:29443/uapi/domestic-stock/v1/quotations/inquire-price?FID_COND_MRKT_DIV_CODE=J&FID_INPUT_ISCD=005930
2026-06-10 11:30:20,604 - ERROR - 상세 에러: {"rt_cd":"1","msg1":"기간이 만료된 token 입니다.","msg_cd":"EGW00123"}
2026-06-10 11:30:20,607 - WARNING - [005930] 현재가를 가져오는데 실패했습니다. 10초 후 재시도합니다.
2026-06-10 11:30:30,761 - ERROR - GET 요청 실패 (FHKST01010100): 500 Server Error: Internal Server Error for url: https://openapivts.koreainvestment.com:29443/uapi/domestic-stock/v1/quotations/inquire-price?FID_COND_MRKT_DIV_CODE=J&FID_INPUT_ISCD=005930
2026-06-10 11:30:30,762 - ERROR - 상세 에러: {"rt_cd":"1","msg1":"기간이 만료된 token 입니다.","msg_cd":"EGW00123"}
2026-06-10 11:30:30,767 - WARNING - [005930] 현재가를 가져오는데 실패했습니다. 10초 후 재시도합니다.
2026-06-10 11:30:45,459 - ERROR - GET 요청 실패 (FHKST01010100): 500 Server Error: Internal Server Error for url: https://openapivts.koreainvestment.com:29443/uapi/domestic-stock/v1/quotations/inquire-price?FID_COND_MRKT_DIV_CODE=J&FID_INPUT_ISCD=005930
2026-06-10 11:30:45,459 - ERROR - 상세 에러: {"rt_cd":"1","msg1":"기간이 만료된 token 입니다.","msg_cd":"EGW00123"}
2026-06-10 11:30:45,465 - WARNING - [005930] 현재가를 가져오는데 실패했습니다. 10초 후 재시도합니다.
2026-06-10 11:30:58,257 - ERROR - GET 요청 실패 (FHKST01010100): 500 Server Error: Internal Server Error for url: https://openapivts.koreainvestment.com:29443/uapi/domestic-stock/v1/quotations/inquire-price?FID_COND_MRKT_DIV_CODE=J&FID_INPUT_ISCD=005930
2026-06-10 11:30:58,258 - ERROR - 상세 에러: {"rt_cd":"1","msg1":"기간이 만료된 token 입니다.","msg_cd":"EGW00123"}
2026-06-10 11:30:58,261 - WARNING - [005930] 현재가를 가져오는데 실패했습니다. 10초 후 재시도합니다.
2026-06-10 11:31:11,369 - ERROR - GET 요청 실패 (FHKST01010100): 500 Server Error: Internal Server Error for url: https://openapivts.koreainvestment.com:29443/uapi/domestic-stock/v1/quotations/inquire-price?FID_COND_MRKT_DIV_CODE=J&FID_INPUT_ISCD=005930
2026-06-10 11:31:11,370 - ERROR - 상세 에러: {"rt_cd":"1","msg1":"기간이 만료된 token 입니다.","msg_cd":"EGW00123"}
2026-06-10 11:31:11,372 - WARNING - [005930] 현재가를 가져오는데 실패했습니다. 10초 후 재시도합니다.
2026-06-10 11:31:22,527 - ERROR - GET 요청 실패 (FHKST01010100): 500 Server Error: Internal Server Error for url: https://openapivts.koreainvestment.com:29443/uapi/domestic-stock/v1/quotations/inquire-price?FID_COND_MRKT_DIV_CODE=J&FID_INPUT_ISCD=005930
2026-06-10 11:31:22,528 - ERROR - 상세 에러: {"rt_cd":"1","msg1":"기간이 만료된 token 입니다.","msg_cd":"EGW00123"}
2026-06-10 11:31:22,530 - WARNING - [005930] 현재가를 가져오는데 실패했습니다. 10초 후 재시도합니다.
2026-06-10 11:31:33,157 - ERROR - GET 요청 실패 (FHKST01010100): 500 Server Error: Internal Server Error for url: https://openapivts.koreainvestment.com:29443/uapi/domestic-stock/v1/quotations/inquire-price?FID_COND_MRKT_DIV_CODE=J&FID_INPUT_ISCD=005930
2026-06-10 11:31:33,157 - ERROR - 상세 에러: {"rt_cd":"1","msg1":"기간이 만료된 token 입니다.","msg_cd":"EGW00123"}
2026-06-10 11:31:33,160 - WARNING - [005930] 현재가를 가져오는데 실패했습니다. 10초 후 재시도합니다.
2026-06-10 11:31:44,748 - ERROR - GET 요청 실패 (FHKST01010100): 500 Server Error: Internal Server Error for url: https://openapivts.koreainvestment.com:29443/uapi/domestic-stock/v1/quotations/inquire-price?FID_COND_MRKT_DIV_CODE=J&FID_INPUT_ISCD=005930
2026-06-10 11:31:44,749 - ERROR - 상세 에러: {"rt_cd":"1","msg1":"기간이 만료된 token 입니다.","msg_cd":"EGW00123"}
2026-06-10 11:31:44,753 - WARNING - [005930] 현재가를 가져오는데 실패했습니다. 10초 후 재시도합니다.
2026-06-10 11:31:54,876 - ERROR - GET 요청 실패 (FHKST01010100): 500 Server Error: Internal Server Error for url: https://openapivts.koreainvestment.com:29443/uapi/domestic-stock/v1/quotations/inquire-price?FID_COND_MRKT_DIV_CODE=J&FID_INPUT_ISCD=005930
2026-06-10 11:31:54,877 - ERROR - 상세 에러: {"rt_cd":"1","msg1":"기간이 만료된 token 입니다.","msg_cd":"EGW00123"}
2026-06-10 11:31:54,882 - WARNING - [005930] 현재가를 가져오는데 실패했습니다. 10초 후 재시도합니다.
2026-06-10 11:32:06,664 - ERROR - GET 요청 실패 (FHKST01010100): 500 Server Error: Internal Server Error for url: https://openapivts.koreainvestment.com:29443/uapi/domestic-stock/v1/quotations/inquire-price?FID_COND_MRKT_DIV_CODE=J&FID_INPUT_ISCD=005930
2026-06-10 11:32:06,665 - ERROR - 상세 에러: {"rt_cd":"1","msg1":"기간이 만료된 token 입니다.","msg_cd":"EGW00123"}
2026-06-10 11:32:06,670 - WARNING - [005930] 현재가를 가져오는데 실패했습니다. 10초 후 재시도합니다.
2026-06-10 11:32:17,724 - ERROR - GET 요청 실패 (FHKST01010100): 500 Server Error: Internal Server Error for url: https://openapivts.koreainvestment.com:29443/uapi/domestic-stock/v1/quotations/inquire-price?FID_COND_MRKT_DIV_CODE=J&FID_INPUT_ISCD=005930
2026-06-10 11:32:17,724 - ERROR - 상세 에러: {"rt_cd":"1","msg1":"기간이 만료된 token 입니다.","msg_cd":"EGW00123"}
2026-06-10 11:32:17,729 - WARNING - [005930] 현재가를 가져오는데 실패했습니다. 10초 후 재시도합니다.
2026-06-10 11:32:27,847 - ERROR - GET 요청 실패 (FHKST01010100): 500 Server Error: Internal Server Error for url: https://openapivts.koreainvestment.com:29443/uapi/domestic-stock/v1/quotations/inquire-price?FID_COND_MRKT_DIV_CODE=J&FID_INPUT_ISCD=005930
2026-06-10 11:32:27,847 - ERROR - 상세 에러: {"rt_cd":"1","msg1":"기간이 만료된 token 입니다.","msg_cd":"EGW00123"}
2026-06-10 11:32:27,851 - WARNING - [005930] 현재가를 가져오는데 실패했습니다. 10초 후 재시도합니다.
2026-06-10 11:32:39,639 - ERROR - GET 요청 실패 (FHKST01010100): 500 Server Error: Internal Server Error for url: https://openapivts.koreainvestment.com:29443/uapi/domestic-stock/v1/quotations/inquire-price?FID_COND_MRKT_DIV_CODE=J&FID_INPUT_ISCD=005930
2026-06-10 11:32:39,640 - ERROR - 상세 에러: {"rt_cd":"1","msg1":"기간이 만료된 token 입니다.","msg_cd":"EGW00123"}
2026-06-10 11:32:39,645 - WARNING - [005930] 현재가를 가져오는데 실패했습니다. 10초 후 재시도합니다.
2026-06-10 11:32:49,777 - ERROR - GET 요청 실패 (FHKST01010100): 500 Server Error: Internal Server Error for url: https://openapivts.koreainvestment.com:29443/uapi/domestic-stock/v1/quotations/inquire-price?FID_COND_MRKT_DIV_CODE=J&FID_INPUT_ISCD=005930
2026-06-10 11:32:49,777 - ERROR - 상세 에러: {"rt_cd":"1","msg1":"기간이 만료된 token 입니다.","msg_cd":"EGW00123"}
2026-06-10 11:32:49,781 - WARNING - [005930] 현재가를 가져오는데 실패했습니다. 10초 후 재시도합니다.
2026-06-10 11:32:59,899 - ERROR - GET 요청 실패 (FHKST01010100): 500 Server Error: Internal Server Error for url: https://openapivts.koreainvestment.com:29443/uapi/domestic-stock/v1/quotations/inquire-price?FID_COND_MRKT_DIV_CODE=J&FID_INPUT_ISCD=005930
2026-06-10 11:32:59,900 - ERROR - 상세 에러: {"rt_cd":"1","msg1":"기간이 만료된 token 입니다.","msg_cd":"EGW00123"}
2026-06-10 11:32:59,903 - WARNING - [005930] 현재가를 가져오는데 실패했습니다. 10초 후 재시도합니다.
2026-06-10 11:33:11,592 - ERROR - GET 요청 실패 (FHKST01010100): 500 Server Error: Internal Server Error for url: https://openapivts.koreainvestment.com:29443/uapi/domestic-stock/v1/quotations/inquire-price?FID_COND_MRKT_DIV_CODE=J&FID_INPUT_ISCD=005930
2026-06-10 11:33:11,593 - ERROR - 상세 에러: {"rt_cd":"1","msg1":"기간이 만료된 token 입니다.","msg_cd":"EGW00123"}
2026-06-10 11:33:11,596 - WARNING - [005930] 현재가를 가져오는데 실패했습니다. 10초 후 재시도합니다.
2026-06-10 11:33:22,241 - ERROR - GET 요청 실패 (FHKST01010100): 500 Server Error: Internal Server Error for url: https://openapivts.koreainvestment.com:29443/uapi/domestic-stock/v1/quotations/inquire-price?FID_COND_MRKT_DIV_CODE=J&FID_INPUT_ISCD=005930
2026-06-10 11:33:22,242 - ERROR - 상세 에러: {"rt_cd":"1","msg1":"기간이 만료된 token 입니다.","msg_cd":"EGW00123"}
2026-06-10 11:33:22,246 - WARNING - [005930] 현재가를 가져오는데 실패했습니다. 10초 후 재시도합니다.
2026-06-10 11:33:33,094 - ERROR - GET 요청 실패 (FHKST01010100): 500 Server Error: Internal Server Error for url: https://openapivts.koreainvestment.com:29443/uapi/domestic-stock/v1/quotations/inquire-price?FID_COND_MRKT_DIV_CODE=J&FID_INPUT_ISCD=005930
2026-06-10 11:33:33,095 - ERROR - 상세 에러: {"rt_cd":"1","msg1":"기간이 만료된 token 입니다.","msg_cd":"EGW00123"}
2026-06-10 11:33:33,099 - WARNING - [005930] 현재가를 가져오는데 실패했습니다. 10초 후 재시도합니다.
2026-06-10 11:33:43,323 - ERROR - GET 요청 실패 (FHKST01010100): 500 Server Error: Internal Server Error for url: https://openapivts.koreainvestment.com:29443/uapi/domestic-stock/v1/quotations/inquire-price?FID_COND_MRKT_DIV_CODE=J&FID_INPUT_ISCD=005930
2026-06-10 11:33:43,323 - ERROR - 상세 에러: {"rt_cd":"1","msg1":"기간이 만료된 token 입니다.","msg_cd":"EGW00123"}
2026-06-10 11:33:43,327 - WARNING - [005930] 현재가를 가져오는데 실패했습니다. 10초 후 재시도합니다.
2026-06-10 11:33:53,444 - ERROR - GET 요청 실패 (FHKST01010100): 500 Server Error: Internal Server Error for url: https://openapivts.koreainvestment.com:29443/uapi/domestic-stock/v1/quotations/inquire-price?FID_COND_MRKT_DIV_CODE=J&FID_INPUT_ISCD=005930
2026-06-10 11:33:53,444 - ERROR - 상세 에러: {"rt_cd":"1","msg1":"기간이 만료된 token 입니다.","msg_cd":"EGW00123"}
2026-06-10 11:33:53,447 - WARNING - [005930] 현재가를 가져오는데 실패했습니다. 10초 후 재시도합니다.
2026-06-10 11:34:05,047 - ERROR - GET 요청 실패 (FHKST01010100): 500 Server Error: Internal Server Error for url: https://openapivts.koreainvestment.com:29443/uapi/domestic-stock/v1/quotations/inquire-price?FID_COND_MRKT_DIV_CODE=J&FID_INPUT_ISCD=005930
2026-06-10 11:34:05,047 - ERROR - 상세 에러: {"rt_cd":"1","msg1":"기간이 만료된 token 입니다.","msg_cd":"EGW00123"}
2026-06-10 11:34:05,051 - WARNING - [005930] 현재가를 가져오는데 실패했습니다. 10초 후 재시도합니다.
2026-06-10 11:34:15,166 - ERROR - GET 요청 실패 (FHKST01010100): 500 Server Error: Internal Server Error for url: https://openapivts.koreainvestment.com:29443/uapi/domestic-stock/v1/quotations/inquire-price?FID_COND_MRKT_DIV_CODE=J&FID_INPUT_ISCD=005930
2026-06-10 11:34:15,167 - ERROR - 상세 에러: {"rt_cd":"1","msg1":"기간이 만료된 token 입니다.","msg_cd":"EGW00123"}
2026-06-10 11:34:15,171 - WARNING - [005930] 현재가를 가져오는데 실패했습니다. 10초 후 재시도합니다.
2026-06-10 11:34:26,762 - ERROR - GET 요청 실패 (FHKST01010100): 500 Server Error: Internal Server Error for url: https://openapivts.koreainvestment.com:29443/uapi/domestic-stock/v1/quotations/inquire-price?FID_COND_MRKT_DIV_CODE=J&FID_INPUT_ISCD=005930
2026-06-10 11:34:26,763 - ERROR - 상세 에러: {"rt_cd":"1","msg1":"기간이 만료된 token 입니다.","msg_cd":"EGW00123"}
2026-06-10 11:34:26,767 - WARNING - [005930] 현재가를 가져오는데 실패했습니다. 10초 후 재시도합니다.
2026-06-10 11:34:36,909 - ERROR - GET 요청 실패 (FHKST01010100): 500 Server Error: Internal Server Error for url: https://openapivts.koreainvestment.com:29443/uapi/domestic-stock/v1/quotations/inquire-price?FID_COND_MRKT_DIV_CODE=J&FID_INPUT_ISCD=005930
2026-06-10 11:34:36,910 - ERROR - 상세 에러: {"rt_cd":"1","msg1":"기간이 만료된 token 입니다.","msg_cd":"EGW00123"}
2026-06-10 11:34:36,912 - WARNING - [005930] 현재가를 가져오는데 실패했습니다. 10초 후 재시도합니다.
2026-06-10 11:34:49,079 - ERROR - GET 요청 실패 (FHKST01010100): 500 Server Error: Internal Server Error for url: https://openapivts.koreainvestment.com:29443/uapi/domestic-stock/v1/quotations/inquire-price?FID_COND_MRKT_DIV_CODE=J&FID_INPUT_ISCD=005930
2026-06-10 11:34:49,080 - ERROR - 상세 에러: {"rt_cd":"1","msg1":"기간이 만료된 token 입니다.","msg_cd":"EGW00123"}
2026-06-10 11:34:49,083 - WARNING - [005930] 현재가를 가져오는데 실패했습니다. 10초 후 재시도합니다.
2026-06-10 11:34:59,193 - ERROR - GET 요청 실패 (FHKST01010100): 500 Server Error: Internal Server Error for url: https://openapivts.koreainvestment.com:29443/uapi/domestic-stock/v1/quotations/inquire-price?FID_COND_MRKT_DIV_CODE=J&FID_INPUT_ISCD=005930
2026-06-10 11:34:59,194 - ERROR - 상세 에러: {"rt_cd":"1","msg1":"기간이 만료된 token 입니다.","msg_cd":"EGW00123"}
2026-06-10 11:34:59,197 - WARNING - [005930] 현재가를 가져오는데 실패했습니다. 10초 후 재시도합니다.
2026-06-10 11:35:12,327 - ERROR - GET 요청 실패 (FHKST01010100): 500 Server Error: Internal Server Error for url: https://openapivts.koreainvestment.com:29443/uapi/domestic-stock/v1/quotations/inquire-price?FID_COND_MRKT_DIV_CODE=J&FID_INPUT_ISCD=005930
2026-06-10 11:35:12,327 - ERROR - 상세 에러: {"rt_cd":"1","msg1":"기간이 만료된 token 입니다.","msg_cd":"EGW00123"}
2026-06-10 11:35:12,331 - WARNING - [005930] 현재가를 가져오는데 실패했습니다. 10초 후 재시도합니다.
2026-06-10 11:35:25,742 - ERROR - GET 요청 실패 (FHKST01010100): 500 Server Error: Internal Server Error for url: https://openapivts.koreainvestment.com:29443/uapi/domestic-stock/v1/quotations/inquire-price?FID_COND_MRKT_DIV_CODE=J&FID_INPUT_ISCD=005930
2026-06-10 11:35:25,743 - ERROR - 상세 에러: {"rt_cd":"1","msg1":"기간이 만료된 token 입니다.","msg_cd":"EGW00123"}
2026-06-10 11:35:25,748 - WARNING - [005930] 현재가를 가져오는데 실패했습니다. 10초 후 재시도합니다.
2026-06-10 11:35:35,865 - ERROR - GET 요청 실패 (FHKST01010100): 500 Server Error: Internal Server Error for url: https://openapivts.koreainvestment.com:29443/uapi/domestic-stock/v1/quotations/inquire-price?FID_COND_MRKT_DIV_CODE=J&FID_INPUT_ISCD=005930
2026-06-10 11:35:35,866 - ERROR - 상세 에러: {"rt_cd":"1","msg1":"기간이 만료된 token 입니다.","msg_cd":"EGW00123"}
2026-06-10 11:35:35,869 - WARNING - [005930] 현재가를 가져오는데 실패했습니다. 10초 후 재시도합니다.
2026-06-10 11:35:48,520 - ERROR - GET 요청 실패 (FHKST01010100): 500 Server Error: Internal Server Error for url: https://openapivts.koreainvestment.com:29443/uapi/domestic-stock/v1/quotations/inquire-price?FID_COND_MRKT_DIV_CODE=J&FID_INPUT_ISCD=005930
2026-06-10 11:35:48,521 - ERROR - 상세 에러: {"rt_cd":"1","msg1":"기간이 만료된 token 입니다.","msg_cd":"EGW00123"}
2026-06-10 11:35:48,523 - WARNING - [005930] 현재가를 가져오는데 실패했습니다. 10초 후 재시도합니다.
2026-06-10 11:35:59,844 - ERROR - GET 요청 실패 (FHKST01010100): 500 Server Error: Internal Server Error for url: https://openapivts.koreainvestment.com:29443/uapi/domestic-stock/v1/quotations/inquire-price?FID_COND_MRKT_DIV_CODE=J&FID_INPUT_ISCD=005930
2026-06-10 11:35:59,844 - ERROR - 상세 에러: {"rt_cd":"1","msg1":"기간이 만료된 token 입니다.","msg_cd":"EGW00123"}
2026-06-10 11:35:59,848 - WARNING - [005930] 현재가를 가져오는데 실패했습니다. 10초 후 재시도합니다.
2026-06-10 11:36:09,962 - ERROR - GET 요청 실패 (FHKST01010100): 500 Server Error: Internal Server Error for url: https://openapivts.koreainvestment.com:29443/uapi/domestic-stock/v1/quotations/inquire-price?FID_COND_MRKT_DIV_CODE=J&FID_INPUT_ISCD=005930
2026-06-10 11:36:09,962 - ERROR - 상세 에러: {"rt_cd":"1","msg1":"기간이 만료된 token 입니다.","msg_cd":"EGW00123"}
2026-06-10 11:36:09,965 - WARNING - [005930] 현재가를 가져오는데 실패했습니다. 10초 후 재시도합니다.
2026-06-10 11:36:20,059 - ERROR - GET 요청 실패 (FHKST01010100): 500 Server Error: Internal Server Error for url: https://openapivts.koreainvestment.com:29443/uapi/domestic-stock/v1/quotations/inquire-price?FID_COND_MRKT_DIV_CODE=J&FID_INPUT_ISCD=005930
2026-06-10 11:36:20,060 - ERROR - 상세 에러: {"rt_cd":"1","msg1":"기간이 만료된 token 입니다.","msg_cd":"EGW00123"}
2026-06-10 11:36:20,062 - WARNING - [005930] 현재가를 가져오는데 실패했습니다. 10초 후 재시도합니다.
2026-06-10 11:36:31,997 - ERROR - GET 요청 실패 (FHKST01010100): 500 Server Error: Internal Server Error for url: https://openapivts.koreainvestment.com:29443/uapi/domestic-stock/v1/quotations/inquire-price?FID_COND_MRKT_DIV_CODE=J&FID_INPUT_ISCD=005930
2026-06-10 11:36:31,998 - ERROR - 상세 에러: {"rt_cd":"1","msg1":"기간이 만료된 token 입니다.","msg_cd":"EGW00123"}
2026-06-10 11:36:32,001 - WARNING - [005930] 현재가를 가져오는데 실패했습니다. 10초 후 재시도합니다.
2026-06-10 11:36:43,777 - ERROR - GET 요청 실패 (FHKST01010100): 500 Server Error: Internal Server Error for url: https://openapivts.koreainvestment.com:29443/uapi/domestic-stock/v1/quotations/inquire-price?FID_COND_MRKT_DIV_CODE=J&FID_INPUT_ISCD=005930
2026-06-10 11:36:43,777 - ERROR - 상세 에러: {"rt_cd":"1","msg1":"기간이 만료된 token 입니다.","msg_cd":"EGW00123"}
2026-06-10 11:36:43,780 - WARNING - [005930] 현재가를 가져오는데 실패했습니다. 10초 후 재시도합니다.
2026-06-10 11:36:53,895 - ERROR - GET 요청 실패 (FHKST01010100): 500 Server Error: Internal Server Error for url: https://openapivts.koreainvestment.com:29443/uapi/domestic-stock/v1/quotations/inquire-price?FID_COND_MRKT_DIV_CODE=J&FID_INPUT_ISCD=005930
2026-06-10 11:36:53,895 - ERROR - 상세 에러: {"rt_cd":"1","msg1":"기간이 만료된 token 입니다.","msg_cd":"EGW00123"}
2026-06-10 11:36:53,898 - WARNING - [005930] 현재가를 가져오는데 실패했습니다. 10초 후 재시도합니다.
2026-06-10 11:37:07,023 - ERROR - GET 요청 실패 (FHKST01010100): 500 Server Error: Internal Server Error for url: https://openapivts.koreainvestment.com:29443/uapi/domestic-stock/v1/quotations/inquire-price?FID_COND_MRKT_DIV_CODE=J&FID_INPUT_ISCD=005930
2026-06-10 11:37:07,024 - ERROR - 상세 에러: {"rt_cd":"1","msg1":"기간이 만료된 token 입니다.","msg_cd":"EGW00123"}
2026-06-10 11:37:07,027 - WARNING - [005930] 현재가를 가져오는데 실패했습니다. 10초 후 재시도합니다.
2026-06-10 11:37:19,207 - ERROR - GET 요청 실패 (FHKST01010100): 500 Server Error: Internal Server Error for url: https://openapivts.koreainvestment.com:29443/uapi/domestic-stock/v1/quotations/inquire-price?FID_COND_MRKT_DIV_CODE=J&FID_INPUT_ISCD=005930
2026-06-10 11:37:19,208 - ERROR - 상세 에러: {"rt_cd":"1","msg1":"기간이 만료된 token 입니다.","msg_cd":"EGW00123"}
2026-06-10 11:37:19,211 - WARNING - [005930] 현재가를 가져오는데 실패했습니다. 10초 후 재시도합니다.
2026-06-10 11:37:29,314 - ERROR - GET 요청 실패 (FHKST01010100): 500 Server Error: Internal Server Error for url: https://openapivts.koreainvestment.com:29443/uapi/domestic-stock/v1/quotations/inquire-price?FID_COND_MRKT_DIV_CODE=J&FID_INPUT_ISCD=005930
2026-06-10 11:37:29,315 - ERROR - 상세 에러: {"rt_cd":"1","msg1":"기간이 만료된 token 입니다.","msg_cd":"EGW00123"}
2026-06-10 11:37:29,318 - WARNING - [005930] 현재가를 가져오는데 실패했습니다. 10초 후 재시도합니다.
2026-06-10 11:37:39,894 - ERROR - GET 요청 실패 (FHKST01010100): 500 Server Error: Internal Server Error for url: https://openapivts.koreainvestment.com:29443/uapi/domestic-stock/v1/quotations/inquire-price?FID_COND_MRKT_DIV_CODE=J&FID_INPUT_ISCD=005930
2026-06-10 11:37:39,895 - ERROR - 상세 에러: {"rt_cd":"1","msg1":"기간이 만료된 token 입니다.","msg_cd":"EGW00123"}
2026-06-10 11:37:39,898 - WARNING - [005930] 현재가를 가져오는데 실패했습니다. 10초 후 재시도합니다.
2026-06-10 11:37:50,103 - ERROR - GET 요청 실패 (FHKST01010100): 500 Server Error: Internal Server Error for url: https://openapivts.koreainvestment.com:29443/uapi/domestic-stock/v1/quotations/inquire-price?FID_COND_MRKT_DIV_CODE=J&FID_INPUT_ISCD=005930
2026-06-10 11:37:50,103 - ERROR - 상세 에러: {"rt_cd":"1","msg1":"기간이 만료된 token 입니다.","msg_cd":"EGW00123"}
2026-06-10 11:37:50,106 - WARNING - [005930] 현재가를 가져오는데 실패했습니다. 10초 후 재시도합니다.
2026-06-10 11:38:00,207 - ERROR - GET 요청 실패 (FHKST01010100): 500 Server Error: Internal Server Error for url: https://openapivts.koreainvestment.com:29443/uapi/domestic-stock/v1/quotations/inquire-price?FID_COND_MRKT_DIV_CODE=J&FID_INPUT_ISCD=005930
2026-06-10 11:38:00,208 - ERROR - 상세 에러: {"rt_cd":"1","msg1":"기간이 만료된 token 입니다.","msg_cd":"EGW00123"}
2026-06-10 11:38:00,210 - WARNING - [005930] 현재가를 가져오는데 실패했습니다. 10초 후 재시도합니다.
2026-06-10 11:38:10,335 - ERROR - GET 요청 실패 (FHKST01010100): 500 Server Error: Internal Server Error for url: https://openapivts.koreainvestment.com:29443/uapi/domestic-stock/v1/quotations/inquire-price?FID_COND_MRKT_DIV_CODE=J&FID_INPUT_ISCD=005930
2026-06-10 11:38:10,336 - ERROR - 상세 에러: {"rt_cd":"1","msg1":"기간이 만료된 token 입니다.","msg_cd":"EGW00123"}
2026-06-10 11:38:10,338 - WARNING - [005930] 현재가를 가져오는데 실패했습니다. 10초 후 재시도합니다.
2026-06-10 11:38:20,755 - ERROR - GET 요청 실패 (FHKST01010100): 500 Server Error: Internal Server Error for url: https://openapivts.koreainvestment.com:29443/uapi/domestic-stock/v1/quotations/inquire-price?FID_COND_MRKT_DIV_CODE=J&FID_INPUT_ISCD=005930
2026-06-10 11:38:20,756 - ERROR - 상세 에러: {"rt_cd":"1","msg1":"기간이 만료된 token 입니다.","msg_cd":"EGW00123"}
2026-06-10 11:38:20,760 - WARNING - [005930] 현재가를 가져오는데 실패했습니다. 10초 후 재시도합니다.
2026-06-10 11:38:31,403 - ERROR - GET 요청 실패 (FHKST01010100): 500 Server Error: Internal Server Error for url: https://openapivts.koreainvestment.com:29443/uapi/domestic-stock/v1/quotations/inquire-price?FID_COND_MRKT_DIV_CODE=J&FID_INPUT_ISCD=005930
2026-06-10 11:38:31,404 - ERROR - 상세 에러: {"rt_cd":"1","msg1":"기간이 만료된 token 입니다.","msg_cd":"EGW00123"}
2026-06-10 11:38:31,406 - WARNING - [005930] 현재가를 가져오는데 실패했습니다. 10초 후 재시도합니다.
2026-06-10 11:38:41,749 - ERROR - GET 요청 실패 (FHKST01010100): 500 Server Error: Internal Server Error for url: https://openapivts.koreainvestment.com:29443/uapi/domestic-stock/v1/quotations/inquire-price?FID_COND_MRKT_DIV_CODE=J&FID_INPUT_ISCD=005930
2026-06-10 11:38:41,750 - ERROR - 상세 에러: {"rt_cd":"1","msg1":"기간이 만료된 token 입니다.","msg_cd":"EGW00123"}
2026-06-10 11:38:41,753 - WARNING - [005930] 현재가를 가져오는데 실패했습니다. 10초 후 재시도합니다.
2026-06-10 11:38:51,905 - ERROR - GET 요청 실패 (FHKST01010100): 500 Server Error: Internal Server Error for url: https://openapivts.koreainvestment.com:29443/uapi/domestic-stock/v1/quotations/inquire-price?FID_COND_MRKT_DIV_CODE=J&FID_INPUT_ISCD=005930
2026-06-10 11:38:51,906 - ERROR - 상세 에러: {"rt_cd":"1","msg1":"기간이 만료된 token 입니다.","msg_cd":"EGW00123"}
2026-06-10 11:38:51,908 - WARNING - [005930] 현재가를 가져오는데 실패했습니다. 10초 후 재시도합니다.
2026-06-10 11:39:02,030 - ERROR - GET 요청 실패 (FHKST01010100): 500 Server Error: Internal Server Error for url: https://openapivts.koreainvestment.com:29443/uapi/domestic-stock/v1/quotations/inquire-price?FID_COND_MRKT_DIV_CODE=J&FID_INPUT_ISCD=005930
2026-06-10 11:39:02,030 - ERROR - 상세 에러: {"rt_cd":"1","msg1":"기간이 만료된 token 입니다.","msg_cd":"EGW00123"}
2026-06-10 11:39:02,034 - WARNING - [005930] 현재가를 가져오는데 실패했습니다. 10초 후 재시도합니다.
2026-06-10 11:39:12,776 - ERROR - GET 요청 실패 (FHKST01010100): 500 Server Error: Internal Server Error for url: https://openapivts.koreainvestment.com:29443/uapi/domestic-stock/v1/quotations/inquire-price?FID_COND_MRKT_DIV_CODE=J&FID_INPUT_ISCD=005930
2026-06-10 11:39:12,777 - ERROR - 상세 에러: {"rt_cd":"1","msg1":"기간이 만료된 token 입니다.","msg_cd":"EGW00123"}
2026-06-10 11:39:12,780 - WARNING - [005930] 현재가를 가져오는데 실패했습니다. 10초 후 재시도합니다.
2026-06-10 11:39:22,878 - ERROR - GET 요청 실패 (FHKST01010100): 500 Server Error: Internal Server Error for url: https://openapivts.koreainvestment.com:29443/uapi/domestic-stock/v1/quotations/inquire-price?FID_COND_MRKT_DIV_CODE=J&FID_INPUT_ISCD=005930
2026-06-10 11:39:22,879 - ERROR - 상세 에러: {"rt_cd":"1","msg1":"기간이 만료된 token 입니다.","msg_cd":"EGW00123"}
2026-06-10 11:39:22,882 - WARNING - [005930] 현재가를 가져오는데 실패했습니다. 10초 후 재시도합니다.
2026-06-10 11:39:32,995 - ERROR - GET 요청 실패 (FHKST01010100): 500 Server Error: Internal Server Error for url: https://openapivts.koreainvestment.com:29443/uapi/domestic-stock/v1/quotations/inquire-price?FID_COND_MRKT_DIV_CODE=J&FID_INPUT_ISCD=005930
2026-06-10 11:39:32,995 - ERROR - 상세 에러: {"rt_cd":"1","msg1":"기간이 만료된 token 입니다.","msg_cd":"EGW00123"}
2026-06-10 11:39:32,998 - WARNING - [005930] 현재가를 가져오는데 실패했습니다. 10초 후 재시도합니다.
2026-06-10 11:39:43,086 - ERROR - GET 요청 실패 (FHKST01010100): 500 Server Error: Internal Server Error for url: https://openapivts.koreainvestment.com:29443/uapi/domestic-stock/v1/quotations/inquire-price?FID_COND_MRKT_DIV_CODE=J&FID_INPUT_ISCD=005930
2026-06-10 11:39:43,087 - ERROR - 상세 에러: {"rt_cd":"1","msg1":"기간이 만료된 token 입니다.","msg_cd":"EGW00123"}
2026-06-10 11:39:43,090 - WARNING - [005930] 현재가를 가져오는데 실패했습니다. 10초 후 재시도합니다.
2026-06-10 11:39:54,456 - ERROR - GET 요청 실패 (FHKST01010100): 500 Server Error: Internal Server Error for url: https://openapivts.koreainvestment.com:29443/uapi/domestic-stock/v1/quotations/inquire-price?FID_COND_MRKT_DIV_CODE=J&FID_INPUT_ISCD=005930
2026-06-10 11:39:54,456 - ERROR - 상세 에러: {"rt_cd":"1","msg1":"기간이 만료된 token 입니다.","msg_cd":"EGW00123"}
2026-06-10 11:39:54,459 - WARNING - [005930] 현재가를 가져오는데 실패했습니다. 10초 후 재시도합니다.
2026-06-10 11:40:09,442 - ERROR - GET 요청 실패 (FHKST01010100): 500 Server Error: Internal Server Error for url: https://openapivts.koreainvestment.com:29443/uapi/domestic-stock/v1/quotations/inquire-price?FID_COND_MRKT_DIV_CODE=J&FID_INPUT_ISCD=005930
2026-06-10 11:40:09,443 - ERROR - 상세 에러: {"rt_cd":"1","msg1":"기간이 만료된 token 입니다.","msg_cd":"EGW00123"}
2026-06-10 11:40:09,446 - WARNING - [005930] 현재가를 가져오는데 실패했습니다. 10초 후 재시도합니다.
2026-06-10 11:40:23,337 - ERROR - GET 요청 실패 (FHKST01010100): 500 Server Error: Internal Server Error for url: https://openapivts.koreainvestment.com:29443/uapi/domestic-stock/v1/quotations/inquire-price?FID_COND_MRKT_DIV_CODE=J&FID_INPUT_ISCD=005930
2026-06-10 11:40:23,338 - ERROR - 상세 에러: {"rt_cd":"1","msg1":"기간이 만료된 token 입니다.","msg_cd":"EGW00123"}
2026-06-10 11:40:23,340 - WARNING - [005930] 현재가를 가져오는데 실패했습니다. 10초 후 재시도합니다.
2026-06-10 11:40:33,678 - ERROR - GET 요청 실패 (FHKST01010100): 500 Server Error: Internal Server Error for url: https://openapivts.koreainvestment.com:29443/uapi/domestic-stock/v1/quotations/inquire-price?FID_COND_MRKT_DIV_CODE=J&FID_INPUT_ISCD=005930
2026-06-10 11:40:33,678 - ERROR - 상세 에러: {"rt_cd":"1","msg1":"기간이 만료된 token 입니다.","msg_cd":"EGW00123"}
2026-06-10 11:40:33,683 - WARNING - [005930] 현재가를 가져오는데 실패했습니다. 10초 후 재시도합니다.
2026-06-10 11:40:44,059 - ERROR - GET 요청 실패 (FHKST01010100): 500 Server Error: Internal Server Error for url: https://openapivts.koreainvestment.com:29443/uapi/domestic-stock/v1/quotations/inquire-price?FID_COND_MRKT_DIV_CODE=J&FID_INPUT_ISCD=005930
2026-06-10 11:40:44,060 - ERROR - 상세 에러: {"rt_cd":"1","msg1":"기간이 만료된 token 입니다.","msg_cd":"EGW00123"}
2026-06-10 11:40:44,062 - WARNING - [005930] 현재가를 가져오는데 실패했습니다. 10초 후 재시도합니다.
2026-06-10 11:40:55,553 - ERROR - GET 요청 실패 (FHKST01010100): 500 Server Error: Internal Server Error for url: https://openapivts.koreainvestment.com:29443/uapi/domestic-stock/v1/quotations/inquire-price?FID_COND_MRKT_DIV_CODE=J&FID_INPUT_ISCD=005930
2026-06-10 11:40:55,554 - ERROR - 상세 에러: {"rt_cd":"1","msg1":"기간이 만료된 token 입니다.","msg_cd":"EGW00123"}
2026-06-10 11:40:55,557 - WARNING - [005930] 현재가를 가져오는데 실패했습니다. 10초 후 재시도합니다.
2026-06-10 11:41:06,040 - ERROR - GET 요청 실패 (FHKST01010100): 500 Server Error: Internal Server Error for url: https://openapivts.koreainvestment.com:29443/uapi/domestic-stock/v1/quotations/inquire-price?FID_COND_MRKT_DIV_CODE=J&FID_INPUT_ISCD=005930
2026-06-10 11:41:06,040 - ERROR - 상세 에러: {"rt_cd":"1","msg1":"기간이 만료된 token 입니다.","msg_cd":"EGW00123"}
2026-06-10 11:41:06,043 - WARNING - [005930] 현재가를 가져오는데 실패했습니다. 10초 후 재시도합니다.
2026-06-10 11:41:16,150 - ERROR - GET 요청 실패 (FHKST01010100): 500 Server Error: Internal Server Error for url: https://openapivts.koreainvestment.com:29443/uapi/domestic-stock/v1/quotations/inquire-price?FID_COND_MRKT_DIV_CODE=J&FID_INPUT_ISCD=005930
2026-06-10 11:41:16,150 - ERROR - 상세 에러: {"rt_cd":"1","msg1":"기간이 만료된 token 입니다.","msg_cd":"EGW00123"}
2026-06-10 11:41:16,152 - WARNING - [005930] 현재가를 가져오는데 실패했습니다. 10초 후 재시도합니다.
2026-06-10 11:41:26,254 - ERROR - GET 요청 실패 (FHKST01010100): 500 Server Error: Internal Server Error for url: https://openapivts.koreainvestment.com:29443/uapi/domestic-stock/v1/quotations/inquire-price?FID_COND_MRKT_DIV_CODE=J&FID_INPUT_ISCD=005930
2026-06-10 11:41:26,254 - ERROR - 상세 에러: {"rt_cd":"1","msg1":"기간이 만료된 token 입니다.","msg_cd":"EGW00123"}
2026-06-10 11:41:26,259 - WARNING - [005930] 현재가를 가져오는데 실패했습니다. 10초 후 재시도합니다.
2026-06-10 11:41:36,369 - ERROR - GET 요청 실패 (FHKST01010100): 500 Server Error: Internal Server Error for url: https://openapivts.koreainvestment.com:29443/uapi/domestic-stock/v1/quotations/inquire-price?FID_COND_MRKT_DIV_CODE=J&FID_INPUT_ISCD=005930
2026-06-10 11:41:36,370 - ERROR - 상세 에러: {"rt_cd":"1","msg1":"기간이 만료된 token 입니다.","msg_cd":"EGW00123"}
2026-06-10 11:41:36,373 - WARNING - [005930] 현재가를 가져오는데 실패했습니다. 10초 후 재시도합니다.
2026-06-10 11:41:36,826 - INFO - 사용자에 의해 프로그램이 중단되었습니다.
2026-06-10 11:41:36,828 - INFO - 프로그램을 종료합니다.
2026-06-10 11:42:09,133 - INFO - 기존 유효한 토큰을 캐시에서 로드했습니다.
2026-06-10 11:42:09,134 - INFO - 삼성전자 자동매매 프로그램을 시작합니다. (자가 적응형 로직 활성화)
2026-06-10 11:42:09,138 - INFO - 이전 상태 로드 완료: SELLING (목표가: 311500원)
2026-06-10 11:42:12,096 - INFO - [005930] 현재가: 304500, 고가: 314500, 저가: 303000
2026-06-10 11:42:12,097 - WARNING - ⚠️ 주문 고착 감지: 타임아웃 (4220초 경과). 주문 취소를 시도합니다.
2026-06-10 11:42:12,097 - INFO - [CANCEL] 주문 취소 요청: 005930, 주문번호: 0000015633
2026-06-10 11:42:12,812 - INFO - 주문 취소 성공! (원주문: 0000015633)
2026-06-10 11:42:12,861 - INFO - 상태 전환 완료: HOLDING
2026-06-10 11:42:19,466 - INFO - 계좌 예수금: 9583572원
2026-06-10 11:42:19,467 - INFO - [005930] 보유: 1주, 매도 가능: 1주, 평단가: 309,500원
2026-06-10 11:42:19,495 - INFO - 미실현 손익: -5,000원 (-1.62%), 최고 수익률: 0.16%
2026-06-10 11:42:19,551 - INFO - 자가 최적화 기록 완료: C:\Users\witpo\OneDrive\바탕 화면\YONSEI\26-1\ECO4126 인공지능과금융공학\open-trading-api\self_optimization_history
2026-06-10 11:42:19,552 - INFO - 매도 조건 충족: 평단가(309,500), 현재가(304,500) -> 목표가(311,500원) (보수적 상향 보정)
2026-06-10 11:42:19,553 - INFO - [SELL] 주문 요청: 005930, 1주, 311500원
2026-06-10 11:42:21,004 - INFO - 주문 성공! 주문번호: 0000021243
2026-06-10 11:42:21,105 - INFO - 60초 후 다음 확인을 진행합니다. (현재 상태: SELLING)
2026-06-10 11:43:21,229 - INFO - [005930] 현재가: 304000, 고가: 314500, 저가: 303000
2026-06-10 11:43:21,230 - WARNING - ⚠️ 주문 고착 감지: 가격 이탈 (현재가:304,000, 목표가:311,500, 차이:7,500). 주문 취소를 시도합니다.
2026-06-10 11:43:21,230 - INFO - [CANCEL] 주문 취소 요청: 005930, 주문번호: 0000021243
2026-06-10 11:43:23,879 - INFO - 주문 취소 성공! (원주문: 0000021243)
2026-06-10 11:43:23,925 - INFO - 상태 전환 완료: HOLDING
2026-06-10 11:43:27,060 - INFO - 계좌 예수금: 9583572원
2026-06-10 11:43:27,061 - INFO - [005930] 보유: 1주, 매도 가능: 1주, 평단가: 309,500원
2026-06-10 11:43:27,093 - INFO - 미실현 손익: -5,500원 (-1.78%), 최고 수익률: 0.16%
2026-06-10 11:43:27,122 - INFO - 매도 조건 충족: 평단가(309,500), 현재가(304,000) -> 목표가(312,000원) (보수적 상향 보정)
2026-06-10 11:43:27,123 - INFO - [SELL] 주문 요청: 005930, 1주, 312000원
2026-06-10 11:43:29,679 - INFO - 주문 성공! 주문번호: 0000021315
2026-06-10 11:43:29,731 - INFO - 60초 후 다음 확인을 진행합니다. (현재 상태: SELLING)
2026-06-10 11:44:29,852 - INFO - [005930] 현재가: 304250, 고가: 314500, 저가: 303000
2026-06-10 11:44:29,853 - WARNING - ⚠️ 주문 고착 감지: 가격 이탈 (현재가:304,250, 목표가:312,000, 차이:7,750). 주문 취소를 시도합니다.
2026-06-10 11:44:29,853 - INFO - [CANCEL] 주문 취소 요청: 005930, 주문번호: 0000021315
2026-06-10 11:44:31,266 - INFO - 주문 취소 성공! (원주문: 0000021315)
2026-06-10 11:44:31,331 - INFO - 상태 전환 완료: HOLDING
2026-06-10 11:44:33,928 - INFO - 계좌 예수금: 9583572원
2026-06-10 11:44:33,928 - INFO - [005930] 보유: 1주, 매도 가능: 1주, 평단가: 309,500원
2026-06-10 11:44:33,956 - INFO - 미실현 손익: -5,250원 (-1.70%), 최고 수익률: 0.16%
2026-06-10 11:44:33,985 - INFO - 매도 조건 충족: 평단가(309,500), 현재가(304,250) -> 목표가(312,000원) (보수적 상향 보정)
2026-06-10 11:44:33,986 - INFO - [SELL] 주문 요청: 005930, 1주, 312000원
2026-06-10 11:44:35,361 - INFO - 주문 성공! 주문번호: 0000021400
2026-06-10 11:44:35,414 - INFO - 60초 후 다음 확인을 진행합니다. (현재 상태: SELLING)
2026-06-10 11:45:36,193 - INFO - [005930] 현재가: 305000, 고가: 314500, 저가: 303000
2026-06-10 11:45:36,193 - WARNING - ⚠️ 주문 고착 감지: 가격 이탈 (현재가:305,000, 목표가:312,000, 차이:7,000). 주문 취소를 시도합니다.
2026-06-10 11:45:36,194 - INFO - [CANCEL] 주문 취소 요청: 005930, 주문번호: 0000021400
2026-06-10 11:45:37,725 - INFO - 주문 취소 성공! (원주문: 0000021400)
2026-06-10 11:45:37,773 - INFO - 상태 전환 완료: HOLDING
2026-06-10 11:45:43,256 - INFO - 계좌 예수금: 9583572원
2026-06-10 11:45:43,257 - INFO - [005930] 보유: 1주, 매도 가능: 1주, 평단가: 309,500원
2026-06-10 11:45:43,283 - INFO - 미실현 손익: -4,500원 (-1.45%), 최고 수익률: 0.16%
2026-06-10 11:45:43,314 - INFO - 매도 조건 충족: 평단가(309,500), 현재가(305,000) -> 목표가(312,000원) (보수적 상향 보정)
2026-06-10 11:45:43,314 - INFO - [SELL] 주문 요청: 005930, 1주, 312000원
2026-06-10 11:45:44,497 - INFO - 주문 성공! 주문번호: 0000021477
2026-06-10 11:45:44,562 - INFO - 60초 후 다음 확인을 진행합니다. (현재 상태: SELLING)
2026-06-10 11:46:46,542 - INFO - [005930] 현재가: 305500, 고가: 314500, 저가: 303000
2026-06-10 11:46:46,543 - WARNING - ⚠️ 주문 고착 감지: 가격 이탈 (현재가:305,500, 목표가:312,000, 차이:6,500). 주문 취소를 시도합니다.
2026-06-10 11:46:46,543 - INFO - [CANCEL] 주문 취소 요청: 005930, 주문번호: 0000021477
2026-06-10 11:46:48,494 - INFO - 주문 취소 성공! (원주문: 0000021477)
2026-06-10 11:46:48,540 - INFO - 상태 전환 완료: HOLDING
2026-06-10 11:46:55,146 - INFO - 계좌 예수금: 9583572원
2026-06-10 11:46:55,147 - INFO - [005930] 보유: 1주, 매도 가능: 1주, 평단가: 309,500원
2026-06-10 11:46:55,170 - INFO - 미실현 손익: -4,000원 (-1.29%), 최고 수익률: 0.16%
2026-06-10 11:46:55,201 - INFO - 매도 조건 충족: 평단가(309,500), 현재가(305,500) -> 목표가(312,000원) (보수적 상향 보정)
2026-06-10 11:46:55,201 - INFO - [SELL] 주문 요청: 005930, 1주, 312000원
2026-06-10 11:46:55,341 - INFO - 주문 성공! 주문번호: 0000021573
2026-06-10 11:46:55,390 - INFO - 60초 후 다음 확인을 진행합니다. (현재 상태: SELLING)
2026-06-10 11:47:55,570 - INFO - [005930] 현재가: 305500, 고가: 314500, 저가: 303000
2026-06-10 11:47:55,571 - WARNING - ⚠️ 주문 고착 감지: 가격 이탈 (현재가:305,500, 목표가:312,000, 차이:6,500). 주문 취소를 시도합니다.
2026-06-10 11:47:55,571 - INFO - [CANCEL] 주문 취소 요청: 005930, 주문번호: 0000021573
2026-06-10 11:47:57,920 - INFO - 주문 취소 성공! (원주문: 0000021573)
2026-06-10 11:47:57,971 - INFO - 상태 전환 완료: HOLDING
2026-06-10 11:48:00,993 - INFO - 계좌 예수금: 9583572원
2026-06-10 11:48:00,994 - INFO - [005930] 보유: 1주, 매도 가능: 1주, 평단가: 309,500원
2026-06-10 11:48:01,018 - INFO - 미실현 손익: -4,000원 (-1.29%), 최고 수익률: 0.16%
2026-06-10 11:48:01,051 - INFO - 매도 조건 충족: 평단가(309,500), 현재가(305,500) -> 목표가(312,000원) (보수적 상향 보정)
2026-06-10 11:48:01,052 - INFO - [SELL] 주문 요청: 005930, 1주, 312000원
2026-06-10 11:48:01,192 - INFO - 주문 성공! 주문번호: 0000021656
2026-06-10 11:48:01,241 - INFO - 60초 후 다음 확인을 진행합니다. (현재 상태: SELLING)
2026-06-10 11:49:01,360 - INFO - [005930] 현재가: 305500, 고가: 314500, 저가: 303000
2026-06-10 11:49:01,361 - WARNING - ⚠️ 주문 고착 감지: 가격 이탈 (현재가:305,500, 목표가:312,000, 차이:6,500). 주문 취소를 시도합니다.
2026-06-10 11:49:01,361 - INFO - [CANCEL] 주문 취소 요청: 005930, 주문번호: 0000021656
2026-06-10 11:49:01,941 - INFO - 주문 취소 성공! (원주문: 0000021656)
2026-06-10 11:49:01,991 - INFO - 상태 전환 완료: HOLDING
2026-06-10 11:49:11,656 - INFO - 계좌 예수금: 9583572원
2026-06-10 11:49:11,657 - INFO - [005930] 보유: 1주, 매도 가능: 1주, 평단가: 309,500원
2026-06-10 11:49:11,678 - INFO - 미실현 손익: -4,000원 (-1.29%), 최고 수익률: 0.16%
2026-06-10 11:49:11,708 - INFO - 매도 조건 충족: 평단가(309,500), 현재가(305,500) -> 목표가(312,000원) (보수적 상향 보정)
2026-06-10 11:49:11,708 - INFO - [SELL] 주문 요청: 005930, 1주, 312000원
2026-06-10 11:49:11,861 - INFO - 주문 성공! 주문번호: 0000021730
2026-06-10 11:49:11,909 - INFO - 60초 후 다음 확인을 진행합니다. (현재 상태: SELLING)
2026-06-10 11:50:12,038 - INFO - [005930] 현재가: 306000, 고가: 314500, 저가: 303000
2026-06-10 11:50:12,039 - WARNING - ⚠️ 주문 고착 감지: 가격 이탈 (현재가:306,000, 목표가:312,000, 차이:6,000). 주문 취소를 시도합니다.
2026-06-10 11:50:12,039 - INFO - [CANCEL] 주문 취소 요청: 005930, 주문번호: 0000021730
2026-06-10 11:50:12,506 - ERROR - POST 요청 실패 (VTTC0013U): 500 Server Error: Internal Server Error for url: https://openapivts.koreainvestment.com:29443/uapi/domestic-stock/v1/trading/order-rvsecncl
2026-06-10 11:50:12,508 - ERROR - 상세 에러: {"rt_cd":"1","msg1":"초당 거래건수를 초과하였습니다.","msg_cd":"EGW00201","message":"EGW00201"}
2026-06-10 11:50:12,511 - ERROR - 주문 취소 실패: 응답 없음
2026-06-10 11:50:12,512 - ERROR - 주문 취소 실패. 다음 루프에서 재시도합니다.
2026-06-10 11:50:21,563 - INFO - 계좌 예수금: 9583572원
2026-06-10 11:50:21,564 - INFO - [005930] 보유: 1주, 매도 가능: 0주, 평단가: 309,500원
2026-06-10 11:50:21,591 - INFO - 미실현 손익: -3,500원 (-1.13%), 최고 수익률: 0.16%
2026-06-10 11:50:21,623 - INFO - 보유 수량(1)에 대해 매도 주문(0000021730)이 진행 중입니다.
2026-06-10 11:50:21,624 - INFO - 60초 후 다음 확인을 진행합니다. (현재 상태: SELLING)
2026-06-10 11:51:22,753 - INFO - [005930] 현재가: 305750, 고가: 314500, 저가: 303000
2026-06-10 11:51:22,754 - WARNING - ⚠️ 주문 고착 감지: 가격 이탈 (현재가:305,750, 목표가:312,000, 차이:6,250). 주문 취소를 시도합니다.
2026-06-10 11:51:22,755 - INFO - [CANCEL] 주문 취소 요청: 005930, 주문번호: 0000021730
2026-06-10 11:51:22,895 - INFO - 주문 취소 성공! (원주문: 0000021730)
2026-06-10 11:51:22,955 - INFO - 상태 전환 완료: HOLDING
2026-06-10 11:51:27,327 - INFO - 계좌 예수금: 9583572원
2026-06-10 11:51:27,327 - INFO - [005930] 보유: 1주, 매도 가능: 1주, 평단가: 309,500원
2026-06-10 11:51:27,352 - INFO - 미실현 손익: -3,750원 (-1.21%), 최고 수익률: 0.16%
2026-06-10 11:51:27,387 - INFO - 매도 조건 충족: 평단가(309,500), 현재가(305,750) -> 목표가(312,000원) (보수적 상향 보정)
2026-06-10 11:51:27,387 - INFO - [SELL] 주문 요청: 005930, 1주, 312000원
2026-06-10 11:51:29,616 - INFO - 주문 성공! 주문번호: 0000021898
2026-06-10 11:51:29,669 - INFO - 60초 후 다음 확인을 진행합니다. (현재 상태: SELLING)
2026-06-10 11:52:29,788 - INFO - [005930] 현재가: 305000, 고가: 314500, 저가: 303000
2026-06-10 11:52:29,789 - WARNING - ⚠️ 주문 고착 감지: 가격 이탈 (현재가:305,000, 목표가:312,000, 차이:7,000). 주문 취소를 시도합니다.
2026-06-10 11:52:29,789 - INFO - [CANCEL] 주문 취소 요청: 005930, 주문번호: 0000021898
2026-06-10 11:52:32,661 - INFO - 주문 취소 성공! (원주문: 0000021898)
2026-06-10 11:52:32,728 - INFO - 상태 전환 완료: HOLDING
2026-06-10 11:52:37,268 - INFO - 계좌 예수금: 9583572원
2026-06-10 11:52:37,269 - INFO - [005930] 보유: 1주, 매도 가능: 1주, 평단가: 309,500원
2026-06-10 11:52:37,291 - INFO - 미실현 손익: -4,500원 (-1.45%), 최고 수익률: 0.16%
2026-06-10 11:52:37,314 - INFO - 매도 조건 충족: 평단가(309,500), 현재가(305,000) -> 목표가(312,000원) (보수적 상향 보정)
2026-06-10 11:52:37,315 - INFO - [SELL] 주문 요청: 005930, 1주, 312000원
2026-06-10 11:52:39,216 - INFO - 주문 성공! 주문번호: 0000021973
2026-06-10 11:52:39,262 - INFO - 60초 후 다음 확인을 진행합니다. (현재 상태: SELLING)
2026-06-10 11:53:40,127 - INFO - [005930] 현재가: 305000, 고가: 314500, 저가: 303000
2026-06-10 11:53:40,128 - WARNING - ⚠️ 주문 고착 감지: 가격 이탈 (현재가:305,000, 목표가:312,000, 차이:7,000). 주문 취소를 시도합니다.
2026-06-10 11:53:40,129 - INFO - [CANCEL] 주문 취소 요청: 005930, 주문번호: 0000021973
2026-06-10 11:53:40,824 - ERROR - POST 요청 실패 (VTTC0013U): 500 Server Error: Internal Server Error for url: https://openapivts.koreainvestment.com:29443/uapi/domestic-stock/v1/trading/order-rvsecncl
2026-06-10 11:53:40,824 - ERROR - 상세 에러: {"rt_cd":"1","msg1":"초당 거래건수를 초과하였습니다.","msg_cd":"EGW00201","message":"EGW00201"}
2026-06-10 11:53:40,827 - ERROR - 주문 취소 실패: 응답 없음
2026-06-10 11:53:40,827 - ERROR - 주문 취소 실패. 다음 루프에서 재시도합니다.
2026-06-10 11:53:46,802 - INFO - 계좌 예수금: 9583572원
2026-06-10 11:53:46,803 - INFO - [005930] 보유: 1주, 매도 가능: 0주, 평단가: 309,500원
2026-06-10 11:53:46,824 - INFO - 미실현 손익: -4,500원 (-1.45%), 최고 수익률: 0.16%
2026-06-10 11:53:46,852 - INFO - 보유 수량(1)에 대해 매도 주문(0000021973)이 진행 중입니다.
2026-06-10 11:53:46,853 - INFO - 60초 후 다음 확인을 진행합니다. (현재 상태: SELLING)
2026-06-10 11:54:48,759 - INFO - [005930] 현재가: 304500, 고가: 314500, 저가: 303000
2026-06-10 11:54:48,760 - WARNING - ⚠️ 주문 고착 감지: 가격 이탈 (현재가:304,500, 목표가:312,000, 차이:7,500). 주문 취소를 시도합니다.
2026-06-10 11:54:48,760 - INFO - [CANCEL] 주문 취소 요청: 005930, 주문번호: 0000021973
2026-06-10 11:54:50,193 - INFO - 주문 취소 성공! (원주문: 0000021973)
2026-06-10 11:54:50,242 - INFO - 상태 전환 완료: HOLDING
2026-06-10 11:54:54,596 - INFO - 계좌 예수금: 9583572원
2026-06-10 11:54:54,596 - INFO - [005930] 보유: 1주, 매도 가능: 1주, 평단가: 309,500원
2026-06-10 11:54:54,628 - INFO - 미실현 손익: -5,000원 (-1.62%), 최고 수익률: 0.16%
2026-06-10 11:54:54,667 - INFO - 매도 조건 충족: 평단가(309,500), 현재가(304,500) -> 목표가(312,000원) (보수적 상향 보정)
2026-06-10 11:54:54,668 - INFO - [SELL] 주문 요청: 005930, 1주, 312000원
2026-06-10 11:54:55,107 - INFO - 주문 성공! 주문번호: 0000022208
2026-06-10 11:54:55,154 - INFO - 60초 후 다음 확인을 진행합니다. (현재 상태: SELLING)
2026-06-10 11:55:58,345 - INFO - [005930] 현재가: 304500, 고가: 314500, 저가: 303000
2026-06-10 11:55:58,346 - WARNING - ⚠️ 주문 고착 감지: 가격 이탈 (현재가:304,500, 목표가:312,000, 차이:7,500). 주문 취소를 시도합니다.
2026-06-10 11:55:58,346 - INFO - [CANCEL] 주문 취소 요청: 005930, 주문번호: 0000022208
2026-06-10 11:56:01,656 - INFO - 주문 취소 성공! (원주문: 0000022208)
2026-06-10 11:56:01,703 - INFO - 상태 전환 완료: HOLDING
2026-06-10 11:56:09,475 - INFO - 계좌 예수금: 9583572원
2026-06-10 11:56:09,475 - INFO - [005930] 보유: 1주, 매도 가능: 1주, 평단가: 309,500원
2026-06-10 11:56:09,494 - INFO - 미실현 손익: -5,000원 (-1.62%), 최고 수익률: 0.16%
2026-06-10 11:56:09,516 - INFO - 매도 조건 충족: 평단가(309,500), 현재가(304,500) -> 목표가(312,000원) (보수적 상향 보정)
2026-06-10 11:56:09,517 - INFO - [SELL] 주문 요청: 005930, 1주, 312000원
2026-06-10 11:56:10,013 - INFO - 주문 성공! 주문번호: 0000022307
2026-06-10 11:56:10,059 - INFO - 60초 후 다음 확인을 진행합니다. (현재 상태: SELLING)
2026-06-10 11:57:11,456 - INFO - [005930] 현재가: 305000, 고가: 314500, 저가: 303000
2026-06-10 11:57:11,456 - WARNING - ⚠️ 주문 고착 감지: 가격 이탈 (현재가:305,000, 목표가:312,000, 차이:7,000). 주문 취소를 시도합니다.
2026-06-10 11:57:11,457 - INFO - [CANCEL] 주문 취소 요청: 005930, 주문번호: 0000022307
2026-06-10 11:57:11,718 - ERROR - POST 요청 실패 (VTTC0013U): 500 Server Error: Internal Server Error for url: https://openapivts.koreainvestment.com:29443/uapi/domestic-stock/v1/trading/order-rvsecncl
2026-06-10 11:57:11,719 - ERROR - 상세 에러: {"rt_cd":"1","msg1":"초당 거래건수를 초과하였습니다.","msg_cd":"EGW00201","message":"EGW00201"}
2026-06-10 11:57:11,722 - ERROR - 주문 취소 실패: 응답 없음
2026-06-10 11:57:11,723 - ERROR - 주문 취소 실패. 다음 루프에서 재시도합니다.
2026-06-10 11:57:13,969 - INFO - 계좌 예수금: 9583572원
2026-06-10 11:57:13,969 - INFO - [005930] 보유: 1주, 매도 가능: 0주, 평단가: 309,500원
2026-06-10 11:57:13,993 - INFO - 미실현 손익: -4,500원 (-1.45%), 최고 수익률: 0.16%
2026-06-10 11:57:14,021 - INFO - 보유 수량(1)에 대해 매도 주문(0000022307)이 진행 중입니다.
2026-06-10 11:57:14,021 - INFO - 60초 후 다음 확인을 진행합니다. (현재 상태: SELLING)
2026-06-10 11:58:14,253 - INFO - [005930] 현재가: 305000, 고가: 314500, 저가: 303000
2026-06-10 11:58:14,253 - WARNING - ⚠️ 주문 고착 감지: 가격 이탈 (현재가:305,000, 목표가:312,000, 차이:7,000). 주문 취소를 시도합니다.
2026-06-10 11:58:14,254 - INFO - [CANCEL] 주문 취소 요청: 005930, 주문번호: 0000022307
2026-06-10 11:58:14,630 - ERROR - POST 요청 실패 (VTTC0013U): 500 Server Error: Internal Server Error for url: https://openapivts.koreainvestment.com:29443/uapi/domestic-stock/v1/trading/order-rvsecncl
2026-06-10 11:58:14,631 - ERROR - 상세 에러: {"rt_cd":"1","msg1":"초당 거래건수를 초과하였습니다.","msg_cd":"EGW00201","message":"EGW00201"}
2026-06-10 11:58:14,634 - ERROR - 주문 취소 실패: 응답 없음
2026-06-10 11:58:14,635 - ERROR - 주문 취소 실패. 다음 루프에서 재시도합니다.
2026-06-10 11:58:16,741 - INFO - 계좌 예수금: 9583572원
2026-06-10 11:58:16,742 - INFO - [005930] 보유: 1주, 매도 가능: 0주, 평단가: 309,500원
2026-06-10 11:58:16,764 - INFO - 미실현 손익: -4,500원 (-1.45%), 최고 수익률: 0.16%
2026-06-10 11:58:16,790 - INFO - 보유 수량(1)에 대해 매도 주문(0000022307)이 진행 중입니다.
2026-06-10 11:58:16,791 - INFO - 60초 후 다음 확인을 진행합니다. (현재 상태: SELLING)
2026-06-10 11:59:17,129 - INFO - [005930] 현재가: 305000, 고가: 314500, 저가: 303000
2026-06-10 11:59:17,130 - WARNING - ⚠️ 주문 고착 감지: 가격 이탈 (현재가:305,000, 목표가:312,000, 차이:7,000). 주문 취소를 시도합니다.
2026-06-10 11:59:17,130 - INFO - [CANCEL] 주문 취소 요청: 005930, 주문번호: 0000022307
2026-06-10 11:59:18,960 - INFO - 주문 취소 성공! (원주문: 0000022307)
2026-06-10 11:59:19,005 - INFO - 상태 전환 완료: HOLDING
2026-06-10 11:59:25,232 - INFO - 계좌 예수금: 9583572원
2026-06-10 11:59:25,233 - INFO - [005930] 보유: 1주, 매도 가능: 1주, 평단가: 309,500원
2026-06-10 11:59:25,254 - INFO - 미실현 손익: -4,500원 (-1.45%), 최고 수익률: 0.16%
2026-06-10 11:59:25,281 - INFO - 매도 조건 충족: 평단가(309,500), 현재가(305,000) -> 목표가(312,000원) (보수적 상향 보정)
2026-06-10 11:59:25,281 - INFO - [SELL] 주문 요청: 005930, 1주, 312000원
2026-06-10 11:59:26,463 - INFO - 주문 성공! 주문번호: 0000022556
2026-06-10 11:59:26,509 - INFO - 60초 후 다음 확인을 진행합니다. (현재 상태: SELLING)
2026-06-10 12:00:29,544 - INFO - [005930] 현재가: 305000, 고가: 314500, 저가: 303000
2026-06-10 12:00:29,544 - WARNING - ⚠️ 주문 고착 감지: 가격 이탈 (현재가:305,000, 목표가:312,000, 차이:7,000). 주문 취소를 시도합니다.
2026-06-10 12:00:29,545 - INFO - [CANCEL] 주문 취소 요청: 005930, 주문번호: 0000022556
2026-06-10 12:00:33,302 - INFO - 주문 취소 성공! (원주문: 0000022556)
2026-06-10 12:00:33,349 - INFO - 상태 전환 완료: HOLDING
2026-06-10 12:00:42,112 - INFO - 계좌 예수금: 9583572원
2026-06-10 12:00:42,112 - INFO - [005930] 보유: 1주, 매도 가능: 1주, 평단가: 309,500원
2026-06-10 12:00:42,140 - INFO - 미실현 손익: -4,500원 (-1.45%), 최고 수익률: 0.16%
2026-06-10 12:00:42,174 - INFO - 매도 조건 충족: 평단가(309,500), 현재가(305,000) -> 목표가(312,000원) (보수적 상향 보정)
2026-06-10 12:00:42,174 - INFO - [SELL] 주문 요청: 005930, 1주, 312000원
2026-06-10 12:00:45,465 - INFO - 주문 성공! 주문번호: 0000022642
2026-06-10 12:00:45,515 - INFO - 60초 후 다음 확인을 진행합니다. (현재 상태: SELLING)
2026-06-10 12:01:48,293 - INFO - [005930] 현재가: 305500, 고가: 314500, 저가: 303000
2026-06-10 12:01:48,294 - WARNING - ⚠️ 주문 고착 감지: 가격 이탈 (현재가:305,500, 목표가:312,000, 차이:6,500). 주문 취소를 시도합니다.
2026-06-10 12:01:48,294 - INFO - [CANCEL] 주문 취소 요청: 005930, 주문번호: 0000022642
2026-06-10 12:01:51,163 - INFO - 주문 취소 성공! (원주문: 0000022642)
2026-06-10 12:01:51,213 - INFO - 상태 전환 완료: HOLDING
2026-06-10 12:01:58,638 - INFO - 계좌 예수금: 9583572원
2026-06-10 12:01:58,639 - INFO - [005930] 보유: 1주, 매도 가능: 1주, 평단가: 309,500원
2026-06-10 12:01:58,665 - INFO - 미실현 손익: -4,000원 (-1.29%), 최고 수익률: 0.16%
2026-06-10 12:01:58,695 - INFO - 매도 조건 충족: 평단가(309,500), 현재가(305,500) -> 목표가(312,000원) (보수적 상향 보정)
2026-06-10 12:01:58,696 - INFO - [SELL] 주문 요청: 005930, 1주, 312000원
2026-06-10 12:01:58,851 - INFO - 주문 성공! 주문번호: 0000022721
2026-06-10 12:01:58,897 - INFO - 60초 후 다음 확인을 진행합니다. (현재 상태: SELLING)
2026-06-10 12:03:00,446 - INFO - [005930] 현재가: 305750, 고가: 314500, 저가: 303000
2026-06-10 12:03:00,447 - WARNING - ⚠️ 주문 고착 감지: 가격 이탈 (현재가:305,750, 목표가:312,000, 차이:6,250). 주문 취소를 시도합니다.
2026-06-10 12:03:00,447 - INFO - [CANCEL] 주문 취소 요청: 005930, 주문번호: 0000022721
2026-06-10 12:03:01,839 - INFO - 주문 취소 성공! (원주문: 0000022721)
2026-06-10 12:03:01,887 - INFO - 상태 전환 완료: HOLDING
2026-06-10 12:03:07,781 - INFO - 계좌 예수금: 9583572원
2026-06-10 12:03:07,782 - INFO - [005930] 보유: 1주, 매도 가능: 1주, 평단가: 309,500원
2026-06-10 12:03:07,807 - INFO - 미실현 손익: -3,750원 (-1.21%), 최고 수익률: 0.16%
2026-06-10 12:03:07,839 - INFO - 매도 조건 충족: 평단가(309,500), 현재가(305,750) -> 목표가(312,000원) (보수적 상향 보정)
2026-06-10 12:03:07,839 - INFO - [SELL] 주문 요청: 005930, 1주, 312000원
2026-06-10 12:03:08,415 - INFO - 주문 성공! 주문번호: 0000022802
2026-06-10 12:03:08,484 - INFO - 자가 최적화 기록 완료: C:\Users\witpo\OneDrive\바탕 화면\YONSEI\26-1\ECO4126 인공지능과금융공학\open-trading-api\self_optimization_history
2026-06-10 12:03:08,511 - INFO - 60초 후 다음 확인을 진행합니다. (현재 상태: SELLING)
2026-06-10 12:04:10,955 - INFO - [005930] 현재가: 305500, 고가: 314500, 저가: 303000
2026-06-10 12:04:10,956 - WARNING - ⚠️ 주문 고착 감지: 가격 이탈 (현재가:305,500, 목표가:312,000, 차이:6,500). 주문 취소를 시도합니다.
2026-06-10 12:04:10,957 - INFO - [CANCEL] 주문 취소 요청: 005930, 주문번호: 0000022802
2026-06-10 12:04:11,106 - INFO - 주문 취소 성공! (원주문: 0000022802)
2026-06-10 12:04:11,153 - INFO - 상태 전환 완료: HOLDING
2026-06-10 12:04:18,843 - INFO - 계좌 예수금: 9583572원
2026-06-10 12:04:18,844 - INFO - [005930] 보유: 1주, 매도 가능: 1주, 평단가: 309,500원
2026-06-10 12:04:18,865 - INFO - 미실현 손익: -4,000원 (-1.29%), 최고 수익률: 0.16%
2026-06-10 12:04:18,892 - INFO - 매도 조건 충족: 평단가(309,500), 현재가(305,500) -> 목표가(311,500원) (보수적 상향 보정)
2026-06-10 12:04:18,893 - INFO - [SELL] 주문 요청: 005930, 1주, 311500원
2026-06-10 12:04:21,607 - INFO - 주문 성공! 주문번호: 0000022891
2026-06-10 12:04:21,658 - INFO - 60초 후 다음 확인을 진행합니다. (현재 상태: SELLING)
2026-06-10 12:05:23,620 - INFO - [005930] 현재가: 306500, 고가: 314500, 저가: 303000
2026-06-10 12:05:23,620 - WARNING - ⚠️ 주문 고착 감지: 가격 이탈 (현재가:306,500, 목표가:311,500, 차이:5,000). 주문 취소를 시도합니다.
2026-06-10 12:05:23,621 - INFO - [CANCEL] 주문 취소 요청: 005930, 주문번호: 0000022891
2026-06-10 12:05:25,677 - INFO - 주문 취소 성공! (원주문: 0000022891)
2026-06-10 12:05:25,757 - INFO - 상태 전환 완료: HOLDING
2026-06-10 12:05:32,215 - INFO - 계좌 예수금: 9583572원
2026-06-10 12:05:32,216 - INFO - [005930] 보유: 1주, 매도 가능: 1주, 평단가: 309,500원
2026-06-10 12:05:32,239 - INFO - 미실현 손익: -3,000원 (-0.97%), 최고 수익률: 0.16%
2026-06-10 12:05:32,268 - INFO - 매도 조건 충족: 평단가(309,500), 현재가(306,500) -> 목표가(311,500원) (보수적 상향 보정)
2026-06-10 12:05:32,268 - INFO - [SELL] 주문 요청: 005930, 1주, 311500원
2026-06-10 12:05:35,852 - INFO - 주문 성공! 주문번호: 0000022969
2026-06-10 12:05:35,901 - INFO - 60초 후 다음 확인을 진행합니다. (현재 상태: SELLING)
2026-06-10 12:06:36,295 - INFO - [005930] 현재가: 307250, 고가: 314500, 저가: 303000
2026-06-10 12:06:36,296 - WARNING - ⚠️ 주문 고착 감지: 가격 이탈 (현재가:307,250, 목표가:311,500, 차이:4,250). 주문 취소를 시도합니다.
2026-06-10 12:06:36,296 - INFO - [CANCEL] 주문 취소 요청: 005930, 주문번호: 0000022969
2026-06-10 12:06:38,018 - INFO - 주문 취소 성공! (원주문: 0000022969)
2026-06-10 12:06:38,067 - INFO - 상태 전환 완료: HOLDING
2026-06-10 12:06:44,760 - INFO - 계좌 예수금: 9583572원
2026-06-10 12:06:44,761 - INFO - [005930] 보유: 1주, 매도 가능: 1주, 평단가: 309,500원
2026-06-10 12:06:44,785 - INFO - 미실현 손익: -2,250원 (-0.73%), 최고 수익률: 0.16%
2026-06-10 12:06:44,822 - INFO - 매도 조건 충족: 평단가(309,500), 현재가(307,250) -> 목표가(311,500원) (보수적 상향 보정)
2026-06-10 12:06:44,823 - INFO - [SELL] 주문 요청: 005930, 1주, 311500원
2026-06-10 12:06:44,987 - INFO - 주문 성공! 주문번호: 0000023075
2026-06-10 12:06:45,050 - INFO - 60초 후 다음 확인을 진행합니다. (현재 상태: SELLING)
2026-06-10 12:07:46,800 - INFO - [005930] 현재가: 306500, 고가: 314500, 저가: 303000
2026-06-10 12:07:46,800 - WARNING - ⚠️ 주문 고착 감지: 가격 이탈 (현재가:306,500, 목표가:311,500, 차이:5,000). 주문 취소를 시도합니다.
2026-06-10 12:07:46,801 - INFO - [CANCEL] 주문 취소 요청: 005930, 주문번호: 0000023075
2026-06-10 12:07:49,067 - INFO - 주문 취소 성공! (원주문: 0000023075)
2026-06-10 12:07:49,089 - INFO - 상태 전환 완료: HOLDING
2026-06-10 12:07:54,189 - INFO - 계좌 예수금: 9583572원
2026-06-10 12:07:54,190 - INFO - [005930] 보유: 1주, 매도 가능: 1주, 평단가: 309,500원
2026-06-10 12:07:54,213 - INFO - 미실현 손익: -3,000원 (-0.97%), 최고 수익률: 0.16%
2026-06-10 12:07:54,218 - INFO - 매도 조건 충족: 평단가(309,500), 현재가(306,500) -> 목표가(311,500원) (보수적 상향 보정)
2026-06-10 12:07:54,219 - INFO - [SELL] 주문 요청: 005930, 1주, 311500원
2026-06-10 12:07:54,369 - INFO - 주문 성공! 주문번호: 0000023162
2026-06-10 12:07:54,400 - INFO - 60초 후 다음 확인을 진행합니다. (현재 상태: SELLING)
2026-06-10 12:08:54,576 - INFO - [005930] 현재가: 306500, 고가: 314500, 저가: 303000
2026-06-10 12:08:54,577 - WARNING - ⚠️ 주문 고착 감지: 가격 이탈 (현재가:306,500, 목표가:311,500, 차이:5,000). 주문 취소를 시도합니다.
2026-06-10 12:08:54,577 - INFO - [CANCEL] 주문 취소 요청: 005930, 주문번호: 0000023162
2026-06-10 12:08:55,089 - INFO - 주문 취소 성공! (원주문: 0000023162)
2026-06-10 12:08:55,140 - INFO - 상태 전환 완료: HOLDING
2026-06-10 12:09:00,669 - INFO - 계좌 예수금: 9583572원
2026-06-10 12:09:00,670 - INFO - [005930] 보유: 1주, 매도 가능: 1주, 평단가: 309,500원
2026-06-10 12:09:00,693 - INFO - 미실현 손익: -3,000원 (-0.97%), 최고 수익률: 0.16%
2026-06-10 12:09:00,719 - INFO - 매도 조건 충족: 평단가(309,500), 현재가(306,500) -> 목표가(311,500원) (보수적 상향 보정)
2026-06-10 12:09:00,720 - INFO - [SELL] 주문 요청: 005930, 1주, 311500원
2026-06-10 12:09:01,138 - INFO - 주문 성공! 주문번호: 0000023246
2026-06-10 12:09:01,191 - INFO - 60초 후 다음 확인을 진행합니다. (현재 상태: SELLING)
2026-06-10 12:10:02,094 - INFO - [005930] 현재가: 307000, 고가: 314500, 저가: 303000
2026-06-10 12:10:02,095 - WARNING - ⚠️ 주문 고착 감지: 가격 이탈 (현재가:307,000, 목표가:311,500, 차이:4,500). 주문 취소를 시도합니다.
2026-06-10 12:10:02,095 - INFO - [CANCEL] 주문 취소 요청: 005930, 주문번호: 0000023246
2026-06-10 12:10:05,274 - INFO - 주문 취소 성공! (원주문: 0000023246)
2026-06-10 12:10:05,322 - INFO - 상태 전환 완료: HOLDING
2026-06-10 12:10:12,334 - INFO - 계좌 예수금: 9583572원
2026-06-10 12:10:12,335 - INFO - [005930] 보유: 1주, 매도 가능: 1주, 평단가: 309,500원
2026-06-10 12:10:12,358 - INFO - 미실현 손익: -2,500원 (-0.81%), 최고 수익률: 0.16%
2026-06-10 12:10:12,385 - INFO - 매도 조건 충족: 평단가(309,500), 현재가(307,000) -> 목표가(311,500원) (보수적 상향 보정)
2026-06-10 12:10:12,385 - INFO - [SELL] 주문 요청: 005930, 1주, 311500원
2026-06-10 12:10:14,587 - INFO - 주문 성공! 주문번호: 0000023351
2026-06-10 12:10:14,639 - INFO - 60초 후 다음 확인을 진행합니다. (현재 상태: SELLING)
2026-06-10 12:11:16,959 - INFO - [005930] 현재가: 306750, 고가: 314500, 저가: 303000
2026-06-10 12:11:16,961 - WARNING - ⚠️ 주문 고착 감지: 가격 이탈 (현재가:306,750, 목표가:311,500, 차이:4,750). 주문 취소를 시도합니다.
2026-06-10 12:11:16,962 - INFO - [CANCEL] 주문 취소 요청: 005930, 주문번호: 0000023351
2026-06-10 12:11:19,421 - INFO - 주문 취소 성공! (원주문: 0000023351)
2026-06-10 12:11:19,481 - INFO - 상태 전환 완료: HOLDING
2026-06-10 12:11:26,780 - INFO - 계좌 예수금: 9583572원
2026-06-10 12:11:26,781 - INFO - [005930] 보유: 1주, 매도 가능: 1주, 평단가: 309,500원
2026-06-10 12:11:26,805 - INFO - 미실현 손익: -2,750원 (-0.89%), 최고 수익률: 0.16%
2026-06-10 12:11:26,834 - INFO - 매도 조건 충족: 평단가(309,500), 현재가(306,750) -> 목표가(311,500원) (보수적 상향 보정)
2026-06-10 12:11:26,835 - INFO - [SELL] 주문 요청: 005930, 1주, 311500원
2026-06-10 12:11:28,734 - INFO - 주문 성공! 주문번호: 0000023411
2026-06-10 12:11:28,789 - INFO - 60초 후 다음 확인을 진행합니다. (현재 상태: SELLING)
2026-06-10 12:12:30,704 - INFO - [005930] 현재가: 306500, 고가: 314500, 저가: 303000
2026-06-10 12:12:30,704 - WARNING - ⚠️ 주문 고착 감지: 가격 이탈 (현재가:306,500, 목표가:311,500, 차이:5,000). 주문 취소를 시도합니다.
2026-06-10 12:12:30,705 - INFO - [CANCEL] 주문 취소 요청: 005930, 주문번호: 0000023411
2026-06-10 12:12:32,434 - INFO - 주문 취소 성공! (원주문: 0000023411)
2026-06-10 12:12:32,481 - INFO - 상태 전환 완료: HOLDING
2026-06-10 12:12:39,493 - INFO - 계좌 예수금: 9583572원
2026-06-10 12:12:39,493 - INFO - [005930] 보유: 1주, 매도 가능: 1주, 평단가: 309,500원
2026-06-10 12:12:39,520 - INFO - 미실현 손익: -3,000원 (-0.97%), 최고 수익률: 0.16%
2026-06-10 12:12:39,550 - INFO - 매도 조건 충족: 평단가(309,500), 현재가(306,500) -> 목표가(311,500원) (보수적 상향 보정)
2026-06-10 12:12:39,551 - INFO - [SELL] 주문 요청: 005930, 1주, 311500원
2026-06-10 12:12:39,680 - INFO - 주문 성공! 주문번호: 0000023498
2026-06-10 12:12:39,727 - INFO - 60초 후 다음 확인을 진행합니다. (현재 상태: SELLING)
2026-06-10 12:13:39,848 - INFO - [005930] 현재가: 306750, 고가: 314500, 저가: 303000
2026-06-10 12:13:39,848 - WARNING - ⚠️ 주문 고착 감지: 가격 이탈 (현재가:306,750, 목표가:311,500, 차이:4,750). 주문 취소를 시도합니다.
2026-06-10 12:13:39,848 - INFO - [CANCEL] 주문 취소 요청: 005930, 주문번호: 0000023498
2026-06-10 12:13:40,375 - INFO - 주문 취소 성공! (원주문: 0000023498)
2026-06-10 12:13:40,432 - INFO - 상태 전환 완료: HOLDING
2026-06-10 12:13:47,499 - INFO - 계좌 예수금: 9583572원
2026-06-10 12:13:47,500 - INFO - [005930] 보유: 1주, 매도 가능: 1주, 평단가: 309,500원
2026-06-10 12:13:47,525 - INFO - 미실현 손익: -2,750원 (-0.89%), 최고 수익률: 0.16%
2026-06-10 12:13:47,555 - INFO - 매도 조건 충족: 평단가(309,500), 현재가(306,750) -> 목표가(311,500원) (보수적 상향 보정)
2026-06-10 12:13:47,555 - INFO - [SELL] 주문 요청: 005930, 1주, 311500원
2026-06-10 12:13:47,693 - INFO - 주문 성공! 주문번호: 0000023553
2026-06-10 12:13:47,744 - INFO - 60초 후 다음 확인을 진행합니다. (현재 상태: SELLING)
2026-06-10 12:14:48,074 - INFO - [005930] 현재가: 307000, 고가: 314500, 저가: 303000
2026-06-10 12:14:48,075 - WARNING - ⚠️ 주문 고착 감지: 가격 이탈 (현재가:307,000, 목표가:311,500, 차이:4,500). 주문 취소를 시도합니다.
2026-06-10 12:14:48,075 - INFO - [CANCEL] 주문 취소 요청: 005930, 주문번호: 0000023553
2026-06-10 12:14:48,413 - ERROR - POST 요청 실패 (VTTC0013U): 500 Server Error: Internal Server Error for url: https://openapivts.koreainvestment.com:29443/uapi/domestic-stock/v1/trading/order-rvsecncl
2026-06-10 12:14:48,414 - ERROR - 상세 에러: {"rt_cd":"1","msg1":"초당 거래건수를 초과하였습니다.","msg_cd":"EGW00201","message":"EGW00201"}
2026-06-10 12:14:48,417 - ERROR - 주문 취소 실패: 응답 없음
2026-06-10 12:14:48,417 - ERROR - 주문 취소 실패. 다음 루프에서 재시도합니다.
2026-06-10 12:14:53,234 - INFO - 계좌 예수금: 9583572원
2026-06-10 12:14:53,235 - INFO - [005930] 보유: 1주, 매도 가능: 0주, 평단가: 309,500원
2026-06-10 12:14:53,260 - INFO - 미실현 손익: -2,500원 (-0.81%), 최고 수익률: 0.16%
2026-06-10 12:14:53,293 - INFO - 보유 수량(1)에 대해 매도 주문(0000023553)이 진행 중입니다.
2026-06-10 12:14:53,293 - INFO - 60초 후 다음 확인을 진행합니다. (현재 상태: SELLING)
2026-06-10 12:15:53,407 - INFO - [005930] 현재가: 307000, 고가: 314500, 저가: 303000
2026-06-10 12:15:53,408 - WARNING - ⚠️ 주문 고착 감지: 가격 이탈 (현재가:307,000, 목표가:311,500, 차이:4,500). 주문 취소를 시도합니다.
2026-06-10 12:15:53,409 - INFO - [CANCEL] 주문 취소 요청: 005930, 주문번호: 0000023553
2026-06-10 12:15:53,947 - INFO - 주문 취소 성공! (원주문: 0000023553)
2026-06-10 12:15:53,994 - INFO - 상태 전환 완료: HOLDING
2026-06-10 12:16:02,238 - INFO - 계좌 예수금: 9583572원
2026-06-10 12:16:02,239 - INFO - [005930] 보유: 1주, 매도 가능: 1주, 평단가: 309,500원
2026-06-10 12:16:02,265 - INFO - 미실현 손익: -2,500원 (-0.81%), 최고 수익률: 0.16%
2026-06-10 12:16:02,297 - INFO - 매도 조건 충족: 평단가(309,500), 현재가(307,000) -> 목표가(311,500원) (보수적 상향 보정)
2026-06-10 12:16:02,298 - INFO - [SELL] 주문 요청: 005930, 1주, 311500원
2026-06-10 12:16:06,351 - INFO - 주문 성공! 주문번호: 0000023713
2026-06-10 12:16:06,404 - INFO - 60초 후 다음 확인을 진행합니다. (현재 상태: SELLING)
2026-06-10 12:17:09,946 - INFO - [005930] 현재가: 308000, 고가: 314500, 저가: 303000
2026-06-10 12:17:09,947 - WARNING - ⚠️ 주문 고착 감지: 가격 이탈 (현재가:308,000, 목표가:311,500, 차이:3,500). 주문 취소를 시도합니다.
2026-06-10 12:17:09,947 - INFO - [CANCEL] 주문 취소 요청: 005930, 주문번호: 0000023713
2026-06-10 12:17:14,195 - INFO - 주문 취소 성공! (원주문: 0000023713)
2026-06-10 12:17:14,259 - INFO - 상태 전환 완료: HOLDING
2026-06-10 12:17:17,290 - INFO - 계좌 예수금: 9583572원
2026-06-10 12:17:17,291 - INFO - [005930] 보유: 1주, 매도 가능: 1주, 평단가: 309,500원
2026-06-10 12:17:17,322 - INFO - 미실현 손익: -1,500원 (-0.48%), 최고 수익률: 0.16%
2026-06-10 12:17:17,348 - INFO - 매도 조건 충족: 평단가(309,500), 현재가(308,000) -> 목표가(311,500원) (보수적 상향 보정)
2026-06-10 12:17:17,349 - INFO - [SELL] 주문 요청: 005930, 1주, 311500원
2026-06-10 12:17:20,809 - INFO - 주문 성공! 주문번호: 0000023827
2026-06-10 12:17:20,859 - INFO - 60초 후 다음 확인을 진행합니다. (현재 상태: SELLING)
2026-06-10 12:18:20,972 - INFO - [005930] 현재가: 307500, 고가: 314500, 저가: 303000
2026-06-10 12:18:20,972 - WARNING - ⚠️ 주문 고착 감지: 가격 이탈 (현재가:307,500, 목표가:311,500, 차이:4,000). 주문 취소를 시도합니다.
2026-06-10 12:18:20,973 - INFO - [CANCEL] 주문 취소 요청: 005930, 주문번호: 0000023827
2026-06-10 12:18:21,459 - ERROR - POST 요청 실패 (VTTC0013U): 500 Server Error: Internal Server Error for url: https://openapivts.koreainvestment.com:29443/uapi/domestic-stock/v1/trading/order-rvsecncl
2026-06-10 12:18:21,459 - ERROR - 상세 에러: {"rt_cd":"1","msg1":"초당 거래건수를 초과하였습니다.","msg_cd":"EGW00201","message":"EGW00201"}
2026-06-10 12:18:21,461 - ERROR - 주문 취소 실패: 응답 없음
2026-06-10 12:18:21,462 - ERROR - 주문 취소 실패. 다음 루프에서 재시도합니다.
2026-06-10 12:18:25,431 - INFO - 계좌 예수금: 9583572원
2026-06-10 12:18:25,432 - INFO - [005930] 보유: 1주, 매도 가능: 0주, 평단가: 309,500원
2026-06-10 12:18:25,454 - INFO - 미실현 손익: -2,000원 (-0.65%), 최고 수익률: 0.16%
2026-06-10 12:18:25,478 - INFO - 보유 수량(1)에 대해 매도 주문(0000023827)이 진행 중입니다.
2026-06-10 12:18:25,478 - INFO - 60초 후 다음 확인을 진행합니다. (현재 상태: SELLING)
2026-06-10 12:19:27,323 - INFO - [005930] 현재가: 307500, 고가: 314500, 저가: 303000
2026-06-10 12:19:27,323 - WARNING - ⚠️ 주문 고착 감지: 가격 이탈 (현재가:307,500, 목표가:311,500, 차이:4,000). 주문 취소를 시도합니다.
2026-06-10 12:19:27,323 - INFO - [CANCEL] 주문 취소 요청: 005930, 주문번호: 0000023827
2026-06-10 12:19:29,729 - INFO - 주문 취소 성공! (원주문: 0000023827)
2026-06-10 12:19:29,781 - INFO - 상태 전환 완료: HOLDING
2026-06-10 12:19:33,211 - INFO - 계좌 예수금: 9583572원
2026-06-10 12:19:33,211 - INFO - [005930] 보유: 1주, 매도 가능: 1주, 평단가: 309,500원
2026-06-10 12:19:33,239 - INFO - 미실현 손익: -2,000원 (-0.65%), 최고 수익률: 0.16%
2026-06-10 12:19:33,314 - INFO - 매도 조건 충족: 평단가(309,500), 현재가(307,500) -> 목표가(311,500원) (보수적 상향 보정)
2026-06-10 12:19:33,315 - INFO - [SELL] 주문 요청: 005930, 1주, 311500원
2026-06-10 12:19:35,402 - INFO - 주문 성공! 주문번호: 0000024020
2026-06-10 12:19:35,453 - INFO - 60초 후 다음 확인을 진행합니다. (현재 상태: SELLING)
2026-06-10 12:20:39,409 - INFO - [005930] 현재가: 306500, 고가: 314500, 저가: 303000
2026-06-10 12:20:39,409 - WARNING - ⚠️ 주문 고착 감지: 가격 이탈 (현재가:306,500, 목표가:311,500, 차이:5,000). 주문 취소를 시도합니다.
2026-06-10 12:20:39,410 - INFO - [CANCEL] 주문 취소 요청: 005930, 주문번호: 0000024020
2026-06-10 12:20:39,568 - INFO - 주문 취소 성공! (원주문: 0000024020)
2026-06-10 12:20:39,635 - INFO - 상태 전환 완료: HOLDING
2026-06-10 12:20:45,206 - INFO - 계좌 예수금: 9583572원
2026-06-10 12:20:45,207 - INFO - [005930] 보유: 1주, 매도 가능: 1주, 평단가: 309,500원
2026-06-10 12:20:45,244 - INFO - 미실현 손익: -3,000원 (-0.97%), 최고 수익률: 0.16%
2026-06-10 12:20:45,278 - INFO - 매도 조건 충족: 평단가(309,500), 현재가(306,500) -> 목표가(311,500원) (보수적 상향 보정)
2026-06-10 12:20:45,279 - INFO - [SELL] 주문 요청: 005930, 1주, 311500원
2026-06-10 12:20:47,864 - INFO - 주문 성공! 주문번호: 0000024100
2026-06-10 12:20:47,916 - INFO - 60초 후 다음 확인을 진행합니다. (현재 상태: SELLING)
2026-06-10 12:21:48,065 - INFO - [005930] 현재가: 306500, 고가: 314500, 저가: 303000
2026-06-10 12:21:48,065 - WARNING - ⚠️ 주문 고착 감지: 가격 이탈 (현재가:306,500, 목표가:311,500, 차이:5,000). 주문 취소를 시도합니다.
2026-06-10 12:21:48,066 - INFO - [CANCEL] 주문 취소 요청: 005930, 주문번호: 0000024100
2026-06-10 12:21:50,537 - INFO - 주문 취소 성공! (원주문: 0000024100)
2026-06-10 12:21:50,590 - INFO - 상태 전환 완료: HOLDING
2026-06-10 12:21:57,603 - INFO - 계좌 예수금: 9583572원
2026-06-10 12:21:57,604 - INFO - [005930] 보유: 1주, 매도 가능: 1주, 평단가: 309,500원
2026-06-10 12:21:57,630 - INFO - 미실현 손익: -3,000원 (-0.97%), 최고 수익률: 0.16%
2026-06-10 12:21:57,662 - INFO - 매도 조건 충족: 평단가(309,500), 현재가(306,500) -> 목표가(311,500원) (보수적 상향 보정)
2026-06-10 12:21:57,663 - INFO - [SELL] 주문 요청: 005930, 1주, 311500원
2026-06-10 12:21:57,843 - INFO - 주문 성공! 주문번호: 0000024172
2026-06-10 12:21:57,889 - INFO - 60초 후 다음 확인을 진행합니다. (현재 상태: SELLING)
2026-06-10 12:22:58,014 - INFO - [005930] 현재가: 307000, 고가: 314500, 저가: 303000
2026-06-10 12:22:58,015 - WARNING - ⚠️ 주문 고착 감지: 가격 이탈 (현재가:307,000, 목표가:311,500, 차이:4,500). 주문 취소를 시도합니다.
2026-06-10 12:22:58,015 - INFO - [CANCEL] 주문 취소 요청: 005930, 주문번호: 0000024172
2026-06-10 12:22:58,494 - ERROR - POST 요청 실패 (VTTC0013U): 500 Server Error: Internal Server Error for url: https://openapivts.koreainvestment.com:29443/uapi/domestic-stock/v1/trading/order-rvsecncl
2026-06-10 12:22:58,495 - ERROR - 상세 에러: {"rt_cd":"1","msg1":"초당 거래건수를 초과하였습니다.","msg_cd":"EGW00201","message":"EGW00201"}
2026-06-10 12:22:58,499 - ERROR - 주문 취소 실패: 응답 없음
2026-06-10 12:22:58,500 - ERROR - 주문 취소 실패. 다음 루프에서 재시도합니다.
2026-06-10 12:23:05,402 - INFO - 계좌 예수금: 9583572원
2026-06-10 12:23:05,402 - INFO - [005930] 보유: 1주, 매도 가능: 0주, 평단가: 309,500원
2026-06-10 12:23:05,428 - INFO - 미실현 손익: -2,500원 (-0.81%), 최고 수익률: 0.16%
2026-06-10 12:23:05,461 - INFO - 보유 수량(1)에 대해 매도 주문(0000024172)이 진행 중입니다.
2026-06-10 12:23:05,462 - INFO - 60초 후 다음 확인을 진행합니다. (현재 상태: SELLING)
2026-06-10 12:24:07,872 - INFO - [005930] 현재가: 306750, 고가: 314500, 저가: 303000
2026-06-10 12:24:07,873 - WARNING - ⚠️ 주문 고착 감지: 가격 이탈 (현재가:306,750, 목표가:311,500, 차이:4,750). 주문 취소를 시도합니다.
2026-06-10 12:24:07,873 - INFO - [CANCEL] 주문 취소 요청: 005930, 주문번호: 0000024172
2026-06-10 12:24:10,350 - INFO - 주문 취소 성공! (원주문: 0000024172)
2026-06-10 12:24:10,397 - INFO - 상태 전환 완료: HOLDING
2026-06-10 12:24:17,693 - INFO - 계좌 예수금: 9583572원
2026-06-10 12:24:17,693 - INFO - [005930] 보유: 1주, 매도 가능: 1주, 평단가: 309,500원
2026-06-10 12:24:17,717 - INFO - 미실현 손익: -2,750원 (-0.89%), 최고 수익률: 0.16%
2026-06-10 12:24:17,767 - INFO - 자가 최적화 기록 완료: C:\Users\witpo\OneDrive\바탕 화면\YONSEI\26-1\ECO4126 인공지능과금융공학\open-trading-api\self_optimization_history
2026-06-10 12:24:17,768 - INFO - 매도 조건 충족: 평단가(309,500), 현재가(306,750) -> 목표가(311,500원) (보수적 상향 보정)
2026-06-10 12:24:17,769 - INFO - [SELL] 주문 요청: 005930, 1주, 311500원
2026-06-10 12:24:17,987 - INFO - 주문 성공! 주문번호: 0000024329
2026-06-10 12:24:18,056 - INFO - 60초 후 다음 확인을 진행합니다. (현재 상태: SELLING)
2026-06-10 12:25:19,139 - INFO - [005930] 현재가: 307000, 고가: 314500, 저가: 303000
2026-06-10 12:25:19,139 - WARNING - ⚠️ 주문 고착 감지: 가격 이탈 (현재가:307,000, 목표가:311,500, 차이:4,500). 주문 취소를 시도합니다.
2026-06-10 12:25:19,140 - INFO - [CANCEL] 주문 취소 요청: 005930, 주문번호: 0000024329
2026-06-10 12:25:20,469 - INFO - 주문 취소 성공! (원주문: 0000024329)
2026-06-10 12:25:20,519 - INFO - 상태 전환 완료: HOLDING
2026-06-10 12:25:27,097 - INFO - 계좌 예수금: 9583572원
2026-06-10 12:25:27,097 - INFO - [005930] 보유: 1주, 매도 가능: 1주, 평단가: 309,500원
2026-06-10 12:25:27,124 - INFO - 미실현 손익: -2,500원 (-0.81%), 최고 수익률: 0.16%
2026-06-10 12:25:27,155 - INFO - 매도 조건 충족: 평단가(309,500), 현재가(307,000) -> 목표가(312,000원) (보수적 상향 보정)
2026-06-10 12:25:27,156 - INFO - [SELL] 주문 요청: 005930, 1주, 312000원
2026-06-10 12:25:28,266 - INFO - 주문 성공! 주문번호: 0000024407
2026-06-10 12:25:28,319 - INFO - 60초 후 다음 확인을 진행합니다. (현재 상태: SELLING)
2026-06-10 12:26:28,429 - INFO - [005930] 현재가: 306000, 고가: 314500, 저가: 303000
2026-06-10 12:26:28,429 - WARNING - ⚠️ 주문 고착 감지: 가격 이탈 (현재가:306,000, 목표가:312,000, 차이:6,000). 주문 취소를 시도합니다.
2026-06-10 12:26:28,430 - INFO - [CANCEL] 주문 취소 요청: 005930, 주문번호: 0000024407
2026-06-10 12:26:29,607 - INFO - 주문 취소 성공! (원주문: 0000024407)
2026-06-10 12:26:29,648 - INFO - 상태 전환 완료: HOLDING
2026-06-10 12:26:34,147 - INFO - 계좌 예수금: 9583572원
2026-06-10 12:26:34,148 - INFO - [005930] 보유: 1주, 매도 가능: 1주, 평단가: 309,500원
2026-06-10 12:26:34,174 - INFO - 미실현 손익: -3,500원 (-1.13%), 최고 수익률: 0.16%
2026-06-10 12:26:34,205 - INFO - 매도 조건 충족: 평단가(309,500), 현재가(306,000) -> 목표가(312,000원) (보수적 상향 보정)
2026-06-10 12:26:34,205 - INFO - [SELL] 주문 요청: 005930, 1주, 312000원
2026-06-10 12:26:35,373 - INFO - 주문 성공! 주문번호: 0000024497
2026-06-10 12:26:35,424 - INFO - 60초 후 다음 확인을 진행합니다. (현재 상태: SELLING)
2026-06-10 12:27:36,066 - INFO - [005930] 현재가: 305750, 고가: 314500, 저가: 303000
2026-06-10 12:27:36,066 - WARNING - ⚠️ 주문 고착 감지: 가격 이탈 (현재가:305,750, 목표가:312,000, 차이:6,250). 주문 취소를 시도합니다.
2026-06-10 12:27:36,067 - INFO - [CANCEL] 주문 취소 요청: 005930, 주문번호: 0000024497
2026-06-10 12:27:36,668 - ERROR - POST 요청 실패 (VTTC0013U): 500 Server Error: Internal Server Error for url: https://openapivts.koreainvestment.com:29443/uapi/domestic-stock/v1/trading/order-rvsecncl
2026-06-10 12:27:36,668 - ERROR - 상세 에러: {"rt_cd":"1","msg1":"초당 거래건수를 초과하였습니다.","msg_cd":"EGW00201","message":"EGW00201"}
2026-06-10 12:27:36,675 - ERROR - 주문 취소 실패: 응답 없음
2026-06-10 12:27:36,676 - ERROR - 주문 취소 실패. 다음 루프에서 재시도합니다.
2026-06-10 12:27:42,200 - INFO - 계좌 예수금: 9583572원
2026-06-10 12:27:42,201 - INFO - [005930] 보유: 1주, 매도 가능: 0주, 평단가: 309,500원
2026-06-10 12:27:42,226 - INFO - 미실현 손익: -3,750원 (-1.21%), 최고 수익률: 0.16%
2026-06-10 12:27:42,261 - INFO - 보유 수량(1)에 대해 매도 주문(0000024497)이 진행 중입니다.
2026-06-10 12:27:42,262 - INFO - 60초 후 다음 확인을 진행합니다. (현재 상태: SELLING)
2026-06-10 12:28:42,377 - INFO - [005930] 현재가: 305500, 고가: 314500, 저가: 303000
2026-06-10 12:28:42,377 - WARNING - ⚠️ 주문 고착 감지: 가격 이탈 (현재가:305,500, 목표가:312,000, 차이:6,500). 주문 취소를 시도합니다.
2026-06-10 12:28:42,378 - INFO - [CANCEL] 주문 취소 요청: 005930, 주문번호: 0000024497
2026-06-10 12:28:43,845 - INFO - 주문 취소 성공! (원주문: 0000024497)
2026-06-10 12:28:43,897 - INFO - 상태 전환 완료: HOLDING
2026-06-10 12:28:49,478 - INFO - 계좌 예수금: 9583572원
2026-06-10 12:28:49,479 - INFO - [005930] 보유: 1주, 매도 가능: 1주, 평단가: 309,500원
2026-06-10 12:28:49,502 - INFO - 미실현 손익: -4,000원 (-1.29%), 최고 수익률: 0.16%
2026-06-10 12:28:49,527 - INFO - 매도 조건 충족: 평단가(309,500), 현재가(305,500) -> 목표가(312,000원) (보수적 상향 보정)
2026-06-10 12:28:49,528 - INFO - [SELL] 주문 요청: 005930, 1주, 312000원
2026-06-10 12:28:49,763 - INFO - 주문 성공! 주문번호: 0000024666
2026-06-10 12:28:49,814 - INFO - 60초 후 다음 확인을 진행합니다. (현재 상태: SELLING)
2026-06-10 12:29:50,409 - INFO - [005930] 현재가: 306000, 고가: 314500, 저가: 303000
2026-06-10 12:29:50,409 - WARNING - ⚠️ 주문 고착 감지: 가격 이탈 (현재가:306,000, 목표가:312,000, 차이:6,000). 주문 취소를 시도합니다.
2026-06-10 12:29:50,410 - INFO - [CANCEL] 주문 취소 요청: 005930, 주문번호: 0000024666
2026-06-10 12:29:51,025 - ERROR - POST 요청 실패 (VTTC0013U): 500 Server Error: Internal Server Error for url: https://openapivts.koreainvestment.com:29443/uapi/domestic-stock/v1/trading/order-rvsecncl
2026-06-10 12:29:51,025 - ERROR - 상세 에러: {"rt_cd":"1","msg1":"초당 거래건수를 초과하였습니다.","msg_cd":"EGW00201","message":"EGW00201"}
2026-06-10 12:29:51,029 - ERROR - 주문 취소 실패: 응답 없음
2026-06-10 12:29:51,030 - ERROR - 주문 취소 실패. 다음 루프에서 재시도합니다.
2026-06-10 12:29:56,862 - INFO - 계좌 예수금: 9583572원
2026-06-10 12:29:56,862 - INFO - [005930] 보유: 1주, 매도 가능: 0주, 평단가: 309,500원
2026-06-10 12:29:56,887 - INFO - 미실현 손익: -3,500원 (-1.13%), 최고 수익률: 0.16%
2026-06-10 12:29:56,914 - INFO - 보유 수량(1)에 대해 매도 주문(0000024666)이 진행 중입니다.
2026-06-10 12:29:56,914 - INFO - 60초 후 다음 확인을 진행합니다. (현재 상태: SELLING)
2026-06-10 12:30:59,179 - INFO - [005930] 현재가: 305500, 고가: 314500, 저가: 303000
2026-06-10 12:30:59,180 - WARNING - ⚠️ 주문 고착 감지: 가격 이탈 (현재가:305,500, 목표가:312,000, 차이:6,500). 주문 취소를 시도합니다.
2026-06-10 12:30:59,180 - INFO - [CANCEL] 주문 취소 요청: 005930, 주문번호: 0000024666
2026-06-10 12:30:59,949 - INFO - 주문 취소 성공! (원주문: 0000024666)
2026-06-10 12:31:00,010 - INFO - 상태 전환 완료: HOLDING
2026-06-10 12:31:07,077 - INFO - 계좌 예수금: 9583572원
2026-06-10 12:31:07,077 - INFO - [005930] 보유: 1주, 매도 가능: 1주, 평단가: 309,500원
2026-06-10 12:31:07,101 - INFO - 미실현 손익: -4,000원 (-1.29%), 최고 수익률: 0.16%
2026-06-10 12:31:07,122 - INFO - 매도 조건 충족: 평단가(309,500), 현재가(305,500) -> 목표가(312,000원) (보수적 상향 보정)
2026-06-10 12:31:07,122 - INFO - [SELL] 주문 요청: 005930, 1주, 312000원
2026-06-10 12:31:10,346 - INFO - 주문 성공! 주문번호: 0000024897
2026-06-10 12:31:10,397 - INFO - 60초 후 다음 확인을 진행합니다. (현재 상태: SELLING)
2026-06-10 12:32:12,067 - INFO - [005930] 현재가: 305500, 고가: 314500, 저가: 303000
2026-06-10 12:32:12,067 - WARNING - ⚠️ 주문 고착 감지: 가격 이탈 (현재가:305,500, 목표가:312,000, 차이:6,500). 주문 취소를 시도합니다.
2026-06-10 12:32:12,068 - INFO - [CANCEL] 주문 취소 요청: 005930, 주문번호: 0000024897
2026-06-10 12:32:14,293 - INFO - 주문 취소 성공! (원주문: 0000024897)
2026-06-10 12:32:14,339 - INFO - 상태 전환 완료: HOLDING
2026-06-10 12:32:20,342 - INFO - 계좌 예수금: 9583572원
2026-06-10 12:32:20,342 - INFO - [005930] 보유: 1주, 매도 가능: 1주, 평단가: 309,500원
2026-06-10 12:32:20,366 - INFO - 미실현 손익: -4,000원 (-1.29%), 최고 수익률: 0.16%
2026-06-10 12:32:20,389 - INFO - 매도 조건 충족: 평단가(309,500), 현재가(305,500) -> 목표가(312,000원) (보수적 상향 보정)
2026-06-10 12:32:20,389 - INFO - [SELL] 주문 요청: 005930, 1주, 312000원
2026-06-10 12:32:21,052 - INFO - 주문 성공! 주문번호: 0000025005
2026-06-10 12:32:21,104 - INFO - 60초 후 다음 확인을 진행합니다. (현재 상태: SELLING)
2026-06-10 12:33:21,676 - INFO - [005930] 현재가: 305500, 고가: 314500, 저가: 303000
2026-06-10 12:33:21,676 - WARNING - ⚠️ 주문 고착 감지: 가격 이탈 (현재가:305,500, 목표가:312,000, 차이:6,500). 주문 취소를 시도합니다.
2026-06-10 12:33:21,677 - INFO - [CANCEL] 주문 취소 요청: 005930, 주문번호: 0000025005
2026-06-10 12:33:21,808 - ERROR - POST 요청 실패 (VTTC0013U): 500 Server Error: Internal Server Error for url: https://openapivts.koreainvestment.com:29443/uapi/domestic-stock/v1/trading/order-rvsecncl
2026-06-10 12:33:21,808 - ERROR - 상세 에러: {"rt_cd":"1","msg1":"초당 거래건수를 초과하였습니다.","msg_cd":"EGW00201","message":"EGW00201"}
2026-06-10 12:33:21,812 - ERROR - 주문 취소 실패: 응답 없음
2026-06-10 12:33:21,812 - ERROR - 주문 취소 실패. 다음 루프에서 재시도합니다.
2026-06-10 12:33:24,134 - INFO - 계좌 예수금: 9583572원
2026-06-10 12:33:24,134 - INFO - [005930] 보유: 1주, 매도 가능: 0주, 평단가: 309,500원
2026-06-10 12:33:24,160 - INFO - 미실현 손익: -4,000원 (-1.29%), 최고 수익률: 0.16%
2026-06-10 12:33:24,184 - INFO - 보유 수량(1)에 대해 매도 주문(0000025005)이 진행 중입니다.
2026-06-10 12:33:24,184 - INFO - 60초 후 다음 확인을 진행합니다. (현재 상태: SELLING)
2026-06-10 12:34:24,342 - INFO - [005930] 현재가: 305250, 고가: 314500, 저가: 303000
2026-06-10 12:34:24,343 - WARNING - ⚠️ 주문 고착 감지: 가격 이탈 (현재가:305,250, 목표가:312,000, 차이:6,750). 주문 취소를 시도합니다.
2026-06-10 12:34:24,343 - INFO - [CANCEL] 주문 취소 요청: 005930, 주문번호: 0000025005
2026-06-10 12:34:27,461 - INFO - 주문 취소 성공! (원주문: 0000025005)
2026-06-10 12:34:27,507 - INFO - 상태 전환 완료: HOLDING
2026-06-10 12:34:34,517 - INFO - 계좌 예수금: 9583572원
2026-06-10 12:34:34,518 - INFO - [005930] 보유: 1주, 매도 가능: 1주, 평단가: 309,500원
2026-06-10 12:34:34,542 - INFO - 미실현 손익: -4,250원 (-1.37%), 최고 수익률: 0.16%
2026-06-10 12:34:34,566 - INFO - 매도 조건 충족: 평단가(309,500), 현재가(305,250) -> 목표가(312,000원) (보수적 상향 보정)
2026-06-10 12:34:34,567 - INFO - [SELL] 주문 요청: 005930, 1주, 312000원
2026-06-10 12:34:34,729 - INFO - 주문 성공! 주문번호: 0000025148
2026-06-10 12:34:34,773 - INFO - 60초 후 다음 확인을 진행합니다. (현재 상태: SELLING)
2026-06-10 12:35:38,823 - INFO - [005930] 현재가: 305500, 고가: 314500, 저가: 303000
2026-06-10 12:35:38,823 - WARNING - ⚠️ 주문 고착 감지: 가격 이탈 (현재가:305,500, 목표가:312,000, 차이:6,500). 주문 취소를 시도합니다.
2026-06-10 12:35:38,824 - INFO - [CANCEL] 주문 취소 요청: 005930, 주문번호: 0000025148
2026-06-10 12:35:42,417 - INFO - 주문 취소 성공! (원주문: 0000025148)
2026-06-10 12:35:42,467 - INFO - 상태 전환 완료: HOLDING
2026-06-10 12:35:47,410 - INFO - 계좌 예수금: 9583572원
2026-06-10 12:35:47,411 - INFO - [005930] 보유: 1주, 매도 가능: 1주, 평단가: 309,500원
2026-06-10 12:35:47,436 - INFO - 미실현 손익: -4,000원 (-1.29%), 최고 수익률: 0.16%
2026-06-10 12:35:47,465 - INFO - 매도 조건 충족: 평단가(309,500), 현재가(305,500) -> 목표가(312,000원) (보수적 상향 보정)
2026-06-10 12:35:47,466 - INFO - [SELL] 주문 요청: 005930, 1주, 312000원
2026-06-10 12:35:51,048 - INFO - 주문 성공! 주문번호: 0000025241
2026-06-10 12:35:51,096 - INFO - 60초 후 다음 확인을 진행합니다. (현재 상태: SELLING)
2026-06-10 12:36:54,167 - INFO - [005930] 현재가: 305250, 고가: 314500, 저가: 303000
2026-06-10 12:36:54,168 - WARNING - ⚠️ 주문 고착 감지: 가격 이탈 (현재가:305,250, 목표가:312,000, 차이:6,750). 주문 취소를 시도합니다.
2026-06-10 12:36:54,168 - INFO - [CANCEL] 주문 취소 요청: 005930, 주문번호: 0000025241
2026-06-10 12:36:57,341 - INFO - 주문 취소 성공! (원주문: 0000025241)
2026-06-10 12:36:57,385 - INFO - 상태 전환 완료: HOLDING
2026-06-10 12:36:59,425 - INFO - 계좌 예수금: 9583572원
2026-06-10 12:36:59,426 - INFO - [005930] 보유: 1주, 매도 가능: 1주, 평단가: 309,500원
2026-06-10 12:36:59,450 - INFO - 미실현 손익: -4,250원 (-1.37%), 최고 수익률: 0.16%
2026-06-10 12:36:59,477 - INFO - 매도 조건 충족: 평단가(309,500), 현재가(305,250) -> 목표가(312,000원) (보수적 상향 보정)
2026-06-10 12:36:59,477 - INFO - [SELL] 주문 요청: 005930, 1주, 312000원
2026-06-10 12:37:03,586 - INFO - 주문 성공! 주문번호: 0000025312
2026-06-10 12:37:03,640 - INFO - 60초 후 다음 확인을 진행합니다. (현재 상태: SELLING)
2026-06-10 12:38:06,056 - INFO - [005930] 현재가: 304500, 고가: 314500, 저가: 303000
2026-06-10 12:38:06,056 - WARNING - ⚠️ 주문 고착 감지: 가격 이탈 (현재가:304,500, 목표가:312,000, 차이:7,500). 주문 취소를 시도합니다.
2026-06-10 12:38:06,057 - INFO - [CANCEL] 주문 취소 요청: 005930, 주문번호: 0000025312
2026-06-10 12:38:06,198 - INFO - 주문 취소 성공! (원주문: 0000025312)
2026-06-10 12:38:06,245 - INFO - 상태 전환 완료: HOLDING
2026-06-10 12:38:13,325 - INFO - 계좌 예수금: 9583572원
2026-06-10 12:38:13,325 - INFO - [005930] 보유: 1주, 매도 가능: 1주, 평단가: 309,500원
2026-06-10 12:38:13,351 - INFO - 미실현 손익: -5,000원 (-1.62%), 최고 수익률: 0.16%
2026-06-10 12:38:13,379 - INFO - 매도 조건 충족: 평단가(309,500), 현재가(304,500) -> 목표가(312,000원) (보수적 상향 보정)
2026-06-10 12:38:13,380 - INFO - [SELL] 주문 요청: 005930, 1주, 312000원
2026-06-10 12:38:16,035 - INFO - 주문 성공! 주문번호: 0000025403
2026-06-10 12:38:16,087 - INFO - 60초 후 다음 확인을 진행합니다. (현재 상태: SELLING)
2026-06-10 12:39:16,280 - INFO - [005930] 현재가: 305250, 고가: 314500, 저가: 303000
2026-06-10 12:39:16,280 - WARNING - ⚠️ 주문 고착 감지: 가격 이탈 (현재가:305,250, 목표가:312,000, 차이:6,750). 주문 취소를 시도합니다.
2026-06-10 12:39:16,281 - INFO - [CANCEL] 주문 취소 요청: 005930, 주문번호: 0000025403
2026-06-10 12:39:20,097 - INFO - 주문 취소 성공! (원주문: 0000025403)
2026-06-10 12:39:20,158 - INFO - 상태 전환 완료: HOLDING
2026-06-10 12:39:27,979 - INFO - 계좌 예수금: 9583572원
2026-06-10 12:39:27,979 - INFO - [005930] 보유: 1주, 매도 가능: 1주, 평단가: 309,500원
2026-06-10 12:39:28,007 - INFO - 미실현 손익: -4,250원 (-1.37%), 최고 수익률: 0.16%
2026-06-10 12:39:28,035 - INFO - 매도 조건 충족: 평단가(309,500), 현재가(305,250) -> 목표가(312,000원) (보수적 상향 보정)
2026-06-10 12:39:28,036 - INFO - [SELL] 주문 요청: 005930, 1주, 312000원
2026-06-10 12:39:29,412 - INFO - 주문 성공! 주문번호: 0000025474
2026-06-10 12:39:29,465 - INFO - 60초 후 다음 확인을 진행합니다. (현재 상태: SELLING)
2026-06-10 12:40:32,398 - INFO - [005930] 현재가: 305000, 고가: 314500, 저가: 303000
2026-06-10 12:40:32,399 - WARNING - ⚠️ 주문 고착 감지: 가격 이탈 (현재가:305,000, 목표가:312,000, 차이:7,000). 주문 취소를 시도합니다.
2026-06-10 12:40:32,401 - INFO - [CANCEL] 주문 취소 요청: 005930, 주문번호: 0000025474
2026-06-10 12:40:34,805 - INFO - 주문 취소 성공! (원주문: 0000025474)
2026-06-10 12:40:34,912 - INFO - 상태 전환 완료: HOLDING
2026-06-10 12:40:42,227 - INFO - 계좌 예수금: 9583572원
2026-06-10 12:40:42,235 - INFO - [005930] 보유: 1주, 매도 가능: 1주, 평단가: 309,500원
2026-06-10 12:40:42,306 - INFO - 미실현 손익: -4,500원 (-1.45%), 최고 수익률: 0.16%
2026-06-10 12:40:42,385 - INFO - 매도 조건 충족: 평단가(309,500), 현재가(305,000) -> 목표가(312,000원) (보수적 상향 보정)
2026-06-10 12:40:42,388 - INFO - [SELL] 주문 요청: 005930, 1주, 312000원
2026-06-10 12:40:43,113 - INFO - 주문 성공! 주문번호: 0000025568
2026-06-10 12:40:43,224 - INFO - 60초 후 다음 확인을 진행합니다. (현재 상태: SELLING)
2026-06-10 12:41:43,331 - INFO - [005930] 현재가: 304750, 고가: 314500, 저가: 303000
2026-06-10 12:41:43,332 - WARNING - ⚠️ 주문 고착 감지: 가격 이탈 (현재가:304,750, 목표가:312,000, 차이:7,250). 주문 취소를 시도합니다.
2026-06-10 12:41:43,332 - INFO - [CANCEL] 주문 취소 요청: 005930, 주문번호: 0000025568
2026-06-10 12:41:46,636 - INFO - 주문 취소 성공! (원주문: 0000025568)
2026-06-10 12:41:46,680 - INFO - 상태 전환 완료: HOLDING
2026-06-10 12:41:49,503 - INFO - 계좌 예수금: 9583572원
2026-06-10 12:41:49,504 - INFO - [005930] 보유: 1주, 매도 가능: 1주, 평단가: 309,500원
2026-06-10 12:41:49,527 - INFO - 미실현 손익: -4,750원 (-1.53%), 최고 수익률: 0.16%
2026-06-10 12:41:49,550 - INFO - 매도 조건 충족: 평단가(309,500), 현재가(304,750) -> 목표가(312,000원) (보수적 상향 보정)
2026-06-10 12:41:49,550 - INFO - [SELL] 주문 요청: 005930, 1주, 312000원
2026-06-10 12:41:51,043 - INFO - 주문 성공! 주문번호: 0000025638
2026-06-10 12:41:51,089 - INFO - 60초 후 다음 확인을 진행합니다. (현재 상태: SELLING)
2026-06-10 12:42:52,178 - INFO - [005930] 현재가: 304000, 고가: 314500, 저가: 303000
2026-06-10 12:42:52,179 - WARNING - ⚠️ 주문 고착 감지: 가격 이탈 (현재가:304,000, 목표가:312,000, 차이:8,000). 주문 취소를 시도합니다.
2026-06-10 12:42:52,179 - INFO - [CANCEL] 주문 취소 요청: 005930, 주문번호: 0000025638
2026-06-10 12:42:52,957 - ERROR - POST 요청 실패 (VTTC0013U): 500 Server Error: Internal Server Error for url: https://openapivts.koreainvestment.com:29443/uapi/domestic-stock/v1/trading/order-rvsecncl
2026-06-10 12:42:52,958 - ERROR - 상세 에러: {"rt_cd":"1","msg1":"초당 거래건수를 초과하였습니다.","msg_cd":"EGW00201","message":"EGW00201"}
2026-06-10 12:42:52,961 - ERROR - 주문 취소 실패: 응답 없음
2026-06-10 12:42:52,962 - ERROR - 주문 취소 실패. 다음 루프에서 재시도합니다.
2026-06-10 12:42:58,218 - INFO - 계좌 예수금: 9583572원
2026-06-10 12:42:58,219 - INFO - [005930] 보유: 1주, 매도 가능: 0주, 평단가: 309,500원
2026-06-10 12:42:58,247 - INFO - 미실현 손익: -5,500원 (-1.78%), 최고 수익률: 0.16%
2026-06-10 12:42:58,279 - INFO - 보유 수량(1)에 대해 매도 주문(0000025638)이 진행 중입니다.
2026-06-10 12:42:58,280 - INFO - 60초 후 다음 확인을 진행합니다. (현재 상태: SELLING)
2026-06-10 12:43:58,402 - INFO - [005930] 현재가: 304250, 고가: 314500, 저가: 303000
2026-06-10 12:43:58,403 - WARNING - ⚠️ 주문 고착 감지: 가격 이탈 (현재가:304,250, 목표가:312,000, 차이:7,750). 주문 취소를 시도합니다.
2026-06-10 12:43:58,403 - INFO - [CANCEL] 주문 취소 요청: 005930, 주문번호: 0000025638
2026-06-10 12:43:58,965 - INFO - 주문 취소 성공! (원주문: 0000025638)
2026-06-10 12:43:59,020 - INFO - 상태 전환 완료: HOLDING
2026-06-10 12:44:04,134 - INFO - 계좌 예수금: 9583572원
2026-06-10 12:44:04,135 - INFO - [005930] 보유: 1주, 매도 가능: 1주, 평단가: 309,500원
2026-06-10 12:44:04,163 - INFO - 미실현 손익: -5,250원 (-1.70%), 최고 수익률: 0.16%
2026-06-10 12:44:04,194 - INFO - 매도 조건 충족: 평단가(309,500), 현재가(304,250) -> 목표가(312,000원) (보수적 상향 보정)
2026-06-10 12:44:04,195 - INFO - [SELL] 주문 요청: 005930, 1주, 312000원
2026-06-10 12:44:06,116 - INFO - 주문 성공! 주문번호: 0000025826
2026-06-10 12:44:06,170 - INFO - 60초 후 다음 확인을 진행합니다. (현재 상태: SELLING)
2026-06-10 12:45:08,375 - INFO - [005930] 현재가: 304250, 고가: 314500, 저가: 303000
2026-06-10 12:45:08,376 - WARNING - ⚠️ 주문 고착 감지: 가격 이탈 (현재가:304,250, 목표가:312,000, 차이:7,750). 주문 취소를 시도합니다.
2026-06-10 12:45:08,376 - INFO - [CANCEL] 주문 취소 요청: 005930, 주문번호: 0000025826
2026-06-10 12:45:10,015 - INFO - 주문 취소 성공! (원주문: 0000025826)
2026-06-10 12:45:10,066 - INFO - 상태 전환 완료: HOLDING
2026-06-10 12:45:16,979 - INFO - 계좌 예수금: 9583572원
2026-06-10 12:45:16,980 - INFO - [005930] 보유: 1주, 매도 가능: 1주, 평단가: 309,500원
2026-06-10 12:45:17,007 - INFO - 미실현 손익: -5,250원 (-1.70%), 최고 수익률: 0.16%
2026-06-10 12:45:17,036 - INFO - 매도 조건 충족: 평단가(309,500), 현재가(304,250) -> 목표가(312,000원) (보수적 상향 보정)
2026-06-10 12:45:17,037 - INFO - [SELL] 주문 요청: 005930, 1주, 312000원
2026-06-10 12:45:18,108 - INFO - 주문 성공! 주문번호: 0000025936
2026-06-10 12:45:18,188 - INFO - 자가 최적화 기록 완료: C:\Users\witpo\OneDrive\바탕 화면\YONSEI\26-1\ECO4126 인공지능과금융공학\open-trading-api\self_optimization_history
2026-06-10 12:45:18,217 - INFO - 60초 후 다음 확인을 진행합니다. (현재 상태: SELLING)
2026-06-10 12:46:19,651 - INFO - [005930] 현재가: 304500, 고가: 314500, 저가: 303000
2026-06-10 12:46:19,652 - WARNING - ⚠️ 주문 고착 감지: 가격 이탈 (현재가:304,500, 목표가:312,000, 차이:7,500). 주문 취소를 시도합니다.
2026-06-10 12:46:19,652 - INFO - [CANCEL] 주문 취소 요청: 005930, 주문번호: 0000025936
2026-06-10 12:46:21,308 - INFO - 주문 취소 성공! (원주문: 0000025936)
2026-06-10 12:46:21,365 - INFO - 상태 전환 완료: HOLDING
2026-06-10 12:46:27,848 - INFO - 계좌 예수금: 9583572원
2026-06-10 12:46:27,849 - INFO - [005930] 보유: 1주, 매도 가능: 1주, 평단가: 309,500원
2026-06-10 12:46:27,877 - INFO - 미실현 손익: -5,000원 (-1.62%), 최고 수익률: 0.16%
2026-06-10 12:46:27,908 - INFO - 매도 조건 충족: 평단가(309,500), 현재가(304,500) -> 목표가(311,500원) (보수적 상향 보정)
2026-06-10 12:46:27,909 - INFO - [SELL] 주문 요청: 005930, 1주, 311500원
2026-06-10 12:46:29,073 - INFO - 주문 성공! 주문번호: 0000026028
2026-06-10 12:46:29,138 - INFO - 60초 후 다음 확인을 진행합니다. (현재 상태: SELLING)
2026-06-10 12:47:29,354 - INFO - [005930] 현재가: 304250, 고가: 314500, 저가: 303000
2026-06-10 12:47:29,355 - WARNING - ⚠️ 주문 고착 감지: 가격 이탈 (현재가:304,250, 목표가:311,500, 차이:7,250). 주문 취소를 시도합니다.
2026-06-10 12:47:29,363 - INFO - [CANCEL] 주문 취소 요청: 005930, 주문번호: 0000026028
2026-06-10 12:47:29,761 - ERROR - POST 요청 실패 (VTTC0013U): 500 Server Error: Internal Server Error for url: https://openapivts.koreainvestment.com:29443/uapi/domestic-stock/v1/trading/order-rvsecncl
2026-06-10 12:47:29,761 - ERROR - 상세 에러: {"rt_cd":"1","msg1":"초당 거래건수를 초과하였습니다.","msg_cd":"EGW00201","message":"EGW00201"}
2026-06-10 12:47:29,765 - ERROR - 주문 취소 실패: 응답 없음
2026-06-10 12:47:29,765 - ERROR - 주문 취소 실패. 다음 루프에서 재시도합니다.
2026-06-10 12:47:33,386 - INFO - 계좌 예수금: 9583572원
2026-06-10 12:47:33,386 - INFO - [005930] 보유: 1주, 매도 가능: 0주, 평단가: 309,500원
2026-06-10 12:47:33,415 - INFO - 미실현 손익: -5,250원 (-1.70%), 최고 수익률: 0.16%
2026-06-10 12:47:33,449 - INFO - 보유 수량(1)에 대해 매도 주문(0000026028)이 진행 중입니다.
2026-06-10 12:47:33,449 - INFO - 60초 후 다음 확인을 진행합니다. (현재 상태: SELLING)
2026-06-10 12:48:33,564 - INFO - [005930] 현재가: 304000, 고가: 314500, 저가: 303000
2026-06-10 12:48:33,565 - WARNING - ⚠️ 주문 고착 감지: 가격 이탈 (현재가:304,000, 목표가:311,500, 차이:7,500). 주문 취소를 시도합니다.
2026-06-10 12:48:33,566 - INFO - [CANCEL] 주문 취소 요청: 005930, 주문번호: 0000026028
2026-06-10 12:48:35,452 - INFO - 주문 취소 성공! (원주문: 0000026028)
2026-06-10 12:48:35,508 - INFO - 상태 전환 완료: HOLDING
2026-06-10 12:48:39,040 - INFO - 계좌 예수금: 9583572원
2026-06-10 12:48:39,041 - INFO - [005930] 보유: 1주, 매도 가능: 1주, 평단가: 309,500원
2026-06-10 12:48:39,078 - INFO - 미실현 손익: -5,500원 (-1.78%), 최고 수익률: 0.16%
2026-06-10 12:48:39,112 - INFO - 매도 조건 충족: 평단가(309,500), 현재가(304,000) -> 목표가(311,500원) (보수적 상향 보정)
2026-06-10 12:48:39,113 - INFO - [SELL] 주문 요청: 005930, 1주, 311500원
2026-06-10 12:48:40,927 - INFO - 주문 성공! 주문번호: 0000026168
2026-06-10 12:48:40,993 - INFO - 60초 후 다음 확인을 진행합니다. (현재 상태: SELLING)
2026-06-10 12:49:41,120 - INFO - [005930] 현재가: 303500, 고가: 314500, 저가: 303000
2026-06-10 12:49:41,120 - WARNING - ⚠️ 주문 고착 감지: 가격 이탈 (현재가:303,500, 목표가:311,500, 차이:8,000). 주문 취소를 시도합니다.
2026-06-10 12:49:41,121 - INFO - [CANCEL] 주문 취소 요청: 005930, 주문번호: 0000026168
2026-06-10 12:49:43,950 - INFO - 주문 취소 성공! (원주문: 0000026168)
2026-06-10 12:49:44,007 - INFO - 상태 전환 완료: HOLDING
2026-06-10 12:49:48,766 - INFO - 계좌 예수금: 9583572원
2026-06-10 12:49:48,767 - INFO - [005930] 보유: 1주, 매도 가능: 1주, 평단가: 309,500원
2026-06-10 12:49:48,798 - INFO - 미실현 손익: -6,000원 (-1.94%), 최고 수익률: 0.16%
2026-06-10 12:49:48,833 - INFO - 매도 조건 충족: 평단가(309,500), 현재가(303,500) -> 목표가(311,500원) (보수적 상향 보정)
2026-06-10 12:49:48,834 - INFO - [SELL] 주문 요청: 005930, 1주, 311500원
2026-06-10 12:49:49,992 - INFO - 주문 성공! 주문번호: 0000026233
2026-06-10 12:49:50,047 - INFO - 60초 후 다음 확인을 진행합니다. (현재 상태: SELLING)
2026-06-10 12:50:50,725 - INFO - [005930] 현재가: 303750, 고가: 314500, 저가: 303000
2026-06-10 12:50:50,726 - WARNING - ⚠️ 주문 고착 감지: 가격 이탈 (현재가:303,750, 목표가:311,500, 차이:7,750). 주문 취소를 시도합니다.
2026-06-10 12:50:50,727 - INFO - [CANCEL] 주문 취소 요청: 005930, 주문번호: 0000026233
2026-06-10 12:50:50,900 - ERROR - POST 요청 실패 (VTTC0013U): 500 Server Error: Internal Server Error for url: https://openapivts.koreainvestment.com:29443/uapi/domestic-stock/v1/trading/order-rvsecncl
2026-06-10 12:50:50,901 - ERROR - 상세 에러: {"rt_cd":"1","msg1":"초당 거래건수를 초과하였습니다.","msg_cd":"EGW00201","message":"EGW00201"}
2026-06-10 12:50:50,905 - ERROR - 주문 취소 실패: 응답 없음
2026-06-10 12:50:50,906 - ERROR - 주문 취소 실패. 다음 루프에서 재시도합니다.
2026-06-10 12:50:54,714 - INFO - 계좌 예수금: 9583572원
2026-06-10 12:50:54,714 - INFO - [005930] 보유: 1주, 매도 가능: 0주, 평단가: 309,500원
2026-06-10 12:50:54,747 - INFO - 미실현 손익: -5,750원 (-1.86%), 최고 수익률: 0.16%
2026-06-10 12:50:54,785 - INFO - 보유 수량(1)에 대해 매도 주문(0000026233)이 진행 중입니다.
2026-06-10 12:50:54,785 - INFO - 60초 후 다음 확인을 진행합니다. (현재 상태: SELLING)
2026-06-10 12:51:55,039 - INFO - [005930] 현재가: 303500, 고가: 314500, 저가: 303000
2026-06-10 12:51:55,040 - WARNING - ⚠️ 주문 고착 감지: 가격 이탈 (현재가:303,500, 목표가:311,500, 차이:8,000). 주문 취소를 시도합니다.
2026-06-10 12:51:55,041 - INFO - [CANCEL] 주문 취소 요청: 005930, 주문번호: 0000026233
2026-06-10 12:51:55,435 - ERROR - POST 요청 실패 (VTTC0013U): 500 Server Error: Internal Server Error for url: https://openapivts.koreainvestment.com:29443/uapi/domestic-stock/v1/trading/order-rvsecncl
2026-06-10 12:51:55,435 - ERROR - 상세 에러: {"rt_cd":"1","msg1":"초당 거래건수를 초과하였습니다.","msg_cd":"EGW00201","message":"EGW00201"}
2026-06-10 12:51:55,438 - ERROR - 주문 취소 실패: 응답 없음
2026-06-10 12:51:55,439 - ERROR - 주문 취소 실패. 다음 루프에서 재시도합니다.
2026-06-10 12:51:59,667 - INFO - 계좌 예수금: 9583572원
2026-06-10 12:51:59,667 - INFO - [005930] 보유: 1주, 매도 가능: 0주, 평단가: 309,500원
2026-06-10 12:51:59,701 - INFO - 미실현 손익: -6,000원 (-1.94%), 최고 수익률: 0.16%
2026-06-10 12:51:59,739 - INFO - 보유 수량(1)에 대해 매도 주문(0000026233)이 진행 중입니다.
2026-06-10 12:51:59,740 - INFO - 60초 후 다음 확인을 진행합니다. (현재 상태: SELLING)
2026-06-10 12:53:00,094 - INFO - [005930] 현재가: 303000, 고가: 314500, 저가: 303000
2026-06-10 12:53:00,095 - WARNING - ⚠️ 주문 고착 감지: 가격 이탈 (현재가:303,000, 목표가:311,500, 차이:8,500). 주문 취소를 시도합니다.
2026-06-10 12:53:00,095 - INFO - [CANCEL] 주문 취소 요청: 005930, 주문번호: 0000026233
2026-06-10 12:53:01,083 - INFO - 주문 취소 성공! (원주문: 0000026233)
2026-06-10 12:53:01,140 - INFO - 상태 전환 완료: HOLDING
2026-06-10 12:53:06,312 - INFO - 계좌 예수금: 9583572원
2026-06-10 12:53:06,313 - INFO - [005930] 보유: 1주, 매도 가능: 1주, 평단가: 309,500원
2026-06-10 12:53:06,349 - INFO - 미실현 손익: -6,500원 (-2.10%), 최고 수익률: 0.16%
2026-06-10 12:53:06,385 - INFO - 매도 조건 충족: 평단가(309,500), 현재가(303,000) -> 목표가(311,500원) (보수적 상향 보정)
2026-06-10 12:53:06,386 - INFO - [SELL] 주문 요청: 005930, 1주, 311500원
2026-06-10 12:53:07,770 - INFO - 주문 성공! 주문번호: 0000026483
2026-06-10 12:53:07,832 - INFO - 60초 후 다음 확인을 진행합니다. (현재 상태: SELLING)
2026-06-10 12:54:10,411 - INFO - [005930] 현재가: 303250, 고가: 314500, 저가: 303000
2026-06-10 12:54:10,412 - WARNING - ⚠️ 주문 고착 감지: 가격 이탈 (현재가:303,250, 목표가:311,500, 차이:8,250). 주문 취소를 시도합니다.
2026-06-10 12:54:10,413 - INFO - [CANCEL] 주문 취소 요청: 005930, 주문번호: 0000026483
2026-06-10 12:54:12,355 - INFO - 주문 취소 성공! (원주문: 0000026483)
2026-06-10 12:54:12,411 - INFO - 상태 전환 완료: HOLDING
2026-06-10 12:54:19,422 - INFO - 계좌 예수금: 9583572원
2026-06-10 12:54:19,423 - INFO - [005930] 보유: 1주, 매도 가능: 1주, 평단가: 309,500원
2026-06-10 12:54:19,455 - INFO - 미실현 손익: -6,250원 (-2.02%), 최고 수익률: 0.16%
2026-06-10 12:54:19,492 - INFO - 매도 조건 충족: 평단가(309,500), 현재가(303,250) -> 목표가(311,500원) (보수적 상향 보정)
2026-06-10 12:54:19,492 - INFO - [SELL] 주문 요청: 005930, 1주, 311500원
2026-06-10 12:54:20,454 - INFO - 주문 성공! 주문번호: 0000026595
2026-06-10 12:54:20,536 - INFO - 60초 후 다음 확인을 진행합니다. (현재 상태: SELLING)
2026-06-10 12:55:20,650 - INFO - [005930] 현재가: 303750, 고가: 314500, 저가: 303000
2026-06-10 12:55:20,651 - WARNING - ⚠️ 주문 고착 감지: 가격 이탈 (현재가:303,750, 목표가:311,500, 차이:7,750). 주문 취소를 시도합니다.
2026-06-10 12:55:20,651 - INFO - [CANCEL] 주문 취소 요청: 005930, 주문번호: 0000026595
2026-06-10 12:55:25,175 - INFO - 주문 취소 성공! (원주문: 0000026595)
2026-06-10 12:55:25,229 - INFO - 상태 전환 완료: HOLDING
2026-06-10 12:55:30,700 - INFO - 계좌 예수금: 9583572원
2026-06-10 12:55:30,701 - INFO - [005930] 보유: 1주, 매도 가능: 1주, 평단가: 309,500원
2026-06-10 12:55:30,733 - INFO - 미실현 손익: -5,750원 (-1.86%), 최고 수익률: 0.16%
2026-06-10 12:55:30,769 - INFO - 매도 조건 충족: 평단가(309,500), 현재가(303,750) -> 목표가(311,500원) (보수적 상향 보정)
2026-06-10 12:55:30,770 - INFO - [SELL] 주문 요청: 005930, 1주, 311500원
2026-06-10 12:55:30,916 - INFO - 주문 성공! 주문번호: 0000026689
2026-06-10 12:55:30,972 - INFO - 60초 후 다음 확인을 진행합니다. (현재 상태: SELLING)
2026-06-10 12:56:31,241 - INFO - [005930] 현재가: 303250, 고가: 314500, 저가: 303000
2026-06-10 12:56:31,242 - WARNING - ⚠️ 주문 고착 감지: 가격 이탈 (현재가:303,250, 목표가:311,500, 차이:8,250). 주문 취소를 시도합니다.
2026-06-10 12:56:31,243 - INFO - [CANCEL] 주문 취소 요청: 005930, 주문번호: 0000026689
2026-06-10 12:56:31,696 - ERROR - POST 요청 실패 (VTTC0013U): 500 Server Error: Internal Server Error for url: https://openapivts.koreainvestment.com:29443/uapi/domestic-stock/v1/trading/order-rvsecncl
2026-06-10 12:56:31,697 - ERROR - 상세 에러: {"rt_cd":"1","msg1":"초당 거래건수를 초과하였습니다.","msg_cd":"EGW00201","message":"EGW00201"}
2026-06-10 12:56:31,703 - ERROR - 주문 취소 실패: 응답 없음
2026-06-10 12:56:31,704 - ERROR - 주문 취소 실패. 다음 루프에서 재시도합니다.
2026-06-10 12:56:39,216 - INFO - 계좌 예수금: 9583572원
2026-06-10 12:56:39,216 - INFO - [005930] 보유: 1주, 매도 가능: 0주, 평단가: 309,500원
2026-06-10 12:56:39,255 - INFO - 미실현 손익: -6,250원 (-2.02%), 최고 수익률: 0.16%
2026-06-10 12:56:39,307 - INFO - 보유 수량(1)에 대해 매도 주문(0000026689)이 진행 중입니다.
2026-06-10 12:56:39,307 - INFO - 60초 후 다음 확인을 진행합니다. (현재 상태: SELLING)
2026-06-10 12:57:41,168 - INFO - [005930] 현재가: 303250, 고가: 314500, 저가: 303000
2026-06-10 12:57:41,169 - WARNING - ⚠️ 주문 고착 감지: 가격 이탈 (현재가:303,250, 목표가:311,500, 차이:8,250). 주문 취소를 시도합니다.
2026-06-10 12:57:41,169 - INFO - [CANCEL] 주문 취소 요청: 005930, 주문번호: 0000026689
2026-06-10 12:57:43,356 - INFO - 주문 취소 성공! (원주문: 0000026689)
2026-06-10 12:57:43,417 - INFO - 상태 전환 완료: HOLDING
2026-06-10 12:57:45,811 - INFO - 계좌 예수금: 9583572원
2026-06-10 12:57:45,812 - INFO - [005930] 보유: 1주, 매도 가능: 1주, 평단가: 309,500원
2026-06-10 12:57:45,846 - INFO - 미실현 손익: -6,250원 (-2.02%), 최고 수익률: 0.16%
2026-06-10 12:57:45,882 - INFO - 매도 조건 충족: 평단가(309,500), 현재가(303,250) -> 목표가(311,500원) (보수적 상향 보정)
2026-06-10 12:57:45,883 - INFO - [SELL] 주문 요청: 005930, 1주, 311500원
2026-06-10 12:57:48,028 - INFO - 주문 성공! 주문번호: 0000026847
2026-06-10 12:57:48,089 - INFO - 60초 후 다음 확인을 진행합니다. (현재 상태: SELLING)
2026-06-10 12:58:48,200 - INFO - [005930] 현재가: 303250, 고가: 314500, 저가: 303000
2026-06-10 12:58:48,201 - WARNING - ⚠️ 주문 고착 감지: 가격 이탈 (현재가:303,250, 목표가:311,500, 차이:8,250). 주문 취소를 시도합니다.
2026-06-10 12:58:48,201 - INFO - [CANCEL] 주문 취소 요청: 005930, 주문번호: 0000026847
2026-06-10 12:58:52,542 - INFO - 주문 취소 성공! (원주문: 0000026847)
2026-06-10 12:58:52,601 - INFO - 상태 전환 완료: HOLDING
2026-06-10 12:58:56,428 - INFO - 계좌 예수금: 9583572원
2026-06-10 12:58:56,429 - INFO - [005930] 보유: 1주, 매도 가능: 1주, 평단가: 309,500원
2026-06-10 12:58:56,493 - INFO - 미실현 손익: -6,250원 (-2.02%), 최고 수익률: 0.16%
2026-06-10 12:58:56,550 - INFO - 매도 조건 충족: 평단가(309,500), 현재가(303,250) -> 목표가(311,500원) (보수적 상향 보정)
2026-06-10 12:58:56,551 - INFO - [SELL] 주문 요청: 005930, 1주, 311500원
2026-06-10 12:58:58,077 - INFO - 주문 성공! 주문번호: 0000026944
2026-06-10 12:58:58,198 - INFO - 60초 후 다음 확인을 진행합니다. (현재 상태: SELLING)
2026-06-10 12:59:58,334 - INFO - [005930] 현재가: 303500, 고가: 314500, 저가: 303000
2026-06-10 12:59:58,335 - WARNING - ⚠️ 주문 고착 감지: 가격 이탈 (현재가:303,500, 목표가:311,500, 차이:8,000). 주문 취소를 시도합니다.
2026-06-10 12:59:58,335 - INFO - [CANCEL] 주문 취소 요청: 005930, 주문번호: 0000026944
2026-06-10 12:59:58,803 - ERROR - POST 요청 실패 (VTTC0013U): 500 Server Error: Internal Server Error for url: https://openapivts.koreainvestment.com:29443/uapi/domestic-stock/v1/trading/order-rvsecncl
2026-06-10 12:59:58,804 - ERROR - 상세 에러: {"rt_cd":"1","msg1":"초당 거래건수를 초과하였습니다.","msg_cd":"EGW00201","message":"EGW00201"}
2026-06-10 12:59:58,807 - ERROR - 주문 취소 실패: 응답 없음
2026-06-10 12:59:58,808 - ERROR - 주문 취소 실패. 다음 루프에서 재시도합니다.
2026-06-10 13:00:05,788 - INFO - 계좌 예수금: 9583572원
2026-06-10 13:00:05,789 - INFO - [005930] 보유: 1주, 매도 가능: 0주, 평단가: 309,500원
2026-06-10 13:00:05,854 - INFO - 미실현 손익: -6,000원 (-1.94%), 최고 수익률: 0.16%
2026-06-10 13:00:05,925 - INFO - 보유 수량(1)에 대해 매도 주문(0000026944)이 진행 중입니다.
2026-06-10 13:00:05,926 - INFO - 60초 후 다음 확인을 진행합니다. (현재 상태: SELLING)
2026-06-10 13:01:08,848 - INFO - [005930] 현재가: 303250, 고가: 314500, 저가: 303000
2026-06-10 13:01:08,849 - WARNING - ⚠️ 주문 고착 감지: 가격 이탈 (현재가:303,250, 목표가:311,500, 차이:8,250). 주문 취소를 시도합니다.
2026-06-10 13:01:08,850 - INFO - [CANCEL] 주문 취소 요청: 005930, 주문번호: 0000026944
2026-06-10 13:01:11,883 - INFO - 주문 취소 성공! (원주문: 0000026944)
2026-06-10 13:01:11,944 - INFO - 상태 전환 완료: HOLDING
2026-06-10 13:01:21,056 - INFO - 계좌 예수금: 9583572원
2026-06-10 13:01:21,057 - INFO - [005930] 보유: 1주, 매도 가능: 1주, 평단가: 309,500원
2026-06-10 13:01:21,094 - INFO - 미실현 손익: -6,250원 (-2.02%), 최고 수익률: 0.16%
2026-06-10 13:01:21,126 - INFO - 매도 조건 충족: 평단가(309,500), 현재가(303,250) -> 목표가(311,500원) (보수적 상향 보정)
2026-06-10 13:01:21,126 - INFO - [SELL] 주문 요청: 005930, 1주, 311500원
2026-06-10 13:01:22,876 - INFO - 주문 성공! 주문번호: 0000027134
2026-06-10 13:01:22,932 - INFO - 60초 후 다음 확인을 진행합니다. (현재 상태: SELLING)
2026-06-10 13:02:26,882 - INFO - [005930] 현재가: 303000, 고가: 314500, 저가: 302500
2026-06-10 13:02:26,882 - WARNING - ⚠️ 주문 고착 감지: 가격 이탈 (현재가:303,000, 목표가:311,500, 차이:8,500). 주문 취소를 시도합니다.
2026-06-10 13:02:26,883 - INFO - [CANCEL] 주문 취소 요청: 005930, 주문번호: 0000027134
2026-06-10 13:02:30,028 - INFO - 주문 취소 성공! (원주문: 0000027134)
2026-06-10 13:02:30,088 - INFO - 상태 전환 완료: HOLDING
2026-06-10 13:02:38,651 - INFO - 계좌 예수금: 9583572원
2026-06-10 13:02:38,655 - INFO - [005930] 보유: 1주, 매도 가능: 1주, 평단가: 309,500원
2026-06-10 13:02:38,697 - INFO - 미실현 손익: -6,500원 (-2.10%), 최고 수익률: 0.16%
2026-06-10 13:02:38,726 - INFO - 매도 조건 충족: 평단가(309,500), 현재가(303,000) -> 목표가(311,500원) (보수적 상향 보정)
2026-06-10 13:02:38,727 - INFO - [SELL] 주문 요청: 005930, 1주, 311500원
2026-06-10 13:02:38,917 - INFO - 주문 성공! 주문번호: 0000027251
2026-06-10 13:02:38,980 - INFO - 60초 후 다음 확인을 진행합니다. (현재 상태: SELLING)
2026-06-10 13:03:41,334 - INFO - [005930] 현재가: 302250, 고가: 314500, 저가: 302000
2026-06-10 13:03:41,335 - WARNING - ⚠️ 주문 고착 감지: 가격 이탈 (현재가:302,250, 목표가:311,500, 차이:9,250). 주문 취소를 시도합니다.
2026-06-10 13:03:41,337 - INFO - [CANCEL] 주문 취소 요청: 005930, 주문번호: 0000027251
2026-06-10 13:03:44,523 - INFO - 주문 취소 성공! (원주문: 0000027251)
2026-06-10 13:03:44,626 - INFO - 상태 전환 완료: HOLDING
2026-06-10 13:03:52,081 - INFO - 계좌 예수금: 9583572원
2026-06-10 13:03:52,082 - INFO - [005930] 보유: 1주, 매도 가능: 1주, 평단가: 309,500원
2026-06-10 13:03:52,117 - INFO - 미실현 손익: -7,250원 (-2.34%), 최고 수익률: 0.16%
2026-06-10 13:03:52,176 - INFO - 매도 조건 충족: 평단가(309,500), 현재가(302,250) -> 목표가(311,500원) (보수적 상향 보정)
2026-06-10 13:03:52,177 - INFO - [SELL] 주문 요청: 005930, 1주, 311500원
2026-06-10 13:03:52,428 - INFO - 주문 성공! 주문번호: 0000027366
2026-06-10 13:03:52,494 - INFO - 60초 후 다음 확인을 진행합니다. (현재 상태: SELLING)
2026-06-10 13:04:52,634 - INFO - [005930] 현재가: 302000, 고가: 314500, 저가: 302000
2026-06-10 13:04:52,635 - WARNING - ⚠️ 주문 고착 감지: 가격 이탈 (현재가:302,000, 목표가:311,500, 차이:9,500). 주문 취소를 시도합니다.
2026-06-10 13:04:52,636 - INFO - [CANCEL] 주문 취소 요청: 005930, 주문번호: 0000027366
2026-06-10 13:04:54,958 - INFO - 주문 취소 성공! (원주문: 0000027366)
2026-06-10 13:04:55,016 - INFO - 상태 전환 완료: HOLDING
2026-06-10 13:04:58,948 - INFO - 계좌 예수금: 9583572원
2026-06-10 13:04:58,948 - INFO - [005930] 보유: 1주, 매도 가능: 1주, 평단가: 309,500원
2026-06-10 13:04:58,982 - INFO - 미실현 손익: -7,500원 (-2.42%), 최고 수익률: 0.16%
2026-06-10 13:04:59,019 - INFO - 매도 조건 충족: 평단가(309,500), 현재가(302,000) -> 목표가(311,500원) (보수적 상향 보정)
2026-06-10 13:04:59,020 - INFO - [SELL] 주문 요청: 005930, 1주, 311500원
2026-06-10 13:05:02,635 - INFO - 주문 성공! 주문번호: 0000027487
2026-06-10 13:05:02,698 - INFO - 60초 후 다음 확인을 진행합니다. (현재 상태: SELLING)
2026-06-10 13:06:07,047 - INFO - [005930] 현재가: 302500, 고가: 314500, 저가: 302000
2026-06-10 13:06:07,048 - WARNING - ⚠️ 주문 고착 감지: 가격 이탈 (현재가:302,500, 목표가:311,500, 차이:9,000). 주문 취소를 시도합니다.
2026-06-10 13:06:07,049 - INFO - [CANCEL] 주문 취소 요청: 005930, 주문번호: 0000027487
2026-06-10 13:06:11,555 - INFO - 주문 취소 성공! (원주문: 0000027487)
2026-06-10 13:06:11,613 - INFO - 상태 전환 완료: HOLDING
2026-06-10 13:06:17,495 - INFO - 계좌 예수금: 9583572원
2026-06-10 13:06:17,495 - INFO - [005930] 보유: 1주, 매도 가능: 1주, 평단가: 309,500원
2026-06-10 13:06:17,528 - INFO - 미실현 손익: -7,000원 (-2.26%), 최고 수익률: 0.16%
2026-06-10 13:06:17,581 - INFO - 자가 최적화 기록 완료: C:\Users\witpo\OneDrive\바탕 화면\YONSEI\26-1\ECO4126 인공지능과금융공학\open-trading-api\self_optimization_history
2026-06-10 13:06:17,582 - INFO - 매도 조건 충족: 평단가(309,500), 현재가(302,500) -> 목표가(311,500원) (보수적 상향 보정)
2026-06-10 13:06:17,583 - INFO - [SELL] 주문 요청: 005930, 1주, 311500원
2026-06-10 13:06:20,273 - INFO - 주문 성공! 주문번호: 0000027585
2026-06-10 13:06:20,357 - INFO - 60초 후 다음 확인을 진행합니다. (현재 상태: SELLING)
2026-06-10 13:07:20,899 - INFO - [005930] 현재가: 302000, 고가: 314500, 저가: 302000
2026-06-10 13:07:20,899 - WARNING - ⚠️ 주문 고착 감지: 가격 이탈 (현재가:302,000, 목표가:311,500, 차이:9,500). 주문 취소를 시도합니다.
2026-06-10 13:07:20,900 - INFO - [CANCEL] 주문 취소 요청: 005930, 주문번호: 0000027585
2026-06-10 13:07:21,398 - INFO - 주문 취소 성공! (원주문: 0000027585)
2026-06-10 13:07:21,459 - INFO - 상태 전환 완료: HOLDING
2026-06-10 13:07:27,440 - INFO - 계좌 예수금: 9583572원
2026-06-10 13:07:27,440 - INFO - [005930] 보유: 1주, 매도 가능: 1주, 평단가: 309,500원
2026-06-10 13:07:27,473 - INFO - 미실현 손익: -7,500원 (-2.42%), 최고 수익률: 0.16%
2026-06-10 13:07:27,510 - INFO - 매도 조건 충족: 평단가(309,500), 현재가(302,000) -> 목표가(312,500원) (보수적 상향 보정)
2026-06-10 13:07:27,511 - INFO - [SELL] 주문 요청: 005930, 1주, 312500원
2026-06-10 13:07:27,687 - INFO - 주문 성공! 주문번호: 0000027671
2026-06-10 13:07:27,766 - INFO - 60초 후 다음 확인을 진행합니다. (현재 상태: SELLING)
2026-06-10 13:08:28,583 - INFO - [005930] 현재가: 301500, 고가: 314500, 저가: 301500
2026-06-10 13:08:28,584 - WARNING - ⚠️ 주문 고착 감지: 가격 이탈 (현재가:301,500, 목표가:312,500, 차이:11,000). 주문 취소를 시도합니다.
2026-06-10 13:08:28,584 - INFO - [CANCEL] 주문 취소 요청: 005930, 주문번호: 0000027671
2026-06-10 13:08:29,187 - INFO - 주문 취소 성공! (원주문: 0000027671)
2026-06-10 13:08:29,261 - INFO - 상태 전환 완료: HOLDING
2026-06-10 13:08:36,052 - INFO - 계좌 예수금: 9583572원
2026-06-10 13:08:36,054 - INFO - [005930] 보유: 1주, 매도 가능: 1주, 평단가: 309,500원
2026-06-10 13:08:36,095 - INFO - 미실현 손익: -8,000원 (-2.58%), 최고 수익률: 0.16%
2026-06-10 13:08:36,130 - INFO - 매도 조건 충족: 평단가(309,500), 현재가(301,500) -> 목표가(312,500원) (보수적 상향 보정)
2026-06-10 13:08:36,131 - INFO - [SELL] 주문 요청: 005930, 1주, 312500원
2026-06-10 13:08:38,100 - INFO - 주문 성공! 주문번호: 0000027773
2026-06-10 13:08:38,161 - INFO - 60초 후 다음 확인을 진행합니다. (현재 상태: SELLING)
2026-06-10 13:09:38,367 - INFO - [005930] 현재가: 302000, 고가: 314500, 저가: 301500
2026-06-10 13:09:38,368 - WARNING - ⚠️ 주문 고착 감지: 가격 이탈 (현재가:302,000, 목표가:312,500, 차이:10,500). 주문 취소를 시도합니다.
2026-06-10 13:09:38,369 - INFO - [CANCEL] 주문 취소 요청: 005930, 주문번호: 0000027773
2026-06-10 13:09:39,579 - INFO - 주문 취소 성공! (원주문: 0000027773)
2026-06-10 13:09:39,638 - INFO - 상태 전환 완료: HOLDING
2026-06-10 13:09:44,062 - INFO - 계좌 예수금: 9583572원
2026-06-10 13:09:44,063 - INFO - [005930] 보유: 1주, 매도 가능: 1주, 평단가: 309,500원
2026-06-10 13:09:44,106 - INFO - 미실현 손익: -7,500원 (-2.42%), 최고 수익률: 0.16%
2026-06-10 13:09:44,148 - INFO - 매도 조건 충족: 평단가(309,500), 현재가(302,000) -> 목표가(312,500원) (보수적 상향 보정)
2026-06-10 13:09:44,151 - INFO - [SELL] 주문 요청: 005930, 1주, 312500원
2026-06-10 13:09:45,893 - INFO - 주문 성공! 주문번호: 0000027860
2026-06-10 13:09:45,947 - INFO - 60초 후 다음 확인을 진행합니다. (현재 상태: SELLING)
2026-06-10 13:10:49,872 - INFO - [005930] 현재가: 301500, 고가: 314500, 저가: 301500
2026-06-10 13:10:49,873 - WARNING - ⚠️ 주문 고착 감지: 가격 이탈 (현재가:301,500, 목표가:312,500, 차이:11,000). 주문 취소를 시도합니다.
2026-06-10 13:10:49,874 - INFO - [CANCEL] 주문 취소 요청: 005930, 주문번호: 0000027860
2026-06-10 13:10:54,559 - INFO - 주문 취소 성공! (원주문: 0000027860)
2026-06-10 13:10:54,623 - INFO - 상태 전환 완료: HOLDING
2026-06-10 13:10:58,188 - INFO - 계좌 예수금: 9583572원
2026-06-10 13:10:58,189 - INFO - [005930] 보유: 1주, 매도 가능: 1주, 평단가: 309,500원
2026-06-10 13:10:58,225 - INFO - 미실현 손익: -8,000원 (-2.58%), 최고 수익률: 0.16%
2026-06-10 13:10:58,265 - INFO - 매도 조건 충족: 평단가(309,500), 현재가(301,500) -> 목표가(312,500원) (보수적 상향 보정)
2026-06-10 13:10:58,266 - INFO - [SELL] 주문 요청: 005930, 1주, 312500원
2026-06-10 13:11:02,184 - INFO - 주문 성공! 주문번호: 0000027975
2026-06-10 13:11:02,250 - INFO - 60초 후 다음 확인을 진행합니다. (현재 상태: SELLING)
2026-06-10 13:12:05,059 - INFO - [005930] 현재가: 301500, 고가: 314500, 저가: 301000
2026-06-10 13:12:05,061 - WARNING - ⚠️ 주문 고착 감지: 가격 이탈 (현재가:301,500, 목표가:312,500, 차이:11,000). 주문 취소를 시도합니다.
2026-06-10 13:12:05,062 - INFO - [CANCEL] 주문 취소 요청: 005930, 주문번호: 0000027975
2026-06-10 13:12:05,675 - INFO - 주문 취소 성공! (원주문: 0000027975)
2026-06-10 13:12:05,738 - INFO - 상태 전환 완료: HOLDING
2026-06-10 13:12:15,304 - INFO - 계좌 예수금: 9583572원
2026-06-10 13:12:15,304 - INFO - [005930] 보유: 1주, 매도 가능: 1주, 평단가: 309,500원
2026-06-10 13:12:15,341 - INFO - 미실현 손익: -8,000원 (-2.58%), 최고 수익률: 0.16%
2026-06-10 13:12:15,382 - INFO - 매도 조건 충족: 평단가(309,500), 현재가(301,500) -> 목표가(312,500원) (보수적 상향 보정)
2026-06-10 13:12:15,383 - INFO - [SELL] 주문 요청: 005930, 1주, 312500원
2026-06-10 13:12:16,834 - INFO - 주문 성공! 주문번호: 0000028063
2026-06-10 13:12:16,915 - INFO - 60초 후 다음 확인을 진행합니다. (현재 상태: SELLING)
2026-06-10 13:13:17,084 - INFO - [005930] 현재가: 301250, 고가: 314500, 저가: 301000
2026-06-10 13:13:17,085 - WARNING - ⚠️ 주문 고착 감지: 가격 이탈 (현재가:301,250, 목표가:312,500, 차이:11,250). 주문 취소를 시도합니다.
2026-06-10 13:13:17,085 - INFO - [CANCEL] 주문 취소 요청: 005930, 주문번호: 0000028063
2026-06-10 13:13:17,573 - ERROR - POST 요청 실패 (VTTC0013U): 500 Server Error: Internal Server Error for url: https://openapivts.koreainvestment.com:29443/uapi/domestic-stock/v1/trading/order-rvsecncl
2026-06-10 13:13:17,574 - ERROR - 상세 에러: {"rt_cd":"1","msg1":"초당 거래건수를 초과하였습니다.","msg_cd":"EGW00201","message":"EGW00201"}
2026-06-10 13:13:17,578 - ERROR - 주문 취소 실패: 응답 없음
2026-06-10 13:13:17,579 - ERROR - 주문 취소 실패. 다음 루프에서 재시도합니다.
2026-06-10 13:13:23,502 - INFO - 계좌 예수금: 9583572원
2026-06-10 13:13:23,503 - INFO - [005930] 보유: 1주, 매도 가능: 0주, 평단가: 309,500원
2026-06-10 13:13:23,560 - INFO - 미실현 손익: -8,250원 (-2.67%), 최고 수익률: 0.16%
2026-06-10 13:13:23,613 - INFO - 보유 수량(1)에 대해 매도 주문(0000028063)이 진행 중입니다.
2026-06-10 13:13:23,614 - INFO - 60초 후 다음 확인을 진행합니다. (현재 상태: SELLING)
2026-06-10 13:14:25,868 - INFO - [005930] 현재가: 301000, 고가: 314500, 저가: 301000
2026-06-10 13:14:25,868 - WARNING - ⚠️ 주문 고착 감지: 가격 이탈 (현재가:301,000, 목표가:312,500, 차이:11,500). 주문 취소를 시도합니다.
2026-06-10 13:14:25,869 - INFO - [CANCEL] 주문 취소 요청: 005930, 주문번호: 0000028063
2026-06-10 13:14:28,221 - INFO - 주문 취소 성공! (원주문: 0000028063)
2026-06-10 13:14:28,284 - INFO - 상태 전환 완료: HOLDING
2026-06-10 13:14:34,777 - INFO - 계좌 예수금: 9583572원
2026-06-10 13:14:34,777 - INFO - [005930] 보유: 1주, 매도 가능: 1주, 평단가: 309,500원
2026-06-10 13:14:34,811 - INFO - 미실현 손익: -8,500원 (-2.75%), 최고 수익률: 0.16%
2026-06-10 13:14:34,848 - INFO - 매도 조건 충족: 평단가(309,500), 현재가(301,000) -> 목표가(312,500원) (보수적 상향 보정)
2026-06-10 13:14:34,849 - INFO - [SELL] 주문 요청: 005930, 1주, 312500원
2026-06-10 13:14:35,054 - INFO - 주문 성공! 주문번호: 0000028252
2026-06-10 13:14:35,109 - INFO - 60초 후 다음 확인을 진행합니다. (현재 상태: SELLING)
2026-06-10 13:15:35,245 - INFO - [005930] 현재가: 301250, 고가: 314500, 저가: 301000
2026-06-10 13:15:35,246 - WARNING - ⚠️ 주문 고착 감지: 가격 이탈 (현재가:301,250, 목표가:312,500, 차이:11,250). 주문 취소를 시도합니다.
2026-06-10 13:15:35,246 - INFO - [CANCEL] 주문 취소 요청: 005930, 주문번호: 0000028252
2026-06-10 13:15:35,724 - ERROR - POST 요청 실패 (VTTC0013U): 500 Server Error: Internal Server Error for url: https://openapivts.koreainvestment.com:29443/uapi/domestic-stock/v1/trading/order-rvsecncl
2026-06-10 13:15:35,724 - ERROR - 상세 에러: {"rt_cd":"1","msg1":"초당 거래건수를 초과하였습니다.","msg_cd":"EGW00201","message":"EGW00201"}
2026-06-10 13:15:35,727 - ERROR - 주문 취소 실패: 응답 없음
2026-06-10 13:15:35,728 - ERROR - 주문 취소 실패. 다음 루프에서 재시도합니다.
2026-06-10 13:15:40,629 - INFO - 계좌 예수금: 9583572원
2026-06-10 13:15:40,629 - INFO - [005930] 보유: 1주, 매도 가능: 0주, 평단가: 309,500원
2026-06-10 13:15:40,663 - INFO - 미실현 손익: -8,250원 (-2.67%), 최고 수익률: 0.16%
2026-06-10 13:15:40,702 - INFO - 보유 수량(1)에 대해 매도 주문(0000028252)이 진행 중입니다.
2026-06-10 13:15:40,704 - INFO - 60초 후 다음 확인을 진행합니다. (현재 상태: SELLING)
2026-06-10 13:16:40,843 - INFO - [005930] 현재가: 301500, 고가: 314500, 저가: 300750
2026-06-10 13:16:40,843 - WARNING - ⚠️ 주문 고착 감지: 가격 이탈 (현재가:301,500, 목표가:312,500, 차이:11,000). 주문 취소를 시도합니다.
2026-06-10 13:16:40,844 - INFO - [CANCEL] 주문 취소 요청: 005930, 주문번호: 0000028252
2026-06-10 13:16:44,320 - INFO - 주문 취소 성공! (원주문: 0000028252)
2026-06-10 13:16:44,376 - INFO - 상태 전환 완료: HOLDING
2026-06-10 13:16:52,612 - INFO - 계좌 예수금: 9583572원
2026-06-10 13:16:52,613 - INFO - [005930] 보유: 1주, 매도 가능: 1주, 평단가: 309,500원
2026-06-10 13:16:52,645 - INFO - 미실현 손익: -8,000원 (-2.58%), 최고 수익률: 0.16%
2026-06-10 13:16:52,676 - INFO - 매도 조건 충족: 평단가(309,500), 현재가(301,500) -> 목표가(312,500원) (보수적 상향 보정)
2026-06-10 13:16:52,677 - INFO - [SELL] 주문 요청: 005930, 1주, 312500원
2026-06-10 13:16:55,172 - INFO - 주문 성공! 주문번호: 0000028415
2026-06-10 13:16:55,237 - INFO - 60초 후 다음 확인을 진행합니다. (현재 상태: SELLING)
2026-06-10 13:17:55,376 - INFO - [005930] 현재가: 301500, 고가: 314500, 저가: 300750
2026-06-10 13:17:55,377 - WARNING - ⚠️ 주문 고착 감지: 가격 이탈 (현재가:301,500, 목표가:312,500, 차이:11,000). 주문 취소를 시도합니다.
2026-06-10 13:17:55,377 - INFO - [CANCEL] 주문 취소 요청: 005930, 주문번호: 0000028415
2026-06-10 13:17:55,850 - ERROR - POST 요청 실패 (VTTC0013U): 500 Server Error: Internal Server Error for url: https://openapivts.koreainvestment.com:29443/uapi/domestic-stock/v1/trading/order-rvsecncl
2026-06-10 13:17:55,851 - ERROR - 상세 에러: {"rt_cd":"1","msg1":"초당 거래건수를 초과하였습니다.","msg_cd":"EGW00201","message":"EGW00201"}
2026-06-10 13:17:55,855 - ERROR - 주문 취소 실패: 응답 없음
2026-06-10 13:17:55,856 - ERROR - 주문 취소 실패. 다음 루프에서 재시도합니다.
2026-06-10 13:18:03,068 - INFO - 계좌 예수금: 9583572원
2026-06-10 13:18:03,069 - INFO - [005930] 보유: 1주, 매도 가능: 0주, 평단가: 309,500원
2026-06-10 13:18:03,102 - INFO - 미실현 손익: -8,000원 (-2.58%), 최고 수익률: 0.16%
2026-06-10 13:18:03,149 - INFO - 보유 수량(1)에 대해 매도 주문(0000028415)이 진행 중입니다.
2026-06-10 13:18:03,150 - INFO - 60초 후 다음 확인을 진행합니다. (현재 상태: SELLING)
2026-06-10 13:19:03,286 - INFO - [005930] 현재가: 301000, 고가: 314500, 저가: 300500
2026-06-10 13:19:03,287 - WARNING - ⚠️ 주문 고착 감지: 가격 이탈 (현재가:301,000, 목표가:312,500, 차이:11,500). 주문 취소를 시도합니다.
2026-06-10 13:19:03,287 - INFO - [CANCEL] 주문 취소 요청: 005930, 주문번호: 0000028415
2026-06-10 13:19:03,759 - ERROR - POST 요청 실패 (VTTC0013U): 500 Server Error: Internal Server Error for url: https://openapivts.koreainvestment.com:29443/uapi/domestic-stock/v1/trading/order-rvsecncl
2026-06-10 13:19:03,759 - ERROR - 상세 에러: {"rt_cd":"1","msg1":"초당 거래건수를 초과하였습니다.","msg_cd":"EGW00201","message":"EGW00201"}
2026-06-10 13:19:03,762 - ERROR - 주문 취소 실패: 응답 없음
2026-06-10 13:19:03,762 - ERROR - 주문 취소 실패. 다음 루프에서 재시도합니다.
2026-06-10 13:19:13,215 - INFO - 계좌 예수금: 9583572원
2026-06-10 13:19:13,216 - INFO - [005930] 보유: 1주, 매도 가능: 0주, 평단가: 309,500원
2026-06-10 13:19:13,261 - INFO - 미실현 손익: -8,500원 (-2.75%), 최고 수익률: 0.16%
2026-06-10 13:19:13,298 - INFO - 보유 수량(1)에 대해 매도 주문(0000028415)이 진행 중입니다.
2026-06-10 13:19:13,298 - INFO - 60초 후 다음 확인을 진행합니다. (현재 상태: SELLING)
2026-06-10 13:20:16,914 - INFO - [005930] 현재가: 301500, 고가: 314500, 저가: 300500
2026-06-10 13:20:16,915 - WARNING - ⚠️ 주문 고착 감지: 가격 이탈 (현재가:301,500, 목표가:312,500, 차이:11,000). 주문 취소를 시도합니다.
2026-06-10 13:20:16,915 - INFO - [CANCEL] 주문 취소 요청: 005930, 주문번호: 0000028415
2026-06-10 13:20:20,089 - INFO - 주문 취소 성공! (원주문: 0000028415)
2026-06-10 13:20:20,151 - INFO - 상태 전환 완료: HOLDING
2026-06-10 13:20:26,547 - INFO - 계좌 예수금: 9583572원
2026-06-10 13:20:26,548 - INFO - [005930] 보유: 1주, 매도 가능: 1주, 평단가: 309,500원
2026-06-10 13:20:26,591 - INFO - 미실현 손익: -8,000원 (-2.58%), 최고 수익률: 0.16%
2026-06-10 13:20:26,632 - INFO - 매도 조건 충족: 평단가(309,500), 현재가(301,500) -> 목표가(312,500원) (보수적 상향 보정)
2026-06-10 13:20:26,632 - INFO - [SELL] 주문 요청: 005930, 1주, 312500원
2026-06-10 13:20:29,000 - INFO - 주문 성공! 주문번호: 0000028702
2026-06-10 13:20:29,064 - INFO - 60초 후 다음 확인을 진행합니다. (현재 상태: SELLING)
2026-06-10 13:21:29,196 - INFO - [005930] 현재가: 300500, 고가: 314500, 저가: 300500
2026-06-10 13:21:29,196 - WARNING - ⚠️ 주문 고착 감지: 가격 이탈 (현재가:300,500, 목표가:312,500, 차이:12,000). 주문 취소를 시도합니다.
2026-06-10 13:21:29,197 - INFO - [CANCEL] 주문 취소 요청: 005930, 주문번호: 0000028702
2026-06-10 13:21:31,981 - INFO - 주문 취소 성공! (원주문: 0000028702)
2026-06-10 13:21:32,037 - INFO - 상태 전환 완료: HOLDING
2026-06-10 13:21:36,685 - INFO - 계좌 예수금: 9583572원
2026-06-10 13:21:36,686 - INFO - [005930] 보유: 1주, 매도 가능: 1주, 평단가: 309,500원
2026-06-10 13:21:36,721 - INFO - 미실현 손익: -9,000원 (-2.91%), 최고 수익률: 0.16%
2026-06-10 13:21:36,761 - INFO - 매도 조건 충족: 평단가(309,500), 현재가(300,500) -> 목표가(312,500원) (보수적 상향 보정)
2026-06-10 13:21:36,762 - INFO - [SELL] 주문 요청: 005930, 1주, 312500원
2026-06-10 13:21:39,044 - INFO - 주문 성공! 주문번호: 0000028808
2026-06-10 13:21:39,117 - INFO - 60초 후 다음 확인을 진행합니다. (현재 상태: SELLING)
2026-06-10 13:22:39,269 - INFO - [005930] 현재가: 300500, 고가: 314500, 저가: 300000
2026-06-10 13:22:39,269 - WARNING - ⚠️ 주문 고착 감지: 가격 이탈 (현재가:300,500, 목표가:312,500, 차이:12,000). 주문 취소를 시도합니다.
2026-06-10 13:22:39,270 - INFO - [CANCEL] 주문 취소 요청: 005930, 주문번호: 0000028808
2026-06-10 13:22:41,947 - INFO - 주문 취소 성공! (원주문: 0000028808)
2026-06-10 13:22:42,008 - INFO - 상태 전환 완료: HOLDING
2026-06-10 13:22:48,269 - INFO - 계좌 예수금: 9583572원
2026-06-10 13:22:48,270 - INFO - [005930] 보유: 1주, 매도 가능: 1주, 평단가: 309,500원
2026-06-10 13:22:48,303 - INFO - 미실현 손익: -9,000원 (-2.91%), 최고 수익률: 0.16%
2026-06-10 13:22:48,343 - INFO - 매도 조건 충족: 평단가(309,500), 현재가(300,500) -> 목표가(312,500원) (보수적 상향 보정)
2026-06-10 13:22:48,343 - INFO - [SELL] 주문 요청: 005930, 1주, 312500원
2026-06-10 13:22:48,495 - INFO - 주문 성공! 주문번호: 0000028922
2026-06-10 13:22:48,550 - INFO - 60초 후 다음 확인을 진행합니다. (현재 상태: SELLING)
2026-06-10 13:23:48,680 - INFO - [005930] 현재가: 300250, 고가: 314500, 저가: 300000
2026-06-10 13:23:48,681 - WARNING - ⚠️ 주문 고착 감지: 가격 이탈 (현재가:300,250, 목표가:312,500, 차이:12,250). 주문 취소를 시도합니다.
2026-06-10 13:23:48,681 - INFO - [CANCEL] 주문 취소 요청: 005930, 주문번호: 0000028922
2026-06-10 13:23:50,632 - INFO - 주문 취소 성공! (원주문: 0000028922)
2026-06-10 13:23:50,682 - INFO - 상태 전환 완료: HOLDING
2026-06-10 13:23:54,824 - INFO - 계좌 예수금: 9583572원
2026-06-10 13:23:54,825 - INFO - [005930] 보유: 1주, 매도 가능: 1주, 평단가: 309,500원
2026-06-10 13:23:54,861 - INFO - 미실현 손익: -9,250원 (-2.99%), 최고 수익률: 0.16%
2026-06-10 13:23:54,893 - INFO - 매도 조건 충족: 평단가(309,500), 현재가(300,250) -> 목표가(312,500원) (보수적 상향 보정)
2026-06-10 13:23:54,893 - INFO - [SELL] 주문 요청: 005930, 1주, 312500원
2026-06-10 13:23:55,859 - INFO - 주문 성공! 주문번호: 0000029019
2026-06-10 13:23:55,914 - INFO - 60초 후 다음 확인을 진행합니다. (현재 상태: SELLING)
2026-06-10 13:24:57,508 - INFO - [005930] 현재가: 300250, 고가: 314500, 저가: 300000
2026-06-10 13:24:57,509 - WARNING - ⚠️ 주문 고착 감지: 가격 이탈 (현재가:300,250, 목표가:312,500, 차이:12,250). 주문 취소를 시도합니다.
2026-06-10 13:24:57,509 - INFO - [CANCEL] 주문 취소 요청: 005930, 주문번호: 0000029019
2026-06-10 13:24:59,383 - INFO - 주문 취소 성공! (원주문: 0000029019)
2026-06-10 13:24:59,465 - INFO - 상태 전환 완료: HOLDING
2026-06-10 13:25:04,844 - INFO - 계좌 예수금: 9583572원
2026-06-10 13:25:04,845 - INFO - [005930] 보유: 1주, 매도 가능: 1주, 평단가: 309,500원
2026-06-10 13:25:04,880 - INFO - 미실현 손익: -9,250원 (-2.99%), 최고 수익률: 0.16%
2026-06-10 13:25:04,926 - INFO - 매도 조건 충족: 평단가(309,500), 현재가(300,250) -> 목표가(312,500원) (보수적 상향 보정)
2026-06-10 13:25:04,927 - INFO - [SELL] 주문 요청: 005930, 1주, 312500원
2026-06-10 13:25:08,258 - INFO - 주문 성공! 주문번호: 0000029148
2026-06-10 13:25:08,315 - INFO - 60초 후 다음 확인을 진행합니다. (현재 상태: SELLING)
2026-06-10 13:26:08,883 - INFO - [005930] 현재가: 300250, 고가: 314500, 저가: 299500
2026-06-10 13:26:08,884 - WARNING - ⚠️ 주문 고착 감지: 가격 이탈 (현재가:300,250, 목표가:312,500, 차이:12,250). 주문 취소를 시도합니다.
2026-06-10 13:26:08,884 - INFO - [CANCEL] 주문 취소 요청: 005930, 주문번호: 0000029148
2026-06-10 13:26:10,144 - INFO - 주문 취소 성공! (원주문: 0000029148)
2026-06-10 13:26:10,191 - INFO - 상태 전환 완료: HOLDING
2026-06-10 13:26:17,483 - INFO - 계좌 예수금: 9583572원
2026-06-10 13:26:17,484 - INFO - [005930] 보유: 1주, 매도 가능: 1주, 평단가: 309,500원
2026-06-10 13:26:17,513 - INFO - 미실현 손익: -9,250원 (-2.99%), 최고 수익률: 0.16%
2026-06-10 13:26:17,544 - INFO - 매도 조건 충족: 평단가(309,500), 현재가(300,250) -> 목표가(312,500원) (보수적 상향 보정)
2026-06-10 13:26:17,545 - INFO - [SELL] 주문 요청: 005930, 1주, 312500원
2026-06-10 13:26:18,816 - INFO - 주문 성공! 주문번호: 0000029241
2026-06-10 13:26:18,889 - INFO - 자가 최적화 기록 완료: C:\Users\witpo\OneDrive\바탕 화면\YONSEI\26-1\ECO4126 인공지능과금융공학\open-trading-api\self_optimization_history
2026-06-10 13:26:18,919 - INFO - 60초 후 다음 확인을 진행합니다. (현재 상태: SELLING)
2026-06-10 13:27:19,774 - INFO - [005930] 현재가: 300250, 고가: 314500, 저가: 299500
2026-06-10 13:27:19,775 - WARNING - ⚠️ 주문 고착 감지: 가격 이탈 (현재가:300,250, 목표가:312,500, 차이:12,250). 주문 취소를 시도합니다.
2026-06-10 13:27:19,775 - INFO - [CANCEL] 주문 취소 요청: 005930, 주문번호: 0000029241
2026-06-10 13:27:21,105 - INFO - 주문 취소 성공! (원주문: 0000029241)
2026-06-10 13:27:21,162 - INFO - 상태 전환 완료: HOLDING
2026-06-10 13:27:28,042 - INFO - 계좌 예수금: 9583572원
2026-06-10 13:27:28,043 - INFO - [005930] 보유: 1주, 매도 가능: 1주, 평단가: 309,500원
2026-06-10 13:27:28,071 - INFO - 미실현 손익: -9,250원 (-2.99%), 최고 수익률: 0.16%
2026-06-10 13:27:28,098 - INFO - 매도 조건 충족: 평단가(309,500), 현재가(300,250) -> 목표가(312,000원) (보수적 상향 보정)
2026-06-10 13:27:28,099 - INFO - [SELL] 주문 요청: 005930, 1주, 312000원
2026-06-10 13:27:28,864 - INFO - 주문 성공! 주문번호: 0000029349
2026-06-10 13:27:28,918 - INFO - 60초 후 다음 확인을 진행합니다. (현재 상태: SELLING)
2026-06-10 13:28:30,083 - INFO - [005930] 현재가: 299750, 고가: 314500, 저가: 299500
2026-06-10 13:28:30,084 - WARNING - ⚠️ 주문 고착 감지: 가격 이탈 (현재가:299,750, 목표가:312,000, 차이:12,250). 주문 취소를 시도합니다.
2026-06-10 13:28:30,084 - INFO - [CANCEL] 주문 취소 요청: 005930, 주문번호: 0000029349
2026-06-10 13:28:30,447 - INFO - 주문 취소 성공! (원주문: 0000029349)
2026-06-10 13:28:30,505 - INFO - 상태 전환 완료: HOLDING
2026-06-10 13:28:37,003 - INFO - 계좌 예수금: 9583572원
2026-06-10 13:28:37,003 - INFO - [005930] 보유: 1주, 매도 가능: 1주, 평단가: 309,500원
2026-06-10 13:28:37,037 - INFO - 미실현 손익: -9,750원 (-3.15%), 최고 수익률: 0.16%
2026-06-10 13:28:37,038 - WARNING - 🚨 하드 손절 조건 충족 (-3.15%). 즉시 매도 프로세스 진입.
2026-06-10 13:28:37,072 - INFO - 🔥 손절(STOP_LOSS) 실행: 현재가 근처(299,500원)로 즉시 매도 주문 (공격적 하향 보정)
2026-06-10 13:28:37,072 - INFO - [SELL] 주문 요청: 005930, 1주, 299500원
2026-06-10 13:28:38,627 - INFO - 주문 성공! 주문번호: 0000029450
2026-06-10 13:28:38,687 - INFO - 60초 후 다음 확인을 진행합니다. (현재 상태: SELLING)
2026-06-10 13:29:48,723 - ERROR - GET 요청 실패 (FHKST01010100): HTTPSConnectionPool(host='openapivts.koreainvestment.com', port=29443): Max retries exceeded with url: /uapi/domestic-stock/v1/quotations/inquire-price?FID_COND_MRKT_DIV_CODE=J&FID_INPUT_ISCD=005930 (Caused by ConnectTimeoutError(<HTTPSConnection(host='openapivts.koreainvestment.com', port=29443) at 0x16ef9ee1d10>, 'Connection to openapivts.koreainvestment.com timed out. (connect timeout=10)'))
2026-06-10 13:29:48,724 - WARNING - [005930] 현재가를 가져오는데 실패했습니다. 10초 후 재시도합니다.
2026-06-10 13:30:09,799 - ERROR - GET 요청 실패 (FHKST01010100): HTTPSConnectionPool(host='openapivts.koreainvestment.com', port=29443): Max retries exceeded with url: /uapi/domestic-stock/v1/quotations/inquire-price?FID_COND_MRKT_DIV_CODE=J&FID_INPUT_ISCD=005930 (Caused by NameResolutionError("HTTPSConnection(host='openapivts.koreainvestment.com', port=29443): Failed to resolve 'openapivts.koreainvestment.com' ([Errno 11001] getaddrinfo failed)"))
2026-06-10 13:30:09,800 - WARNING - [005930] 현재가를 가져오는데 실패했습니다. 10초 후 재시도합니다.
2026-06-10 13:30:27,441 - INFO - [005930] 현재가: 299000, 고가: 314500, 저가: 298500
2026-06-10 13:30:35,122 - INFO - 계좌 예수금: 9583572원
2026-06-10 13:30:37,992 - INFO - 매도 주문 완료 확인: 상태를 IDLE로 전환합니다.
2026-06-10 13:30:38,072 - INFO - 매수 조건 충족: 현재가(299000) - 오프셋(2500+0) = 296500원 (보수적 하향 보정)
2026-06-10 13:30:38,073 - INFO - [BUY] 주문 요청: 005930, 1주, 296500원
2026-06-10 13:30:43,713 - INFO - 주문 성공! 주문번호: 0000029648
2026-06-10 13:30:43,781 - INFO - 60초 후 다음 확인을 진행합니다. (현재 상태: BUYING)
2026-06-10 13:31:43,885 - INFO - [005930] 현재가: 298500, 고가: 314500, 저가: 298500
2026-06-10 13:31:47,100 - INFO - 계좌 예수금: 9583572원
2026-06-10 13:31:47,755 - ERROR - GET 요청 실패 (FHKST03010100): 500 Server Error: Internal Server Error for url: https://openapivts.koreainvestment.com:29443/uapi/domestic-stock/v1/quotations/inquire-daily-itemchartprice?FID_COND_MRKT_DIV_CODE=J&FID_INPUT_ISCD=005930&FID_PERIOD_DIV_CODE=D&FID_ORG_ADJ_PRC=0
2026-06-10 13:31:47,756 - ERROR - 상세 에러: {"rt_cd":"1","msg1":"초당 거래건수를 초과하였습니다.","msg_cd":"EGW00201","message":"EGW00201"}
2026-06-10 13:31:47,762 - INFO - 이미 매수 주문(0000029648)이 진행 중입니다. 체결을 기다립니다.
2026-06-10 13:31:47,763 - INFO - 60초 후 다음 확인을 진행합니다. (현재 상태: BUYING)
2026-06-10 13:32:50,641 - INFO - [005930] 현재가: 298750, 고가: 314500, 저가: 298500
2026-06-10 13:32:50,641 - WARNING - ⚠️ 주문 고착 감지: 가격 이탈 (현재가:298,750, 목표가:296,500, 차이:2,250). 주문 취소를 시도합니다.
2026-06-10 13:32:50,642 - INFO - [CANCEL] 주문 취소 요청: 005930, 주문번호: 0000029648
2026-06-10 13:32:53,224 - INFO - 주문 취소 성공! (원주문: 0000029648)
2026-06-10 13:32:53,252 - INFO - 상태 전환 완료: IDLE
2026-06-10 13:32:59,119 - INFO - 계좌 예수금: 9583572원
2026-06-10 13:33:01,338 - INFO - 매수 조건 충족: 현재가(298750) - 오프셋(2500+0) = 296000원 (보수적 하향 보정)
2026-06-10 13:33:01,338 - INFO - [BUY] 주문 요청: 005930, 1주, 296000원
2026-06-10 13:33:02,554 - INFO - 주문 성공! 주문번호: 0000029876
2026-06-10 13:33:02,581 - INFO - 60초 후 다음 확인을 진행합니다. (현재 상태: BUYING)
2026-06-10 13:34:02,667 - INFO - [005930] 현재가: 299000, 고가: 314500, 저가: 298000
2026-06-10 13:34:02,667 - WARNING - ⚠️ 주문 고착 감지: 가격 이탈 (현재가:299,000, 목표가:296,000, 차이:3,000). 주문 취소를 시도합니다.
2026-06-10 13:34:02,668 - INFO - [CANCEL] 주문 취소 요청: 005930, 주문번호: 0000029876
2026-06-10 13:34:05,415 - INFO - 주문 취소 성공! (원주문: 0000029876)
2026-06-10 13:34:05,449 - INFO - 상태 전환 완료: IDLE
2026-06-10 13:34:13,057 - INFO - 계좌 예수금: 9583572원
2026-06-10 13:34:16,982 - INFO - 매수 조건 충족: 현재가(299000) - 오프셋(2500+0) = 296500원 (보수적 하향 보정)
2026-06-10 13:34:16,982 - INFO - [BUY] 주문 요청: 005930, 1주, 296500원
2026-06-10 13:34:17,126 - INFO - 주문 성공! 주문번호: 0000029973
2026-06-10 13:34:17,150 - INFO - 60초 후 다음 확인을 진행합니다. (현재 상태: BUYING)
2026-06-10 13:35:18,837 - INFO - [005930] 현재가: 299500, 고가: 314500, 저가: 298000
2026-06-10 13:35:18,837 - WARNING - ⚠️ 주문 고착 감지: 가격 이탈 (현재가:299,500, 목표가:296,500, 차이:3,000). 주문 취소를 시도합니다.
2026-06-10 13:35:18,837 - INFO - [CANCEL] 주문 취소 요청: 005930, 주문번호: 0000029973
2026-06-10 13:35:20,595 - INFO - 주문 취소 성공! (원주문: 0000029973)
2026-06-10 13:35:20,624 - INFO - 상태 전환 완료: IDLE
2026-06-10 13:35:28,953 - INFO - 계좌 예수금: 9583572원
2026-06-10 13:35:34,586 - INFO - 매수 조건 충족: 현재가(299500) - 오프셋(2500+0) = 297000원 (보수적 하향 보정)
2026-06-10 13:35:34,587 - INFO - [BUY] 주문 요청: 005930, 1주, 297000원
2026-06-10 13:35:36,699 - INFO - 주문 성공! 주문번호: 0000030063
2026-06-10 13:35:36,726 - INFO - 60초 후 다음 확인을 진행합니다. (현재 상태: BUYING)
2026-06-10 13:36:36,827 - INFO - [005930] 현재가: 298500, 고가: 314500, 저가: 298000
2026-06-10 13:36:41,098 - INFO - 계좌 예수금: 9583572원
2026-06-10 13:36:43,669 - INFO - 이미 매수 주문(0000030063)이 진행 중입니다. 체결을 기다립니다.
2026-06-10 13:36:43,670 - INFO - 60초 후 다음 확인을 진행합니다. (현재 상태: BUYING)
2026-06-10 13:37:46,578 - INFO - [005930] 현재가: 298000, 고가: 314500, 저가: 298000
2026-06-10 13:37:54,093 - INFO - 계좌 예수금: 9583572원
2026-06-10 13:37:54,695 - ERROR - GET 요청 실패 (FHKST03010100): 500 Server Error: Internal Server Error for url: https://openapivts.koreainvestment.com:29443/uapi/domestic-stock/v1/quotations/inquire-daily-itemchartprice?FID_COND_MRKT_DIV_CODE=J&FID_INPUT_ISCD=005930&FID_PERIOD_DIV_CODE=D&FID_ORG_ADJ_PRC=0
2026-06-10 13:37:54,695 - ERROR - 상세 에러: {"rt_cd":"1","msg1":"초당 거래건수를 초과하였습니다.","msg_cd":"EGW00201","message":"EGW00201"}
2026-06-10 13:37:54,698 - INFO - 이미 매수 주문(0000030063)이 진행 중입니다. 체결을 기다립니다.
2026-06-10 13:37:54,698 - INFO - 60초 후 다음 확인을 진행합니다. (현재 상태: BUYING)
2026-06-10 13:38:55,816 - INFO - [005930] 현재가: 298750, 고가: 314500, 저가: 298000
2026-06-10 13:39:02,049 - INFO - 계좌 예수금: 9583572원
2026-06-10 13:39:03,851 - INFO - 이미 매수 주문(0000030063)이 진행 중입니다. 체결을 기다립니다.
2026-06-10 13:39:03,851 - INFO - 60초 후 다음 확인을 진행합니다. (현재 상태: BUYING)
2026-06-10 13:40:07,612 - INFO - [005930] 현재가: 298750, 고가: 314500, 저가: 298000
2026-06-10 13:40:15,176 - INFO - 계좌 예수금: 9583572원
2026-06-10 13:40:21,569 - INFO - 이미 매수 주문(0000030063)이 진행 중입니다. 체결을 기다립니다.
2026-06-10 13:40:21,570 - INFO - 60초 후 다음 확인을 진행합니다. (현재 상태: BUYING)
2026-06-10 13:41:25,887 - INFO - [005930] 현재가: 298500, 고가: 314500, 저가: 298000
2026-06-10 13:41:35,183 - INFO - 계좌 예수금: 9583572원
2026-06-10 13:41:39,095 - INFO - 이미 매수 주문(0000030063)이 진행 중입니다. 체결을 기다립니다.
2026-06-10 13:41:39,096 - INFO - 60초 후 다음 확인을 진행합니다. (현재 상태: BUYING)
2026-06-10 13:42:39,166 - INFO - [005930] 현재가: 298500, 고가: 314500, 저가: 298000
2026-06-10 13:42:47,127 - INFO - 계좌 예수금: 9583572원
2026-06-10 13:42:51,708 - INFO - 이미 매수 주문(0000030063)이 진행 중입니다. 체결을 기다립니다.
2026-06-10 13:42:51,709 - INFO - 60초 후 다음 확인을 진행합니다. (현재 상태: BUYING)
2026-06-10 13:43:54,174 - INFO - [005930] 현재가: 298000, 고가: 314500, 저가: 297500
2026-06-10 13:44:00,892 - INFO - 계좌 예수금: 9583572원
2026-06-10 13:44:03,786 - INFO - 이미 매수 주문(0000030063)이 진행 중입니다. 체결을 기다립니다.
2026-06-10 13:44:03,786 - INFO - 60초 후 다음 확인을 진행합니다. (현재 상태: BUYING)
2026-06-10 13:45:07,692 - INFO - [005930] 현재가: 297500, 고가: 314500, 저가: 297500
2026-06-10 13:45:14,053 - INFO - 계좌 예수금: 9583572원
2026-06-10 13:45:19,809 - INFO - 이미 매수 주문(0000030063)이 진행 중입니다. 체결을 기다립니다.
2026-06-10 13:45:19,809 - INFO - 60초 후 다음 확인을 진행합니다. (현재 상태: BUYING)
2026-06-10 13:46:23,910 - INFO - [005930] 현재가: 297500, 고가: 314500, 저가: 297000
2026-06-10 13:46:23,910 - WARNING - ⚠️ 주문 고착 감지: 타임아웃 (647초 경과). 주문 취소를 시도합니다.
2026-06-10 13:46:23,910 - INFO - [CANCEL] 주문 취소 요청: 005930, 주문번호: 0000030063
2026-06-10 13:46:24,534 - ERROR - 주문 취소 실패: 모의투자 정정/취소할 수량이 없습니다.
2026-06-10 13:46:24,535 - ERROR - 주문 취소 실패. 다음 루프에서 재시도합니다.
2026-06-10 13:46:29,109 - INFO - 계좌 예수금: 9583572원
2026-06-10 13:46:29,110 - INFO - [005930] 보유: 1주, 매도 가능: 1주, 평단가: 297,000원
2026-06-10 13:46:29,127 - INFO - 미실현 손익: 500원 (0.17%), 최고 수익률: 0.17%
2026-06-10 13:46:29,167 - INFO - 자가 최적화 기록 완료: C:\Users\witpo\OneDrive\바탕 화면\YONSEI\26-1\ECO4126 인공지능과금융공학\open-trading-api\self_optimization_history
2026-06-10 13:46:29,168 - INFO - 매수 체결 확인 (평단가: 297,000원). 히스토리에 기록합니다.
2026-06-10 13:46:29,215 - INFO - 매도 조건 충족: 평단가(297,000), 현재가(297,500) -> 목표가(300,000원) (보수적 상향 보정)
2026-06-10 13:46:29,216 - INFO - [SELL] 주문 요청: 005930, 1주, 300000원
2026-06-10 13:46:29,354 - INFO - 주문 성공! 주문번호: 0000031034
2026-06-10 13:46:29,391 - INFO - 60초 후 다음 확인을 진행합니다. (현재 상태: SELLING)
2026-06-10 13:47:29,607 - INFO - [005930] 현재가: 298500, 고가: 314500, 저가: 297000
2026-06-10 13:47:36,611 - INFO - 계좌 예수금: 9583572원
2026-06-10 13:47:36,611 - INFO - [005930] 보유: 1주, 매도 가능: 0주, 평단가: 297,000원
2026-06-10 13:47:36,623 - INFO - 미실현 손익: 1,500원 (0.51%), 최고 수익률: 0.51%
2026-06-10 13:47:36,637 - INFO - 보유 수량(1)에 대해 매도 주문(0000031034)이 진행 중입니다.
2026-06-10 13:47:36,637 - INFO - 60초 후 다음 확인을 진행합니다. (현재 상태: SELLING)
2026-06-10 13:48:36,869 - INFO - [005930] 현재가: 297000, 고가: 314500, 저가: 297000
2026-06-10 13:48:36,869 - WARNING - ⚠️ 주문 고착 감지: 가격 이탈 (현재가:297,000, 목표가:300,000, 차이:3,000). 주문 취소를 시도합니다.
2026-06-10 13:48:36,869 - INFO - [CANCEL] 주문 취소 요청: 005930, 주문번호: 0000031034
2026-06-10 13:48:37,306 - INFO - 주문 취소 성공! (원주문: 0000031034)
2026-06-10 13:48:37,330 - INFO - 상태 전환 완료: HOLDING
2026-06-10 13:48:42,022 - INFO - 계좌 예수금: 9583572원
2026-06-10 13:48:42,023 - INFO - [005930] 보유: 1주, 매도 가능: 1주, 평단가: 297,000원
2026-06-10 13:48:42,034 - INFO - 미실현 손익: 0원 (0.00%), 최고 수익률: 0.51%
2026-06-10 13:48:42,051 - INFO - 매도 조건 충족: 평단가(297,000), 현재가(297,000) -> 목표가(299,500원) (보수적 상향 보정)
2026-06-10 13:48:42,051 - INFO - [SELL] 주문 요청: 005930, 1주, 299500원
2026-06-10 13:48:42,152 - INFO - 주문 성공! 주문번호: 0000031215
2026-06-10 13:48:42,178 - INFO - 60초 후 다음 확인을 진행합니다. (현재 상태: SELLING)
2026-06-10 13:49:44,368 - INFO - [005930] 현재가: 298500, 고가: 314500, 저가: 296500
2026-06-10 13:49:52,576 - INFO - 계좌 예수금: 9583572원
2026-06-10 13:49:55,380 - INFO - 매도 주문 완료 확인: 상태를 IDLE로 전환합니다.
2026-06-10 13:49:55,413 - INFO - 매수 조건 충족: 현재가(298500) - 오프셋(2250+0) = 296000원 (보수적 하향 보정)
2026-06-10 13:49:55,414 - INFO - [BUY] 주문 요청: 005930, 1주, 296000원
2026-06-10 13:49:56,618 - INFO - 주문 성공! 주문번호: 0000031341
2026-06-10 13:49:56,641 - INFO - 60초 후 다음 확인을 진행합니다. (현재 상태: BUYING)
2026-06-10 13:50:59,494 - INFO - [005930] 현재가: 300000, 고가: 314500, 저가: 296500
2026-06-10 13:50:59,495 - WARNING - ⚠️ 주문 고착 감지: 가격 이탈 (현재가:300,000, 목표가:296,000, 차이:4,000). 주문 취소를 시도합니다.
2026-06-10 13:50:59,495 - INFO - [CANCEL] 주문 취소 요청: 005930, 주문번호: 0000031341
2026-06-10 13:51:00,080 - INFO - 주문 취소 성공! (원주문: 0000031341)
2026-06-10 13:51:00,106 - INFO - 상태 전환 완료: IDLE
2026-06-10 13:51:08,532 - INFO - 계좌 예수금: 9583572원
2026-06-10 13:51:14,594 - INFO - 매수 조건 충족: 현재가(300000) - 오프셋(2250+0) = 297500원 (보수적 하향 보정)
2026-06-10 13:51:14,594 - INFO - [BUY] 주문 요청: 005930, 1주, 297500원
2026-06-10 13:51:16,023 - INFO - 주문 성공! 주문번호: 0000031441
2026-06-10 13:51:16,046 - INFO - 60초 후 다음 확인을 진행합니다. (현재 상태: BUYING)
2026-06-10 13:52:19,056 - INFO - [005930] 현재가: 300000, 고가: 314500, 저가: 296500
2026-06-10 13:52:19,056 - WARNING - ⚠️ 주문 고착 감지: 가격 이탈 (현재가:300,000, 목표가:297,500, 차이:2,500). 주문 취소를 시도합니다.
2026-06-10 13:52:19,057 - INFO - [CANCEL] 주문 취소 요청: 005930, 주문번호: 0000031441
2026-06-10 13:52:21,643 - INFO - 주문 취소 성공! (원주문: 0000031441)
2026-06-10 13:52:21,667 - INFO - 상태 전환 완료: IDLE
2026-06-10 13:52:26,306 - INFO - 계좌 예수금: 9583572원
2026-06-10 13:52:28,076 - INFO - 매수 조건 충족: 현재가(300000) - 오프셋(2250+0) = 297500원 (보수적 하향 보정)
2026-06-10 13:52:28,077 - INFO - [BUY] 주문 요청: 005930, 1주, 297500원
2026-06-10 13:52:28,621 - INFO - 주문 성공! 주문번호: 0000031516
2026-06-10 13:52:28,643 - INFO - 60초 후 다음 확인을 진행합니다. (현재 상태: BUYING)
2026-06-10 13:53:28,731 - INFO - [005930] 현재가: 300000, 고가: 314500, 저가: 296500
2026-06-10 13:53:28,731 - WARNING - ⚠️ 주문 고착 감지: 가격 이탈 (현재가:300,000, 목표가:297,500, 차이:2,500). 주문 취소를 시도합니다.
2026-06-10 13:53:28,732 - INFO - [CANCEL] 주문 취소 요청: 005930, 주문번호: 0000031516
2026-06-10 13:53:32,376 - INFO - 주문 취소 성공! (원주문: 0000031516)
2026-06-10 13:53:32,404 - INFO - 상태 전환 완료: IDLE
2026-06-10 13:53:40,948 - INFO - 계좌 예수금: 9583572원
2026-06-10 13:53:44,064 - INFO - 매수 조건 충족: 현재가(300000) - 오프셋(2250+0) = 297500원 (보수적 하향 보정)
2026-06-10 13:53:44,065 - INFO - [BUY] 주문 요청: 005930, 1주, 297500원
2026-06-10 13:53:44,835 - INFO - 주문 성공! 주문번호: 0000031615
2026-06-10 13:53:44,865 - INFO - 60초 후 다음 확인을 진행합니다. (현재 상태: BUYING)
2026-06-10 13:54:45,848 - INFO - [005930] 현재가: 301500, 고가: 314500, 저가: 296500
2026-06-10 13:54:45,849 - WARNING - ⚠️ 주문 고착 감지: 가격 이탈 (현재가:301,500, 목표가:297,500, 차이:4,000). 주문 취소를 시도합니다.
2026-06-10 13:54:45,849 - INFO - [CANCEL] 주문 취소 요청: 005930, 주문번호: 0000031615
2026-06-10 13:54:46,498 - INFO - 주문 취소 성공! (원주문: 0000031615)
2026-06-10 13:54:46,527 - INFO - 상태 전환 완료: IDLE
2026-06-10 13:54:52,181 - INFO - 계좌 예수금: 9583572원
2026-06-10 13:54:52,853 - INFO - 매수 조건 충족: 현재가(301500) - 오프셋(2250+0) = 299000원 (보수적 하향 보정)
2026-06-10 13:54:52,854 - INFO - [BUY] 주문 요청: 005930, 1주, 299000원
2026-06-10 13:54:53,437 - INFO - 주문 성공! 주문번호: 0000031713
2026-06-10 13:54:53,464 - INFO - 60초 후 다음 확인을 진행합니다. (현재 상태: BUYING)
2026-06-10 13:55:54,830 - INFO - [005930] 현재가: 300500, 고가: 314500, 저가: 296500
2026-06-10 13:56:01,232 - INFO - 계좌 예수금: 9583572원
2026-06-10 13:56:04,632 - INFO - 이미 매수 주문(0000031713)이 진행 중입니다. 체결을 기다립니다.
2026-06-10 13:56:04,632 - INFO - 60초 후 다음 확인을 진행합니다. (현재 상태: BUYING)
2026-06-10 13:57:09,391 - INFO - [005930] 현재가: 299000, 고가: 314500, 저가: 296500
2026-06-10 13:57:19,624 - INFO - 계좌 예수금: 9583572원
2026-06-10 13:57:19,624 - INFO - [005930] 보유: 1주, 매도 가능: 1주, 평단가: 299,000원
2026-06-10 13:57:19,639 - INFO - 미실현 손익: 0원 (0.00%), 최고 수익률: 0.00%
2026-06-10 13:57:19,654 - INFO - 매수 체결 확인 (평단가: 299,000원). 히스토리에 기록합니다.
2026-06-10 13:57:19,676 - INFO - 매도 조건 충족: 평단가(299,000), 현재가(299,000) -> 목표가(301,500원) (보수적 상향 보정)
2026-06-10 13:57:19,676 - INFO - [SELL] 주문 요청: 005930, 1주, 301500원
2026-06-10 13:57:24,094 - INFO - 주문 성공! 주문번호: 0000031886
2026-06-10 13:57:24,123 - INFO - 60초 후 다음 확인을 진행합니다. (현재 상태: SELLING)
2026-06-10 13:58:25,013 - INFO - [005930] 현재가: 298500, 고가: 314500, 저가: 296500
2026-06-10 13:58:25,014 - WARNING - ⚠️ 주문 고착 감지: 가격 이탈 (현재가:298,500, 목표가:301,500, 차이:3,000). 주문 취소를 시도합니다.
2026-06-10 13:58:25,014 - INFO - [CANCEL] 주문 취소 요청: 005930, 주문번호: 0000031886
2026-06-10 13:58:28,446 - INFO - 주문 취소 성공! (원주문: 0000031886)
2026-06-10 13:58:28,474 - INFO - 상태 전환 완료: HOLDING
2026-06-10 13:58:36,030 - INFO - 계좌 예수금: 9583572원
2026-06-10 13:58:36,030 - INFO - [005930] 보유: 1주, 매도 가능: 1주, 평단가: 299,000원
2026-06-10 13:58:36,046 - INFO - 미실현 손익: -500원 (-0.17%), 최고 수익률: 0.00%
2026-06-10 13:58:36,060 - INFO - 매도 조건 충족: 평단가(299,000), 현재가(298,500) -> 목표가(301,500원) (보수적 상향 보정)
2026-06-10 13:58:36,060 - INFO - [SELL] 주문 요청: 005930, 1주, 301500원
2026-06-10 13:58:36,192 - INFO - 주문 성공! 주문번호: 0000031976
2026-06-10 13:58:36,220 - INFO - 60초 후 다음 확인을 진행합니다. (현재 상태: SELLING)
2026-06-10 13:59:37,835 - INFO - [005930] 현재가: 298500, 고가: 314500, 저가: 296500
2026-06-10 13:59:37,836 - WARNING - ⚠️ 주문 고착 감지: 가격 이탈 (현재가:298,500, 목표가:301,500, 차이:3,000). 주문 취소를 시도합니다.
2026-06-10 13:59:37,836 - INFO - [CANCEL] 주문 취소 요청: 005930, 주문번호: 0000031976
2026-06-10 13:59:39,244 - INFO - 주문 취소 성공! (원주문: 0000031976)
2026-06-10 13:59:39,271 - INFO - 상태 전환 완료: HOLDING
2026-06-10 13:59:46,088 - INFO - 계좌 예수금: 9583572원
2026-06-10 13:59:46,088 - INFO - [005930] 보유: 1주, 매도 가능: 1주, 평단가: 299,000원
2026-06-10 13:59:46,103 - INFO - 미실현 손익: -500원 (-0.17%), 최고 수익률: 0.00%
2026-06-10 13:59:46,118 - INFO - 매도 조건 충족: 평단가(299,000), 현재가(298,500) -> 목표가(301,500원) (보수적 상향 보정)
2026-06-10 13:59:46,118 - INFO - [SELL] 주문 요청: 005930, 1주, 301500원
2026-06-10 13:59:47,831 - INFO - 주문 성공! 주문번호: 0000032071
2026-06-10 13:59:47,860 - INFO - 60초 후 다음 확인을 진행합니다. (현재 상태: SELLING)
2026-06-10 14:00:52,080 - INFO - [005930] 현재가: 298000, 고가: 314500, 저가: 296500
2026-06-10 14:00:52,081 - WARNING - ⚠️ 주문 고착 감지: 가격 이탈 (현재가:298,000, 목표가:301,500, 차이:3,500). 주문 취소를 시도합니다.
2026-06-10 14:00:52,081 - INFO - [CANCEL] 주문 취소 요청: 005930, 주문번호: 0000032071
2026-06-10 14:00:55,398 - INFO - 주문 취소 성공! (원주문: 0000032071)
2026-06-10 14:00:55,424 - INFO - 상태 전환 완료: HOLDING
2026-06-10 14:01:05,434 - INFO - 계좌 예수금: 9583572원
2026-06-10 14:01:05,435 - INFO - [005930] 보유: 1주, 매도 가능: 1주, 평단가: 299,000원
2026-06-10 14:01:05,450 - INFO - 미실현 손익: -1,000원 (-0.33%), 최고 수익률: 0.00%
2026-06-10 14:01:05,463 - INFO - 매도 조건 충족: 평단가(299,000), 현재가(298,000) -> 목표가(301,500원) (보수적 상향 보정)
2026-06-10 14:01:05,463 - INFO - [SELL] 주문 요청: 005930, 1주, 301500원
2026-06-10 14:01:09,058 - INFO - 주문 성공! 주문번호: 0000032175
2026-06-10 14:01:09,088 - INFO - 60초 후 다음 확인을 진행합니다. (현재 상태: SELLING)
2026-06-10 14:02:09,898 - INFO - [005930] 현재가: 298250, 고가: 314500, 저가: 296500
2026-06-10 14:02:09,899 - WARNING - ⚠️ 주문 고착 감지: 가격 이탈 (현재가:298,250, 목표가:301,500, 차이:3,250). 주문 취소를 시도합니다.
2026-06-10 14:02:09,899 - INFO - [CANCEL] 주문 취소 요청: 005930, 주문번호: 0000032175
2026-06-10 14:02:10,523 - INFO - 주문 취소 성공! (원주문: 0000032175)
2026-06-10 14:02:10,553 - INFO - 상태 전환 완료: HOLDING
2026-06-10 14:02:16,309 - INFO - 계좌 예수금: 9583572원
2026-06-10 14:02:16,310 - INFO - [005930] 보유: 1주, 매도 가능: 1주, 평단가: 299,000원
2026-06-10 14:02:16,326 - INFO - 미실현 손익: -750원 (-0.25%), 최고 수익률: 0.00%
2026-06-10 14:02:16,340 - INFO - 매도 조건 충족: 평단가(299,000), 현재가(298,250) -> 목표가(301,500원) (보수적 상향 보정)
2026-06-10 14:02:16,340 - INFO - [SELL] 주문 요청: 005930, 1주, 301500원
2026-06-10 14:02:22,240 - INFO - 주문 성공! 주문번호: 0000032278
2026-06-10 14:02:22,264 - INFO - 60초 후 다음 확인을 진행합니다. (현재 상태: SELLING)
2026-06-10 14:03:22,366 - INFO - [005930] 현재가: 298500, 고가: 314500, 저가: 296500
2026-06-10 14:03:22,367 - WARNING - ⚠️ 주문 고착 감지: 가격 이탈 (현재가:298,500, 목표가:301,500, 차이:3,000). 주문 취소를 시도합니다.
2026-06-10 14:03:22,367 - INFO - [CANCEL] 주문 취소 요청: 005930, 주문번호: 0000032278
2026-06-10 14:03:27,018 - INFO - 주문 취소 성공! (원주문: 0000032278)
2026-06-10 14:03:27,052 - INFO - 상태 전환 완료: HOLDING
2026-06-10 14:03:35,564 - INFO - 계좌 예수금: 9583572원
2026-06-10 14:03:35,565 - INFO - [005930] 보유: 1주, 매도 가능: 1주, 평단가: 299,000원
2026-06-10 14:03:35,579 - INFO - 미실현 손익: -500원 (-0.17%), 최고 수익률: 0.00%
2026-06-10 14:03:35,593 - INFO - 매도 조건 충족: 평단가(299,000), 현재가(298,500) -> 목표가(301,500원) (보수적 상향 보정)
2026-06-10 14:03:35,594 - INFO - [SELL] 주문 요청: 005930, 1주, 301500원
2026-06-10 14:03:35,687 - INFO - 주문 성공! 주문번호: 0000032383
2026-06-10 14:03:35,714 - INFO - 60초 후 다음 확인을 진행합니다. (현재 상태: SELLING)
2026-06-10 14:04:36,343 - INFO - [005930] 현재가: 298750, 고가: 314500, 저가: 296500
2026-06-10 14:04:36,344 - WARNING - ⚠️ 주문 고착 감지: 가격 이탈 (현재가:298,750, 목표가:301,500, 차이:2,750). 주문 취소를 시도합니다.
2026-06-10 14:04:36,344 - INFO - [CANCEL] 주문 취소 요청: 005930, 주문번호: 0000032383
2026-06-10 14:04:37,049 - ERROR - POST 요청 실패 (VTTC0013U): 500 Server Error: Internal Server Error for url: https://openapivts.koreainvestment.com:29443/uapi/domestic-stock/v1/trading/order-rvsecncl
2026-06-10 14:04:37,049 - ERROR - 상세 에러: {"rt_cd":"1","msg1":"초당 거래건수를 초과하였습니다.","msg_cd":"EGW00201","message":"EGW00201"}
2026-06-10 14:04:37,051 - ERROR - 주문 취소 실패: 응답 없음
2026-06-10 14:04:37,051 - ERROR - 주문 취소 실패. 다음 루프에서 재시도합니다.
2026-06-10 14:04:42,371 - INFO - 계좌 예수금: 9583572원
2026-06-10 14:04:42,371 - INFO - [005930] 보유: 1주, 매도 가능: 0주, 평단가: 299,000원
2026-06-10 14:04:42,386 - INFO - 미실현 손익: -250원 (-0.08%), 최고 수익률: 0.00%
2026-06-10 14:04:42,402 - INFO - 보유 수량(1)에 대해 매도 주문(0000032383)이 진행 중입니다.
2026-06-10 14:04:42,402 - INFO - 60초 후 다음 확인을 진행합니다. (현재 상태: SELLING)
2026-06-10 14:05:46,499 - INFO - [005930] 현재가: 299000, 고가: 314500, 저가: 296500
2026-06-10 14:05:46,500 - WARNING - ⚠️ 주문 고착 감지: 가격 이탈 (현재가:299,000, 목표가:301,500, 차이:2,500). 주문 취소를 시도합니다.
2026-06-10 14:05:46,500 - INFO - [CANCEL] 주문 취소 요청: 005930, 주문번호: 0000032383
2026-06-10 14:05:49,450 - INFO - 주문 취소 성공! (원주문: 0000032383)
2026-06-10 14:05:49,478 - INFO - 상태 전환 완료: HOLDING
2026-06-10 14:05:56,849 - INFO - 계좌 예수금: 9583572원
2026-06-10 14:05:56,850 - INFO - [005930] 보유: 1주, 매도 가능: 1주, 평단가: 299,000원
2026-06-10 14:05:56,865 - INFO - 미실현 손익: 0원 (0.00%), 최고 수익률: 0.00%
2026-06-10 14:05:56,878 - INFO - 매도 조건 충족: 평단가(299,000), 현재가(299,000) -> 목표가(301,500원) (보수적 상향 보정)
2026-06-10 14:05:56,879 - INFO - [SELL] 주문 요청: 005930, 1주, 301500원
2026-06-10 14:06:00,327 - INFO - 주문 성공! 주문번호: 0000032584
2026-06-10 14:06:00,358 - INFO - 60초 후 다음 확인을 진행합니다. (현재 상태: SELLING)
2026-06-10 14:07:02,190 - INFO - [005930] 현재가: 300500, 고가: 314500, 저가: 296500
2026-06-10 14:07:06,956 - INFO - 계좌 예수금: 9583572원
2026-06-10 14:07:06,957 - INFO - [005930] 보유: 1주, 매도 가능: 0주, 평단가: 299,000원
2026-06-10 14:07:06,971 - INFO - 미실현 손익: 1,500원 (0.50%), 최고 수익률: 0.50%
2026-06-10 14:07:06,985 - INFO - 보유 수량(1)에 대해 매도 주문(0000032584)이 진행 중입니다.
2026-06-10 14:07:06,985 - INFO - 60초 후 다음 확인을 진행합니다. (현재 상태: SELLING)
2026-06-10 14:08:11,288 - INFO - [005930] 현재가: 300000, 고가: 314500, 저가: 296500
2026-06-10 14:08:21,832 - INFO - 계좌 예수금: 9583572원
2026-06-10 14:08:21,832 - INFO - [005930] 보유: 1주, 매도 가능: 0주, 평단가: 299,000원
2026-06-10 14:08:21,849 - INFO - 미실현 손익: 1,000원 (0.33%), 최고 수익률: 0.50%
2026-06-10 14:08:21,863 - INFO - 보유 수량(1)에 대해 매도 주문(0000032584)이 진행 중입니다.
2026-06-10 14:08:21,864 - INFO - 60초 후 다음 확인을 진행합니다. (현재 상태: SELLING)
2026-06-10 14:09:24,191 - INFO - [005930] 현재가: 300000, 고가: 314500, 저가: 296500
2026-06-10 14:09:32,213 - INFO - 계좌 예수금: 9583572원
2026-06-10 14:09:32,214 - INFO - [005930] 보유: 1주, 매도 가능: 0주, 평단가: 299,000원
2026-06-10 14:09:32,229 - INFO - 미실현 손익: 1,000원 (0.33%), 최고 수익률: 0.50%
2026-06-10 14:09:32,245 - INFO - 보유 수량(1)에 대해 매도 주문(0000032584)이 진행 중입니다.
2026-06-10 14:09:32,245 - INFO - 60초 후 다음 확인을 진행합니다. (현재 상태: SELLING)
2026-06-10 14:10:36,534 - INFO - [005930] 현재가: 299500, 고가: 314500, 저가: 296500
2026-06-10 14:10:45,412 - INFO - 계좌 예수금: 9583572원
2026-06-10 14:10:45,412 - INFO - [005930] 보유: 1주, 매도 가능: 0주, 평단가: 299,000원
2026-06-10 14:10:45,427 - INFO - 미실현 손익: 500원 (0.17%), 최고 수익률: 0.50%
2026-06-10 14:10:45,443 - INFO - 보유 수량(1)에 대해 매도 주문(0000032584)이 진행 중입니다.
2026-06-10 14:10:45,444 - INFO - 60초 후 다음 확인을 진행합니다. (현재 상태: SELLING)
2026-06-10 14:11:47,731 - INFO - [005930] 현재가: 298500, 고가: 314500, 저가: 296500
2026-06-10 14:11:47,732 - WARNING - ⚠️ 주문 고착 감지: 가격 이탈 (현재가:298,500, 목표가:301,500, 차이:3,000). 주문 취소를 시도합니다.
2026-06-10 14:11:47,732 - INFO - [CANCEL] 주문 취소 요청: 005930, 주문번호: 0000032584
2026-06-10 14:11:50,713 - INFO - 주문 취소 성공! (원주문: 0000032584)
2026-06-10 14:11:50,743 - INFO - 상태 전환 완료: HOLDING
2026-06-10 14:11:56,900 - INFO - 계좌 예수금: 9583572원
2026-06-10 14:11:56,900 - INFO - [005930] 보유: 1주, 매도 가능: 1주, 평단가: 299,000원
2026-06-10 14:11:56,914 - INFO - 미실현 손익: -500원 (-0.17%), 최고 수익률: 0.50%
2026-06-10 14:11:56,927 - INFO - 매도 조건 충족: 평단가(299,000), 현재가(298,500) -> 목표가(301,500원) (보수적 상향 보정)
2026-06-10 14:11:56,928 - INFO - [SELL] 주문 요청: 005930, 1주, 301500원
2026-06-10 14:12:01,711 - INFO - 주문 성공! 주문번호: 0000032985
2026-06-10 14:12:01,750 - INFO - 자가 최적화 기록 완료: C:\Users\witpo\OneDrive\바탕 화면\YONSEI\26-1\ECO4126 인공지능과금융공학\open-trading-api\self_optimization_history
2026-06-10 14:12:01,763 - INFO - 60초 후 다음 확인을 진행합니다. (현재 상태: SELLING)
2026-06-10 14:13:04,999 - INFO - [005930] 현재가: 299750, 고가: 314500, 저가: 296500
2026-06-10 14:13:10,550 - INFO - 계좌 예수금: 9583572원
2026-06-10 14:13:10,550 - INFO - [005930] 보유: 1주, 매도 가능: 0주, 평단가: 299,000원
2026-06-10 14:13:10,565 - INFO - 미실현 손익: 750원 (0.25%), 최고 수익률: 0.50%
2026-06-10 14:13:10,581 - INFO - 보유 수량(1)에 대해 매도 주문(0000032985)이 진행 중입니다.
2026-06-10 14:13:10,581 - INFO - 60초 후 다음 확인을 진행합니다. (현재 상태: SELLING)
2026-06-10 14:14:13,742 - INFO - [005930] 현재가: 299500, 고가: 314500, 저가: 296500
2026-06-10 14:14:22,332 - INFO - 계좌 예수금: 9583572원
2026-06-10 14:14:22,333 - INFO - [005930] 보유: 1주, 매도 가능: 0주, 평단가: 299,000원
2026-06-10 14:14:22,348 - INFO - 미실현 손익: 500원 (0.17%), 최고 수익률: 0.50%
2026-06-10 14:14:22,363 - INFO - 보유 수량(1)에 대해 매도 주문(0000032985)이 진행 중입니다.
2026-06-10 14:14:22,363 - INFO - 60초 후 다음 확인을 진행합니다. (현재 상태: SELLING)
2026-06-10 14:15:22,847 - INFO - [005930] 현재가: 299000, 고가: 314500, 저가: 296500
2026-06-10 14:15:22,847 - WARNING - ⚠️ 주문 고착 감지: 가격 이탈 (현재가:299,000, 목표가:301,500, 차이:2,500). 주문 취소를 시도합니다.
2026-06-10 14:15:22,847 - INFO - [CANCEL] 주문 취소 요청: 005930, 주문번호: 0000032985
2026-06-10 14:15:24,705 - INFO - 주문 취소 성공! (원주문: 0000032985)
2026-06-10 14:15:24,732 - INFO - 상태 전환 완료: HOLDING
2026-06-10 14:15:32,719 - INFO - 계좌 예수금: 9583572원
2026-06-10 14:15:32,719 - INFO - [005930] 보유: 1주, 매도 가능: 1주, 평단가: 299,000원
2026-06-10 14:15:32,734 - INFO - 미실현 손익: 0원 (0.00%), 최고 수익률: 0.50%
2026-06-10 14:15:32,748 - INFO - 매도 조건 충족: 평단가(299,000), 현재가(299,000) -> 목표가(301,000원) (보수적 상향 보정)
2026-06-10 14:15:32,748 - INFO - [SELL] 주문 요청: 005930, 1주, 301000원
2026-06-10 14:15:34,760 - INFO - 주문 성공! 주문번호: 0000033209
2026-06-10 14:15:34,789 - INFO - 60초 후 다음 확인을 진행합니다. (현재 상태: SELLING)
2026-06-10 14:16:35,894 - INFO - [005930] 현재가: 298250, 고가: 314500, 저가: 296500
2026-06-10 14:16:35,894 - WARNING - ⚠️ 주문 고착 감지: 가격 이탈 (현재가:298,250, 목표가:301,000, 차이:2,750). 주문 취소를 시도합니다.
2026-06-10 14:16:35,895 - INFO - [CANCEL] 주문 취소 요청: 005930, 주문번호: 0000033209
2026-06-10 14:16:37,194 - INFO - 주문 취소 성공! (원주문: 0000033209)
2026-06-10 14:16:37,223 - INFO - 상태 전환 완료: HOLDING
2026-06-10 14:16:43,078 - INFO - 계좌 예수금: 9583572원
2026-06-10 14:16:43,078 - INFO - [005930] 보유: 1주, 매도 가능: 1주, 평단가: 299,000원
2026-06-10 14:16:43,093 - INFO - 미실현 손익: -750원 (-0.25%), 최고 수익률: 0.50%
2026-06-10 14:16:43,107 - INFO - 매도 조건 충족: 평단가(299,000), 현재가(298,250) -> 목표가(301,000원) (보수적 상향 보정)
2026-06-10 14:16:43,108 - INFO - [SELL] 주문 요청: 005930, 1주, 301000원
2026-06-10 14:16:43,871 - INFO - 주문 성공! 주문번호: 0000033311
2026-06-10 14:16:43,900 - INFO - 60초 후 다음 확인을 진행합니다. (현재 상태: SELLING)
2026-06-10 14:17:46,226 - INFO - [005930] 현재가: 297500, 고가: 314500, 저가: 296500
2026-06-10 14:17:46,226 - WARNING - ⚠️ 주문 고착 감지: 가격 이탈 (현재가:297,500, 목표가:301,000, 차이:3,500). 주문 취소를 시도합니다.
2026-06-10 14:17:46,226 - INFO - [CANCEL] 주문 취소 요청: 005930, 주문번호: 0000033311
2026-06-10 14:17:47,870 - INFO - 주문 취소 성공! (원주문: 0000033311)
2026-06-10 14:17:47,895 - INFO - 상태 전환 완료: HOLDING
2026-06-10 14:17:53,317 - INFO - 계좌 예수금: 9583572원
2026-06-10 14:17:53,317 - INFO - [005930] 보유: 1주, 매도 가능: 1주, 평단가: 299,000원
2026-06-10 14:17:53,329 - INFO - 미실현 손익: -1,500원 (-0.50%), 최고 수익률: 0.50%
2026-06-10 14:17:53,343 - INFO - 매도 조건 충족: 평단가(299,000), 현재가(297,500) -> 목표가(301,000원) (보수적 상향 보정)
2026-06-10 14:17:53,343 - INFO - [SELL] 주문 요청: 005930, 1주, 301000원
2026-06-10 14:17:55,008 - INFO - 주문 성공! 주문번호: 0000033389
2026-06-10 14:17:55,036 - INFO - 60초 후 다음 확인을 진행합니다. (현재 상태: SELLING)
2026-06-10 14:18:56,560 - INFO - [005930] 현재가: 298000, 고가: 314500, 저가: 296500
2026-06-10 14:18:56,561 - WARNING - ⚠️ 주문 고착 감지: 가격 이탈 (현재가:298,000, 목표가:301,000, 차이:3,000). 주문 취소를 시도합니다.
2026-06-10 14:18:56,561 - INFO - [CANCEL] 주문 취소 요청: 005930, 주문번호: 0000033389
2026-06-10 14:18:57,817 - INFO - 주문 취소 성공! (원주문: 0000033389)
2026-06-10 14:18:57,845 - INFO - 상태 전환 완료: HOLDING
2026-06-10 14:19:04,015 - INFO - 계좌 예수금: 9583572원
2026-06-10 14:19:04,015 - INFO - [005930] 보유: 1주, 매도 가능: 1주, 평단가: 299,000원
2026-06-10 14:19:04,029 - INFO - 미실현 손익: -1,000원 (-0.33%), 최고 수익률: 0.50%
2026-06-10 14:19:04,044 - INFO - 매도 조건 충족: 평단가(299,000), 현재가(298,000) -> 목표가(301,000원) (보수적 상향 보정)
2026-06-10 14:19:04,044 - INFO - [SELL] 주문 요청: 005930, 1주, 301000원
2026-06-10 14:19:07,342 - INFO - 주문 성공! 주문번호: 0000033477
2026-06-10 14:19:07,366 - INFO - 60초 후 다음 확인을 진행합니다. (현재 상태: SELLING)
2026-06-10 14:20:14,023 - INFO - [005930] 현재가: 297750, 고가: 314500, 저가: 296500
2026-06-10 14:20:14,023 - WARNING - ⚠️ 주문 고착 감지: 가격 이탈 (현재가:297,750, 목표가:301,000, 차이:3,250). 주문 취소를 시도합니다.
2026-06-10 14:20:14,024 - INFO - [CANCEL] 주문 취소 요청: 005930, 주문번호: 0000033477
2026-06-10 14:20:14,469 - INFO - 주문 취소 성공! (원주문: 0000033477)
2026-06-10 14:20:14,496 - INFO - 상태 전환 완료: HOLDING
2026-06-10 14:20:25,622 - ERROR - GET 요청 실패 (VTTC8434R): HTTPSConnectionPool(host='openapivts.koreainvestment.com', port=29443): Read timed out. (read timeout=10)
2026-06-10 14:20:25,622 - ERROR - 잔고 조회 실패
2026-06-10 14:20:27,336 - WARNING - 예수금 부족으로 매수 불가 (예수금: 0원, 필요: 296000원)
2026-06-10 14:20:27,336 - INFO - 60초 후 다음 확인을 진행합니다. (현재 상태: IDLE)
2026-06-10 14:21:31,227 - INFO - [005930] 현재가: 297000, 고가: 314500, 저가: 296500
2026-06-10 14:21:35,881 - INFO - 계좌 예수금: 9583572원
2026-06-10 14:21:35,881 - INFO - [005930] 보유: 1주, 매도 가능: 1주, 평단가: 299,000원
2026-06-10 14:21:35,896 - INFO - 미실현 손익: -2,000원 (-0.67%), 최고 수익률: 0.00%
2026-06-10 14:21:35,911 - INFO - 매도 조건 충족: 평단가(299,000), 현재가(297,000) -> 목표가(301,000원) (보수적 상향 보정)
2026-06-10 14:21:35,911 - INFO - [SELL] 주문 요청: 005930, 1주, 301000원
2026-06-10 14:21:38,888 - INFO - 주문 성공! 주문번호: 0000033637
2026-06-10 14:21:38,918 - INFO - 60초 후 다음 확인을 진행합니다. (현재 상태: SELLING)
2026-06-10 14:22:41,883 - INFO - [005930] 현재가: 297000, 고가: 314500, 저가: 296500
2026-06-10 14:22:41,884 - WARNING - ⚠️ 주문 고착 감지: 가격 이탈 (현재가:297,000, 목표가:301,000, 차이:4,000). 주문 취소를 시도합니다.
2026-06-10 14:22:41,884 - INFO - [CANCEL] 주문 취소 요청: 005930, 주문번호: 0000033637
2026-06-10 14:22:44,978 - INFO - 주문 취소 성공! (원주문: 0000033637)
2026-06-10 14:22:45,008 - INFO - 상태 전환 완료: HOLDING
2026-06-10 14:22:51,945 - INFO - 계좌 예수금: 9583572원
2026-06-10 14:22:51,946 - INFO - [005930] 보유: 1주, 매도 가능: 1주, 평단가: 299,000원
2026-06-10 14:22:51,960 - INFO - 미실현 손익: -2,000원 (-0.67%), 최고 수익률: 0.00%
2026-06-10 14:22:51,976 - INFO - 매도 조건 충족: 평단가(299,000), 현재가(297,000) -> 목표가(301,000원) (보수적 상향 보정)
2026-06-10 14:22:51,976 - INFO - [SELL] 주문 요청: 005930, 1주, 301000원
2026-06-10 14:22:52,093 - INFO - 주문 성공! 주문번호: 0000033708
2026-06-10 14:22:52,123 - INFO - 60초 후 다음 확인을 진행합니다. (현재 상태: SELLING)
2026-06-10 14:23:52,937 - INFO - [005930] 현재가: 297500, 고가: 314500, 저가: 296500
2026-06-10 14:23:52,938 - WARNING - ⚠️ 주문 고착 감지: 가격 이탈 (현재가:297,500, 목표가:301,000, 차이:3,500). 주문 취소를 시도합니다.
2026-06-10 14:23:52,938 - INFO - [CANCEL] 주문 취소 요청: 005930, 주문번호: 0000033708
2026-06-10 14:23:54,282 - INFO - 주문 취소 성공! (원주문: 0000033708)
2026-06-10 14:23:54,310 - INFO - 상태 전환 완료: HOLDING
2026-06-10 14:23:59,802 - INFO - 계좌 예수금: 9583572원
2026-06-10 14:23:59,803 - INFO - [005930] 보유: 1주, 매도 가능: 1주, 평단가: 299,000원
2026-06-10 14:23:59,817 - INFO - 미실현 손익: -1,500원 (-0.50%), 최고 수익률: 0.00%
2026-06-10 14:23:59,831 - INFO - 매도 조건 충족: 평단가(299,000), 현재가(297,500) -> 목표가(301,000원) (보수적 상향 보정)
2026-06-10 14:23:59,832 - INFO - [SELL] 주문 요청: 005930, 1주, 301000원
2026-06-10 14:24:00,572 - INFO - 주문 성공! 주문번호: 0000033786
2026-06-10 14:24:00,600 - INFO - 60초 후 다음 확인을 진행합니다. (현재 상태: SELLING)
2026-06-10 14:25:00,687 - INFO - [005930] 현재가: 297500, 고가: 314500, 저가: 296500
2026-06-10 14:25:00,688 - WARNING - ⚠️ 주문 고착 감지: 가격 이탈 (현재가:297,500, 목표가:301,000, 차이:3,500). 주문 취소를 시도합니다.
2026-06-10 14:25:00,688 - INFO - [CANCEL] 주문 취소 요청: 005930, 주문번호: 0000033786
2026-06-10 14:25:03,654 - INFO - 주문 취소 성공! (원주문: 0000033786)
2026-06-10 14:25:03,683 - INFO - 상태 전환 완료: HOLDING
2026-06-10 14:25:11,566 - INFO - 계좌 예수금: 9583572원
2026-06-10 14:25:11,566 - INFO - [005930] 보유: 1주, 매도 가능: 1주, 평단가: 299,000원
2026-06-10 14:25:11,582 - INFO - 미실현 손익: -1,500원 (-0.50%), 최고 수익률: 0.00%
2026-06-10 14:25:11,597 - INFO - 매도 조건 충족: 평단가(299,000), 현재가(297,500) -> 목표가(301,000원) (보수적 상향 보정)
2026-06-10 14:25:11,597 - INFO - [SELL] 주문 요청: 005930, 1주, 301000원
2026-06-10 14:25:14,150 - INFO - 주문 성공! 주문번호: 0000033877
2026-06-10 14:25:14,183 - INFO - 60초 후 다음 확인을 진행합니다. (현재 상태: SELLING)
2026-06-10 14:26:17,960 - INFO - [005930] 현재가: 297000, 고가: 314500, 저가: 296500
2026-06-10 14:26:17,960 - WARNING - ⚠️ 주문 고착 감지: 가격 이탈 (현재가:297,000, 목표가:301,000, 차이:4,000). 주문 취소를 시도합니다.
2026-06-10 14:26:17,960 - INFO - [CANCEL] 주문 취소 요청: 005930, 주문번호: 0000033877
2026-06-10 14:26:21,061 - INFO - 주문 취소 성공! (원주문: 0000033877)
2026-06-10 14:26:21,089 - INFO - 상태 전환 완료: HOLDING
2026-06-10 14:26:29,905 - INFO - 계좌 예수금: 9583572원
2026-06-10 14:26:29,905 - INFO - [005930] 보유: 1주, 매도 가능: 1주, 평단가: 299,000원
2026-06-10 14:26:29,922 - INFO - 미실현 손익: -2,000원 (-0.67%), 최고 수익률: 0.00%
2026-06-10 14:26:29,934 - INFO - 매도 조건 충족: 평단가(299,000), 현재가(297,000) -> 목표가(301,000원) (보수적 상향 보정)
2026-06-10 14:26:29,935 - INFO - [SELL] 주문 요청: 005930, 1주, 301000원
2026-06-10 14:26:34,376 - INFO - 주문 성공! 주문번호: 0000033950
2026-06-10 14:26:34,405 - INFO - 60초 후 다음 확인을 진행합니다. (현재 상태: SELLING)
2026-06-10 14:27:35,943 - INFO - [005930] 현재가: 298000, 고가: 314500, 저가: 296500
2026-06-10 14:27:35,944 - WARNING - ⚠️ 주문 고착 감지: 가격 이탈 (현재가:298,000, 목표가:301,000, 차이:3,000). 주문 취소를 시도합니다.
2026-06-10 14:27:35,944 - INFO - [CANCEL] 주문 취소 요청: 005930, 주문번호: 0000033950
2026-06-10 14:27:36,072 - INFO - 주문 취소 성공! (원주문: 0000033950)
2026-06-10 14:27:36,100 - INFO - 상태 전환 완료: HOLDING
2026-06-10 14:27:42,123 - INFO - 계좌 예수금: 9583572원
2026-06-10 14:27:42,124 - INFO - [005930] 보유: 1주, 매도 가능: 1주, 평단가: 299,000원
2026-06-10 14:27:42,139 - INFO - 미실현 손익: -1,000원 (-0.33%), 최고 수익률: 0.00%
2026-06-10 14:27:42,153 - INFO - 매도 조건 충족: 평단가(299,000), 현재가(298,000) -> 목표가(301,000원) (보수적 상향 보정)
2026-06-10 14:27:42,154 - INFO - [SELL] 주문 요청: 005930, 1주, 301000원
2026-06-10 14:27:42,945 - INFO - 주문 성공! 주문번호: 0000034043
2026-06-10 14:27:42,973 - INFO - 60초 후 다음 확인을 진행합니다. (현재 상태: SELLING)
2026-06-10 14:28:43,062 - INFO - [005930] 현재가: 299000, 고가: 314500, 저가: 296500
2026-06-10 14:28:47,991 - INFO - 계좌 예수금: 9583572원
2026-06-10 14:28:47,991 - INFO - [005930] 보유: 1주, 매도 가능: 0주, 평단가: 299,000원
2026-06-10 14:28:48,007 - INFO - 미실현 손익: 0원 (0.00%), 최고 수익률: 0.00%
2026-06-10 14:28:48,024 - INFO - 보유 수량(1)에 대해 매도 주문(0000034043)이 진행 중입니다.
2026-06-10 14:28:48,025 - INFO - 60초 후 다음 확인을 진행합니다. (현재 상태: SELLING)
2026-06-10 14:29:48,117 - INFO - [005930] 현재가: 299500, 고가: 314500, 저가: 296500
2026-06-10 14:29:52,187 - INFO - 계좌 예수금: 9583572원
2026-06-10 14:29:52,188 - INFO - [005930] 보유: 1주, 매도 가능: 0주, 평단가: 299,000원
2026-06-10 14:29:52,203 - INFO - 미실현 손익: 500원 (0.17%), 최고 수익률: 0.17%
2026-06-10 14:29:52,217 - INFO - 보유 수량(1)에 대해 매도 주문(0000034043)이 진행 중입니다.
2026-06-10 14:29:52,218 - INFO - 60초 후 다음 확인을 진행합니다. (현재 상태: SELLING)
2026-06-10 14:30:53,889 - INFO - [005930] 현재가: 299000, 고가: 314500, 저가: 296500
2026-06-10 14:31:00,288 - INFO - 계좌 예수금: 9583572원
2026-06-10 14:31:00,288 - INFO - [005930] 보유: 1주, 매도 가능: 0주, 평단가: 299,000원
2026-06-10 14:31:00,303 - INFO - 미실현 손익: 0원 (0.00%), 최고 수익률: 0.17%
2026-06-10 14:31:00,318 - INFO - 보유 수량(1)에 대해 매도 주문(0000034043)이 진행 중입니다.
2026-06-10 14:31:00,318 - INFO - 60초 후 다음 확인을 진행합니다. (현재 상태: SELLING)
2026-06-10 14:32:00,415 - INFO - [005930] 현재가: 298500, 고가: 314500, 저가: 296500
2026-06-10 14:32:00,416 - WARNING - ⚠️ 주문 고착 감지: 가격 이탈 (현재가:298,500, 목표가:301,000, 차이:2,500). 주문 취소를 시도합니다.
2026-06-10 14:32:00,416 - INFO - [CANCEL] 주문 취소 요청: 005930, 주문번호: 0000034043
2026-06-10 14:32:00,940 - ERROR - POST 요청 실패 (VTTC0013U): 500 Server Error: Internal Server Error for url: https://openapivts.koreainvestment.com:29443/uapi/domestic-stock/v1/trading/order-rvsecncl
2026-06-10 14:32:00,940 - ERROR - 상세 에러: {"rt_cd":"1","msg1":"초당 거래건수를 초과하였습니다.","msg_cd":"EGW00201","message":"EGW00201"}
2026-06-10 14:32:00,942 - ERROR - 주문 취소 실패: 응답 없음
2026-06-10 14:32:00,942 - ERROR - 주문 취소 실패. 다음 루프에서 재시도합니다.
2026-06-10 14:32:05,839 - INFO - 계좌 예수금: 9583572원
2026-06-10 14:32:05,840 - INFO - [005930] 보유: 1주, 매도 가능: 0주, 평단가: 299,000원
2026-06-10 14:32:05,855 - INFO - 미실현 손익: -500원 (-0.17%), 최고 수익률: 0.17%
2026-06-10 14:32:05,882 - INFO - 자가 최적화 기록 완료: C:\Users\witpo\OneDrive\바탕 화면\YONSEI\26-1\ECO4126 인공지능과금융공학\open-trading-api\self_optimization_history
2026-06-10 14:32:05,882 - INFO - 보유 수량(1)에 대해 매도 주문(0000034043)이 진행 중입니다.
2026-06-10 14:32:05,883 - INFO - 60초 후 다음 확인을 진행합니다. (현재 상태: SELLING)
2026-06-10 14:33:07,056 - INFO - [005930] 현재가: 300000, 고가: 314500, 저가: 296500
2026-06-10 14:33:13,040 - INFO - 계좌 예수금: 9583572원
2026-06-10 14:33:13,041 - INFO - [005930] 보유: 1주, 매도 가능: 0주, 평단가: 299,000원
2026-06-10 14:33:13,057 - INFO - 미실현 손익: 1,000원 (0.33%), 최고 수익률: 0.33%
2026-06-10 14:33:13,079 - INFO - 보유 수량(1)에 대해 매도 주문(0000034043)이 진행 중입니다.
2026-06-10 14:33:13,079 - INFO - 60초 후 다음 확인을 진행합니다. (현재 상태: SELLING)
2026-06-10 14:34:13,170 - INFO - [005930] 현재가: 299000, 고가: 314500, 저가: 296500
2026-06-10 14:34:21,018 - INFO - 계좌 예수금: 9583572원
2026-06-10 14:34:21,018 - INFO - [005930] 보유: 1주, 매도 가능: 0주, 평단가: 299,000원
2026-06-10 14:34:21,034 - INFO - 미실현 손익: 0원 (0.00%), 최고 수익률: 0.33%
2026-06-10 14:34:21,047 - INFO - 보유 수량(1)에 대해 매도 주문(0000034043)이 진행 중입니다.
2026-06-10 14:34:21,047 - INFO - 60초 후 다음 확인을 진행합니다. (현재 상태: SELLING)
2026-06-10 14:35:25,880 - INFO - [005930] 현재가: 298000, 고가: 314500, 저가: 296500
2026-06-10 14:35:25,880 - WARNING - ⚠️ 주문 고착 감지: 가격 이탈 (현재가:298,000, 목표가:301,000, 차이:3,000). 주문 취소를 시도합니다.
2026-06-10 14:35:25,880 - INFO - [CANCEL] 주문 취소 요청: 005930, 주문번호: 0000034043
2026-06-10 14:35:30,355 - INFO - 주문 취소 성공! (원주문: 0000034043)
2026-06-10 14:35:30,379 - INFO - 상태 전환 완료: HOLDING
2026-06-10 14:35:39,984 - INFO - 계좌 예수금: 9583572원
2026-06-10 14:35:39,984 - INFO - [005930] 보유: 1주, 매도 가능: 1주, 평단가: 299,000원
2026-06-10 14:35:39,997 - INFO - 미실현 손익: -1,000원 (-0.33%), 최고 수익률: 0.33%
2026-06-10 14:35:40,013 - INFO - 매도 조건 충족: 평단가(299,000), 현재가(298,000) -> 목표가(301,500원) (보수적 상향 보정)
2026-06-10 14:35:40,013 - INFO - [SELL] 주문 요청: 005930, 1주, 301500원
2026-06-10 14:35:40,110 - INFO - 주문 성공! 주문번호: 0000034843
2026-06-10 14:35:40,138 - INFO - 60초 후 다음 확인을 진행합니다. (현재 상태: SELLING)
2026-06-10 14:36:40,243 - INFO - [005930] 현재가: 297500, 고가: 314500, 저가: 296500
2026-06-10 14:36:40,243 - WARNING - ⚠️ 주문 고착 감지: 가격 이탈 (현재가:297,500, 목표가:301,500, 차이:4,000). 주문 취소를 시도합니다.
2026-06-10 14:36:40,243 - INFO - [CANCEL] 주문 취소 요청: 005930, 주문번호: 0000034843
2026-06-10 14:36:40,744 - ERROR - POST 요청 실패 (VTTC0013U): 500 Server Error: Internal Server Error for url: https://openapivts.koreainvestment.com:29443/uapi/domestic-stock/v1/trading/order-rvsecncl
2026-06-10 14:36:40,745 - ERROR - 상세 에러: {"rt_cd":"1","msg1":"초당 거래건수를 초과하였습니다.","msg_cd":"EGW00201","message":"EGW00201"}
2026-06-10 14:36:40,747 - ERROR - 주문 취소 실패: 응답 없음
2026-06-10 14:36:40,747 - ERROR - 주문 취소 실패. 다음 루프에서 재시도합니다.
2026-06-10 14:36:50,105 - INFO - 계좌 예수금: 9583572원
2026-06-10 14:36:50,105 - INFO - [005930] 보유: 1주, 매도 가능: 0주, 평단가: 299,000원
2026-06-10 14:36:50,119 - INFO - 미실현 손익: -1,500원 (-0.50%), 최고 수익률: 0.33%
2026-06-10 14:36:50,132 - INFO - 보유 수량(1)에 대해 매도 주문(0000034843)이 진행 중입니다.
2026-06-10 14:36:50,133 - INFO - 60초 후 다음 확인을 진행합니다. (현재 상태: SELLING)
2026-06-10 14:37:50,230 - INFO - [005930] 현재가: 297500, 고가: 314500, 저가: 296500
2026-06-10 14:37:50,231 - WARNING - ⚠️ 주문 고착 감지: 가격 이탈 (현재가:297,500, 목표가:301,500, 차이:4,000). 주문 취소를 시도합니다.
2026-06-10 14:37:50,231 - INFO - [CANCEL] 주문 취소 요청: 005930, 주문번호: 0000034843
2026-06-10 14:37:50,703 - ERROR - POST 요청 실패 (VTTC0013U): 500 Server Error: Internal Server Error for url: https://openapivts.koreainvestment.com:29443/uapi/domestic-stock/v1/trading/order-rvsecncl
2026-06-10 14:37:50,703 - ERROR - 상세 에러: {"rt_cd":"1","msg1":"초당 거래건수를 초과하였습니다.","msg_cd":"EGW00201","message":"EGW00201"}
2026-06-10 14:37:50,705 - ERROR - 주문 취소 실패: 응답 없음
2026-06-10 14:37:50,705 - ERROR - 주문 취소 실패. 다음 루프에서 재시도합니다.
2026-06-10 14:37:53,241 - INFO - 계좌 예수금: 9583572원
2026-06-10 14:37:53,241 - INFO - [005930] 보유: 1주, 매도 가능: 0주, 평단가: 299,000원
2026-06-10 14:37:53,258 - INFO - 미실현 손익: -1,500원 (-0.50%), 최고 수익률: 0.33%
2026-06-10 14:37:53,274 - INFO - 보유 수량(1)에 대해 매도 주문(0000034843)이 진행 중입니다.
2026-06-10 14:37:53,274 - INFO - 60초 후 다음 확인을 진행합니다. (현재 상태: SELLING)
2026-06-10 14:38:53,346 - INFO - [005930] 현재가: 297500, 고가: 314500, 저가: 296500
2026-06-10 14:38:53,347 - WARNING - ⚠️ 주문 고착 감지: 가격 이탈 (현재가:297,500, 목표가:301,500, 차이:4,000). 주문 취소를 시도합니다.
2026-06-10 14:38:53,347 - INFO - [CANCEL] 주문 취소 요청: 005930, 주문번호: 0000034843
2026-06-10 14:38:57,201 - INFO - 주문 취소 성공! (원주문: 0000034843)
2026-06-10 14:38:57,230 - INFO - 상태 전환 완료: HOLDING
2026-06-10 14:39:04,439 - INFO - 계좌 예수금: 9583572원
2026-06-10 14:39:04,439 - INFO - [005930] 보유: 1주, 매도 가능: 1주, 평단가: 299,000원
2026-06-10 14:39:04,467 - INFO - 미실현 손익: -1,500원 (-0.50%), 최고 수익률: 0.33%
2026-06-10 14:39:04,481 - INFO - 매도 조건 충족: 평단가(299,000), 현재가(297,500) -> 목표가(301,500원) (보수적 상향 보정)
2026-06-10 14:39:04,481 - INFO - [SELL] 주문 요청: 005930, 1주, 301500원
2026-06-10 14:39:04,610 - INFO - 주문 성공! 주문번호: 0000035045
2026-06-10 14:39:04,638 - INFO - 60초 후 다음 확인을 진행합니다. (현재 상태: SELLING)
2026-06-10 14:40:10,381 - INFO - [005930] 현재가: 297500, 고가: 314500, 저가: 296500
2026-06-10 14:40:10,382 - WARNING - ⚠️ 주문 고착 감지: 가격 이탈 (현재가:297,500, 목표가:301,500, 차이:4,000). 주문 취소를 시도합니다.
2026-06-10 14:40:10,382 - INFO - [CANCEL] 주문 취소 요청: 005930, 주문번호: 0000035045
2026-06-10 14:40:15,909 - INFO - 주문 취소 성공! (원주문: 0000035045)
2026-06-10 14:40:15,933 - INFO - 상태 전환 완료: HOLDING
2026-06-10 14:40:26,999 - ERROR - GET 요청 실패 (VTTC8434R): HTTPSConnectionPool(host='openapivts.koreainvestment.com', port=29443): Read timed out. (read timeout=10)
2026-06-10 14:40:26,999 - ERROR - 잔고 조회 실패
2026-06-10 14:40:33,773 - WARNING - 예수금 부족으로 매수 불가 (예수금: 0원, 필요: 295000원)
2026-06-10 14:40:33,773 - INFO - 60초 후 다음 확인을 진행합니다. (현재 상태: IDLE)
2026-06-10 14:41:33,886 - INFO - [005930] 현재가: 297500, 고가: 314500, 저가: 296500
2026-06-10 14:41:36,236 - INFO - 계좌 예수금: 9583572원
2026-06-10 14:41:36,237 - INFO - [005930] 보유: 1주, 매도 가능: 1주, 평단가: 299,000원
2026-06-10 14:41:36,248 - INFO - 미실현 손익: -1,500원 (-0.50%), 최고 수익률: 0.00%
2026-06-10 14:41:36,263 - INFO - 매도 조건 충족: 평단가(299,000), 현재가(297,500) -> 목표가(301,500원) (보수적 상향 보정)
2026-06-10 14:41:36,264 - INFO - [SELL] 주문 요청: 005930, 1주, 301500원
2026-06-10 14:41:36,379 - INFO - 주문 성공! 주문번호: 0000035189
2026-06-10 14:41:36,411 - INFO - 60초 후 다음 확인을 진행합니다. (현재 상태: SELLING)
2026-06-10 14:42:37,182 - INFO - [005930] 현재가: 296500, 고가: 314500, 저가: 296500
2026-06-10 14:42:37,183 - WARNING - ⚠️ 주문 고착 감지: 가격 이탈 (현재가:296,500, 목표가:301,500, 차이:5,000). 주문 취소를 시도합니다.
2026-06-10 14:42:37,183 - INFO - [CANCEL] 주문 취소 요청: 005930, 주문번호: 0000035189
2026-06-10 14:42:37,883 - ERROR - POST 요청 실패 (VTTC0013U): 500 Server Error: Internal Server Error for url: https://openapivts.koreainvestment.com:29443/uapi/domestic-stock/v1/trading/order-rvsecncl
2026-06-10 14:42:37,884 - ERROR - 상세 에러: {"rt_cd":"1","msg1":"초당 거래건수를 초과하였습니다.","msg_cd":"EGW00201","message":"EGW00201"}
2026-06-10 14:42:37,885 - ERROR - 주문 취소 실패: 응답 없음
2026-06-10 14:42:37,886 - ERROR - 주문 취소 실패. 다음 루프에서 재시도합니다.
2026-06-10 14:42:43,492 - INFO - 계좌 예수금: 9583572원
2026-06-10 14:42:43,493 - INFO - [005930] 보유: 1주, 매도 가능: 0주, 평단가: 299,000원
2026-06-10 14:42:43,505 - INFO - 미실현 손익: -2,500원 (-0.84%), 최고 수익률: 0.00%
2026-06-10 14:42:43,520 - INFO - 보유 수량(1)에 대해 매도 주문(0000035189)이 진행 중입니다.
2026-06-10 14:42:43,521 - INFO - 60초 후 다음 확인을 진행합니다. (현재 상태: SELLING)
2026-06-10 14:43:43,659 - INFO - [005930] 현재가: 297000, 고가: 314500, 저가: 296500
2026-06-10 14:43:43,660 - WARNING - ⚠️ 주문 고착 감지: 가격 이탈 (현재가:297,000, 목표가:301,500, 차이:4,500). 주문 취소를 시도합니다.
2026-06-10 14:43:43,660 - INFO - [CANCEL] 주문 취소 요청: 005930, 주문번호: 0000035189
2026-06-10 14:43:45,020 - INFO - 주문 취소 성공! (원주문: 0000035189)
2026-06-10 14:43:45,049 - INFO - 상태 전환 완료: HOLDING
2026-06-10 14:43:51,452 - INFO - 계좌 예수금: 9583572원
2026-06-10 14:43:51,452 - INFO - [005930] 보유: 1주, 매도 가능: 1주, 평단가: 299,000원
2026-06-10 14:43:51,468 - INFO - 미실현 손익: -2,000원 (-0.67%), 최고 수익률: 0.00%
2026-06-10 14:43:51,482 - INFO - 매도 조건 충족: 평단가(299,000), 현재가(297,000) -> 목표가(301,500원) (보수적 상향 보정)
2026-06-10 14:43:51,483 - INFO - [SELL] 주문 요청: 005930, 1주, 301500원
2026-06-10 14:43:52,342 - INFO - 주문 성공! 주문번호: 0000035334
2026-06-10 14:43:52,371 - INFO - 60초 후 다음 확인을 진행합니다. (현재 상태: SELLING)
2026-06-10 14:44:52,743 - INFO - [005930] 현재가: 296500, 고가: 314500, 저가: 296500
2026-06-10 14:44:52,743 - WARNING - ⚠️ 주문 고착 감지: 가격 이탈 (현재가:296,500, 목표가:301,500, 차이:5,000). 주문 취소를 시도합니다.
2026-06-10 14:44:52,743 - INFO - [CANCEL] 주문 취소 요청: 005930, 주문번호: 0000035334
2026-06-10 14:44:54,534 - INFO - 주문 취소 성공! (원주문: 0000035334)
2026-06-10 14:44:54,562 - INFO - 상태 전환 완료: HOLDING
2026-06-10 14:45:00,889 - INFO - 계좌 예수금: 9583572원
2026-06-10 14:45:00,890 - INFO - [005930] 보유: 1주, 매도 가능: 1주, 평단가: 299,000원
2026-06-10 14:45:00,907 - INFO - 미실현 손익: -2,500원 (-0.84%), 최고 수익률: 0.00%
2026-06-10 14:45:00,921 - INFO - 매도 조건 충족: 평단가(299,000), 현재가(296,500) -> 목표가(301,500원) (보수적 상향 보정)
2026-06-10 14:45:00,921 - INFO - [SELL] 주문 요청: 005930, 1주, 301500원
2026-06-10 14:45:01,069 - INFO - 주문 성공! 주문번호: 0000035404
2026-06-10 14:45:01,095 - INFO - 60초 후 다음 확인을 진행합니다. (현재 상태: SELLING)
2026-06-10 14:46:04,769 - INFO - [005930] 현재가: 296500, 고가: 314500, 저가: 296000
2026-06-10 14:46:04,770 - WARNING - ⚠️ 주문 고착 감지: 가격 이탈 (현재가:296,500, 목표가:301,500, 차이:5,000). 주문 취소를 시도합니다.
2026-06-10 14:46:04,770 - INFO - [CANCEL] 주문 취소 요청: 005930, 주문번호: 0000035404
2026-06-10 14:46:04,897 - INFO - 주문 취소 성공! (원주문: 0000035404)
2026-06-10 14:46:04,926 - INFO - 상태 전환 완료: HOLDING
2026-06-10 14:46:08,729 - INFO - 계좌 예수금: 9583572원
2026-06-10 14:46:08,729 - INFO - [005930] 보유: 1주, 매도 가능: 1주, 평단가: 299,000원
2026-06-10 14:46:08,742 - INFO - 미실현 손익: -2,500원 (-0.84%), 최고 수익률: 0.00%
2026-06-10 14:46:08,755 - INFO - 매도 조건 충족: 평단가(299,000), 현재가(296,500) -> 목표가(301,500원) (보수적 상향 보정)
2026-06-10 14:46:08,755 - INFO - [SELL] 주문 요청: 005930, 1주, 301500원
2026-06-10 14:46:12,261 - INFO - 주문 성공! 주문번호: 0000035475
2026-06-10 14:46:12,290 - INFO - 60초 후 다음 확인을 진행합니다. (현재 상태: SELLING)
2026-06-10 14:47:14,331 - INFO - [005930] 현재가: 296000, 고가: 314500, 저가: 296000
2026-06-10 14:47:14,331 - WARNING - ⚠️ 주문 고착 감지: 가격 이탈 (현재가:296,000, 목표가:301,500, 차이:5,500). 주문 취소를 시도합니다.
2026-06-10 14:47:14,331 - INFO - [CANCEL] 주문 취소 요청: 005930, 주문번호: 0000035475
2026-06-10 14:47:14,464 - INFO - 주문 취소 성공! (원주문: 0000035475)
2026-06-10 14:47:14,492 - INFO - 상태 전환 완료: HOLDING
2026-06-10 14:47:18,197 - INFO - 계좌 예수금: 9583572원
2026-06-10 14:47:18,198 - INFO - [005930] 보유: 1주, 매도 가능: 1주, 평단가: 299,000원
2026-06-10 14:47:18,213 - INFO - 미실현 손익: -3,000원 (-1.00%), 최고 수익률: 0.00%
2026-06-10 14:47:18,227 - INFO - 매도 조건 충족: 평단가(299,000), 현재가(296,000) -> 목표가(301,500원) (보수적 상향 보정)
2026-06-10 14:47:18,227 - INFO - [SELL] 주문 요청: 005930, 1주, 301500원
2026-06-10 14:47:18,372 - INFO - 주문 성공! 주문번호: 0000035569
2026-06-10 14:47:18,401 - INFO - 60초 후 다음 확인을 진행합니다. (현재 상태: SELLING)
2026-06-10 14:48:18,493 - INFO - [005930] 현재가: 296000, 고가: 314500, 저가: 295500
2026-06-10 14:48:18,493 - WARNING - ⚠️ 주문 고착 감지: 가격 이탈 (현재가:296,000, 목표가:301,500, 차이:5,500). 주문 취소를 시도합니다.
2026-06-10 14:48:18,494 - INFO - [CANCEL] 주문 취소 요청: 005930, 주문번호: 0000035569
2026-06-10 14:48:20,884 - INFO - 주문 취소 성공! (원주문: 0000035569)
2026-06-10 14:48:20,909 - INFO - 상태 전환 완료: HOLDING
2026-06-10 14:48:24,321 - INFO - 계좌 예수금: 9583572원
2026-06-10 14:48:24,321 - INFO - [005930] 보유: 1주, 매도 가능: 1주, 평단가: 299,000원
2026-06-10 14:48:24,334 - INFO - 미실현 손익: -3,000원 (-1.00%), 최고 수익률: 0.00%
2026-06-10 14:48:24,347 - INFO - 매도 조건 충족: 평단가(299,000), 현재가(296,000) -> 목표가(301,500원) (보수적 상향 보정)
2026-06-10 14:48:24,348 - INFO - [SELL] 주문 요청: 005930, 1주, 301500원
2026-06-10 14:48:26,809 - INFO - 주문 성공! 주문번호: 0000035658
2026-06-10 14:48:26,838 - INFO - 60초 후 다음 확인을 진행합니다. (현재 상태: SELLING)
2026-06-10 14:49:29,462 - INFO - [005930] 현재가: 295500, 고가: 314500, 저가: 295250
2026-06-10 14:49:29,463 - WARNING - ⚠️ 주문 고착 감지: 가격 이탈 (현재가:295,500, 목표가:301,500, 차이:6,000). 주문 취소를 시도합니다.
2026-06-10 14:49:29,463 - INFO - [CANCEL] 주문 취소 요청: 005930, 주문번호: 0000035658
2026-06-10 14:49:31,955 - INFO - 주문 취소 성공! (원주문: 0000035658)
2026-06-10 14:49:31,979 - INFO - 상태 전환 완료: HOLDING
2026-06-10 14:49:35,119 - INFO - 계좌 예수금: 9583572원
2026-06-10 14:49:35,119 - INFO - [005930] 보유: 1주, 매도 가능: 1주, 평단가: 299,000원
2026-06-10 14:49:35,134 - INFO - 미실현 손익: -3,500원 (-1.17%), 최고 수익률: 0.00%
2026-06-10 14:49:35,147 - INFO - 매도 조건 충족: 평단가(299,000), 현재가(295,500) -> 목표가(301,500원) (보수적 상향 보정)
2026-06-10 14:49:35,148 - INFO - [SELL] 주문 요청: 005930, 1주, 301500원
2026-06-10 14:49:37,985 - INFO - 주문 성공! 주문번호: 0000035714
2026-06-10 14:49:38,013 - INFO - 60초 후 다음 확인을 진행합니다. (현재 상태: SELLING)
2026-06-10 14:50:38,101 - INFO - [005930] 현재가: 296000, 고가: 314500, 저가: 295250
2026-06-10 14:50:38,102 - WARNING - ⚠️ 주문 고착 감지: 가격 이탈 (현재가:296,000, 목표가:301,500, 차이:5,500). 주문 취소를 시도합니다.
2026-06-10 14:50:38,102 - INFO - [CANCEL] 주문 취소 요청: 005930, 주문번호: 0000035714
2026-06-10 14:50:43,318 - INFO - 주문 취소 성공! (원주문: 0000035714)
2026-06-10 14:50:43,341 - INFO - 상태 전환 완료: HOLDING
2026-06-10 14:50:47,718 - INFO - 계좌 예수금: 9583572원
2026-06-10 14:50:47,718 - INFO - [005930] 보유: 1주, 매도 가능: 1주, 평단가: 299,000원
2026-06-10 14:50:47,734 - INFO - 미실현 손익: -3,000원 (-1.00%), 최고 수익률: 0.00%
2026-06-10 14:50:47,747 - INFO - 매도 조건 충족: 평단가(299,000), 현재가(296,000) -> 목표가(301,500원) (보수적 상향 보정)
2026-06-10 14:50:47,748 - INFO - [SELL] 주문 요청: 005930, 1주, 301500원
2026-06-10 14:50:48,847 - INFO - 주문 성공! 주문번호: 0000035792
2026-06-10 14:50:48,875 - INFO - 60초 후 다음 확인을 진행합니다. (현재 상태: SELLING)
2026-06-10 14:51:48,975 - INFO - [005930] 현재가: 297000, 고가: 314500, 저가: 295250
2026-06-10 14:51:48,976 - WARNING - ⚠️ 주문 고착 감지: 가격 이탈 (현재가:297,000, 목표가:301,500, 차이:4,500). 주문 취소를 시도합니다.
2026-06-10 14:51:48,976 - INFO - [CANCEL] 주문 취소 요청: 005930, 주문번호: 0000035792
2026-06-10 14:51:49,521 - INFO - 주문 취소 성공! (원주문: 0000035792)
2026-06-10 14:51:49,547 - INFO - 상태 전환 완료: HOLDING
2026-06-10 14:51:53,689 - INFO - 계좌 예수금: 9583572원
2026-06-10 14:51:53,689 - INFO - [005930] 보유: 1주, 매도 가능: 1주, 평단가: 299,000원
2026-06-10 14:51:53,703 - INFO - 미실현 손익: -2,000원 (-0.67%), 최고 수익률: 0.00%
2026-06-10 14:51:53,718 - INFO - 매도 조건 충족: 평단가(299,000), 현재가(297,000) -> 목표가(301,500원) (보수적 상향 보정)
2026-06-10 14:51:53,718 - INFO - [SELL] 주문 요청: 005930, 1주, 301500원
2026-06-10 14:51:54,012 - INFO - 주문 성공! 주문번호: 0000035873
2026-06-10 14:51:54,041 - INFO - 60초 후 다음 확인을 진행합니다. (현재 상태: SELLING)
2026-06-10 14:52:54,349 - INFO - [005930] 현재가: 296000, 고가: 314500, 저가: 295250
2026-06-10 14:52:54,350 - WARNING - ⚠️ 주문 고착 감지: 가격 이탈 (현재가:296,000, 목표가:301,500, 차이:5,500). 주문 취소를 시도합니다.
2026-06-10 14:52:54,350 - INFO - [CANCEL] 주문 취소 요청: 005930, 주문번호: 0000035873
2026-06-10 14:52:55,799 - INFO - 주문 취소 성공! (원주문: 0000035873)
2026-06-10 14:52:55,827 - INFO - 상태 전환 완료: HOLDING
2026-06-10 14:53:01,940 - INFO - 계좌 예수금: 9583572원
2026-06-10 14:53:01,941 - INFO - [005930] 보유: 1주, 매도 가능: 1주, 평단가: 299,000원
2026-06-10 14:53:01,957 - INFO - 미실현 손익: -3,000원 (-1.00%), 최고 수익률: 0.00%
2026-06-10 14:53:01,972 - INFO - 매도 조건 충족: 평단가(299,000), 현재가(296,000) -> 목표가(301,500원) (보수적 상향 보정)
2026-06-10 14:53:01,972 - INFO - [SELL] 주문 요청: 005930, 1주, 301500원
2026-06-10 14:53:03,012 - INFO - 주문 성공! 주문번호: 0000035945
2026-06-10 14:53:03,051 - INFO - 자가 최적화 기록 완료: C:\Users\witpo\OneDrive\바탕 화면\YONSEI\26-1\ECO4126 인공지능과금융공학\open-trading-api\self_optimization_history
2026-06-10 14:53:03,063 - INFO - 60초 후 다음 확인을 진행합니다. (현재 상태: SELLING)
2026-06-10 14:54:03,930 - INFO - [005930] 현재가: 297000, 고가: 314500, 저가: 295250
2026-06-10 14:54:03,931 - WARNING - ⚠️ 주문 고착 감지: 가격 이탈 (현재가:297,000, 목표가:301,500, 차이:4,500). 주문 취소를 시도합니다.
2026-06-10 14:54:03,931 - INFO - [CANCEL] 주문 취소 요청: 005930, 주문번호: 0000035945
2026-06-10 14:54:04,888 - INFO - 주문 취소 성공! (원주문: 0000035945)
2026-06-10 14:54:04,913 - INFO - 상태 전환 완료: HOLDING
2026-06-10 14:54:10,428 - INFO - 계좌 예수금: 9583572원
2026-06-10 14:54:10,429 - INFO - [005930] 보유: 1주, 매도 가능: 1주, 평단가: 299,000원
2026-06-10 14:54:10,445 - INFO - 미실현 손익: -2,000원 (-0.67%), 최고 수익률: 0.00%
2026-06-10 14:54:10,458 - INFO - 매도 조건 충족: 평단가(299,000), 현재가(297,000) -> 목표가(301,000원) (보수적 상향 보정)
2026-06-10 14:54:10,459 - INFO - [SELL] 주문 요청: 005930, 1주, 301000원
2026-06-10 14:54:10,595 - INFO - 주문 성공! 주문번호: 0000036059
2026-06-10 14:54:10,626 - INFO - 60초 후 다음 확인을 진행합니다. (현재 상태: SELLING)
2026-06-10 14:55:10,861 - INFO - [005930] 현재가: 298000, 고가: 314500, 저가: 295250
2026-06-10 14:55:10,862 - WARNING - ⚠️ 주문 고착 감지: 가격 이탈 (현재가:298,000, 목표가:301,000, 차이:3,000). 주문 취소를 시도합니다.
2026-06-10 14:55:10,862 - INFO - [CANCEL] 주문 취소 요청: 005930, 주문번호: 0000036059
2026-06-10 14:55:11,261 - INFO - 주문 취소 성공! (원주문: 0000036059)
2026-06-10 14:55:11,288 - INFO - 상태 전환 완료: HOLDING
2026-06-10 14:55:21,706 - INFO - 계좌 예수금: 9583572원
2026-06-10 14:55:21,706 - INFO - [005930] 보유: 1주, 매도 가능: 1주, 평단가: 299,000원
2026-06-10 14:55:21,723 - INFO - 미실현 손익: -1,000원 (-0.33%), 최고 수익률: 0.00%
2026-06-10 14:55:21,737 - INFO - 매도 조건 충족: 평단가(299,000), 현재가(298,000) -> 목표가(301,000원) (보수적 상향 보정)
2026-06-10 14:55:21,737 - INFO - [SELL] 주문 요청: 005930, 1주, 301000원
2026-06-10 14:55:22,079 - INFO - 주문 성공! 주문번호: 0000036165
2026-06-10 14:55:22,108 - INFO - 60초 후 다음 확인을 진행합니다. (현재 상태: SELLING)
2026-06-10 14:56:22,206 - INFO - [005930] 현재가: 298500, 고가: 314500, 저가: 295250
2026-06-10 14:56:22,207 - WARNING - ⚠️ 주문 고착 감지: 가격 이탈 (현재가:298,500, 목표가:301,000, 차이:2,500). 주문 취소를 시도합니다.
2026-06-10 14:56:22,207 - INFO - [CANCEL] 주문 취소 요청: 005930, 주문번호: 0000036165
2026-06-10 14:56:24,990 - INFO - 주문 취소 성공! (원주문: 0000036165)
2026-06-10 14:56:25,016 - INFO - 상태 전환 완료: HOLDING
2026-06-10 14:56:32,543 - INFO - 계좌 예수금: 9583572원
2026-06-10 14:56:32,544 - INFO - [005930] 보유: 1주, 매도 가능: 1주, 평단가: 299,000원
2026-06-10 14:56:32,558 - INFO - 미실현 손익: -500원 (-0.17%), 최고 수익률: 0.00%
2026-06-10 14:56:32,573 - INFO - 매도 조건 충족: 평단가(299,000), 현재가(298,500) -> 목표가(301,000원) (보수적 상향 보정)
2026-06-10 14:56:32,573 - INFO - [SELL] 주문 요청: 005930, 1주, 301000원
2026-06-10 14:56:35,379 - INFO - 주문 성공! 주문번호: 0000036272
2026-06-10 14:56:35,408 - INFO - 60초 후 다음 확인을 진행합니다. (현재 상태: SELLING)
2026-06-10 14:57:35,509 - INFO - [005930] 현재가: 299000, 고가: 314500, 저가: 295250
2026-06-10 14:57:41,991 - INFO - 계좌 예수금: 9583572원
2026-06-10 14:57:41,992 - INFO - [005930] 보유: 1주, 매도 가능: 0주, 평단가: 299,000원
2026-06-10 14:57:42,007 - INFO - 미실현 손익: 0원 (0.00%), 최고 수익률: 0.00%
2026-06-10 14:57:42,020 - INFO - 보유 수량(1)에 대해 매도 주문(0000036272)이 진행 중입니다.
2026-06-10 14:57:42,020 - INFO - 60초 후 다음 확인을 진행합니다. (현재 상태: SELLING)
2026-06-10 14:58:43,176 - INFO - [005930] 현재가: 298000, 고가: 314500, 저가: 295250
2026-06-10 14:58:43,177 - WARNING - ⚠️ 주문 고착 감지: 가격 이탈 (현재가:298,000, 목표가:301,000, 차이:3,000). 주문 취소를 시도합니다.
2026-06-10 14:58:43,177 - INFO - [CANCEL] 주문 취소 요청: 005930, 주문번호: 0000036272
2026-06-10 14:58:43,295 - INFO - 주문 취소 성공! (원주문: 0000036272)
2026-06-10 14:58:43,324 - INFO - 상태 전환 완료: HOLDING
2026-06-10 14:58:46,606 - INFO - 계좌 예수금: 9583572원
2026-06-10 14:58:46,607 - INFO - [005930] 보유: 1주, 매도 가능: 1주, 평단가: 299,000원
2026-06-10 14:58:46,621 - INFO - 미실현 손익: -1,000원 (-0.33%), 최고 수익률: 0.00%
2026-06-10 14:58:46,638 - INFO - 매도 조건 충족: 평단가(299,000), 현재가(298,000) -> 목표가(301,000원) (보수적 상향 보정)
2026-06-10 14:58:46,638 - INFO - [SELL] 주문 요청: 005930, 1주, 301000원
2026-06-10 14:58:47,726 - INFO - 주문 성공! 주문번호: 0000036411
2026-06-10 14:58:47,755 - INFO - 60초 후 다음 확인을 진행합니다. (현재 상태: SELLING)
2026-06-10 14:59:47,845 - INFO - [005930] 현재가: 298500, 고가: 314500, 저가: 295250
2026-06-10 14:59:47,846 - WARNING - ⚠️ 주문 고착 감지: 가격 이탈 (현재가:298,500, 목표가:301,000, 차이:2,500). 주문 취소를 시도합니다.
2026-06-10 14:59:47,846 - INFO - [CANCEL] 주문 취소 요청: 005930, 주문번호: 0000036411
2026-06-10 14:59:48,411 - INFO - 주문 취소 성공! (원주문: 0000036411)
2026-06-10 14:59:48,441 - INFO - 상태 전환 완료: HOLDING
2026-06-10 14:59:53,297 - INFO - 계좌 예수금: 9583572원
2026-06-10 14:59:53,298 - INFO - [005930] 보유: 1주, 매도 가능: 1주, 평단가: 299,000원
2026-06-10 14:59:53,314 - INFO - 미실현 손익: -500원 (-0.17%), 최고 수익률: 0.00%
2026-06-10 14:59:53,327 - INFO - 매도 조건 충족: 평단가(299,000), 현재가(298,500) -> 목표가(301,000원) (보수적 상향 보정)
2026-06-10 14:59:53,327 - INFO - [SELL] 주문 요청: 005930, 1주, 301000원
2026-06-10 14:59:53,439 - INFO - 주문 성공! 주문번호: 0000036483
2026-06-10 14:59:53,475 - INFO - 60초 후 다음 확인을 진행합니다. (현재 상태: SELLING)
2026-06-10 15:00:55,304 - INFO - [005930] 현재가: 299500, 고가: 314500, 저가: 295250
2026-06-10 15:01:01,915 - INFO - 계좌 예수금: 9583572원
2026-06-10 15:01:01,916 - INFO - [005930] 보유: 1주, 매도 가능: 0주, 평단가: 299,000원
2026-06-10 15:01:01,928 - INFO - 미실현 손익: 500원 (0.17%), 최고 수익률: 0.17%
2026-06-10 15:01:01,943 - INFO - 보유 수량(1)에 대해 매도 주문(0000036483)이 진행 중입니다.
2026-06-10 15:01:01,944 - INFO - 60초 후 다음 확인을 진행합니다. (현재 상태: SELLING)
2026-06-10 15:02:03,532 - INFO - [005930] 현재가: 300000, 고가: 314500, 저가: 295250
2026-06-10 15:02:12,401 - INFO - 계좌 예수금: 9583572원
2026-06-10 15:02:12,402 - INFO - [005930] 보유: 1주, 매도 가능: 0주, 평단가: 299,000원
2026-06-10 15:02:12,418 - INFO - 미실현 손익: 1,000원 (0.33%), 최고 수익률: 0.33%
2026-06-10 15:02:12,431 - INFO - 보유 수량(1)에 대해 매도 주문(0000036483)이 진행 중입니다.
2026-06-10 15:02:12,431 - INFO - 60초 후 다음 확인을 진행합니다. (현재 상태: SELLING)
2026-06-10 15:03:12,676 - INFO - [005930] 현재가: 300000, 고가: 314500, 저가: 295250
2026-06-10 15:03:21,008 - INFO - 계좌 예수금: 9583572원
2026-06-10 15:03:21,009 - INFO - [005930] 보유: 1주, 매도 가능: 0주, 평단가: 299,000원
2026-06-10 15:03:21,023 - INFO - 미실현 손익: 1,000원 (0.33%), 최고 수익률: 0.33%
2026-06-10 15:03:21,036 - INFO - 보유 수량(1)에 대해 매도 주문(0000036483)이 진행 중입니다.
2026-06-10 15:03:21,037 - INFO - 60초 후 다음 확인을 진행합니다. (현재 상태: SELLING)
2026-06-10 15:04:22,463 - INFO - [005930] 현재가: 300500, 고가: 314500, 저가: 295250
2026-06-10 15:04:28,699 - INFO - 계좌 예수금: 9583572원
2026-06-10 15:04:28,699 - INFO - [005930] 보유: 1주, 매도 가능: 0주, 평단가: 299,000원
2026-06-10 15:04:28,714 - INFO - 미실현 손익: 1,500원 (0.50%), 최고 수익률: 0.50%
2026-06-10 15:04:28,730 - INFO - 보유 수량(1)에 대해 매도 주문(0000036483)이 진행 중입니다.
2026-06-10 15:04:28,731 - INFO - 60초 후 다음 확인을 진행합니다. (현재 상태: SELLING)
2026-06-10 15:05:32,127 - INFO - [005930] 현재가: 300500, 고가: 314500, 저가: 295250
2026-06-10 15:05:39,646 - INFO - 계좌 예수금: 9583572원
2026-06-10 15:05:43,271 - INFO - 매도 주문 완료 확인: 상태를 IDLE로 전환합니다.
2026-06-10 15:05:43,315 - INFO - 매수 조건 충족: 현재가(300500) - 오프셋(1500+0) = 299000원 (보수적 하향 보정)
2026-06-10 15:05:43,316 - INFO - [BUY] 주문 요청: 005930, 1주, 299000원
2026-06-10 15:05:44,405 - INFO - 주문 성공! 주문번호: 0000036988
2026-06-10 15:05:44,431 - INFO - 60초 후 다음 확인을 진행합니다. (현재 상태: BUYING)
2026-06-10 15:06:44,934 - INFO - [005930] 현재가: 302000, 고가: 314500, 저가: 295250
2026-06-10 15:06:44,937 - WARNING - ⚠️ 주문 고착 감지: 가격 이탈 (현재가:302,000, 목표가:299,000, 차이:3,000). 주문 취소를 시도합니다.
2026-06-10 15:06:44,940 - INFO - [CANCEL] 주문 취소 요청: 005930, 주문번호: 0000036988
2026-06-10 15:06:45,127 - ERROR - POST 요청 실패 (VTTC0013U): 500 Server Error: Internal Server Error for url: https://openapivts.koreainvestment.com:29443/uapi/domestic-stock/v1/trading/order-rvsecncl
2026-06-10 15:06:45,127 - ERROR - 상세 에러: {"rt_cd":"1","msg1":"초당 거래건수를 초과하였습니다.","msg_cd":"EGW00201","message":"EGW00201"}
2026-06-10 15:06:45,130 - ERROR - 주문 취소 실패: 응답 없음
2026-06-10 15:06:45,130 - ERROR - 주문 취소 실패. 다음 루프에서 재시도합니다.
2026-06-10 15:06:50,187 - INFO - 계좌 예수금: 9583572원
2026-06-10 15:06:50,877 - ERROR - GET 요청 실패 (FHKST03010100): 500 Server Error: Internal Server Error for url: https://openapivts.koreainvestment.com:29443/uapi/domestic-stock/v1/quotations/inquire-daily-itemchartprice?FID_COND_MRKT_DIV_CODE=J&FID_INPUT_ISCD=005930&FID_PERIOD_DIV_CODE=D&FID_ORG_ADJ_PRC=0
2026-06-10 15:06:50,877 - ERROR - 상세 에러: {"rt_cd":"1","msg1":"초당 거래건수를 초과하였습니다.","msg_cd":"EGW00201","message":"EGW00201"}
2026-06-10 15:06:50,879 - INFO - 이미 매수 주문(0000036988)이 진행 중입니다. 체결을 기다립니다.
2026-06-10 15:06:50,879 - INFO - 60초 후 다음 확인을 진행합니다. (현재 상태: BUYING)
2026-06-10 15:07:50,982 - INFO - [005930] 현재가: 301000, 고가: 314500, 저가: 295250
2026-06-10 15:07:54,876 - INFO - 계좌 예수금: 9583572원
2026-06-10 15:07:56,794 - INFO - 이미 매수 주문(0000036988)이 진행 중입니다. 체결을 기다립니다.
2026-06-10 15:07:56,795 - INFO - 60초 후 다음 확인을 진행합니다. (현재 상태: BUYING)
2026-06-10 15:08:56,871 - INFO - [005930] 현재가: 301250, 고가: 314500, 저가: 295250
2026-06-10 15:08:56,872 - WARNING - ⚠️ 주문 고착 감지: 가격 이탈 (현재가:301,250, 목표가:299,000, 차이:2,250). 주문 취소를 시도합니다.
2026-06-10 15:08:56,872 - INFO - [CANCEL] 주문 취소 요청: 005930, 주문번호: 0000036988
2026-06-10 15:08:57,408 - INFO - 주문 취소 성공! (원주문: 0000036988)
2026-06-10 15:08:57,438 - INFO - 상태 전환 완료: IDLE
2026-06-10 15:08:59,958 - INFO - 계좌 예수금: 9583572원
2026-06-10 15:09:01,975 - INFO - 매수 조건 충족: 현재가(301250) - 오프셋(1500+0) = 299500원 (보수적 하향 보정)
2026-06-10 15:09:01,975 - INFO - [BUY] 주문 요청: 005930, 1주, 299500원
2026-06-10 15:09:02,528 - INFO - 주문 성공! 주문번호: 0000037237
2026-06-10 15:09:02,554 - INFO - 60초 후 다음 확인을 진행합니다. (현재 상태: BUYING)
2026-06-10 15:10:03,792 - INFO - [005930] 현재가: 301000, 고가: 314500, 저가: 295250
2026-06-10 15:10:10,352 - INFO - 계좌 예수금: 9583572원
2026-06-10 15:10:17,301 - INFO - 이미 매수 주문(0000037237)이 진행 중입니다. 체결을 기다립니다.
2026-06-10 15:10:17,302 - INFO - 60초 후 다음 확인을 진행합니다. (현재 상태: BUYING)
2026-06-10 15:11:19,452 - INFO - [005930] 현재가: 300500, 고가: 314500, 저가: 295250
2026-06-10 15:11:26,575 - INFO - 계좌 예수금: 9583572원
2026-06-10 15:11:29,668 - INFO - 이미 매수 주문(0000037237)이 진행 중입니다. 체결을 기다립니다.
2026-06-10 15:11:29,668 - INFO - 60초 후 다음 확인을 진행합니다. (현재 상태: BUYING)
2026-06-10 15:12:30,651 - INFO - [005930] 현재가: 301000, 고가: 314500, 저가: 295250
2026-06-10 15:12:36,897 - INFO - 계좌 예수금: 9583572원
2026-06-10 15:12:37,685 - INFO - 이미 매수 주문(0000037237)이 진행 중입니다. 체결을 기다립니다.
2026-06-10 15:12:37,686 - INFO - 60초 후 다음 확인을 진행합니다. (현재 상태: BUYING)
2026-06-10 15:13:37,933 - INFO - [005930] 현재가: 300500, 고가: 314500, 저가: 295250
2026-06-10 15:13:41,418 - INFO - 계좌 예수금: 9583572원
2026-06-10 15:13:41,458 - INFO - 자가 최적화 기록 완료: C:\Users\witpo\OneDrive\바탕 화면\YONSEI\26-1\ECO4126 인공지능과금융공학\open-trading-api\self_optimization_history
2026-06-10 15:13:42,063 - INFO - 이미 매수 주문(0000037237)이 진행 중입니다. 체결을 기다립니다.
2026-06-10 15:13:42,063 - INFO - 60초 후 다음 확인을 진행합니다. (현재 상태: BUYING)
2026-06-10 15:14:43,335 - INFO - [005930] 현재가: 300500, 고가: 314500, 저가: 295250
2026-06-10 15:14:48,703 - INFO - 계좌 예수금: 9583572원
2026-06-10 15:14:50,426 - INFO - 이미 매수 주문(0000037237)이 진행 중입니다. 체결을 기다립니다.
2026-06-10 15:14:50,426 - INFO - 60초 후 다음 확인을 진행합니다. (현재 상태: BUYING)
2026-06-10 15:15:51,617 - INFO - [005930] 현재가: 301000, 고가: 314500, 저가: 295250
2026-06-10 15:15:57,664 - INFO - 계좌 예수금: 9583572원
2026-06-10 15:15:59,993 - INFO - 이미 매수 주문(0000037237)이 진행 중입니다. 체결을 기다립니다.
2026-06-10 15:15:59,994 - INFO - 60초 후 다음 확인을 진행합니다. (현재 상태: BUYING)
2026-06-10 15:17:03,664 - INFO - [005930] 현재가: 301500, 고가: 314500, 저가: 295250
2026-06-10 15:17:08,438 - INFO - 계좌 예수금: 9583572원
2026-06-10 15:17:17,171 - INFO - 이미 매수 주문(0000037237)이 진행 중입니다. 체결을 기다립니다.
2026-06-10 15:17:17,172 - INFO - 60초 후 다음 확인을 진행합니다. (현재 상태: BUYING)
2026-06-10 15:18:19,800 - INFO - [005930] 현재가: 302250, 고가: 314500, 저가: 295250
2026-06-10 15:18:19,800 - WARNING - ⚠️ 주문 고착 감지: 가격 이탈 (현재가:302,250, 목표가:299,500, 차이:2,750). 주문 취소를 시도합니다.
2026-06-10 15:18:19,801 - INFO - [CANCEL] 주문 취소 요청: 005930, 주문번호: 0000037237
2026-06-10 15:18:21,690 - INFO - 주문 취소 성공! (원주문: 0000037237)
2026-06-10 15:18:21,718 - INFO - 상태 전환 완료: IDLE
2026-06-10 15:18:28,790 - INFO - 계좌 예수금: 9583572원
2026-06-10 15:18:33,067 - INFO - 매수 조건 충족: 현재가(302250) - 오프셋(2250+0) = 300000원 (보수적 하향 보정)
2026-06-10 15:18:33,068 - INFO - [BUY] 주문 요청: 005930, 1주, 300000원
2026-06-10 15:18:34,995 - INFO - 주문 성공! 주문번호: 0000038044
2026-06-10 15:18:35,025 - INFO - 60초 후 다음 확인을 진행합니다. (현재 상태: BUYING)
2026-06-10 15:19:35,157 - INFO - [005930] 현재가: 303000, 고가: 314500, 저가: 295250
2026-06-10 15:19:35,157 - WARNING - ⚠️ 주문 고착 감지: 가격 이탈 (현재가:303,000, 목표가:300,000, 차이:3,000). 주문 취소를 시도합니다.
2026-06-10 15:19:35,158 - INFO - [CANCEL] 주문 취소 요청: 005930, 주문번호: 0000038044
2026-06-10 15:19:35,677 - INFO - 주문 취소 성공! (원주문: 0000038044)
2026-06-10 15:19:35,716 - INFO - 상태 전환 완료: IDLE
2026-06-10 15:19:43,984 - INFO - 계좌 예수금: 9583572원
2026-06-10 15:19:46,985 - INFO - 매수 조건 충족: 현재가(303000) - 오프셋(2250+0) = 300500원 (보수적 하향 보정)
2026-06-10 15:19:46,986 - INFO - [BUY] 주문 요청: 005930, 1주, 300500원
2026-06-10 15:19:47,534 - INFO - 주문 성공! 주문번호: 0000038149
2026-06-10 15:19:47,562 - INFO - 60초 후 다음 확인을 진행합니다. (현재 상태: BUYING)
2026-06-10 15:20:50,298 - INFO - [005930] 현재가: 303000, 고가: 314500, 저가: 295250
2026-06-10 15:20:50,299 - WARNING - ⚠️ 주문 고착 감지: 가격 이탈 (현재가:303,000, 목표가:300,500, 차이:2,500). 주문 취소를 시도합니다.
2026-06-10 15:20:50,299 - INFO - [CANCEL] 주문 취소 요청: 005930, 주문번호: 0000038149
2026-06-10 15:20:51,990 - INFO - 주문 취소 성공! (원주문: 0000038149)
2026-06-10 15:20:52,019 - INFO - 상태 전환 완료: IDLE
2026-06-10 15:21:00,008 - INFO - 계좌 예수금: 9583572원
2026-06-10 15:21:05,552 - INFO - 매수 조건 충족: 현재가(303000) - 오프셋(2250+0) = 300500원 (보수적 하향 보정)
2026-06-10 15:21:05,553 - INFO - [BUY] 주문 요청: 005930, 1주, 300500원
2026-06-10 15:21:08,717 - INFO - 주문 성공! 주문번호: 0000038340
2026-06-10 15:21:08,744 - INFO - 60초 후 다음 확인을 진행합니다. (현재 상태: BUYING)
2026-06-10 15:22:12,131 - INFO - [005930] 현재가: 303000, 고가: 314500, 저가: 295250
2026-06-10 15:22:12,131 - WARNING - ⚠️ 주문 고착 감지: 가격 이탈 (현재가:303,000, 목표가:300,500, 차이:2,500). 주문 취소를 시도합니다.
2026-06-10 15:22:12,131 - INFO - [CANCEL] 주문 취소 요청: 005930, 주문번호: 0000038340
2026-06-10 15:22:12,249 - INFO - 주문 취소 성공! (원주문: 0000038340)
2026-06-10 15:22:12,279 - INFO - 상태 전환 완료: IDLE
2026-06-10 15:22:19,633 - INFO - 계좌 예수금: 9583572원
2026-06-10 15:22:21,279 - INFO - 매수 조건 충족: 현재가(303000) - 오프셋(2250+0) = 300500원 (보수적 하향 보정)
2026-06-10 15:22:21,280 - INFO - [BUY] 주문 요청: 005930, 1주, 300500원
2026-06-10 15:22:23,305 - INFO - 주문 성공! 주문번호: 0000038431
2026-06-10 15:22:23,335 - INFO - 60초 후 다음 확인을 진행합니다. (현재 상태: BUYING)
2026-06-10 15:23:23,447 - INFO - [005930] 현재가: 303000, 고가: 314500, 저가: 295250
2026-06-10 15:23:23,448 - WARNING - ⚠️ 주문 고착 감지: 가격 이탈 (현재가:303,000, 목표가:300,500, 차이:2,500). 주문 취소를 시도합니다.
2026-06-10 15:23:23,448 - INFO - [CANCEL] 주문 취소 요청: 005930, 주문번호: 0000038431
2026-06-10 15:23:24,180 - INFO - 주문 취소 성공! (원주문: 0000038431)
2026-06-10 15:23:24,206 - INFO - 상태 전환 완료: IDLE
2026-06-10 15:23:30,463 - INFO - 계좌 예수금: 9583572원
2026-06-10 15:23:31,807 - INFO - 매수 조건 충족: 현재가(303000) - 오프셋(2250+0) = 300500원 (보수적 하향 보정)
2026-06-10 15:23:31,807 - INFO - [BUY] 주문 요청: 005930, 1주, 300500원
2026-06-10 15:23:32,593 - INFO - 주문 성공! 주문번호: 0000038520
2026-06-10 15:23:32,618 - INFO - 60초 후 다음 확인을 진행합니다. (현재 상태: BUYING)
2026-06-10 15:24:32,778 - INFO - [005930] 현재가: 303000, 고가: 314500, 저가: 295250
2026-06-10 15:24:32,778 - WARNING - ⚠️ 주문 고착 감지: 가격 이탈 (현재가:303,000, 목표가:300,500, 차이:2,500). 주문 취소를 시도합니다.
2026-06-10 15:24:32,778 - INFO - [CANCEL] 주문 취소 요청: 005930, 주문번호: 0000038520
2026-06-10 15:24:33,239 - INFO - 주문 취소 성공! (원주문: 0000038520)
2026-06-10 15:24:33,267 - INFO - 상태 전환 완료: IDLE
2026-06-10 15:24:37,084 - INFO - 계좌 예수금: 9583572원
2026-06-10 15:24:37,695 - INFO - 매수 조건 충족: 현재가(303000) - 오프셋(2250+0) = 300500원 (보수적 하향 보정)
2026-06-10 15:24:37,695 - INFO - [BUY] 주문 요청: 005930, 1주, 300500원
2026-06-10 15:24:38,253 - INFO - 주문 성공! 주문번호: 0000038565
2026-06-10 15:24:38,281 - INFO - 60초 후 다음 확인을 진행합니다. (현재 상태: BUYING)
2026-06-10 15:25:39,098 - INFO - [005930] 현재가: 303000, 고가: 314500, 저가: 295250
2026-06-10 15:25:39,099 - WARNING - ⚠️ 주문 고착 감지: 가격 이탈 (현재가:303,000, 목표가:300,500, 차이:2,500). 주문 취소를 시도합니다.
2026-06-10 15:25:39,099 - INFO - [CANCEL] 주문 취소 요청: 005930, 주문번호: 0000038565
2026-06-10 15:25:39,736 - INFO - 주문 취소 성공! (원주문: 0000038565)
2026-06-10 15:25:39,767 - INFO - 상태 전환 완료: IDLE
2026-06-10 15:25:45,634 - INFO - 계좌 예수금: 9583572원
2026-06-10 15:25:46,921 - INFO - 매수 조건 충족: 현재가(303000) - 오프셋(2250+0) = 300500원 (보수적 하향 보정)
2026-06-10 15:25:46,922 - INFO - [BUY] 주문 요청: 005930, 1주, 300500원
2026-06-10 15:25:47,981 - INFO - 주문 성공! 주문번호: 0000038611
2026-06-10 15:25:48,008 - INFO - 60초 후 다음 확인을 진행합니다. (현재 상태: BUYING)
2026-06-10 15:26:48,096 - INFO - [005930] 현재가: 303000, 고가: 314500, 저가: 295250
2026-06-10 15:26:48,096 - WARNING - ⚠️ 주문 고착 감지: 가격 이탈 (현재가:303,000, 목표가:300,500, 차이:2,500). 주문 취소를 시도합니다.
2026-06-10 15:26:48,097 - INFO - [CANCEL] 주문 취소 요청: 005930, 주문번호: 0000038611
2026-06-10 15:26:48,836 - INFO - 주문 취소 성공! (원주문: 0000038611)
2026-06-10 15:26:48,861 - INFO - 상태 전환 완료: IDLE
2026-06-10 15:26:52,905 - INFO - 계좌 예수금: 9583572원
2026-06-10 15:26:53,513 - INFO - 매수 조건 충족: 현재가(303000) - 오프셋(2250+0) = 300500원 (보수적 하향 보정)
2026-06-10 15:26:53,514 - INFO - [BUY] 주문 요청: 005930, 1주, 300500원
2026-06-10 15:26:56,342 - INFO - 주문 성공! 주문번호: 0000038682
2026-06-10 15:26:56,369 - INFO - 60초 후 다음 확인을 진행합니다. (현재 상태: BUYING)
2026-06-10 15:27:56,448 - INFO - [005930] 현재가: 303000, 고가: 314500, 저가: 295250
2026-06-10 15:27:56,448 - WARNING - ⚠️ 주문 고착 감지: 가격 이탈 (현재가:303,000, 목표가:300,500, 차이:2,500). 주문 취소를 시도합니다.
2026-06-10 15:27:56,449 - INFO - [CANCEL] 주문 취소 요청: 005930, 주문번호: 0000038682
2026-06-10 15:27:56,968 - ERROR - POST 요청 실패 (VTTC0013U): 500 Server Error: Internal Server Error for url: https://openapivts.koreainvestment.com:29443/uapi/domestic-stock/v1/trading/order-rvsecncl
2026-06-10 15:27:56,969 - ERROR - 상세 에러: {"rt_cd":"1","msg1":"초당 거래건수를 초과하였습니다.","msg_cd":"EGW00201","message":"EGW00201"}
2026-06-10 15:27:56,970 - ERROR - 주문 취소 실패: 응답 없음
2026-06-10 15:27:56,970 - ERROR - 주문 취소 실패. 다음 루프에서 재시도합니다.
2026-06-10 15:28:00,533 - INFO - 계좌 예수금: 9583572원
2026-06-10 15:28:01,143 - ERROR - GET 요청 실패 (FHKST03010100): 500 Server Error: Internal Server Error for url: https://openapivts.koreainvestment.com:29443/uapi/domestic-stock/v1/quotations/inquire-daily-itemchartprice?FID_COND_MRKT_DIV_CODE=J&FID_INPUT_ISCD=005930&FID_PERIOD_DIV_CODE=D&FID_ORG_ADJ_PRC=0
2026-06-10 15:28:01,144 - ERROR - 상세 에러: {"rt_cd":"1","msg1":"초당 거래건수를 초과하였습니다.","msg_cd":"EGW00201","message":"EGW00201"}
2026-06-10 15:28:01,145 - INFO - 이미 매수 주문(0000038682)이 진행 중입니다. 체결을 기다립니다.
2026-06-10 15:28:01,146 - INFO - 60초 후 다음 확인을 진행합니다. (현재 상태: BUYING)
2026-06-10 15:29:01,230 - INFO - [005930] 현재가: 303000, 고가: 314500, 저가: 295250
2026-06-10 15:29:01,231 - WARNING - ⚠️ 주문 고착 감지: 가격 이탈 (현재가:303,000, 목표가:300,500, 차이:2,500). 주문 취소를 시도합니다.
2026-06-10 15:29:01,231 - INFO - [CANCEL] 주문 취소 요청: 005930, 주문번호: 0000038682
2026-06-10 15:29:02,266 - INFO - 주문 취소 성공! (원주문: 0000038682)
2026-06-10 15:29:02,296 - INFO - 상태 전환 완료: IDLE
2026-06-10 15:29:06,208 - INFO - 계좌 예수금: 9583572원
2026-06-10 15:29:07,626 - INFO - 매수 조건 충족: 현재가(303000) - 오프셋(2250+0) = 300500원 (보수적 하향 보정)
2026-06-10 15:29:07,626 - INFO - [BUY] 주문 요청: 005930, 1주, 300500원
2026-06-10 15:29:07,737 - INFO - 주문 성공! 주문번호: 0000038761
2026-06-10 15:29:07,764 - INFO - 60초 후 다음 확인을 진행합니다. (현재 상태: BUYING)
2026-06-10 15:30:07,764 - INFO - 현재 시간 15:30:07, 장 종료 시간이 지났습니다. 프로그램을 종료합니다.
2026-06-10 15:30:07,765 - INFO - 프로그램을 종료합니다.
