2026-05-27 09:25:43,598 - INFO - 기존 유효한 토큰을 캐시에서 로드했습니다.
2026-05-27 09:25:43,599 - INFO - 삼성전자 자동매매 프로그램을 시작합니다.
2026-05-27 09:25:45,613 - INFO - [005930] 현재가: 315000원
2026-05-27 09:25:48,121 - INFO - 계좌 예수금: 10000000원
2026-05-27 09:25:48,121 - INFO - [005930] 보유: 1주, 매도 가능: 1주, 평단가: 0원
2026-05-27 09:25:48,122 - INFO - 매도 조건 충족: 평단가(0), 현재가(315,000) -> 목표가(317,000원)
2026-05-27 09:25:48,123 - INFO - [SELL] 주문 요청: 005930, 1주, 317000원
2026-05-27 09:25:48,279 - INFO - 주문 성공! 주문번호: 0000007446
2026-05-27 09:25:48,279 - INFO - 60초 후 다음 확인을 진행합니다.
2026-05-27 09:26:48,480 - INFO - [005930] 현재가: 314000원
2026-05-27 09:26:49,021 - ERROR - GET 요청 실패 (VTTC8434R): 500 Server Error: Internal Server Error for url: https://openapivts.koreainvestment.com:29443/uapi/domestic-stock/v1/trading/inquire-balance?CANO=50174003&ACNT_PRDT_CD=01&AFHR_FLPR_YN=N&OFL_YN=&INQR_DVSN=02&UNPR_DVSN=01&FUND_STTL_ICLD_YN=N&FNCG_AMT_AUTO_RDPT_YN=N&PRCS_DVSN=00&CTX_AREA_FK100=&CTX_AREA_NK100=
2026-05-27 09:26:49,021 - ERROR - 상세 에러: {"rt_cd":"1","msg1":"초당 거래건수를 초과하였습니다.","msg_cd":"EGW00201","message":"EGW00201"}
2026-05-27 09:26:49,023 - ERROR - 잔고 조회 실패
2026-05-27 09:26:49,023 - WARNING - 예수금 부족으로 매수 불가 (예수금: 0원, 필요: 312000원)
2026-05-27 09:26:49,024 - INFO - 60초 후 다음 확인을 진행합니다.
2026-05-27 09:27:50,009 - INFO - [005930] 현재가: 314500원
2026-05-27 09:27:53,818 - INFO - 계좌 예수금: 10000000원
2026-05-27 09:27:53,818 - INFO - [005930] 보유: 1주, 매도 가능: 0주, 평단가: 0원
2026-05-27 09:27:53,818 - INFO - 이미 모든 보유 수량에 대해 매도 주문이 진행 중입니다.
2026-05-27 09:27:53,819 - INFO - 60초 후 다음 확인을 진행합니다.
2026-05-27 09:28:00,215 - INFO - 기존 유효한 토큰을 캐시에서 로드했습니다.
2026-05-27 09:28:00,215 - INFO - 삼성전자 자동매매 프로그램을 시작합니다.
2026-05-27 09:28:00,993 - INFO - [005930] 현재가: 314000원
2026-05-27 09:28:05,725 - INFO - 계좌 예수금: 10000000원
2026-05-27 09:28:05,725 - INFO - [005930] 보유: 1주, 매도 가능: 0주, 평단가: 0원
2026-05-27 09:28:05,726 - INFO - 이미 모든 보유 수량에 대해 매도 주문이 진행 중입니다.
2026-05-27 09:28:05,726 - INFO - 60초 후 다음 확인을 진행합니다.
2026-05-27 09:29:05,809 - INFO - [005930] 현재가: 315500원
2026-05-27 09:29:12,802 - INFO - 계좌 예수금: 10000000원
2026-05-27 09:29:12,802 - INFO - [005930] 보유: 1주, 매도 가능: 0주, 평단가: 0원
2026-05-27 09:29:12,802 - INFO - 이미 모든 보유 수량에 대해 매도 주문이 진행 중입니다.
2026-05-27 09:29:12,802 - INFO - 60초 후 다음 확인을 진행합니다.
2026-05-27 09:30:15,027 - INFO - [005930] 현재가: 317500원
2026-05-27 09:30:25,823 - INFO - 계좌 예수금: 10000000원
2026-05-27 09:30:25,824 - INFO - 매수 조건 충족: 현재가(317500) - 2000 = 315500원
2026-05-27 09:30:25,824 - INFO - [BUY] 주문 요청: 005930, 1주, 315500원
2026-05-27 09:30:28,057 - INFO - 주문 성공! 주문번호: 0000008262
2026-05-27 09:30:28,057 - INFO - 60초 후 다음 확인을 진행합니다.
2026-05-27 09:31:28,146 - INFO - [005930] 현재가: 317500원
2026-05-27 09:31:33,022 - INFO - 계좌 예수금: 10000000원
2026-05-27 09:31:33,023 - INFO - 매수 조건 충족: 현재가(317500) - 2000 = 315500원
2026-05-27 09:31:33,024 - INFO - [BUY] 주문 요청: 005930, 1주, 315500원
2026-05-27 09:31:36,592 - INFO - 주문 성공! 주문번호: 0000008549
2026-05-27 09:31:36,593 - INFO - 60초 후 다음 확인을 진행합니다.
2026-05-27 09:32:37,942 - INFO - [005930] 현재가: 318250원
2026-05-27 09:32:44,345 - INFO - 계좌 예수금: 10000000원
2026-05-27 09:32:44,346 - INFO - 매수 조건 충족: 현재가(318250) - 2000 = 316250원
2026-05-27 09:32:44,346 - INFO - [BUY] 주문 요청: 005930, 1주, 316250원
2026-05-27 09:32:44,467 - ERROR - 주문 실패: 모의투자 주문처리가 안되었습니다(호가단위 오류)
2026-05-27 09:32:44,468 - INFO - 60초 후 다음 확인을 진행합니다.
2026-05-27 09:33:45,864 - INFO - [005930] 현재가: 319000원
2026-05-27 09:33:49,888 - INFO - 계좌 예수금: 10000000원
2026-05-27 09:33:49,889 - INFO - 매수 조건 충족: 현재가(319000) - 2000 = 317000원
2026-05-27 09:33:49,889 - INFO - [BUY] 주문 요청: 005930, 1주, 317000원
2026-05-27 09:33:51,056 - INFO - 주문 성공! 주문번호: 0000009007
2026-05-27 09:33:51,057 - INFO - 60초 후 다음 확인을 진행합니다.
2026-05-27 09:34:51,127 - INFO - [005930] 현재가: 318500원
2026-05-27 09:34:55,554 - INFO - 계좌 예수금: 10000000원
2026-05-27 09:34:55,554 - INFO - 매수 조건 충족: 현재가(318500) - 2000 = 316500원
2026-05-27 09:34:55,555 - INFO - [BUY] 주문 요청: 005930, 1주, 316500원
2026-05-27 09:34:55,656 - INFO - 주문 성공! 주문번호: 0000009237
2026-05-27 09:34:55,657 - INFO - 60초 후 다음 확인을 진행합니다.
2026-05-27 09:35:55,786 - INFO - [005930] 현재가: 318500원
2026-05-27 09:36:01,787 - INFO - 계좌 예수금: 10000000원
2026-05-27 09:36:01,787 - INFO - 매수 조건 충족: 현재가(318500) - 2000 = 316500원
2026-05-27 09:36:01,788 - INFO - [BUY] 주문 요청: 005930, 1주, 316500원
2026-05-27 09:36:03,514 - INFO - 주문 성공! 주문번호: 0000009382
2026-05-27 09:36:03,515 - INFO - 60초 후 다음 확인을 진행합니다.
2026-05-27 09:37:03,590 - INFO - [005930] 현재가: 318000원
2026-05-27 09:37:07,768 - INFO - 계좌 예수금: 10000000원
2026-05-27 09:37:07,769 - INFO - 매수 조건 충족: 현재가(318000) - 2000 = 316000원
2026-05-27 09:37:07,769 - INFO - [BUY] 주문 요청: 005930, 1주, 316000원
2026-05-27 09:37:07,886 - INFO - 주문 성공! 주문번호: 0000009554
2026-05-27 09:37:07,886 - INFO - 60초 후 다음 확인을 진행합니다.
2026-05-27 09:38:09,780 - INFO - [005930] 현재가: 318000원
2026-05-27 09:38:16,031 - INFO - 계좌 예수금: 10000000원
2026-05-27 09:38:16,031 - INFO - 매수 조건 충족: 현재가(318000) - 2000 = 316000원
2026-05-27 09:38:16,032 - INFO - [BUY] 주문 요청: 005930, 1주, 316000원
2026-05-27 09:38:18,364 - INFO - 주문 성공! 주문번호: 0000009703
2026-05-27 09:38:18,365 - INFO - 60초 후 다음 확인을 진행합니다.
2026-05-27 09:39:18,445 - INFO - [005930] 현재가: 318000원
2026-05-27 09:39:21,372 - INFO - 계좌 예수금: 10000000원
2026-05-27 09:39:21,372 - INFO - [005930] 보유: 1주, 매도 가능: 1주, 평단가: 0원
2026-05-27 09:39:21,373 - INFO - 매도 조건 충족: 평단가(0), 현재가(318,000) -> 목표가(320,000원)
2026-05-27 09:39:21,373 - INFO - [SELL] 주문 요청: 005930, 1주, 320000원
2026-05-27 09:39:24,800 - INFO - 주문 성공! 주문번호: 0000009862
2026-05-27 09:39:24,800 - INFO - 60초 후 다음 확인을 진행합니다.
2026-05-27 09:40:27,872 - INFO - [005930] 현재가: 318000원
2026-05-27 09:40:34,627 - INFO - 계좌 예수금: 10000000원
2026-05-27 09:40:34,627 - INFO - [005930] 보유: 1주, 매도 가능: 0주, 평단가: 0원
2026-05-27 09:40:34,627 - INFO - 이미 모든 보유 수량에 대해 매도 주문이 진행 중입니다.
2026-05-27 09:40:34,628 - INFO - 60초 후 다음 확인을 진행합니다.
2026-05-27 09:41:34,840 - INFO - [005930] 현재가: 318000원
2026-05-27 09:41:40,048 - INFO - 계좌 예수금: 10000000원
2026-05-27 09:41:40,048 - INFO - [005930] 보유: 1주, 매도 가능: 0주, 평단가: 0원
2026-05-27 09:41:40,049 - INFO - 이미 모든 보유 수량에 대해 매도 주문이 진행 중입니다.
2026-05-27 09:41:40,049 - INFO - 60초 후 다음 확인을 진행합니다.
2026-05-27 09:42:41,162 - INFO - [005930] 현재가: 319000원
2026-05-27 09:42:45,152 - INFO - 계좌 예수금: 10000000원
2026-05-27 09:42:45,153 - INFO - [005930] 보유: 1주, 매도 가능: 0주, 평단가: 0원
2026-05-27 09:42:45,153 - INFO - 이미 모든 보유 수량에 대해 매도 주문이 진행 중입니다.
2026-05-27 09:42:45,153 - INFO - 60초 후 다음 확인을 진행합니다.
2026-05-27 09:43:45,242 - INFO - [005930] 현재가: 319500원
2026-05-27 09:43:49,663 - INFO - 계좌 예수금: 10000000원
2026-05-27 09:43:49,664 - INFO - [005930] 보유: 1주, 매도 가능: 0주, 평단가: 0원
2026-05-27 09:43:49,664 - INFO - 이미 모든 보유 수량에 대해 매도 주문이 진행 중입니다.
2026-05-27 09:43:49,664 - INFO - 60초 후 다음 확인을 진행합니다.
2026-05-27 09:44:49,734 - INFO - [005930] 현재가: 319000원
2026-05-27 09:44:56,657 - INFO - 계좌 예수금: 10000000원
2026-05-27 09:44:56,658 - INFO - [005930] 보유: 1주, 매도 가능: 0주, 평단가: 0원
2026-05-27 09:44:56,659 - INFO - 이미 모든 보유 수량에 대해 매도 주문이 진행 중입니다.
2026-05-27 09:44:56,659 - INFO - 60초 후 다음 확인을 진행합니다.
2026-05-27 09:45:58,351 - INFO - [005930] 현재가: 319500원
2026-05-27 09:46:04,177 - INFO - 계좌 예수금: 10000000원
2026-05-27 09:46:04,177 - INFO - [005930] 보유: 1주, 매도 가능: 0주, 평단가: 0원
2026-05-27 09:46:04,178 - INFO - 이미 모든 보유 수량에 대해 매도 주문이 진행 중입니다.
2026-05-27 09:46:04,178 - INFO - 60초 후 다음 확인을 진행합니다.
2026-05-27 09:47:05,543 - INFO - [005930] 현재가: 319500원
2026-05-27 09:47:11,767 - INFO - 계좌 예수금: 10000000원
2026-05-27 09:47:11,767 - INFO - [005930] 보유: 1주, 매도 가능: 0주, 평단가: 0원
2026-05-27 09:47:11,768 - INFO - 이미 모든 보유 수량에 대해 매도 주문이 진행 중입니다.
2026-05-27 09:47:11,768 - INFO - 60초 후 다음 확인을 진행합니다.
2026-05-27 09:48:14,757 - INFO - [005930] 현재가: 319000원
2026-05-27 09:48:22,206 - INFO - 계좌 예수금: 10000000원
2026-05-27 09:48:22,207 - INFO - [005930] 보유: 1주, 매도 가능: 0주, 평단가: 0원
2026-05-27 09:48:22,207 - INFO - 이미 모든 보유 수량에 대해 매도 주문이 진행 중입니다.
2026-05-27 09:48:22,208 - INFO - 60초 후 다음 확인을 진행합니다.
2026-05-27 09:49:22,299 - INFO - [005930] 현재가: 319500원
2026-05-27 09:49:26,441 - INFO - 계좌 예수금: 10000000원
2026-05-27 09:49:26,443 - INFO - 매수 조건 충족: 현재가(319500) - 2000 = 317500원
2026-05-27 09:49:26,443 - INFO - [BUY] 주문 요청: 005930, 1주, 317500원
2026-05-27 09:49:26,561 - INFO - 주문 성공! 주문번호: 0000011213
2026-05-27 09:49:26,562 - INFO - 60초 후 다음 확인을 진행합니다.
2026-05-27 09:50:27,774 - INFO - [005930] 현재가: 319500원
2026-05-27 09:50:34,930 - INFO - 계좌 예수금: 10000000원
2026-05-27 09:50:34,930 - INFO - 매수 조건 충족: 현재가(319500) - 2000 = 317500원
2026-05-27 09:50:34,931 - INFO - [BUY] 주문 요청: 005930, 1주, 317500원
2026-05-27 09:50:36,205 - INFO - 주문 성공! 주문번호: 0000011382
2026-05-27 09:50:36,205 - INFO - 60초 후 다음 확인을 진행합니다.
2026-05-27 09:51:36,283 - INFO - [005930] 현재가: 319000원
2026-05-27 09:51:44,376 - INFO - 계좌 예수금: 10000000원
2026-05-27 09:51:44,376 - INFO - 매수 조건 충족: 현재가(319000) - 2000 = 317000원
2026-05-27 09:51:44,376 - INFO - [BUY] 주문 요청: 005930, 1주, 317000원
2026-05-27 09:51:47,220 - INFO - 주문 성공! 주문번호: 0000011502
2026-05-27 09:51:47,221 - INFO - 60초 후 다음 확인을 진행합니다.
2026-05-27 09:52:47,308 - INFO - [005930] 현재가: 319500원
2026-05-27 09:52:51,429 - INFO - 계좌 예수금: 10000000원
2026-05-27 09:52:51,430 - INFO - 매수 조건 충족: 현재가(319500) - 2000 = 317500원
2026-05-27 09:52:51,431 - INFO - [BUY] 주문 요청: 005930, 1주, 317500원
2026-05-27 09:52:51,742 - INFO - 주문 성공! 주문번호: 0000011639
2026-05-27 09:52:51,742 - INFO - 60초 후 다음 확인을 진행합니다.
2026-05-27 09:53:51,835 - INFO - [005930] 현재가: 318000원
2026-05-27 09:53:57,789 - INFO - 계좌 예수금: 10000000원
2026-05-27 09:53:57,789 - INFO - 매수 조건 충족: 현재가(318000) - 2000 = 316000원
2026-05-27 09:53:57,790 - INFO - [BUY] 주문 요청: 005930, 1주, 316000원
2026-05-27 09:53:59,419 - INFO - 주문 성공! 주문번호: 0000011752
2026-05-27 09:53:59,420 - INFO - 60초 후 다음 확인을 진행합니다.
2026-05-27 09:54:59,500 - INFO - [005930] 현재가: 319000원
2026-05-27 09:55:04,448 - INFO - 계좌 예수금: 10000000원
2026-05-27 09:55:04,449 - INFO - 매수 조건 충족: 현재가(319000) - 2000 = 317000원
2026-05-27 09:55:04,449 - INFO - [BUY] 주문 요청: 005930, 1주, 317000원
2026-05-27 09:55:04,772 - INFO - 주문 성공! 주문번호: 0000011854
2026-05-27 09:55:04,772 - INFO - 60초 후 다음 확인을 진행합니다.
2026-05-27 09:56:04,856 - INFO - [005930] 현재가: 317500원
2026-05-27 09:56:12,462 - INFO - 계좌 예수금: 10000000원
2026-05-27 09:56:12,462 - INFO - [005930] 보유: 3주, 매도 가능: 3주, 평단가: 0원
2026-05-27 09:56:12,462 - INFO - 매도 조건 충족: 평단가(0), 현재가(317,500) -> 목표가(319,500원)
2026-05-27 09:56:12,463 - INFO - [SELL] 주문 요청: 005930, 3주, 319500원
2026-05-27 09:56:12,587 - INFO - 주문 성공! 주문번호: 0000012039
2026-05-27 09:56:12,587 - INFO - 60초 후 다음 확인을 진행합니다.
2026-05-27 09:57:14,562 - INFO - [005930] 현재가: 317500원
2026-05-27 09:57:21,061 - INFO - 계좌 예수금: 10000000원
2026-05-27 09:57:21,061 - INFO - [005930] 보유: 5주, 매도 가능: 2주, 평단가: 0원
2026-05-27 09:57:21,062 - INFO - 매도 조건 충족: 평단가(0), 현재가(317,500) -> 목표가(319,500원)
2026-05-27 09:57:21,062 - INFO - [SELL] 주문 요청: 005930, 2주, 319500원
2026-05-27 09:57:22,454 - INFO - 주문 성공! 주문번호: 0000012247
2026-05-27 09:57:22,455 - INFO - 60초 후 다음 확인을 진행합니다.
2026-05-27 09:58:23,376 - INFO - [005930] 현재가: 318000원
2026-05-27 09:58:28,912 - INFO - 계좌 예수금: 10000000원
2026-05-27 09:58:28,912 - INFO - [005930] 보유: 5주, 매도 가능: 0주, 평단가: 0원
2026-05-27 09:58:28,913 - INFO - 이미 모든 보유 수량에 대해 매도 주문이 진행 중입니다.
2026-05-27 09:58:28,913 - INFO - 60초 후 다음 확인을 진행합니다.
2026-05-27 09:59:29,800 - INFO - [005930] 현재가: 318000원
2026-05-27 09:59:32,840 - INFO - 계좌 예수금: 10000000원
2026-05-27 09:59:32,841 - INFO - [005930] 보유: 5주, 매도 가능: 0주, 평단가: 0원
2026-05-27 09:59:32,841 - INFO - 이미 모든 보유 수량에 대해 매도 주문이 진행 중입니다.
2026-05-27 09:59:32,841 - INFO - 60초 후 다음 확인을 진행합니다.
2026-05-27 10:00:37,079 - INFO - [005930] 현재가: 318500원
2026-05-27 10:00:43,178 - INFO - 계좌 예수금: 10000000원
2026-05-27 10:00:43,178 - INFO - [005930] 보유: 5주, 매도 가능: 0주, 평단가: 0원
2026-05-27 10:00:43,179 - INFO - 이미 모든 보유 수량에 대해 매도 주문이 진행 중입니다.
2026-05-27 10:00:43,179 - INFO - 60초 후 다음 확인을 진행합니다.
2026-05-27 10:01:43,375 - INFO - [005930] 현재가: 318000원
2026-05-27 10:01:47,984 - INFO - 계좌 예수금: 10000000원
2026-05-27 10:01:47,985 - INFO - [005930] 보유: 5주, 매도 가능: 0주, 평단가: 0원
2026-05-27 10:01:47,985 - INFO - 이미 모든 보유 수량에 대해 매도 주문이 진행 중입니다.
2026-05-27 10:01:47,986 - INFO - 60초 후 다음 확인을 진행합니다.
2026-05-27 10:02:49,238 - INFO - [005930] 현재가: 318000원
2026-05-27 10:02:53,734 - INFO - 계좌 예수금: 10000000원
2026-05-27 10:02:53,734 - INFO - [005930] 보유: 5주, 매도 가능: 0주, 평단가: 0원
2026-05-27 10:02:53,735 - INFO - 이미 모든 보유 수량에 대해 매도 주문이 진행 중입니다.
2026-05-27 10:02:53,735 - INFO - 60초 후 다음 확인을 진행합니다.
2026-05-27 10:03:53,823 - INFO - [005930] 현재가: 318250원
2026-05-27 10:03:58,194 - INFO - 계좌 예수금: 10000000원
2026-05-27 10:03:58,194 - INFO - [005930] 보유: 5주, 매도 가능: 0주, 평단가: 0원
2026-05-27 10:03:58,194 - INFO - 이미 모든 보유 수량에 대해 매도 주문이 진행 중입니다.
2026-05-27 10:03:58,195 - INFO - 60초 후 다음 확인을 진행합니다.
2026-05-27 10:04:58,686 - INFO - [005930] 현재가: 317750원
2026-05-27 10:05:04,385 - INFO - 계좌 예수금: 10000000원
2026-05-27 10:05:04,385 - INFO - [005930] 보유: 5주, 매도 가능: 0주, 평단가: 0원
2026-05-27 10:05:04,386 - INFO - 이미 모든 보유 수량에 대해 매도 주문이 진행 중입니다.
2026-05-27 10:05:04,386 - INFO - 60초 후 다음 확인을 진행합니다.
2026-05-27 10:06:04,624 - INFO - [005930] 현재가: 317500원
2026-05-27 10:06:09,147 - INFO - 계좌 예수금: 10000000원
2026-05-27 10:06:09,148 - INFO - [005930] 보유: 5주, 매도 가능: 0주, 평단가: 0원
2026-05-27 10:06:09,148 - INFO - 이미 모든 보유 수량에 대해 매도 주문이 진행 중입니다.
2026-05-27 10:06:09,148 - INFO - 60초 후 다음 확인을 진행합니다.
2026-05-27 10:07:09,999 - INFO - [005930] 현재가: 317250원
2026-05-27 10:08:11,101 - ERROR - GET 요청 실패 (VTTC8434R): HTTPSConnectionPool(host='openapivts.koreainvestment.com', port=29443): Max retries exceeded with url: /uapi/domestic-stock/v1/trading/inquire-balance?CANO=50174003&ACNT_PRDT_CD=01&AFHR_FLPR_YN=N&OFL_YN=&INQR_DVSN=02&UNPR_DVSN=01&FUND_STTL_ICLD_YN=N&FNCG_AMT_AUTO_RDPT_YN=N&PRCS_DVSN=00&CTX_AREA_FK100=&CTX_AREA_NK100= (Caused by SSLError(SSLEOFError(8, '[SSL: UNEXPECTED_EOF_WHILE_READING] EOF occurred in violation of protocol (_ssl.c:1081)')))
2026-05-27 10:08:11,102 - ERROR - 잔고 조회 실패
2026-05-27 10:08:11,102 - WARNING - 예수금 부족으로 매수 불가 (예수금: 0원, 필요: 315250원)
2026-05-27 10:08:11,103 - INFO - 60초 후 다음 확인을 진행합니다.
2026-05-27 10:09:13,720 - INFO - [005930] 현재가: 317500원
2026-05-27 10:09:20,624 - INFO - 계좌 예수금: 10000000원
2026-05-27 10:09:20,624 - INFO - [005930] 보유: 5주, 매도 가능: 0주, 평단가: 0원
2026-05-27 10:09:20,625 - INFO - 이미 모든 보유 수량에 대해 매도 주문이 진행 중입니다.
2026-05-27 10:09:20,625 - INFO - 60초 후 다음 확인을 진행합니다.
2026-05-27 10:10:20,932 - INFO - [005930] 현재가: 317250원
2026-05-27 10:10:26,484 - INFO - 계좌 예수금: 10000000원
2026-05-27 10:10:26,485 - INFO - [005930] 보유: 7주, 매도 가능: 2주, 평단가: 0원
2026-05-27 10:10:26,486 - INFO - 매도 조건 충족: 평단가(0), 현재가(317,250) -> 목표가(319,250원)
2026-05-27 10:10:26,486 - INFO - [SELL] 주문 요청: 005930, 2주, 319250원
2026-05-27 10:10:26,678 - ERROR - 주문 실패: 모의투자 주문처리가 안되었습니다(호가단위 오류)
2026-05-27 10:10:26,678 - INFO - 60초 후 다음 확인을 진행합니다.
2026-05-27 10:11:29,399 - INFO - [005930] 현재가: 316750원
2026-05-27 10:11:34,089 - INFO - 계좌 예수금: 10000000원
2026-05-27 10:11:34,090 - INFO - [005930] 보유: 10주, 매도 가능: 5주, 평단가: 0원
2026-05-27 10:11:34,090 - INFO - 매도 조건 충족: 평단가(0), 현재가(316,750) -> 목표가(318,750원)
2026-05-27 10:11:34,090 - INFO - [SELL] 주문 요청: 005930, 5주, 318750원
2026-05-27 10:11:34,257 - ERROR - 주문 실패: 모의투자 주문처리가 안되었습니다(호가단위 오류)
2026-05-27 10:11:34,258 - INFO - 60초 후 다음 확인을 진행합니다.
2026-05-27 10:12:34,354 - INFO - [005930] 현재가: 315750원
2026-05-27 10:12:37,597 - INFO - 계좌 예수금: 10000000원
2026-05-27 10:12:37,598 - INFO - [005930] 보유: 12주, 매도 가능: 7주, 평단가: 0원
2026-05-27 10:12:37,598 - INFO - 매도 조건 충족: 평단가(0), 현재가(315,750) -> 목표가(317,750원)
2026-05-27 10:12:37,599 - INFO - [SELL] 주문 요청: 005930, 7주, 317750원
2026-05-27 10:12:38,861 - ERROR - 주문 실패: 모의투자 주문처리가 안되었습니다(호가단위 오류)
2026-05-27 10:12:38,862 - INFO - 60초 후 다음 확인을 진행합니다.
2026-05-27 10:13:40,942 - INFO - [005930] 현재가: 315500원
2026-05-27 10:13:48,603 - INFO - 계좌 예수금: 10000000원
2026-05-27 10:13:48,604 - INFO - [005930] 보유: 12주, 매도 가능: 7주, 평단가: 0원
2026-05-27 10:13:48,604 - INFO - 매도 조건 충족: 평단가(0), 현재가(315,500) -> 목표가(317,500원)
2026-05-27 10:13:48,604 - INFO - [SELL] 주문 요청: 005930, 7주, 317500원
2026-05-27 10:13:48,712 - INFO - 주문 성공! 주문번호: 0000014163
2026-05-27 10:13:48,712 - INFO - 60초 후 다음 확인을 진행합니다.
2026-05-27 10:14:48,932 - INFO - [005930] 현재가: 316500원
2026-05-27 10:14:54,090 - INFO - 계좌 예수금: 10000000원
2026-05-27 10:14:54,090 - INFO - [005930] 보유: 12주, 매도 가능: 0주, 평단가: 0원
2026-05-27 10:14:54,091 - INFO - 이미 모든 보유 수량에 대해 매도 주문이 진행 중입니다.
2026-05-27 10:14:54,091 - INFO - 60초 후 다음 확인을 진행합니다.
2026-05-27 10:15:55,419 - INFO - [005930] 현재가: 316000원
2026-05-27 10:16:01,845 - INFO - 계좌 예수금: 10000000원
2026-05-27 10:16:01,846 - INFO - [005930] 보유: 12주, 매도 가능: 0주, 평단가: 0원
2026-05-27 10:16:01,846 - INFO - 이미 모든 보유 수량에 대해 매도 주문이 진행 중입니다.
2026-05-27 10:16:01,847 - INFO - 60초 후 다음 확인을 진행합니다.
2026-05-27 10:17:01,931 - INFO - [005930] 현재가: 316500원
2026-05-27 10:17:09,516 - INFO - 계좌 예수금: 10000000원
2026-05-27 10:17:09,517 - INFO - [005930] 보유: 12주, 매도 가능: 0주, 평단가: 0원
2026-05-27 10:17:09,517 - INFO - 이미 모든 보유 수량에 대해 매도 주문이 진행 중입니다.
2026-05-27 10:17:09,518 - INFO - 60초 후 다음 확인을 진행합니다.
2026-05-27 10:18:09,722 - INFO - [005930] 현재가: 317250원
2026-05-27 10:18:12,110 - INFO - 계좌 예수금: 10000000원
2026-05-27 10:18:12,110 - INFO - [005930] 보유: 5주, 매도 가능: 0주, 평단가: 0원
2026-05-27 10:18:12,111 - INFO - 이미 모든 보유 수량에 대해 매도 주문이 진행 중입니다.
2026-05-27 10:18:12,111 - INFO - 60초 후 다음 확인을 진행합니다.
2026-05-27 10:19:15,020 - INFO - [005930] 현재가: 317500원
2026-05-27 10:19:22,339 - INFO - 계좌 예수금: 10000000원
2026-05-27 10:19:22,339 - INFO - [005930] 보유: 5주, 매도 가능: 0주, 평단가: 0원
2026-05-27 10:19:22,340 - INFO - 이미 모든 보유 수량에 대해 매도 주문이 진행 중입니다.
2026-05-27 10:19:22,340 - INFO - 60초 후 다음 확인을 진행합니다.
2026-05-27 10:20:24,229 - INFO - [005930] 현재가: 317500원
2026-05-27 10:20:30,324 - INFO - 계좌 예수금: 10000000원
2026-05-27 10:20:30,325 - INFO - [005930] 보유: 5주, 매도 가능: 0주, 평단가: 0원
2026-05-27 10:20:30,325 - INFO - 이미 모든 보유 수량에 대해 매도 주문이 진행 중입니다.
2026-05-27 10:20:30,325 - INFO - 60초 후 다음 확인을 진행합니다.
2026-05-27 10:21:34,535 - INFO - [005930] 현재가: 317000원
2026-05-27 10:21:43,232 - INFO - 계좌 예수금: 10000000원
2026-05-27 10:21:43,232 - INFO - [005930] 보유: 5주, 매도 가능: 0주, 평단가: 0원
2026-05-27 10:21:43,233 - INFO - 이미 모든 보유 수량에 대해 매도 주문이 진행 중입니다.
2026-05-27 10:21:43,233 - INFO - 60초 후 다음 확인을 진행합니다.
2026-05-27 10:22:45,558 - INFO - [005930] 현재가: 317500원
2026-05-27 10:22:49,416 - INFO - 계좌 예수금: 10000000원
2026-05-27 10:22:49,417 - INFO - [005930] 보유: 5주, 매도 가능: 0주, 평단가: 0원
2026-05-27 10:22:49,417 - INFO - 이미 모든 보유 수량에 대해 매도 주문이 진행 중입니다.
2026-05-27 10:22:49,418 - INFO - 60초 후 다음 확인을 진행합니다.
2026-05-27 10:23:49,705 - INFO - [005930] 현재가: 318750원
2026-05-27 10:23:54,652 - INFO - 계좌 예수금: 10000000원
2026-05-27 10:23:54,653 - INFO - [005930] 보유: 5주, 매도 가능: 0주, 평단가: 0원
2026-05-27 10:23:54,653 - INFO - 이미 모든 보유 수량에 대해 매도 주문이 진행 중입니다.
2026-05-27 10:23:54,653 - INFO - 60초 후 다음 확인을 진행합니다.
2026-05-27 10:24:56,999 - INFO - [005930] 현재가: 319500원
2026-05-27 10:25:03,632 - INFO - 계좌 예수금: 10000000원
2026-05-27 10:25:03,632 - INFO - 매수 조건 충족: 현재가(319500) - 2000 = 317500원
2026-05-27 10:25:03,633 - INFO - [BUY] 주문 요청: 005930, 1주, 317500원
2026-05-27 10:25:06,924 - INFO - 주문 성공! 주문번호: 0000015344
2026-05-27 10:25:06,925 - INFO - 60초 후 다음 확인을 진행합니다.
2026-05-27 10:26:07,934 - INFO - [005930] 현재가: 319250원
2026-05-27 10:26:16,167 - INFO - 계좌 예수금: 10000000원
2026-05-27 10:26:16,168 - INFO - 매수 조건 충족: 현재가(319250) - 2000 = 317250원
2026-05-27 10:26:16,169 - INFO - [BUY] 주문 요청: 005930, 1주, 317250원
2026-05-27 10:26:17,940 - ERROR - 주문 실패: 모의투자 주문처리가 안되었습니다(호가단위 오류)
2026-05-27 10:26:17,940 - INFO - 60초 후 다음 확인을 진행합니다.
2026-05-27 10:27:18,012 - INFO - [005930] 현재가: 318500원
2026-05-27 10:27:21,548 - INFO - 계좌 예수금: 10000000원
2026-05-27 10:27:21,549 - INFO - 매수 조건 충족: 현재가(318500) - 2000 = 316500원
2026-05-27 10:27:21,550 - INFO - [BUY] 주문 요청: 005930, 1주, 316500원
2026-05-27 10:27:21,660 - INFO - 주문 성공! 주문번호: 0000015543
2026-05-27 10:27:21,661 - INFO - 60초 후 다음 확인을 진행합니다.
2026-05-27 10:28:23,121 - INFO - [005930] 현재가: 319000원
2026-05-27 10:28:28,485 - INFO - 계좌 예수금: 10000000원
2026-05-27 10:28:28,486 - INFO - 매수 조건 충족: 현재가(319000) - 2000 = 317000원
2026-05-27 10:28:28,486 - INFO - [BUY] 주문 요청: 005930, 1주, 317000원
2026-05-27 10:28:29,403 - INFO - 주문 성공! 주문번호: 0000015624
2026-05-27 10:28:29,404 - INFO - 60초 후 다음 확인을 진행합니다.
2026-05-27 10:29:30,471 - INFO - [005930] 현재가: 319000원
2026-05-27 10:29:34,767 - INFO - 계좌 예수금: 10000000원
2026-05-27 10:29:34,768 - INFO - 매수 조건 충족: 현재가(319000) - 2000 = 317000원
2026-05-27 10:29:34,769 - INFO - [BUY] 주문 요청: 005930, 1주, 317000원
2026-05-27 10:29:36,264 - INFO - 주문 성공! 주문번호: 0000015715
2026-05-27 10:29:36,264 - INFO - 60초 후 다음 확인을 진행합니다.
2026-05-27 10:30:38,049 - INFO - [005930] 현재가: 320000원
2026-05-27 10:30:45,291 - INFO - 계좌 예수금: 10000000원
2026-05-27 10:30:45,291 - INFO - 매수 조건 충족: 현재가(320000) - 2000 = 318000원
2026-05-27 10:30:45,291 - INFO - [BUY] 주문 요청: 005930, 1주, 318000원
2026-05-27 10:30:46,896 - INFO - 주문 성공! 주문번호: 0000015838
2026-05-27 10:30:46,896 - INFO - 60초 후 다음 확인을 진행합니다.
2026-05-27 10:31:48,322 - INFO - [005930] 현재가: 320500원
2026-05-27 10:31:54,672 - INFO - 계좌 예수금: 10000000원
2026-05-27 10:31:54,673 - INFO - 매수 조건 충족: 현재가(320500) - 2000 = 318500원
2026-05-27 10:31:54,674 - INFO - [BUY] 주문 요청: 005930, 1주, 318500원
2026-05-27 10:31:56,413 - INFO - 주문 성공! 주문번호: 0000015994
2026-05-27 10:31:56,414 - INFO - 60초 후 다음 확인을 진행합니다.
2026-05-27 10:32:56,729 - INFO - [005930] 현재가: 320000원
2026-05-27 10:33:01,154 - INFO - 계좌 예수금: 10000000원
2026-05-27 10:33:01,155 - INFO - 매수 조건 충족: 현재가(320000) - 2000 = 318000원
2026-05-27 10:33:01,156 - INFO - [BUY] 주문 요청: 005930, 1주, 318000원
2026-05-27 10:33:02,463 - INFO - 주문 성공! 주문번호: 0000016144
2026-05-27 10:33:02,464 - INFO - 60초 후 다음 확인을 진행합니다.
2026-05-27 10:34:02,595 - INFO - [005930] 현재가: 318500원
2026-05-27 10:34:05,956 - INFO - 계좌 예수금: 10000000원
2026-05-27 10:34:05,957 - INFO - [005930] 보유: 1주, 매도 가능: 1주, 평단가: 0원
2026-05-27 10:34:05,958 - INFO - 매도 조건 충족: 평단가(0), 현재가(318,500) -> 목표가(320,500원)
2026-05-27 10:34:05,958 - INFO - [SELL] 주문 요청: 005930, 1주, 320500원
2026-05-27 10:34:09,849 - INFO - 주문 성공! 주문번호: 0000016287
2026-05-27 10:34:09,850 - INFO - 60초 후 다음 확인을 진행합니다.
2026-05-27 10:35:12,315 - INFO - [005930] 현재가: 319500원
2026-05-27 10:35:18,767 - INFO - 계좌 예수금: 10000000원
2026-05-27 10:35:18,768 - INFO - [005930] 보유: 1주, 매도 가능: 0주, 평단가: 0원
2026-05-27 10:35:18,769 - INFO - 이미 모든 보유 수량에 대해 매도 주문이 진행 중입니다.
2026-05-27 10:35:18,770 - INFO - 60초 후 다음 확인을 진행합니다.
2026-05-27 10:36:18,900 - INFO - [005930] 현재가: 319500원
2026-05-27 10:36:22,257 - INFO - 계좌 예수금: 10000000원
2026-05-27 10:36:22,258 - INFO - [005930] 보유: 1주, 매도 가능: 0주, 평단가: 0원
2026-05-27 10:36:22,258 - INFO - 이미 모든 보유 수량에 대해 매도 주문이 진행 중입니다.
2026-05-27 10:36:22,259 - INFO - 60초 후 다음 확인을 진행합니다.
2026-05-27 10:37:25,748 - INFO - [005930] 현재가: 319000원
2026-05-27 10:37:29,332 - INFO - 계좌 예수금: 10000000원
2026-05-27 10:37:29,333 - INFO - [005930] 보유: 1주, 매도 가능: 0주, 평단가: 0원
2026-05-27 10:37:29,333 - INFO - 이미 모든 보유 수량에 대해 매도 주문이 진행 중입니다.
2026-05-27 10:37:29,334 - INFO - 60초 후 다음 확인을 진행합니다.
2026-05-27 10:38:31,133 - INFO - [005930] 현재가: 319000원
2026-05-27 10:38:37,882 - INFO - 계좌 예수금: 10000000원
2026-05-27 10:38:37,883 - INFO - [005930] 보유: 1주, 매도 가능: 0주, 평단가: 0원
2026-05-27 10:38:37,884 - INFO - 이미 모든 보유 수량에 대해 매도 주문이 진행 중입니다.
2026-05-27 10:38:37,885 - INFO - 60초 후 다음 확인을 진행합니다.
2026-05-27 10:39:40,617 - INFO - [005930] 현재가: 318750원
2026-05-27 10:39:44,508 - INFO - 계좌 예수금: 10000000원
2026-05-27 10:39:44,508 - INFO - [005930] 보유: 1주, 매도 가능: 0주, 평단가: 0원
2026-05-27 10:39:44,509 - INFO - 이미 모든 보유 수량에 대해 매도 주문이 진행 중입니다.
2026-05-27 10:39:44,510 - INFO - 60초 후 다음 확인을 진행합니다.
2026-05-27 10:40:48,000 - INFO - [005930] 현재가: 319500원
2026-05-27 10:40:54,144 - INFO - 계좌 예수금: 10000000원
2026-05-27 10:40:54,145 - INFO - [005930] 보유: 1주, 매도 가능: 0주, 평단가: 0원
2026-05-27 10:40:54,145 - INFO - 이미 모든 보유 수량에 대해 매도 주문이 진행 중입니다.
2026-05-27 10:40:54,146 - INFO - 60초 후 다음 확인을 진행합니다.
2026-05-27 10:41:54,272 - INFO - [005930] 현재가: 319500원
2026-05-27 10:41:59,300 - INFO - 계좌 예수금: 10000000원
2026-05-27 10:41:59,301 - INFO - [005930] 보유: 1주, 매도 가능: 0주, 평단가: 0원
2026-05-27 10:41:59,302 - INFO - 이미 모든 보유 수량에 대해 매도 주문이 진행 중입니다.
2026-05-27 10:41:59,303 - INFO - 60초 후 다음 확인을 진행합니다.
2026-05-27 10:42:59,856 - INFO - [005930] 현재가: 319500원
2026-05-27 10:43:04,712 - INFO - 계좌 예수금: 10000000원
2026-05-27 10:43:04,713 - INFO - [005930] 보유: 1주, 매도 가능: 0주, 평단가: 0원
2026-05-27 10:43:04,714 - INFO - 이미 모든 보유 수량에 대해 매도 주문이 진행 중입니다.
2026-05-27 10:43:04,714 - INFO - 60초 후 다음 확인을 진행합니다.
2026-05-27 10:44:04,819 - INFO - [005930] 현재가: 319250원
2026-05-27 10:44:13,529 - INFO - 계좌 예수금: 10000000원
2026-05-27 10:44:13,530 - INFO - [005930] 보유: 1주, 매도 가능: 0주, 평단가: 0원
2026-05-27 10:44:13,531 - INFO - 이미 모든 보유 수량에 대해 매도 주문이 진행 중입니다.
2026-05-27 10:44:13,532 - INFO - 60초 후 다음 확인을 진행합니다.
2026-05-27 10:45:16,098 - INFO - [005930] 현재가: 319000원
2026-05-27 10:45:22,856 - INFO - 계좌 예수금: 10000000원
2026-05-27 10:45:22,857 - INFO - [005930] 보유: 3주, 매도 가능: 2주, 평단가: 0원
2026-05-27 10:45:22,857 - INFO - 매도 조건 충족: 평단가(0), 현재가(319,000) -> 목표가(321,000원)
2026-05-27 10:45:22,858 - INFO - [SELL] 주문 요청: 005930, 2주, 321000원
2026-05-27 10:45:24,598 - INFO - 주문 성공! 주문번호: 0000017162
2026-05-27 10:45:24,598 - INFO - 60초 후 다음 확인을 진행합니다.
2026-05-27 10:46:29,625 - INFO - [005930] 현재가: 319000원
2026-05-27 10:46:33,926 - INFO - 계좌 예수금: 10000000원
2026-05-27 10:46:33,927 - INFO - [005930] 보유: 3주, 매도 가능: 0주, 평단가: 0원
2026-05-27 10:46:33,927 - INFO - 이미 모든 보유 수량에 대해 매도 주문이 진행 중입니다.
2026-05-27 10:46:33,928 - INFO - 60초 후 다음 확인을 진행합니다.
2026-05-27 10:47:35,166 - INFO - [005930] 현재가: 318000원
2026-05-27 10:47:41,923 - INFO - 계좌 예수금: 10000000원
2026-05-27 10:47:41,924 - INFO - [005930] 보유: 3주, 매도 가능: 0주, 평단가: 0원
2026-05-27 10:47:41,924 - INFO - 이미 모든 보유 수량에 대해 매도 주문이 진행 중입니다.
2026-05-27 10:47:41,925 - INFO - 60초 후 다음 확인을 진행합니다.
2026-05-27 10:48:43,154 - INFO - [005930] 현재가: 318000원
2026-05-27 10:48:47,053 - INFO - 계좌 예수금: 10000000원
2026-05-27 10:48:47,054 - INFO - [005930] 보유: 3주, 매도 가능: 0주, 평단가: 0원
2026-05-27 10:48:47,055 - INFO - 이미 모든 보유 수량에 대해 매도 주문이 진행 중입니다.
2026-05-27 10:48:47,056 - INFO - 60초 후 다음 확인을 진행합니다.
2026-05-27 10:49:47,762 - INFO - [005930] 현재가: 318500원
2026-05-27 10:49:52,604 - INFO - 계좌 예수금: 10000000원
2026-05-27 10:49:52,605 - INFO - [005930] 보유: 3주, 매도 가능: 0주, 평단가: 0원
2026-05-27 10:49:52,606 - INFO - 이미 모든 보유 수량에 대해 매도 주문이 진행 중입니다.
2026-05-27 10:49:52,606 - INFO - 60초 후 다음 확인을 진행합니다.
2026-05-27 10:50:56,151 - INFO - [005930] 현재가: 318250원
2026-05-27 10:51:00,915 - INFO - 계좌 예수금: 10000000원
2026-05-27 10:51:00,916 - INFO - [005930] 보유: 3주, 매도 가능: 0주, 평단가: 0원
2026-05-27 10:51:00,916 - INFO - 이미 모든 보유 수량에 대해 매도 주문이 진행 중입니다.
2026-05-27 10:51:00,917 - INFO - 60초 후 다음 확인을 진행합니다.
2026-05-27 10:52:02,853 - INFO - [005930] 현재가: 318750원
2026-05-27 10:52:07,256 - INFO - 계좌 예수금: 10000000원
2026-05-27 10:52:07,257 - INFO - [005930] 보유: 3주, 매도 가능: 0주, 평단가: 0원
2026-05-27 10:52:07,257 - INFO - 이미 모든 보유 수량에 대해 매도 주문이 진행 중입니다.
2026-05-27 10:52:07,257 - INFO - 60초 후 다음 확인을 진행합니다.
2026-05-27 10:53:09,829 - INFO - [005930] 현재가: 318500원
2026-05-27 10:53:17,867 - INFO - 계좌 예수금: 10000000원
2026-05-27 10:53:17,867 - INFO - [005930] 보유: 3주, 매도 가능: 0주, 평단가: 0원
2026-05-27 10:53:17,868 - INFO - 이미 모든 보유 수량에 대해 매도 주문이 진행 중입니다.
2026-05-27 10:53:17,868 - INFO - 60초 후 다음 확인을 진행합니다.
2026-05-27 10:54:19,974 - INFO - [005930] 현재가: 319000원
2026-05-27 10:54:26,068 - INFO - 계좌 예수금: 10000000원
2026-05-27 10:54:26,069 - INFO - [005930] 보유: 3주, 매도 가능: 0주, 평단가: 0원
2026-05-27 10:54:26,069 - INFO - 이미 모든 보유 수량에 대해 매도 주문이 진행 중입니다.
2026-05-27 10:54:26,070 - INFO - 60초 후 다음 확인을 진행합니다.
2026-05-27 10:54:41,935 - INFO - 기존 유효한 토큰을 캐시에서 로드했습니다.
2026-05-27 10:54:41,936 - INFO - 삼성전자 자동매매 프로그램을 시작합니다.
2026-05-27 10:54:41,937 - INFO - 이전 상태 로드 완료: IDLE (목표가: 0원)
2026-05-27 10:54:43,630 - INFO - [005930] 현재가: 318500원
2026-05-27 10:54:47,316 - INFO - 계좌 예수금: 10000000원
2026-05-27 10:54:47,317 - INFO - [005930] 보유: 3주, 매도 가능: 0주, 평단가: 0원
2026-05-27 10:54:47,318 - INFO - 매도 주문 진행 중 확인: 상태를 SELLING으로 업데이트합니다.
2026-05-27 10:54:47,346 - INFO - 이미 모든 보유 수량에 대해 매도 주문(None)이 진행 중입니다.
2026-05-27 10:54:47,346 - INFO - 60초 후 다음 확인을 진행합니다. (현재 상태: SELLING)
2026-05-27 10:55:48,087 - INFO - [005930] 현재가: 318500원
2026-05-27 10:55:55,460 - INFO - 기존 유효한 토큰을 캐시에서 로드했습니다.
2026-05-27 10:55:55,461 - INFO - 삼성전자 자동매매 프로그램을 시작합니다.
2026-05-27 10:55:55,461 - INFO - 이전 상태 로드 완료: IDLE (목표가: 0원)
2026-05-27 10:55:56,236 - INFO - [005930] 현재가: 318500원
2026-05-27 10:56:01,872 - INFO - 계좌 예수금: 10000000원
2026-05-27 10:56:01,873 - INFO - [005930] 보유: 3주, 매도 가능: 0주, 평단가: 0원
2026-05-27 10:56:01,874 - INFO - 매도 주문 진행 중 확인: 상태를 SELLING으로 업데이트합니다.
2026-05-27 10:56:01,882 - INFO - 이미 모든 보유 수량에 대해 매도 주문(None)이 진행 중입니다.
2026-05-27 10:56:01,883 - INFO - 60초 후 다음 확인을 진행합니다. (현재 상태: SELLING)
2026-05-27 10:57:02,490 - INFO - [005930] 현재가: 318750원
2026-05-27 10:57:08,856 - INFO - 계좌 예수금: 10000000원
2026-05-27 10:57:08,856 - INFO - [005930] 보유: 3주, 매도 가능: 0주, 평단가: 0원
2026-05-27 10:57:08,857 - INFO - 이미 모든 보유 수량에 대해 매도 주문(None)이 진행 중입니다.
2026-05-27 10:57:08,858 - INFO - 60초 후 다음 확인을 진행합니다. (현재 상태: SELLING)
2026-05-27 10:58:14,996 - INFO - [005930] 현재가: 319000원
2026-05-27 10:58:18,892 - INFO - 계좌 예수금: 10000000원
2026-05-27 10:58:18,893 - INFO - [005930] 보유: 3주, 매도 가능: 0주, 평단가: 0원
2026-05-27 10:58:18,894 - INFO - 이미 모든 보유 수량에 대해 매도 주문(None)이 진행 중입니다.
2026-05-27 10:58:18,895 - INFO - 60초 후 다음 확인을 진행합니다. (현재 상태: SELLING)
2026-05-27 10:59:20,124 - INFO - [005930] 현재가: 319250원
2026-05-27 10:59:25,452 - INFO - 계좌 예수금: 10000000원
2026-05-27 10:59:25,454 - INFO - [005930] 보유: 3주, 매도 가능: 0주, 평단가: 0원
2026-05-27 10:59:25,455 - INFO - 이미 모든 보유 수량에 대해 매도 주문(None)이 진행 중입니다.
2026-05-27 10:59:25,455 - INFO - 60초 후 다음 확인을 진행합니다. (현재 상태: SELLING)
2026-05-27 11:00:28,020 - INFO - [005930] 현재가: 319000원
2026-05-27 11:00:39,592 - INFO - 계좌 예수금: 10000000원
2026-05-27 11:00:39,592 - INFO - [005930] 보유: 3주, 매도 가능: 0주, 평단가: 0원
2026-05-27 11:00:39,593 - INFO - 이미 모든 보유 수량에 대해 매도 주문(None)이 진행 중입니다.
2026-05-27 11:00:39,593 - INFO - 60초 후 다음 확인을 진행합니다. (현재 상태: SELLING)
2026-05-27 11:01:41,411 - INFO - [005930] 현재가: 318500원
2026-05-27 11:01:47,281 - INFO - 계좌 예수금: 10000000원
2026-05-27 11:01:47,282 - INFO - [005930] 보유: 3주, 매도 가능: 0주, 평단가: 0원
2026-05-27 11:01:47,283 - INFO - 이미 모든 보유 수량에 대해 매도 주문(None)이 진행 중입니다.
2026-05-27 11:01:47,283 - INFO - 60초 후 다음 확인을 진행합니다. (현재 상태: SELLING)
2026-05-27 11:02:48,539 - INFO - [005930] 현재가: 318500원
2026-05-27 11:02:56,342 - INFO - 계좌 예수금: 10000000원
2026-05-27 11:02:56,343 - INFO - [005930] 보유: 3주, 매도 가능: 0주, 평단가: 0원
2026-05-27 11:02:56,343 - INFO - 이미 모든 보유 수량에 대해 매도 주문(None)이 진행 중입니다.
2026-05-27 11:02:56,344 - INFO - 60초 후 다음 확인을 진행합니다. (현재 상태: SELLING)
2026-05-27 11:03:57,253 - INFO - [005930] 현재가: 318500원
2026-05-27 11:04:01,524 - INFO - 계좌 예수금: 10000000원
2026-05-27 11:04:01,525 - INFO - [005930] 보유: 3주, 매도 가능: 0주, 평단가: 0원
2026-05-27 11:04:01,526 - INFO - 이미 모든 보유 수량에 대해 매도 주문(None)이 진행 중입니다.
2026-05-27 11:04:01,526 - INFO - 60초 후 다음 확인을 진행합니다. (현재 상태: SELLING)
2026-05-27 11:05:03,561 - INFO - [005930] 현재가: 318750원
2026-05-27 11:05:13,135 - INFO - 계좌 예수금: 10000000원
2026-05-27 11:05:13,136 - INFO - [005930] 보유: 3주, 매도 가능: 0주, 평단가: 0원
2026-05-27 11:05:13,136 - INFO - 이미 모든 보유 수량에 대해 매도 주문(None)이 진행 중입니다.
2026-05-27 11:05:13,137 - INFO - 60초 후 다음 확인을 진행합니다. (현재 상태: SELLING)
2026-05-27 11:06:11,686 - INFO - [005930] 현재가: 318500원
2026-05-27 11:06:16,035 - INFO - 계좌 예수금: 10000000원
2026-05-27 11:06:16,036 - INFO - [005930] 보유: 3주, 매도 가능: 0주, 평단가: 0원
2026-05-27 11:06:16,037 - INFO - 이미 모든 보유 수량에 대해 매도 주문(None)이 진행 중입니다.
2026-05-27 11:06:16,037 - INFO - 60초 후 다음 확인을 진행합니다. (현재 상태: SELLING)
2026-05-27 11:07:16,915 - INFO - [005930] 현재가: 318000원
2026-05-27 11:07:24,340 - INFO - 계좌 예수금: 10000000원
2026-05-27 11:07:24,341 - INFO - [005930] 보유: 4주, 매도 가능: 1주, 평단가: 0원
2026-05-27 11:07:24,342 - INFO - 매도 조건 충족: 평단가(0), 현재가(318,000) -> 목표가(320,000원)
2026-05-27 11:07:24,343 - INFO - [SELL] 주문 요청: 005930, 1주, 320000원
2026-05-27 11:07:24,963 - INFO - 주문 성공! 주문번호: 0000018851
2026-05-27 11:07:24,991 - INFO - 60초 후 다음 확인을 진행합니다. (현재 상태: SELLING)
2026-05-27 11:08:25,109 - INFO - [005930] 현재가: 317250원
2026-05-27 11:08:29,881 - INFO - 계좌 예수금: 10000000원
2026-05-27 11:08:29,881 - INFO - [005930] 보유: 6주, 매도 가능: 2주, 평단가: 0원
2026-05-27 11:08:29,882 - INFO - 매도 조건 충족: 평단가(0), 현재가(317,250) -> 목표가(319,250원)
2026-05-27 11:08:29,882 - INFO - [SELL] 주문 요청: 005930, 2주, 319250원
2026-05-27 11:08:30,046 - ERROR - 주문 실패: 모의투자 주문처리가 안되었습니다(호가단위 오류)
2026-05-27 11:08:30,048 - INFO - 60초 후 다음 확인을 진행합니다. (현재 상태: SELLING)
2026-05-27 11:09:30,152 - INFO - [005930] 현재가: 317500원
2026-05-27 11:09:36,753 - INFO - 계좌 예수금: 10000000원
2026-05-27 11:09:36,754 - INFO - [005930] 보유: 6주, 매도 가능: 2주, 평단가: 0원
2026-05-27 11:09:36,755 - INFO - 매도 조건 충족: 평단가(0), 현재가(317,500) -> 목표가(319,500원)
2026-05-27 11:09:36,756 - INFO - [SELL] 주문 요청: 005930, 2주, 319500원
2026-05-27 11:09:37,893 - INFO - 주문 성공! 주문번호: 0000019085
2026-05-27 11:09:37,926 - INFO - 60초 후 다음 확인을 진행합니다. (현재 상태: SELLING)
2026-05-27 11:10:38,028 - INFO - [005930] 현재가: 318000원
2026-05-27 11:10:40,546 - INFO - 계좌 예수금: 10000000원
2026-05-27 11:10:40,547 - INFO - [005930] 보유: 6주, 매도 가능: 0주, 평단가: 0원
2026-05-27 11:10:40,548 - INFO - 이미 모든 보유 수량에 대해 매도 주문(0000019085)이 진행 중입니다.
2026-05-27 11:10:40,548 - INFO - 60초 후 다음 확인을 진행합니다. (현재 상태: SELLING)
2026-05-27 11:11:40,657 - INFO - [005930] 현재가: 318000원
2026-05-27 11:11:46,813 - INFO - 계좌 예수금: 10000000원
2026-05-27 11:11:46,814 - INFO - [005930] 보유: 6주, 매도 가능: 0주, 평단가: 0원
2026-05-27 11:11:46,815 - INFO - 이미 모든 보유 수량에 대해 매도 주문(0000019085)이 진행 중입니다.
2026-05-27 11:11:46,815 - INFO - 60초 후 다음 확인을 진행합니다. (현재 상태: SELLING)
2026-05-27 11:12:46,951 - INFO - [005930] 현재가: 318000원
2026-05-27 11:12:54,291 - INFO - 계좌 예수금: 10000000원
2026-05-27 11:12:54,291 - INFO - [005930] 보유: 6주, 매도 가능: 0주, 평단가: 0원
2026-05-27 11:12:54,292 - INFO - 이미 모든 보유 수량에 대해 매도 주문(0000019085)이 진행 중입니다.
2026-05-27 11:12:54,292 - INFO - 60초 후 다음 확인을 진행합니다. (현재 상태: SELLING)
2026-05-27 11:13:54,413 - INFO - [005930] 현재가: 318250원
2026-05-27 11:14:00,553 - INFO - 계좌 예수금: 10000000원
2026-05-27 11:14:00,554 - INFO - [005930] 보유: 6주, 매도 가능: 0주, 평단가: 0원
2026-05-27 11:14:00,554 - INFO - 이미 모든 보유 수량에 대해 매도 주문(0000019085)이 진행 중입니다.
2026-05-27 11:14:00,554 - INFO - 60초 후 다음 확인을 진행합니다. (현재 상태: SELLING)
2026-05-27 11:15:00,965 - INFO - [005930] 현재가: 318000원
2026-05-27 11:15:06,901 - INFO - 계좌 예수금: 10000000원
2026-05-27 11:15:06,902 - INFO - [005930] 보유: 6주, 매도 가능: 0주, 평단가: 0원
2026-05-27 11:15:06,903 - INFO - 이미 모든 보유 수량에 대해 매도 주문(0000019085)이 진행 중입니다.
2026-05-27 11:15:06,904 - INFO - 60초 후 다음 확인을 진행합니다. (현재 상태: SELLING)
2026-05-27 11:16:07,923 - INFO - [005930] 현재가: 318500원
2026-05-27 11:16:16,846 - INFO - 계좌 예수금: 10000000원
2026-05-27 11:16:16,847 - INFO - [005930] 보유: 6주, 매도 가능: 0주, 평단가: 0원
2026-05-27 11:16:16,848 - INFO - 이미 모든 보유 수량에 대해 매도 주문(0000019085)이 진행 중입니다.
2026-05-27 11:16:16,848 - INFO - 60초 후 다음 확인을 진행합니다. (현재 상태: SELLING)
2026-05-27 11:17:16,955 - INFO - [005930] 현재가: 318750원
2026-05-27 11:17:26,073 - INFO - 계좌 예수금: 10000000원
2026-05-27 11:17:26,074 - INFO - [005930] 보유: 6주, 매도 가능: 0주, 평단가: 0원
2026-05-27 11:17:26,075 - INFO - 이미 모든 보유 수량에 대해 매도 주문(0000019085)이 진행 중입니다.
2026-05-27 11:17:26,075 - INFO - 60초 후 다음 확인을 진행합니다. (현재 상태: SELLING)
2026-05-27 11:18:27,617 - INFO - [005930] 현재가: 318750원
2026-05-27 11:18:34,076 - INFO - 계좌 예수금: 10000000원
2026-05-27 11:18:34,077 - INFO - [005930] 보유: 6주, 매도 가능: 0주, 평단가: 0원
2026-05-27 11:18:34,078 - INFO - 이미 모든 보유 수량에 대해 매도 주문(0000019085)이 진행 중입니다.
2026-05-27 11:18:34,078 - INFO - 60초 후 다음 확인을 진행합니다. (현재 상태: SELLING)
2026-05-27 11:19:36,128 - INFO - [005930] 현재가: 319000원
2026-05-27 11:19:41,451 - INFO - 계좌 예수금: 10000000원
2026-05-27 11:19:41,452 - INFO - [005930] 보유: 4주, 매도 가능: 0주, 평단가: 0원
2026-05-27 11:19:41,452 - INFO - 이미 모든 보유 수량에 대해 매도 주문(0000019085)이 진행 중입니다.
2026-05-27 11:19:41,453 - INFO - 60초 후 다음 확인을 진행합니다. (현재 상태: SELLING)
2026-05-27 11:20:44,432 - INFO - [005930] 현재가: 318500원
2026-05-27 11:20:50,471 - INFO - 계좌 예수금: 10000000원
2026-05-27 11:20:50,471 - INFO - [005930] 보유: 4주, 매도 가능: 0주, 평단가: 0원
2026-05-27 11:20:50,472 - INFO - 이미 모든 보유 수량에 대해 매도 주문(0000019085)이 진행 중입니다.
2026-05-27 11:20:50,472 - INFO - 60초 후 다음 확인을 진행합니다. (현재 상태: SELLING)
2026-05-27 11:21:51,492 - INFO - [005930] 현재가: 318750원
2026-05-27 11:21:58,057 - INFO - 계좌 예수금: 10000000원
2026-05-27 11:21:58,058 - INFO - [005930] 보유: 4주, 매도 가능: 0주, 평단가: 0원
2026-05-27 11:21:58,058 - INFO - 이미 모든 보유 수량에 대해 매도 주문(0000019085)이 진행 중입니다.
2026-05-27 11:21:58,059 - INFO - 60초 후 다음 확인을 진행합니다. (현재 상태: SELLING)
2026-05-27 11:23:01,959 - INFO - [005930] 현재가: 318750원
2026-05-27 11:23:04,519 - INFO - 계좌 예수금: 10000000원
2026-05-27 11:23:04,520 - INFO - [005930] 보유: 4주, 매도 가능: 0주, 평단가: 0원
2026-05-27 11:23:04,521 - INFO - 이미 모든 보유 수량에 대해 매도 주문(0000019085)이 진행 중입니다.
2026-05-27 11:23:04,521 - INFO - 60초 후 다음 확인을 진행합니다. (현재 상태: SELLING)
2026-05-27 11:24:04,660 - INFO - [005930] 현재가: 319000원
2026-05-27 11:24:13,237 - INFO - 계좌 예수금: 10000000원
2026-05-27 11:24:13,238 - INFO - [005930] 보유: 4주, 매도 가능: 0주, 평단가: 0원
2026-05-27 11:24:13,238 - INFO - 이미 모든 보유 수량에 대해 매도 주문(0000019085)이 진행 중입니다.
2026-05-27 11:24:13,239 - INFO - 60초 후 다음 확인을 진행합니다. (현재 상태: SELLING)
2026-05-27 11:25:15,401 - INFO - [005930] 현재가: 319250원
2026-05-27 11:25:22,769 - INFO - 계좌 예수금: 10000000원
2026-05-27 11:25:22,770 - INFO - [005930] 보유: 3주, 매도 가능: 0주, 평단가: 0원
2026-05-27 11:25:22,770 - INFO - 이미 모든 보유 수량에 대해 매도 주문(0000019085)이 진행 중입니다.
2026-05-27 11:25:22,771 - INFO - 60초 후 다음 확인을 진행합니다. (현재 상태: SELLING)
2026-05-27 11:26:24,930 - INFO - [005930] 현재가: 319250원
2026-05-27 11:26:29,128 - INFO - 계좌 예수금: 10000000원
2026-05-27 11:26:29,129 - INFO - [005930] 보유: 3주, 매도 가능: 0주, 평단가: 0원
2026-05-27 11:26:29,129 - INFO - 이미 모든 보유 수량에 대해 매도 주문(0000019085)이 진행 중입니다.
2026-05-27 11:26:29,130 - INFO - 60초 후 다음 확인을 진행합니다. (현재 상태: SELLING)
2026-05-27 11:27:29,254 - INFO - [005930] 현재가: 319000원
2026-05-27 11:27:33,745 - INFO - 계좌 예수금: 10000000원
2026-05-27 11:27:33,745 - INFO - [005930] 보유: 3주, 매도 가능: 0주, 평단가: 0원
2026-05-27 11:27:33,746 - INFO - 이미 모든 보유 수량에 대해 매도 주문(0000019085)이 진행 중입니다.
2026-05-27 11:27:33,747 - INFO - 60초 후 다음 확인을 진행합니다. (현재 상태: SELLING)
2026-05-27 11:28:33,856 - INFO - [005930] 현재가: 319750원
2026-05-27 11:28:38,360 - INFO - 계좌 예수금: 10000000원
2026-05-27 11:28:38,361 - INFO - [005930] 보유: 3주, 매도 가능: 0주, 평단가: 0원
2026-05-27 11:28:38,362 - INFO - 이미 모든 보유 수량에 대해 매도 주문(0000019085)이 진행 중입니다.
2026-05-27 11:28:38,363 - INFO - 60초 후 다음 확인을 진행합니다. (현재 상태: SELLING)
2026-05-27 11:29:40,624 - INFO - [005930] 현재가: 319750원
2026-05-27 11:29:48,609 - INFO - 계좌 예수금: 10000000원
2026-05-27 11:29:48,609 - INFO - [005930] 보유: 3주, 매도 가능: 0주, 평단가: 0원
2026-05-27 11:29:48,610 - INFO - 이미 모든 보유 수량에 대해 매도 주문(0000019085)이 진행 중입니다.
2026-05-27 11:29:48,610 - INFO - 60초 후 다음 확인을 진행합니다. (현재 상태: SELLING)
2026-05-27 11:30:53,075 - INFO - [005930] 현재가: 320000원
2026-05-27 11:30:58,860 - INFO - 계좌 예수금: 10000000원
2026-05-27 11:30:58,861 - INFO - [005930] 보유: 3주, 매도 가능: 0주, 평단가: 0원
2026-05-27 11:30:58,862 - INFO - 이미 모든 보유 수량에 대해 매도 주문(0000019085)이 진행 중입니다.
2026-05-27 11:30:58,862 - INFO - 60초 후 다음 확인을 진행합니다. (현재 상태: SELLING)
2026-05-27 11:31:58,977 - INFO - [005930] 현재가: 319500원
2026-05-27 11:32:07,677 - INFO - 계좌 예수금: 10000000원
2026-05-27 11:32:07,677 - INFO - [005930] 보유: 3주, 매도 가능: 0주, 평단가: 0원
2026-05-27 11:32:07,678 - INFO - 이미 모든 보유 수량에 대해 매도 주문(0000019085)이 진행 중입니다.
2026-05-27 11:32:07,678 - INFO - 60초 후 다음 확인을 진행합니다. (현재 상태: SELLING)
2026-05-27 11:33:10,353 - INFO - [005930] 현재가: 319500원
2026-05-27 11:33:18,439 - INFO - 계좌 예수금: 10000000원
2026-05-27 11:33:18,440 - INFO - [005930] 보유: 3주, 매도 가능: 0주, 평단가: 0원
2026-05-27 11:33:18,441 - INFO - 이미 모든 보유 수량에 대해 매도 주문(0000019085)이 진행 중입니다.
2026-05-27 11:33:18,441 - INFO - 60초 후 다음 확인을 진행합니다. (현재 상태: SELLING)
2026-05-27 11:34:20,715 - INFO - [005930] 현재가: 319250원
2026-05-27 11:34:24,186 - INFO - 계좌 예수금: 10000000원
2026-05-27 11:34:24,187 - INFO - [005930] 보유: 3주, 매도 가능: 0주, 평단가: 0원
2026-05-27 11:34:24,188 - INFO - 이미 모든 보유 수량에 대해 매도 주문(0000019085)이 진행 중입니다.
2026-05-27 11:34:24,188 - INFO - 60초 후 다음 확인을 진행합니다. (현재 상태: SELLING)
2026-05-27 11:35:24,302 - INFO - [005930] 현재가: 319500원
2026-05-27 11:35:28,700 - INFO - 계좌 예수금: 10000000원
2026-05-27 11:35:28,701 - INFO - [005930] 보유: 3주, 매도 가능: 0주, 평단가: 0원
2026-05-27 11:35:28,702 - INFO - 이미 모든 보유 수량에 대해 매도 주문(0000019085)이 진행 중입니다.
2026-05-27 11:35:28,702 - INFO - 60초 후 다음 확인을 진행합니다. (현재 상태: SELLING)
2026-05-27 11:36:31,783 - INFO - [005930] 현재가: 319750원
2026-05-27 11:36:38,955 - INFO - 계좌 예수금: 10000000원
2026-05-27 11:36:38,956 - INFO - [005930] 보유: 3주, 매도 가능: 0주, 평단가: 0원
2026-05-27 11:36:38,957 - INFO - 이미 모든 보유 수량에 대해 매도 주문(0000019085)이 진행 중입니다.
2026-05-27 11:36:38,957 - INFO - 60초 후 다음 확인을 진행합니다. (현재 상태: SELLING)
2026-05-27 11:37:41,931 - INFO - [005930] 현재가: 319750원
2026-05-27 11:37:45,720 - INFO - 계좌 예수금: 10000000원
2026-05-27 11:37:45,720 - INFO - [005930] 보유: 3주, 매도 가능: 0주, 평단가: 0원
2026-05-27 11:37:45,721 - INFO - 이미 모든 보유 수량에 대해 매도 주문(0000019085)이 진행 중입니다.
2026-05-27 11:37:45,721 - INFO - 60초 후 다음 확인을 진행합니다. (현재 상태: SELLING)
2026-05-27 11:38:48,186 - INFO - [005930] 현재가: 320000원
2026-05-27 11:38:55,355 - INFO - 계좌 예수금: 10000000원
2026-05-27 11:38:55,356 - INFO - [005930] 보유: 3주, 매도 가능: 0주, 평단가: 0원
2026-05-27 11:38:55,357 - INFO - 이미 모든 보유 수량에 대해 매도 주문(0000019085)이 진행 중입니다.
2026-05-27 11:38:55,357 - INFO - 60초 후 다음 확인을 진행합니다. (현재 상태: SELLING)
2026-05-27 11:39:57,922 - INFO - [005930] 현재가: 320500원
2026-05-27 11:40:05,091 - INFO - 계좌 예수금: 10000000원
2026-05-27 11:40:05,092 - INFO - [005930] 보유: 2주, 매도 가능: 0주, 평단가: 0원
2026-05-27 11:40:05,093 - INFO - 이미 모든 보유 수량에 대해 매도 주문(0000019085)이 진행 중입니다.
2026-05-27 11:40:05,093 - INFO - 60초 후 다음 확인을 진행합니다. (현재 상태: SELLING)
2026-05-27 11:41:05,216 - INFO - [005930] 현재가: 320500원
2026-05-27 11:41:10,525 - INFO - 계좌 예수금: 10000000원
2026-05-27 11:41:10,526 - INFO - [005930] 보유: 2주, 매도 가능: 0주, 평단가: 0원
2026-05-27 11:41:10,526 - INFO - 이미 모든 보유 수량에 대해 매도 주문(0000019085)이 진행 중입니다.
2026-05-27 11:41:10,527 - INFO - 60초 후 다음 확인을 진행합니다. (현재 상태: SELLING)
2026-05-27 11:42:14,221 - INFO - [005930] 현재가: 320500원
2026-05-27 11:42:22,005 - INFO - 계좌 예수금: 10000000원
2026-05-27 11:42:22,006 - INFO - 보유 수량 없음 확인: 상태를 IDLE로 전환합니다.
2026-05-27 11:42:22,033 - INFO - 매수 조건 충족: 현재가(320500) - 2000 = 318500원
2026-05-27 11:42:22,034 - INFO - [BUY] 주문 요청: 005930, 1주, 318500원
2026-05-27 11:42:24,467 - INFO - 주문 성공! 주문번호: 0000022064
2026-05-27 11:42:24,488 - INFO - 60초 후 다음 확인을 진행합니다. (현재 상태: BUYING)
2026-05-27 11:43:24,608 - INFO - [005930] 현재가: 321000원
2026-05-27 11:43:30,003 - INFO - 계좌 예수금: 10000000원
2026-05-27 11:43:30,004 - INFO - 매수 조건 충족: 현재가(321000) - 2000 = 319000원
2026-05-27 11:43:30,004 - INFO - [BUY] 주문 요청: 005930, 1주, 319000원
2026-05-27 11:43:30,241 - INFO - 주문 성공! 주문번호: 0000022162
2026-05-27 11:43:30,266 - INFO - 60초 후 다음 확인을 진행합니다. (현재 상태: BUYING)
2026-05-27 11:44:33,087 - INFO - [005930] 현재가: 321000원
2026-05-27 11:44:39,944 - INFO - 계좌 예수금: 10000000원
2026-05-27 11:44:39,945 - INFO - 매수 조건 충족: 현재가(321000) - 2000 = 319000원
2026-05-27 11:44:39,946 - INFO - [BUY] 주문 요청: 005930, 1주, 319000원
2026-05-27 11:44:40,984 - INFO - 주문 성공! 주문번호: 0000022237
2026-05-27 11:44:41,014 - INFO - 60초 후 다음 확인을 진행합니다. (현재 상태: BUYING)
2026-05-27 11:45:42,218 - INFO - [005930] 현재가: 320500원
2026-05-27 11:45:46,815 - INFO - 계좌 예수금: 10000000원
2026-05-27 11:45:46,816 - INFO - 매수 조건 충족: 현재가(320500) - 2000 = 318500원
2026-05-27 11:45:46,816 - INFO - [BUY] 주문 요청: 005930, 1주, 318500원
2026-05-27 11:45:49,270 - INFO - 주문 성공! 주문번호: 0000022325
2026-05-27 11:45:49,300 - INFO - 60초 후 다음 확인을 진행합니다. (현재 상태: BUYING)
2026-05-27 11:46:49,416 - INFO - [005930] 현재가: 321000원
2026-05-27 11:46:55,432 - INFO - 계좌 예수금: 10000000원
2026-05-27 11:46:55,432 - INFO - 매수 조건 충족: 현재가(321000) - 2000 = 319000원
2026-05-27 11:46:55,433 - INFO - [BUY] 주문 요청: 005930, 1주, 319000원
2026-05-27 11:46:56,971 - INFO - 주문 성공! 주문번호: 0000022410
2026-05-27 11:46:56,992 - INFO - 60초 후 다음 확인을 진행합니다. (현재 상태: BUYING)
2026-05-27 11:47:57,113 - INFO - [005930] 현재가: 321000원
2026-05-27 11:48:05,572 - INFO - 계좌 예수금: 10000000원
2026-05-27 11:48:05,573 - INFO - 매수 조건 충족: 현재가(321000) - 2000 = 319000원
2026-05-27 11:48:05,574 - INFO - [BUY] 주문 요청: 005930, 1주, 319000원
2026-05-27 11:48:07,517 - INFO - 주문 성공! 주문번호: 0000022493
2026-05-27 11:48:07,540 - INFO - 60초 후 다음 확인을 진행합니다. (현재 상태: BUYING)
2026-05-27 11:49:11,930 - INFO - [005930] 현재가: 320500원
2026-05-27 11:49:16,027 - INFO - 계좌 예수금: 10000000원
2026-05-27 11:49:16,028 - INFO - 매수 조건 충족: 현재가(320500) - 2000 = 318500원
2026-05-27 11:49:16,029 - INFO - [BUY] 주문 요청: 005930, 1주, 318500원
2026-05-27 11:49:20,943 - INFO - 주문 성공! 주문번호: 0000022597
2026-05-27 11:49:20,965 - INFO - 60초 후 다음 확인을 진행합니다. (현재 상태: BUYING)
2026-05-27 11:50:21,138 - INFO - [005930] 현재가: 321000원
2026-05-27 11:50:25,764 - INFO - 계좌 예수금: 10000000원
2026-05-27 11:50:25,765 - INFO - 매수 조건 충족: 현재가(321000) - 2000 = 319000원
2026-05-27 11:50:25,766 - INFO - [BUY] 주문 요청: 005930, 1주, 319000원
2026-05-27 11:50:25,920 - INFO - 주문 성공! 주문번호: 0000022677
2026-05-27 11:50:25,942 - INFO - 60초 후 다음 확인을 진행합니다. (현재 상태: BUYING)
2026-05-27 11:51:26,061 - INFO - [005930] 현재가: 320750원
2026-05-27 11:51:30,285 - INFO - 계좌 예수금: 10000000원
2026-05-27 11:51:30,286 - INFO - 매수 조건 충족: 현재가(320750) - 2000 = 318750원
2026-05-27 11:51:30,287 - INFO - [BUY] 주문 요청: 005930, 1주, 318750원
2026-05-27 11:51:32,434 - ERROR - 주문 실패: 모의투자 주문처리가 안되었습니다(호가단위 오류)
2026-05-27 11:51:32,434 - INFO - 60초 후 다음 확인을 진행합니다. (현재 상태: BUYING)
2026-05-27 11:52:32,760 - INFO - [005930] 현재가: 321000원
2026-05-27 11:52:40,644 - INFO - 계좌 예수금: 10000000원
2026-05-27 11:52:40,645 - INFO - 매수 조건 충족: 현재가(321000) - 2000 = 319000원
2026-05-27 11:52:40,646 - INFO - [BUY] 주문 요청: 005930, 1주, 319000원
2026-05-27 11:52:43,508 - INFO - 주문 성공! 주문번호: 0000022841
2026-05-27 11:52:43,537 - INFO - 60초 후 다음 확인을 진행합니다. (현재 상태: BUYING)
2026-05-27 11:53:45,599 - INFO - [005930] 현재가: 320500원
2026-05-27 11:53:48,228 - INFO - 계좌 예수금: 10000000원
2026-05-27 11:53:48,229 - INFO - 매수 조건 충족: 현재가(320500) - 2000 = 318500원
2026-05-27 11:53:48,230 - INFO - [BUY] 주문 요청: 005930, 1주, 318500원
2026-05-27 11:53:51,713 - INFO - 주문 성공! 주문번호: 0000022929
2026-05-27 11:53:51,734 - INFO - 60초 후 다음 확인을 진행합니다. (현재 상태: BUYING)
2026-05-27 11:54:54,629 - INFO - [005930] 현재가: 320000원
2026-05-27 11:55:01,800 - INFO - 계좌 예수금: 10000000원
2026-05-27 11:55:01,801 - INFO - 매수 조건 충족: 현재가(320000) - 2000 = 318000원
2026-05-27 11:55:01,802 - INFO - [BUY] 주문 요청: 005930, 1주, 318000원
2026-05-27 11:55:04,564 - INFO - 주문 성공! 주문번호: 0000023036
2026-05-27 11:55:04,598 - INFO - 60초 후 다음 확인을 진행합니다. (현재 상태: BUYING)
2026-05-27 11:56:07,543 - INFO - [005930] 현재가: 320250원
2026-05-27 11:56:13,174 - INFO - 계좌 예수금: 10000000원
2026-05-27 11:56:13,175 - INFO - 매수 조건 충족: 현재가(320250) - 2000 = 318250원
2026-05-27 11:56:13,175 - INFO - [BUY] 주문 요청: 005930, 1주, 318250원
2026-05-27 11:56:16,559 - ERROR - 주문 실패: 모의투자 주문처리가 안되었습니다(호가단위 오류)
2026-05-27 11:56:16,560 - INFO - 60초 후 다음 확인을 진행합니다. (현재 상태: BUYING)
2026-05-27 11:57:18,201 - INFO - [005930] 현재가: 320000원
2026-05-27 11:57:23,530 - INFO - 계좌 예수금: 10000000원
2026-05-27 11:57:23,533 - INFO - 매수 조건 충족: 현재가(320000) - 2000 = 318000원
2026-05-27 11:57:23,533 - INFO - [BUY] 주문 요청: 005930, 1주, 318000원
2026-05-27 11:57:23,673 - INFO - 주문 성공! 주문번호: 0000023193
2026-05-27 11:57:23,707 - INFO - 60초 후 다음 확인을 진행합니다. (현재 상태: BUYING)
2026-05-27 11:58:23,895 - INFO - [005930] 현재가: 320000원
2026-05-27 11:58:31,217 - INFO - 계좌 예수금: 10000000원
2026-05-27 11:58:31,218 - INFO - 매수 조건 충족: 현재가(320000) - 2000 = 318000원
2026-05-27 11:58:31,219 - INFO - [BUY] 주문 요청: 005930, 1주, 318000원
2026-05-27 11:58:31,352 - INFO - 주문 성공! 주문번호: 0000023265
2026-05-27 11:58:31,374 - INFO - 60초 후 다음 확인을 진행합니다. (현재 상태: BUYING)
2026-05-27 11:59:31,487 - INFO - [005930] 현재가: 320500원
2026-05-27 11:59:35,427 - INFO - 계좌 예수금: 10000000원
2026-05-27 11:59:35,428 - INFO - 매수 조건 충족: 현재가(320500) - 2000 = 318500원
2026-05-27 11:59:35,429 - INFO - [BUY] 주문 요청: 005930, 1주, 318500원
2026-05-27 11:59:35,570 - INFO - 주문 성공! 주문번호: 0000023328
2026-05-27 11:59:35,602 - INFO - 60초 후 다음 확인을 진행합니다. (현재 상태: BUYING)
2026-05-27 12:00:38,920 - INFO - [005930] 현재가: 320000원
2026-05-27 12:00:47,521 - INFO - 계좌 예수금: 10000000원
2026-05-27 12:00:47,522 - INFO - 매수 조건 충족: 현재가(320000) - 2000 = 318000원
2026-05-27 12:00:47,522 - INFO - [BUY] 주문 요청: 005930, 1주, 318000원
2026-05-27 12:00:49,875 - INFO - 주문 성공! 주문번호: 0000023389
2026-05-27 12:00:49,909 - INFO - 60초 후 다음 확인을 진행합니다. (현재 상태: BUYING)
2026-05-27 12:01:50,034 - INFO - [005930] 현재가: 319750원
2026-05-27 12:01:53,369 - INFO - 계좌 예수금: 10000000원
2026-05-27 12:01:53,370 - INFO - 매수 조건 충족: 현재가(319750) - 2000 = 317750원
2026-05-27 12:01:53,371 - INFO - [BUY] 주문 요청: 005930, 1주, 317750원
2026-05-27 12:01:53,535 - ERROR - 주문 실패: 모의투자 주문처리가 안되었습니다(호가단위 오류)
2026-05-27 12:01:53,536 - INFO - 60초 후 다음 확인을 진행합니다. (현재 상태: BUYING)
2026-05-27 12:02:53,653 - INFO - [005930] 현재가: 320000원
2026-05-27 12:02:58,599 - INFO - 계좌 예수금: 10000000원
2026-05-27 12:02:58,600 - INFO - 매수 조건 충족: 현재가(320000) - 2000 = 318000원
2026-05-27 12:02:58,601 - INFO - [BUY] 주문 요청: 005930, 1주, 318000원
2026-05-27 12:03:00,441 - INFO - 주문 성공! 주문번호: 0000023523
2026-05-27 12:03:00,463 - INFO - 60초 후 다음 확인을 진행합니다. (현재 상태: BUYING)
2026-05-27 12:04:00,572 - INFO - [005930] 현재가: 320000원
2026-05-27 12:04:06,186 - INFO - 계좌 예수금: 10000000원
2026-05-27 12:04:06,187 - INFO - 매수 조건 충족: 현재가(320000) - 2000 = 318000원
2026-05-27 12:04:06,188 - INFO - [BUY] 주문 요청: 005930, 1주, 318000원
2026-05-27 12:04:07,824 - INFO - 주문 성공! 주문번호: 0000023568
2026-05-27 12:04:07,855 - INFO - 60초 후 다음 확인을 진행합니다. (현재 상태: BUYING)
2026-05-27 12:05:10,806 - INFO - [005930] 현재가: 320000원
2026-05-27 12:05:18,387 - INFO - 계좌 예수금: 10000000원
2026-05-27 12:05:18,389 - INFO - 매수 조건 충족: 현재가(320000) - 2000 = 318000원
2026-05-27 12:05:18,390 - INFO - [BUY] 주문 요청: 005930, 1주, 318000원
2026-05-27 12:05:21,147 - INFO - 주문 성공! 주문번호: 0000023633
2026-05-27 12:05:21,179 - INFO - 60초 후 다음 확인을 진행합니다. (현재 상태: BUYING)
2026-05-27 12:06:24,542 - INFO - [005930] 현재가: 319750원
2026-05-27 12:06:28,738 - INFO - 계좌 예수금: 10000000원
2026-05-27 12:06:28,739 - INFO - [005930] 보유: 6주, 매도 가능: 6주, 평단가: 0원
2026-05-27 12:06:28,739 - INFO - 매도 조건 충족: 평단가(0), 현재가(319,750) -> 목표가(321,750원)
2026-05-27 12:06:28,740 - INFO - [SELL] 주문 요청: 005930, 6주, 321750원
2026-05-27 12:06:28,863 - ERROR - 주문 실패: 모의투자 주문처리가 안되었습니다(호가단위 오류)
2026-05-27 12:06:28,864 - INFO - 60초 후 다음 확인을 진행합니다. (현재 상태: BUYING)
2026-05-27 12:07:28,964 - INFO - [005930] 현재가: 320000원
2026-05-27 12:07:35,914 - INFO - 계좌 예수금: 10000000원
2026-05-27 12:07:35,915 - INFO - [005930] 보유: 6주, 매도 가능: 6주, 평단가: 0원
2026-05-27 12:07:35,916 - INFO - 매도 조건 충족: 평단가(0), 현재가(320,000) -> 목표가(322,000원)
2026-05-27 12:07:35,917 - INFO - [SELL] 주문 요청: 005930, 6주, 322000원
2026-05-27 12:07:36,069 - INFO - 주문 성공! 주문번호: 0000023734
2026-05-27 12:07:36,092 - INFO - 60초 후 다음 확인을 진행합니다. (현재 상태: SELLING)
2026-05-27 12:08:37,769 - INFO - [005930] 현재가: 319500원
2026-05-27 12:08:44,833 - INFO - 계좌 예수금: 10000000원
2026-05-27 12:08:44,833 - INFO - [005930] 보유: 6주, 매도 가능: 0주, 평단가: 0원
2026-05-27 12:08:44,834 - INFO - 이미 모든 보유 수량에 대해 매도 주문(0000023734)이 진행 중입니다.
2026-05-27 12:08:44,835 - INFO - 60초 후 다음 확인을 진행합니다. (현재 상태: SELLING)
2026-05-27 12:09:46,176 - INFO - [005930] 현재가: 319750원
2026-05-27 12:09:49,456 - INFO - 계좌 예수금: 10000000원
2026-05-27 12:09:49,457 - INFO - [005930] 보유: 6주, 매도 가능: 0주, 평단가: 0원
2026-05-27 12:09:49,458 - INFO - 이미 모든 보유 수량에 대해 매도 주문(0000023734)이 진행 중입니다.
2026-05-27 12:09:49,458 - INFO - 60초 후 다음 확인을 진행합니다. (현재 상태: SELLING)
2026-05-27 12:10:49,975 - INFO - [005930] 현재가: 320000원
2026-05-27 12:10:55,709 - INFO - 계좌 예수금: 10000000원
2026-05-27 12:10:55,710 - INFO - [005930] 보유: 6주, 매도 가능: 0주, 평단가: 0원
2026-05-27 12:10:55,711 - INFO - 이미 모든 보유 수량에 대해 매도 주문(0000023734)이 진행 중입니다.
2026-05-27 12:10:55,711 - INFO - 60초 후 다음 확인을 진행합니다. (현재 상태: SELLING)
2026-05-27 12:11:55,879 - INFO - [005930] 현재가: 319750원
2026-05-27 12:12:00,429 - INFO - 계좌 예수금: 10000000원
2026-05-27 12:12:00,430 - INFO - [005930] 보유: 6주, 매도 가능: 0주, 평단가: 0원
2026-05-27 12:12:00,431 - INFO - 이미 모든 보유 수량에 대해 매도 주문(0000023734)이 진행 중입니다.
2026-05-27 12:12:00,431 - INFO - 60초 후 다음 확인을 진행합니다. (현재 상태: SELLING)
2026-05-27 12:13:00,526 - INFO - [005930] 현재가: 319500원
2026-05-27 12:13:05,967 - INFO - 계좌 예수금: 10000000원
2026-05-27 12:13:05,968 - INFO - [005930] 보유: 6주, 매도 가능: 0주, 평단가: 0원
2026-05-27 12:13:05,968 - INFO - 이미 모든 보유 수량에 대해 매도 주문(0000023734)이 진행 중입니다.
2026-05-27 12:13:05,968 - INFO - 60초 후 다음 확인을 진행합니다. (현재 상태: SELLING)
2026-05-27 12:14:09,964 - INFO - [005930] 현재가: 319500원
2026-05-27 12:14:18,314 - INFO - 계좌 예수금: 10000000원
2026-05-27 12:14:18,315 - INFO - [005930] 보유: 6주, 매도 가능: 0주, 평단가: 0원
2026-05-27 12:14:18,315 - INFO - 이미 모든 보유 수량에 대해 매도 주문(0000023734)이 진행 중입니다.
2026-05-27 12:14:18,316 - INFO - 60초 후 다음 확인을 진행합니다. (현재 상태: SELLING)
2026-05-27 12:15:21,237 - INFO - [005930] 현재가: 319500원
2026-05-27 12:15:27,390 - INFO - 계좌 예수금: 10000000원
2026-05-27 12:15:27,391 - INFO - [005930] 보유: 6주, 매도 가능: 0주, 평단가: 0원
2026-05-27 12:15:27,392 - INFO - 이미 모든 보유 수량에 대해 매도 주문(0000023734)이 진행 중입니다.
2026-05-27 12:15:27,393 - INFO - 60초 후 다음 확인을 진행합니다. (현재 상태: SELLING)
2026-05-27 12:16:29,349 - INFO - [005930] 현재가: 319500원
2026-05-27 12:16:35,697 - INFO - 계좌 예수금: 10000000원
2026-05-27 12:16:35,698 - INFO - [005930] 보유: 11주, 매도 가능: 5주, 평단가: 0원
2026-05-27 12:16:35,699 - INFO - 매도 조건 충족: 평단가(0), 현재가(319,500) -> 목표가(321,500원)
2026-05-27 12:16:35,699 - INFO - [SELL] 주문 요청: 005930, 5주, 321500원
2026-05-27 12:16:36,412 - INFO - 주문 성공! 주문번호: 0000024121
2026-05-27 12:16:36,443 - INFO - 60초 후 다음 확인을 진행합니다. (현재 상태: SELLING)
2026-05-27 12:17:36,567 - INFO - [005930] 현재가: 319000원
2026-05-27 12:17:42,365 - INFO - 계좌 예수금: 10000000원
2026-05-27 12:17:42,366 - INFO - [005930] 보유: 11주, 매도 가능: 0주, 평단가: 0원
2026-05-27 12:17:42,367 - INFO - 이미 모든 보유 수량에 대해 매도 주문(0000024121)이 진행 중입니다.
2026-05-27 12:17:42,367 - INFO - 60초 후 다음 확인을 진행합니다. (현재 상태: SELLING)
2026-05-27 12:18:44,320 - INFO - [005930] 현재가: 320000원
2026-05-27 12:18:51,692 - INFO - 계좌 예수금: 10000000원
2026-05-27 12:18:51,693 - INFO - [005930] 보유: 11주, 매도 가능: 0주, 평단가: 0원
2026-05-27 12:18:51,694 - INFO - 이미 모든 보유 수량에 대해 매도 주문(0000024121)이 진행 중입니다.
2026-05-27 12:18:51,694 - INFO - 60초 후 다음 확인을 진행합니다. (현재 상태: SELLING)
2026-05-27 12:19:51,806 - INFO - [005930] 현재가: 320000원
2026-05-27 12:19:58,255 - INFO - 계좌 예수금: 10000000원
2026-05-27 12:19:58,256 - INFO - [005930] 보유: 11주, 매도 가능: 0주, 평단가: 0원
2026-05-27 12:19:58,256 - INFO - 이미 모든 보유 수량에 대해 매도 주문(0000024121)이 진행 중입니다.
2026-05-27 12:19:58,257 - INFO - 60초 후 다음 확인을 진행합니다. (현재 상태: SELLING)
2026-05-27 12:21:01,132 - INFO - [005930] 현재가: 320000원
2026-05-27 12:21:11,577 - INFO - 계좌 예수금: 10000000원
2026-05-27 12:21:11,578 - INFO - [005930] 보유: 11주, 매도 가능: 0주, 평단가: 0원
2026-05-27 12:21:11,579 - INFO - 이미 모든 보유 수량에 대해 매도 주문(0000024121)이 진행 중입니다.
2026-05-27 12:21:11,579 - INFO - 60초 후 다음 확인을 진행합니다. (현재 상태: SELLING)
2026-05-27 12:22:11,691 - INFO - [005930] 현재가: 319750원
2026-05-27 12:22:16,810 - INFO - 계좌 예수금: 10000000원
2026-05-27 12:22:16,811 - INFO - [005930] 보유: 11주, 매도 가능: 0주, 평단가: 0원
2026-05-27 12:22:16,811 - INFO - 이미 모든 보유 수량에 대해 매도 주문(0000024121)이 진행 중입니다.
2026-05-27 12:22:16,812 - INFO - 60초 후 다음 확인을 진행합니다. (현재 상태: SELLING)
2026-05-27 12:23:20,301 - INFO - [005930] 현재가: 319500원
2026-05-27 12:23:28,800 - INFO - 계좌 예수금: 10000000원
2026-05-27 12:23:28,801 - INFO - [005930] 보유: 11주, 매도 가능: 0주, 평단가: 0원
2026-05-27 12:23:28,801 - INFO - 이미 모든 보유 수량에 대해 매도 주문(0000024121)이 진행 중입니다.
2026-05-27 12:23:28,802 - INFO - 60초 후 다음 확인을 진행합니다. (현재 상태: SELLING)
2026-05-27 12:24:28,918 - INFO - [005930] 현재가: 319500원
2026-05-27 12:24:33,214 - INFO - 계좌 예수금: 10000000원
2026-05-27 12:24:33,215 - INFO - [005930] 보유: 11주, 매도 가능: 0주, 평단가: 0원
2026-05-27 12:24:33,215 - INFO - 이미 모든 보유 수량에 대해 매도 주문(0000024121)이 진행 중입니다.
2026-05-27 12:24:33,216 - INFO - 60초 후 다음 확인을 진행합니다. (현재 상태: SELLING)
2026-05-27 12:25:34,044 - INFO - [005930] 현재가: 320000원
2026-05-27 12:25:40,085 - INFO - 계좌 예수금: 10000000원
2026-05-27 12:25:40,086 - INFO - [005930] 보유: 11주, 매도 가능: 0주, 평단가: 0원
2026-05-27 12:25:40,087 - INFO - 이미 모든 보유 수량에 대해 매도 주문(0000024121)이 진행 중입니다.
2026-05-27 12:25:40,087 - INFO - 60초 후 다음 확인을 진행합니다. (현재 상태: SELLING)
2026-05-27 12:26:40,205 - INFO - [005930] 현재가: 320000원
2026-05-27 12:26:47,469 - INFO - 계좌 예수금: 10000000원
2026-05-27 12:26:47,470 - INFO - [005930] 보유: 11주, 매도 가능: 0주, 평단가: 0원
2026-05-27 12:26:47,471 - INFO - 이미 모든 보유 수량에 대해 매도 주문(0000024121)이 진행 중입니다.
2026-05-27 12:26:47,471 - INFO - 60초 후 다음 확인을 진행합니다. (현재 상태: SELLING)
2026-05-27 12:27:49,427 - INFO - [005930] 현재가: 320500원
2026-05-27 12:27:53,867 - INFO - 계좌 예수금: 10000000원
2026-05-27 12:27:53,868 - INFO - [005930] 보유: 11주, 매도 가능: 0주, 평단가: 0원
2026-05-27 12:27:53,869 - INFO - 이미 모든 보유 수량에 대해 매도 주문(0000024121)이 진행 중입니다.
2026-05-27 12:27:53,869 - INFO - 60초 후 다음 확인을 진행합니다. (현재 상태: SELLING)
2026-05-27 12:28:54,658 - INFO - [005930] 현재가: 320000원
2026-05-27 12:28:57,631 - INFO - 계좌 예수금: 10000000원
2026-05-27 12:28:57,632 - INFO - [005930] 보유: 11주, 매도 가능: 0주, 평단가: 0원
2026-05-27 12:28:57,632 - INFO - 이미 모든 보유 수량에 대해 매도 주문(0000024121)이 진행 중입니다.
2026-05-27 12:28:57,633 - INFO - 60초 후 다음 확인을 진행합니다. (현재 상태: SELLING)
2026-05-27 12:29:57,741 - INFO - [005930] 현재가: 320500원
2026-05-27 12:30:02,452 - INFO - 계좌 예수금: 10000000원
2026-05-27 12:30:02,453 - INFO - [005930] 보유: 11주, 매도 가능: 0주, 평단가: 0원
2026-05-27 12:30:02,453 - INFO - 이미 모든 보유 수량에 대해 매도 주문(0000024121)이 진행 중입니다.
2026-05-27 12:30:02,454 - INFO - 60초 후 다음 확인을 진행합니다. (현재 상태: SELLING)
2026-05-27 12:31:06,556 - INFO - [005930] 현재가: 320500원
2026-05-27 12:31:15,467 - INFO - 계좌 예수금: 10000000원
2026-05-27 12:31:15,468 - INFO - [005930] 보유: 11주, 매도 가능: 0주, 평단가: 0원
2026-05-27 12:31:15,469 - INFO - 이미 모든 보유 수량에 대해 매도 주문(0000024121)이 진행 중입니다.
2026-05-27 12:31:15,469 - INFO - 60초 후 다음 확인을 진행합니다. (현재 상태: SELLING)
2026-05-27 12:32:16,910 - INFO - [005930] 현재가: 320250원
2026-05-27 12:32:23,055 - INFO - 계좌 예수금: 10000000원
2026-05-27 12:32:23,056 - INFO - [005930] 보유: 11주, 매도 가능: 0주, 평단가: 0원
2026-05-27 12:32:23,057 - INFO - 이미 모든 보유 수량에 대해 매도 주문(0000024121)이 진행 중입니다.
2026-05-27 12:32:23,057 - INFO - 60초 후 다음 확인을 진행합니다. (현재 상태: SELLING)
2026-05-27 12:33:24,600 - INFO - [005930] 현재가: 320000원
2026-05-27 12:33:30,028 - INFO - 계좌 예수금: 10000000원
2026-05-27 12:33:30,028 - INFO - [005930] 보유: 11주, 매도 가능: 0주, 평단가: 0원
2026-05-27 12:33:30,029 - INFO - 이미 모든 보유 수량에 대해 매도 주문(0000024121)이 진행 중입니다.
2026-05-27 12:33:30,029 - INFO - 60초 후 다음 확인을 진행합니다. (현재 상태: SELLING)
2026-05-27 12:34:31,880 - INFO - [005930] 현재가: 320500원
2026-05-27 12:34:38,851 - INFO - 계좌 예수금: 10000000원
2026-05-27 12:34:38,852 - INFO - [005930] 보유: 11주, 매도 가능: 0주, 평단가: 0원
2026-05-27 12:34:38,853 - INFO - 이미 모든 보유 수량에 대해 매도 주문(0000024121)이 진행 중입니다.
2026-05-27 12:34:38,853 - INFO - 60초 후 다음 확인을 진행합니다. (현재 상태: SELLING)
2026-05-27 12:35:38,957 - INFO - [005930] 현재가: 320750원
2026-05-27 12:35:42,849 - INFO - 계좌 예수금: 10000000원
2026-05-27 12:35:42,850 - INFO - [005930] 보유: 11주, 매도 가능: 0주, 평단가: 0원
2026-05-27 12:35:42,850 - INFO - 이미 모든 보유 수량에 대해 매도 주문(0000024121)이 진행 중입니다.
2026-05-27 12:35:42,851 - INFO - 60초 후 다음 확인을 진행합니다. (현재 상태: SELLING)
2026-05-27 12:36:47,160 - INFO - [005930] 현재가: 321000원
2026-05-27 12:36:55,659 - INFO - 계좌 예수금: 10000000원
2026-05-27 12:36:55,660 - INFO - [005930] 보유: 11주, 매도 가능: 0주, 평단가: 0원
2026-05-27 12:36:55,660 - INFO - 이미 모든 보유 수량에 대해 매도 주문(0000024121)이 진행 중입니다.
2026-05-27 12:36:55,661 - INFO - 60초 후 다음 확인을 진행합니다. (현재 상태: SELLING)
2026-05-27 12:37:57,409 - INFO - [005930] 현재가: 321000원
2026-05-27 12:38:00,892 - INFO - 계좌 예수금: 10000000원
2026-05-27 12:38:00,893 - INFO - [005930] 보유: 6주, 매도 가능: 0주, 평단가: 0원
2026-05-27 12:38:00,894 - INFO - 이미 모든 보유 수량에 대해 매도 주문(0000024121)이 진행 중입니다.
2026-05-27 12:38:00,894 - INFO - 60초 후 다음 확인을 진행합니다. (현재 상태: SELLING)
2026-05-27 12:39:01,210 - INFO - [005930] 현재가: 321000원
2026-05-27 12:39:06,738 - INFO - 계좌 예수금: 10000000원
2026-05-27 12:39:06,739 - INFO - [005930] 보유: 6주, 매도 가능: 0주, 평단가: 0원
2026-05-27 12:39:06,740 - INFO - 이미 모든 보유 수량에 대해 매도 주문(0000024121)이 진행 중입니다.
2026-05-27 12:39:06,740 - INFO - 60초 후 다음 확인을 진행합니다. (현재 상태: SELLING)
2026-05-27 12:40:10,025 - INFO - [005930] 현재가: 321000원
2026-05-27 12:40:17,091 - INFO - 계좌 예수금: 10000000원
2026-05-27 12:40:17,092 - INFO - [005930] 보유: 6주, 매도 가능: 0주, 평단가: 0원
2026-05-27 12:40:17,092 - INFO - 이미 모든 보유 수량에 대해 매도 주문(0000024121)이 진행 중입니다.
2026-05-27 12:40:17,093 - INFO - 60초 후 다음 확인을 진행합니다. (현재 상태: SELLING)
2026-05-27 12:41:19,556 - INFO - [005930] 현재가: 321000원
2026-05-27 12:41:26,625 - INFO - 계좌 예수금: 10000000원
2026-05-27 12:41:26,626 - INFO - [005930] 보유: 6주, 매도 가능: 0주, 평단가: 0원
2026-05-27 12:41:26,627 - INFO - 이미 모든 보유 수량에 대해 매도 주문(0000024121)이 진행 중입니다.
2026-05-27 12:41:26,627 - INFO - 60초 후 다음 확인을 진행합니다. (현재 상태: SELLING)
2026-05-27 12:42:29,400 - INFO - [005930] 현재가: 320500원
2026-05-27 12:42:33,393 - INFO - 계좌 예수금: 10000000원
2026-05-27 12:42:33,394 - INFO - [005930] 보유: 6주, 매도 가능: 0주, 평단가: 0원
2026-05-27 12:42:33,395 - INFO - 이미 모든 보유 수량에 대해 매도 주문(0000024121)이 진행 중입니다.
2026-05-27 12:42:33,395 - INFO - 60초 후 다음 확인을 진행합니다. (현재 상태: SELLING)
2026-05-27 12:43:33,552 - INFO - [005930] 현재가: 320750원
2026-05-27 12:43:38,114 - INFO - 계좌 예수금: 10000000원
2026-05-27 12:43:38,115 - INFO - [005930] 보유: 6주, 매도 가능: 0주, 평단가: 0원
2026-05-27 12:43:38,116 - INFO - 이미 모든 보유 수량에 대해 매도 주문(0000024121)이 진행 중입니다.
2026-05-27 12:43:38,116 - INFO - 60초 후 다음 확인을 진행합니다. (현재 상태: SELLING)
2026-05-27 12:44:38,229 - INFO - [005930] 현재가: 320500원
2026-05-27 12:44:43,756 - INFO - 계좌 예수금: 10000000원
2026-05-27 12:44:43,757 - INFO - [005930] 보유: 6주, 매도 가능: 0주, 평단가: 0원
2026-05-27 12:44:43,757 - INFO - 이미 모든 보유 수량에 대해 매도 주문(0000024121)이 진행 중입니다.
2026-05-27 12:44:43,758 - INFO - 60초 후 다음 확인을 진행합니다. (현재 상태: SELLING)
2026-05-27 12:45:43,868 - INFO - [005930] 현재가: 320500원
2026-05-27 12:45:51,138 - INFO - 계좌 예수금: 10000000원
2026-05-27 12:45:51,139 - INFO - [005930] 보유: 6주, 매도 가능: 0주, 평단가: 0원
2026-05-27 12:45:51,140 - INFO - 이미 모든 보유 수량에 대해 매도 주문(0000024121)이 진행 중입니다.
2026-05-27 12:45:51,140 - INFO - 60초 후 다음 확인을 진행합니다. (현재 상태: SELLING)
2026-05-27 12:46:51,234 - INFO - [005930] 현재가: 320500원
2026-05-27 12:46:55,757 - INFO - 계좌 예수금: 10000000원
2026-05-27 12:46:55,758 - INFO - [005930] 보유: 6주, 매도 가능: 0주, 평단가: 0원
2026-05-27 12:46:55,759 - INFO - 이미 모든 보유 수량에 대해 매도 주문(0000024121)이 진행 중입니다.
2026-05-27 12:46:55,759 - INFO - 60초 후 다음 확인을 진행합니다. (현재 상태: SELLING)
2026-05-27 12:47:58,124 - INFO - [005930] 현재가: 321000원
2026-05-27 12:48:04,166 - INFO - 계좌 예수금: 10000000원
2026-05-27 12:48:04,166 - INFO - [005930] 보유: 6주, 매도 가능: 0주, 평단가: 0원
2026-05-27 12:48:04,167 - INFO - 이미 모든 보유 수량에 대해 매도 주문(0000024121)이 진행 중입니다.
2026-05-27 12:48:04,167 - INFO - 60초 후 다음 확인을 진행합니다. (현재 상태: SELLING)
2026-05-27 12:49:07,965 - INFO - [005930] 현재가: 320250원
2026-05-27 12:49:15,953 - INFO - 계좌 예수금: 10000000원
2026-05-27 12:49:15,954 - INFO - [005930] 보유: 6주, 매도 가능: 0주, 평단가: 0원
2026-05-27 12:49:15,954 - INFO - 이미 모든 보유 수량에 대해 매도 주문(0000024121)이 진행 중입니다.
2026-05-27 12:49:15,955 - INFO - 60초 후 다음 확인을 진행합니다. (현재 상태: SELLING)
2026-05-27 12:50:16,082 - INFO - [005930] 현재가: 320000원
2026-05-27 12:50:25,178 - INFO - 계좌 예수금: 10000000원
2026-05-27 12:50:25,179 - INFO - [005930] 보유: 6주, 매도 가능: 0주, 평단가: 0원
2026-05-27 12:50:25,179 - INFO - 이미 모든 보유 수량에 대해 매도 주문(0000024121)이 진행 중입니다.
2026-05-27 12:50:25,180 - INFO - 60초 후 다음 확인을 진행합니다. (현재 상태: SELLING)
2026-05-27 12:51:25,277 - INFO - [005930] 현재가: 319250원
2026-05-27 12:51:31,751 - INFO - 계좌 예수금: 10000000원
2026-05-27 12:51:31,751 - INFO - [005930] 보유: 6주, 매도 가능: 0주, 평단가: 0원
2026-05-27 12:51:31,752 - INFO - 이미 모든 보유 수량에 대해 매도 주문(0000024121)이 진행 중입니다.
2026-05-27 12:51:31,752 - INFO - 60초 후 다음 확인을 진행합니다. (현재 상태: SELLING)
2026-05-27 12:52:31,951 - INFO - [005930] 현재가: 319500원
2026-05-27 12:52:38,818 - INFO - 계좌 예수금: 10000000원
2026-05-27 12:52:38,819 - INFO - [005930] 보유: 6주, 매도 가능: 0주, 평단가: 0원
2026-05-27 12:52:38,819 - INFO - 이미 모든 보유 수량에 대해 매도 주문(0000024121)이 진행 중입니다.
2026-05-27 12:52:38,820 - INFO - 60초 후 다음 확인을 진행합니다. (현재 상태: SELLING)
2026-05-27 12:53:40,244 - INFO - [005930] 현재가: 319500원
2026-05-27 12:53:46,982 - INFO - 계좌 예수금: 10000000원
2026-05-27 12:53:46,983 - INFO - [005930] 보유: 6주, 매도 가능: 0주, 평단가: 0원
2026-05-27 12:53:46,984 - INFO - 이미 모든 보유 수량에 대해 매도 주문(0000024121)이 진행 중입니다.
2026-05-27 12:53:46,984 - INFO - 60초 후 다음 확인을 진행합니다. (현재 상태: SELLING)
2026-05-27 12:54:49,725 - INFO - [005930] 현재가: 319000원
2026-05-27 12:54:53,820 - INFO - 계좌 예수금: 10000000원
2026-05-27 12:54:53,821 - INFO - [005930] 보유: 6주, 매도 가능: 0주, 평단가: 0원
2026-05-27 12:54:53,822 - INFO - 이미 모든 보유 수량에 대해 매도 주문(0000024121)이 진행 중입니다.
2026-05-27 12:54:53,822 - INFO - 60초 후 다음 확인을 진행합니다. (현재 상태: SELLING)
2026-05-27 12:55:56,588 - INFO - [005930] 현재가: 318250원
2026-05-27 12:55:59,561 - INFO - 계좌 예수금: 10000000원
2026-05-27 12:55:59,563 - INFO - [005930] 보유: 13주, 매도 가능: 7주, 평단가: 0원
2026-05-27 12:55:59,563 - INFO - 매도 조건 충족: 평단가(0), 현재가(318,250) -> 목표가(320,250원)
2026-05-27 12:55:59,564 - INFO - [SELL] 주문 요청: 005930, 7주, 320250원
2026-05-27 12:56:02,013 - ERROR - 주문 실패: 모의투자 주문처리가 안되었습니다(호가단위 오류)
2026-05-27 12:56:02,014 - INFO - 60초 후 다음 확인을 진행합니다. (현재 상태: SELLING)
2026-05-27 12:57:03,252 - INFO - [005930] 현재가: 318500원
2026-05-27 12:57:10,398 - INFO - 계좌 예수금: 10000000원
2026-05-27 12:57:10,399 - INFO - [005930] 보유: 13주, 매도 가능: 7주, 평단가: 0원
2026-05-27 12:57:10,400 - INFO - 매도 조건 충족: 평단가(0), 현재가(318,500) -> 목표가(320,500원)
2026-05-27 12:57:10,400 - INFO - [SELL] 주문 요청: 005930, 7주, 320500원
2026-05-27 12:57:12,488 - INFO - 주문 성공! 주문번호: 0000026140
2026-05-27 12:57:12,529 - INFO - 60초 후 다음 확인을 진행합니다. (현재 상태: SELLING)
2026-05-27 12:58:14,734 - INFO - [005930] 현재가: 318750원
2026-05-27 12:58:20,363 - INFO - 계좌 예수금: 10000000원
2026-05-27 12:58:20,364 - INFO - [005930] 보유: 13주, 매도 가능: 0주, 평단가: 0원
2026-05-27 12:58:20,364 - INFO - 이미 모든 보유 수량에 대해 매도 주문(0000026140)이 진행 중입니다.
2026-05-27 12:58:20,364 - INFO - 60초 후 다음 확인을 진행합니다. (현재 상태: SELLING)
2026-05-27 12:59:20,810 - INFO - [005930] 현재가: 318500원
2026-05-27 12:59:23,752 - INFO - 계좌 예수금: 10000000원
2026-05-27 12:59:23,753 - INFO - [005930] 보유: 13주, 매도 가능: 0주, 평단가: 0원
2026-05-27 12:59:23,753 - INFO - 이미 모든 보유 수량에 대해 매도 주문(0000026140)이 진행 중입니다.
2026-05-27 12:59:23,754 - INFO - 60초 후 다음 확인을 진행합니다. (현재 상태: SELLING)
2026-05-27 13:00:30,926 - INFO - [005930] 현재가: 318000원
2026-05-27 13:00:38,086 - INFO - 계좌 예수금: 10000000원
2026-05-27 13:00:38,087 - INFO - [005930] 보유: 13주, 매도 가능: 0주, 평단가: 0원
2026-05-27 13:00:38,087 - INFO - 이미 모든 보유 수량에 대해 매도 주문(0000026140)이 진행 중입니다.
2026-05-27 13:00:38,088 - INFO - 60초 후 다음 확인을 진행합니다. (현재 상태: SELLING)
2026-05-27 13:01:38,286 - INFO - [005930] 현재가: 318000원
2026-05-27 13:01:45,298 - INFO - 계좌 예수금: 10000000원
2026-05-27 13:01:45,299 - INFO - [005930] 보유: 13주, 매도 가능: 0주, 평단가: 0원
2026-05-27 13:01:45,300 - INFO - 이미 모든 보유 수량에 대해 매도 주문(0000026140)이 진행 중입니다.
2026-05-27 13:01:45,300 - INFO - 60초 후 다음 확인을 진행합니다. (현재 상태: SELLING)
2026-05-27 13:02:45,452 - INFO - [005930] 현재가: 318500원
2026-05-27 13:02:50,911 - INFO - 계좌 예수금: 10000000원
2026-05-27 13:02:50,912 - INFO - [005930] 보유: 13주, 매도 가능: 0주, 평단가: 0원
2026-05-27 13:02:50,913 - INFO - 이미 모든 보유 수량에 대해 매도 주문(0000026140)이 진행 중입니다.
2026-05-27 13:02:50,914 - INFO - 60초 후 다음 확인을 진행합니다. (현재 상태: SELLING)
2026-05-27 13:03:51,047 - INFO - [005930] 현재가: 318250원
2026-05-27 13:03:54,166 - INFO - 계좌 예수금: 10000000원
2026-05-27 13:03:54,167 - INFO - [005930] 보유: 13주, 매도 가능: 0주, 평단가: 0원
2026-05-27 13:03:54,167 - INFO - 이미 모든 보유 수량에 대해 매도 주문(0000026140)이 진행 중입니다.
2026-05-27 13:03:54,168 - INFO - 60초 후 다음 확인을 진행합니다. (현재 상태: SELLING)
2026-05-27 13:04:54,291 - INFO - [005930] 현재가: 318000원
2026-05-27 13:05:01,102 - INFO - 계좌 예수금: 10000000원
2026-05-27 13:05:01,104 - INFO - [005930] 보유: 13주, 매도 가능: 0주, 평단가: 0원
2026-05-27 13:05:01,105 - INFO - 이미 모든 보유 수량에 대해 매도 주문(0000026140)이 진행 중입니다.
2026-05-27 13:05:01,106 - INFO - 60초 후 다음 확인을 진행합니다. (현재 상태: SELLING)
2026-05-27 13:06:01,256 - INFO - [005930] 현재가: 318000원
2026-05-27 13:06:08,956 - INFO - 계좌 예수금: 10000000원
2026-05-27 13:06:08,957 - INFO - [005930] 보유: 13주, 매도 가능: 0주, 평단가: 0원
2026-05-27 13:06:08,957 - INFO - 이미 모든 보유 수량에 대해 매도 주문(0000026140)이 진행 중입니다.
2026-05-27 13:06:08,958 - INFO - 60초 후 다음 확인을 진행합니다. (현재 상태: SELLING)
2026-05-27 13:07:12,858 - INFO - [005930] 현재가: 319000원
2026-05-27 13:07:20,843 - INFO - 계좌 예수금: 10000000원
2026-05-27 13:07:20,844 - INFO - [005930] 보유: 13주, 매도 가능: 0주, 평단가: 0원
2026-05-27 13:07:20,844 - INFO - 이미 모든 보유 수량에 대해 매도 주문(0000026140)이 진행 중입니다.
2026-05-27 13:07:20,845 - INFO - 60초 후 다음 확인을 진행합니다. (현재 상태: SELLING)
2026-05-27 13:08:21,569 - INFO - [005930] 현재가: 318500원
2026-05-27 13:08:27,000 - INFO - 계좌 예수금: 10000000원
2026-05-27 13:08:27,001 - INFO - [005930] 보유: 13주, 매도 가능: 0주, 평단가: 0원
2026-05-27 13:08:27,004 - INFO - 이미 모든 보유 수량에 대해 매도 주문(0000026140)이 진행 중입니다.
2026-05-27 13:08:27,006 - INFO - 60초 후 다음 확인을 진행합니다. (현재 상태: SELLING)
2026-05-27 13:09:27,146 - INFO - [005930] 현재가: 318250원
2026-05-27 13:09:32,891 - INFO - 계좌 예수금: 10000000원
2026-05-27 13:09:32,892 - INFO - [005930] 보유: 13주, 매도 가능: 0주, 평단가: 0원
2026-05-27 13:09:32,893 - INFO - 이미 모든 보유 수량에 대해 매도 주문(0000026140)이 진행 중입니다.
2026-05-27 13:09:32,893 - INFO - 60초 후 다음 확인을 진행합니다. (현재 상태: SELLING)
2026-05-27 13:10:36,729 - INFO - [005930] 현재가: 318500원
2026-05-27 13:10:40,534 - INFO - 계좌 예수금: 10000000원
2026-05-27 13:10:40,535 - INFO - [005930] 보유: 13주, 매도 가능: 0주, 평단가: 0원
2026-05-27 13:10:40,535 - INFO - 이미 모든 보유 수량에 대해 매도 주문(0000026140)이 진행 중입니다.
2026-05-27 13:10:40,536 - INFO - 60초 후 다음 확인을 진행합니다. (현재 상태: SELLING)
2026-05-27 13:11:41,339 - INFO - [005930] 현재가: 318750원
2026-05-27 13:11:46,279 - INFO - 계좌 예수금: 10000000원
2026-05-27 13:11:46,279 - INFO - [005930] 보유: 13주, 매도 가능: 0주, 평단가: 0원
2026-05-27 13:11:46,280 - INFO - 이미 모든 보유 수량에 대해 매도 주문(0000026140)이 진행 중입니다.
2026-05-27 13:11:46,281 - INFO - 60초 후 다음 확인을 진행합니다. (현재 상태: SELLING)
2026-05-27 13:12:46,390 - INFO - [005930] 현재가: 318750원
2026-05-27 13:12:52,675 - INFO - 계좌 예수금: 10000000원
2026-05-27 13:12:52,676 - INFO - [005930] 보유: 13주, 매도 가능: 0주, 평단가: 0원
2026-05-27 13:12:52,677 - INFO - 이미 모든 보유 수량에 대해 매도 주문(0000026140)이 진행 중입니다.
2026-05-27 13:12:52,677 - INFO - 60초 후 다음 확인을 진행합니다. (현재 상태: SELLING)
2026-05-27 13:13:52,856 - INFO - [005930] 현재가: 319000원
2026-05-27 13:13:58,899 - INFO - 계좌 예수금: 10000000원
2026-05-27 13:13:58,900 - INFO - [005930] 보유: 13주, 매도 가능: 0주, 평단가: 0원
2026-05-27 13:13:58,901 - INFO - 이미 모든 보유 수량에 대해 매도 주문(0000026140)이 진행 중입니다.
2026-05-27 13:13:58,901 - INFO - 60초 후 다음 확인을 진행합니다. (현재 상태: SELLING)
2026-05-27 13:14:59,828 - INFO - [005930] 현재가: 318750원
2026-05-27 13:15:07,201 - INFO - 계좌 예수금: 10000000원
2026-05-27 13:15:07,202 - INFO - [005930] 보유: 13주, 매도 가능: 0주, 평단가: 0원
2026-05-27 13:15:07,202 - INFO - 이미 모든 보유 수량에 대해 매도 주문(0000026140)이 진행 중입니다.
2026-05-27 13:15:07,203 - INFO - 60초 후 다음 확인을 진행합니다. (현재 상태: SELLING)
2026-05-27 13:16:08,038 - INFO - [005930] 현재가: 317500원
2026-05-27 13:16:14,070 - INFO - 계좌 예수금: 10000000원
2026-05-27 13:16:14,072 - INFO - [005930] 보유: 13주, 매도 가능: 0주, 평단가: 0원
2026-05-27 13:16:14,073 - INFO - 이미 모든 보유 수량에 대해 매도 주문(0000026140)이 진행 중입니다.
2026-05-27 13:16:14,073 - INFO - 60초 후 다음 확인을 진행합니다. (현재 상태: SELLING)
2026-05-27 13:17:14,325 - INFO - [005930] 현재가: 317750원
2026-05-27 13:17:19,403 - INFO - 계좌 예수금: 10000000원
2026-05-27 13:17:19,404 - INFO - [005930] 보유: 13주, 매도 가능: 0주, 평단가: 0원
2026-05-27 13:17:19,405 - INFO - 이미 모든 보유 수량에 대해 매도 주문(0000026140)이 진행 중입니다.
2026-05-27 13:17:19,405 - INFO - 60초 후 다음 확인을 진행합니다. (현재 상태: SELLING)
2026-05-27 13:18:19,539 - INFO - [005930] 현재가: 317500원
2026-05-27 13:18:27,608 - INFO - 계좌 예수금: 10000000원
2026-05-27 13:18:27,609 - INFO - [005930] 보유: 13주, 매도 가능: 0주, 평단가: 0원
2026-05-27 13:18:27,610 - INFO - 이미 모든 보유 수량에 대해 매도 주문(0000026140)이 진행 중입니다.
2026-05-27 13:18:27,610 - INFO - 60초 후 다음 확인을 진행합니다. (현재 상태: SELLING)
2026-05-27 13:19:27,785 - INFO - [005930] 현재가: 317500원
2026-05-27 13:19:31,260 - INFO - 계좌 예수금: 10000000원
2026-05-27 13:19:31,261 - INFO - [005930] 보유: 13주, 매도 가능: 0주, 평단가: 0원
2026-05-27 13:19:31,261 - INFO - 이미 모든 보유 수량에 대해 매도 주문(0000026140)이 진행 중입니다.
2026-05-27 13:19:31,262 - INFO - 60초 후 다음 확인을 진행합니다. (현재 상태: SELLING)
2026-05-27 13:20:32,336 - INFO - [005930] 현재가: 317500원
2026-05-27 13:20:38,176 - INFO - 계좌 예수금: 10000000원
2026-05-27 13:20:38,177 - INFO - [005930] 보유: 13주, 매도 가능: 0주, 평단가: 0원
2026-05-27 13:20:38,177 - INFO - 이미 모든 보유 수량에 대해 매도 주문(0000026140)이 진행 중입니다.
2026-05-27 13:20:38,178 - INFO - 60초 후 다음 확인을 진행합니다. (현재 상태: SELLING)
2026-05-27 13:21:40,917 - INFO - [005930] 현재가: 317750원
2026-05-27 13:21:45,031 - INFO - 계좌 예수금: 10000000원
2026-05-27 13:21:45,032 - INFO - [005930] 보유: 13주, 매도 가능: 0주, 평단가: 0원
2026-05-27 13:21:45,033 - INFO - 이미 모든 보유 수량에 대해 매도 주문(0000026140)이 진행 중입니다.
2026-05-27 13:21:45,033 - INFO - 60초 후 다음 확인을 진행합니다. (현재 상태: SELLING)
2026-05-27 13:22:45,251 - INFO - [005930] 현재가: 317500원
2026-05-27 13:22:50,917 - INFO - 계좌 예수금: 10000000원
2026-05-27 13:22:50,918 - INFO - [005930] 보유: 13주, 매도 가능: 0주, 평단가: 0원
2026-05-27 13:22:50,919 - INFO - 이미 모든 보유 수량에 대해 매도 주문(0000026140)이 진행 중입니다.
2026-05-27 13:22:50,920 - INFO - 60초 후 다음 확인을 진행합니다. (현재 상태: SELLING)
2026-05-27 13:23:51,029 - INFO - [005930] 현재가: 317250원
2026-05-27 13:23:54,820 - INFO - 계좌 예수금: 10000000원
2026-05-27 13:23:54,821 - INFO - [005930] 보유: 13주, 매도 가능: 0주, 평단가: 0원
2026-05-27 13:23:54,821 - INFO - 이미 모든 보유 수량에 대해 매도 주문(0000026140)이 진행 중입니다.
2026-05-27 13:23:54,822 - INFO - 60초 후 다음 확인을 진행합니다. (현재 상태: SELLING)
2026-05-27 13:24:54,954 - INFO - [005930] 현재가: 317000원
2026-05-27 13:25:01,181 - INFO - 계좌 예수금: 10000000원
2026-05-27 13:25:01,182 - INFO - [005930] 보유: 14주, 매도 가능: 1주, 평단가: 0원
2026-05-27 13:25:01,182 - INFO - 매도 조건 충족: 평단가(0), 현재가(317,000) -> 목표가(319,000원)
2026-05-27 13:25:01,183 - INFO - [SELL] 주문 요청: 005930, 1주, 319000원
2026-05-27 13:25:04,865 - INFO - 주문 성공! 주문번호: 0000027725
2026-05-27 13:25:04,897 - INFO - 60초 후 다음 확인을 진행합니다. (현재 상태: SELLING)
2026-05-27 13:26:05,593 - INFO - [005930] 현재가: 316000원
2026-05-27 13:26:11,328 - INFO - 계좌 예수금: 10000000원
2026-05-27 13:26:11,328 - INFO - [005930] 보유: 14주, 매도 가능: 0주, 평단가: 0원
2026-05-27 13:26:11,329 - INFO - 이미 모든 보유 수량에 대해 매도 주문(0000027725)이 진행 중입니다.
2026-05-27 13:26:11,330 - INFO - 60초 후 다음 확인을 진행합니다. (현재 상태: SELLING)
2026-05-27 13:27:13,718 - INFO - [005930] 현재가: 316500원
2026-05-27 13:27:19,120 - INFO - 계좌 예수금: 10000000원
2026-05-27 13:27:19,120 - INFO - [005930] 보유: 14주, 매도 가능: 0주, 평단가: 0원
2026-05-27 13:27:19,121 - INFO - 이미 모든 보유 수량에 대해 매도 주문(0000027725)이 진행 중입니다.
2026-05-27 13:27:19,122 - INFO - 60초 후 다음 확인을 진행합니다. (현재 상태: SELLING)
2026-05-27 13:28:21,077 - INFO - [005930] 현재가: 315500원
2026-05-27 13:28:27,221 - INFO - 계좌 예수금: 10000000원
2026-05-27 13:28:27,222 - INFO - [005930] 보유: 14주, 매도 가능: 0주, 평단가: 0원
2026-05-27 13:28:27,224 - INFO - 이미 모든 보유 수량에 대해 매도 주문(0000027725)이 진행 중입니다.
2026-05-27 13:28:27,224 - INFO - 60초 후 다음 확인을 진행합니다. (현재 상태: SELLING)
2026-05-27 13:29:28,049 - INFO - [005930] 현재가: 315000원
2026-05-27 13:29:33,782 - INFO - 계좌 예수금: 10000000원
2026-05-27 13:29:33,783 - INFO - [005930] 보유: 14주, 매도 가능: 0주, 평단가: 0원
2026-05-27 13:29:33,784 - INFO - 이미 모든 보유 수량에 대해 매도 주문(0000027725)이 진행 중입니다.
2026-05-27 13:29:33,784 - INFO - 60초 후 다음 확인을 진행합니다. (현재 상태: SELLING)
2026-05-27 13:30:36,966 - INFO - [005930] 현재가: 315250원
2026-05-27 13:30:46,697 - INFO - 계좌 예수금: 10000000원
2026-05-27 13:30:46,698 - INFO - [005930] 보유: 14주, 매도 가능: 0주, 평단가: 0원
2026-05-27 13:30:46,698 - INFO - 이미 모든 보유 수량에 대해 매도 주문(0000027725)이 진행 중입니다.
2026-05-27 13:30:46,699 - INFO - 60초 후 다음 확인을 진행합니다. (현재 상태: SELLING)
2026-05-27 13:31:48,141 - INFO - [005930] 현재가: 314750원
2026-05-27 13:31:55,103 - INFO - 계좌 예수금: 10000000원
2026-05-27 13:31:55,104 - INFO - [005930] 보유: 14주, 매도 가능: 0주, 평단가: 0원
2026-05-27 13:31:55,105 - INFO - 이미 모든 보유 수량에 대해 매도 주문(0000027725)이 진행 중입니다.
2026-05-27 13:31:55,106 - INFO - 60초 후 다음 확인을 진행합니다. (현재 상태: SELLING)
2026-05-27 13:32:55,229 - INFO - [005930] 현재가: 314500원
2026-05-27 13:33:00,430 - INFO - 계좌 예수금: 10000000원
2026-05-27 13:33:00,431 - INFO - [005930] 보유: 14주, 매도 가능: 0주, 평단가: 0원
2026-05-27 13:33:00,431 - INFO - 이미 모든 보유 수량에 대해 매도 주문(0000027725)이 진행 중입니다.
2026-05-27 13:33:00,432 - INFO - 60초 후 다음 확인을 진행합니다. (현재 상태: SELLING)
2026-05-27 13:34:00,751 - INFO - [005930] 현재가: 314250원
2026-05-27 13:34:07,691 - INFO - 계좌 예수금: 10000000원
2026-05-27 13:34:07,692 - INFO - [005930] 보유: 14주, 매도 가능: 0주, 평단가: 0원
2026-05-27 13:34:07,693 - INFO - 이미 모든 보유 수량에 대해 매도 주문(0000027725)이 진행 중입니다.
2026-05-27 13:34:07,693 - INFO - 60초 후 다음 확인을 진행합니다. (현재 상태: SELLING)
2026-05-27 13:35:08,833 - INFO - [005930] 현재가: 315500원
2026-05-27 13:35:15,185 - INFO - 계좌 예수금: 10000000원
2026-05-27 13:35:15,186 - INFO - [005930] 보유: 14주, 매도 가능: 0주, 평단가: 0원
2026-05-27 13:35:15,189 - INFO - 이미 모든 보유 수량에 대해 매도 주문(0000027725)이 진행 중입니다.
2026-05-27 13:35:15,190 - INFO - 60초 후 다음 확인을 진행합니다. (현재 상태: SELLING)
2026-05-27 13:36:18,418 - INFO - [005930] 현재가: 315000원
2026-05-27 13:36:26,191 - INFO - 계좌 예수금: 10000000원
2026-05-27 13:36:26,192 - INFO - [005930] 보유: 14주, 매도 가능: 0주, 평단가: 0원
2026-05-27 13:36:26,192 - INFO - 이미 모든 보유 수량에 대해 매도 주문(0000027725)이 진행 중입니다.
2026-05-27 13:36:26,193 - INFO - 60초 후 다음 확인을 진행합니다. (현재 상태: SELLING)
2026-05-27 13:37:26,294 - INFO - [005930] 현재가: 315000원
2026-05-27 13:37:32,419 - INFO - 계좌 예수금: 10000000원
2026-05-27 13:37:32,420 - INFO - [005930] 보유: 14주, 매도 가능: 0주, 평단가: 0원
2026-05-27 13:37:32,420 - INFO - 이미 모든 보유 수량에 대해 매도 주문(0000027725)이 진행 중입니다.
2026-05-27 13:37:32,421 - INFO - 60초 후 다음 확인을 진행합니다. (현재 상태: SELLING)
2026-05-27 13:38:32,945 - INFO - [005930] 현재가: 315250원
2026-05-27 13:38:38,267 - INFO - 계좌 예수금: 10000000원
2026-05-27 13:38:38,268 - INFO - [005930] 보유: 14주, 매도 가능: 0주, 평단가: 0원
2026-05-27 13:38:38,268 - INFO - 이미 모든 보유 수량에 대해 매도 주문(0000027725)이 진행 중입니다.
2026-05-27 13:38:38,269 - INFO - 60초 후 다음 확인을 진행합니다. (현재 상태: SELLING)
2026-05-27 13:39:38,380 - INFO - [005930] 현재가: 316000원
2026-05-27 13:39:42,574 - INFO - 계좌 예수금: 10000000원
2026-05-27 13:39:42,575 - INFO - [005930] 보유: 14주, 매도 가능: 0주, 평단가: 0원
2026-05-27 13:39:42,576 - INFO - 이미 모든 보유 수량에 대해 매도 주문(0000027725)이 진행 중입니다.
2026-05-27 13:39:42,576 - INFO - 60초 후 다음 확인을 진행합니다. (현재 상태: SELLING)
2026-05-27 13:40:44,225 - INFO - [005930] 현재가: 315500원
2026-05-27 13:40:50,982 - INFO - 계좌 예수금: 10000000원
2026-05-27 13:40:50,983 - INFO - [005930] 보유: 14주, 매도 가능: 0주, 평단가: 0원
2026-05-27 13:40:50,983 - INFO - 이미 모든 보유 수량에 대해 매도 주문(0000027725)이 진행 중입니다.
2026-05-27 13:40:50,984 - INFO - 60초 후 다음 확인을 진행합니다. (현재 상태: SELLING)
2026-05-27 13:41:51,082 - INFO - [005930] 현재가: 316000원
2026-05-27 13:41:54,782 - INFO - 계좌 예수금: 10000000원
2026-05-27 13:41:54,782 - INFO - [005930] 보유: 14주, 매도 가능: 0주, 평단가: 0원
2026-05-27 13:41:54,783 - INFO - 이미 모든 보유 수량에 대해 매도 주문(0000027725)이 진행 중입니다.
2026-05-27 13:41:54,783 - INFO - 60초 후 다음 확인을 진행합니다. (현재 상태: SELLING)
2026-05-27 13:42:54,928 - INFO - [005930] 현재가: 315500원
2026-05-27 13:42:59,858 - INFO - 계좌 예수금: 10000000원
2026-05-27 13:42:59,859 - INFO - [005930] 보유: 14주, 매도 가능: 0주, 평단가: 0원
2026-05-27 13:42:59,860 - INFO - 이미 모든 보유 수량에 대해 매도 주문(0000027725)이 진행 중입니다.
2026-05-27 13:42:59,861 - INFO - 60초 후 다음 확인을 진행합니다. (현재 상태: SELLING)
2026-05-27 13:44:00,255 - INFO - [005930] 현재가: 315500원
2026-05-27 13:44:04,840 - INFO - 계좌 예수금: 10000000원
2026-05-27 13:44:04,841 - INFO - [005930] 보유: 14주, 매도 가능: 0주, 평단가: 0원
2026-05-27 13:44:04,842 - INFO - 이미 모든 보유 수량에 대해 매도 주문(0000027725)이 진행 중입니다.
2026-05-27 13:44:04,842 - INFO - 60초 후 다음 확인을 진행합니다. (현재 상태: SELLING)
2026-05-27 13:45:07,716 - INFO - [005930] 현재가: 316000원
2026-05-27 13:45:15,919 - INFO - 계좌 예수금: 10000000원
2026-05-27 13:45:15,920 - INFO - [005930] 보유: 14주, 매도 가능: 0주, 평단가: 0원
2026-05-27 13:45:15,921 - INFO - 이미 모든 보유 수량에 대해 매도 주문(0000027725)이 진행 중입니다.
2026-05-27 13:45:15,921 - INFO - 60초 후 다음 확인을 진행합니다. (현재 상태: SELLING)
2026-05-27 13:46:17,477 - INFO - [005930] 현재가: 316000원
2026-05-27 13:46:23,883 - INFO - 계좌 예수금: 10000000원
2026-05-27 13:46:23,884 - INFO - [005930] 보유: 14주, 매도 가능: 0주, 평단가: 0원
2026-05-27 13:46:23,885 - INFO - 이미 모든 보유 수량에 대해 매도 주문(0000027725)이 진행 중입니다.
2026-05-27 13:46:23,885 - INFO - 60초 후 다음 확인을 진행합니다. (현재 상태: SELLING)
2026-05-27 13:47:24,007 - INFO - [005930] 현재가: 316250원
2026-05-27 13:47:28,864 - INFO - 계좌 예수금: 10000000원
2026-05-27 13:47:28,865 - INFO - [005930] 보유: 14주, 매도 가능: 0주, 평단가: 0원
2026-05-27 13:47:28,865 - INFO - 이미 모든 보유 수량에 대해 매도 주문(0000027725)이 진행 중입니다.
2026-05-27 13:47:28,866 - INFO - 60초 후 다음 확인을 진행합니다. (현재 상태: SELLING)
2026-05-27 13:48:29,045 - INFO - [005930] 현재가: 316000원
2026-05-27 13:48:34,200 - INFO - 계좌 예수금: 10000000원
2026-05-27 13:48:34,201 - INFO - [005930] 보유: 14주, 매도 가능: 0주, 평단가: 0원
2026-05-27 13:48:34,202 - INFO - 이미 모든 보유 수량에 대해 매도 주문(0000027725)이 진행 중입니다.
2026-05-27 13:48:34,202 - INFO - 60초 후 다음 확인을 진행합니다. (현재 상태: SELLING)
2026-05-27 13:49:35,336 - INFO - [005930] 현재가: 316000원
2026-05-27 13:49:40,762 - INFO - 계좌 예수금: 10000000원
2026-05-27 13:49:40,762 - INFO - [005930] 보유: 14주, 매도 가능: 0주, 평단가: 0원
2026-05-27 13:49:40,763 - INFO - 이미 모든 보유 수량에 대해 매도 주문(0000027725)이 진행 중입니다.
2026-05-27 13:49:40,763 - INFO - 60초 후 다음 확인을 진행합니다. (현재 상태: SELLING)
2026-05-27 13:50:40,900 - INFO - [005930] 현재가: 316250원
2026-05-27 13:50:49,065 - INFO - 계좌 예수금: 10000000원
2026-05-27 13:50:49,066 - INFO - [005930] 보유: 14주, 매도 가능: 0주, 평단가: 0원
2026-05-27 13:50:49,066 - INFO - 이미 모든 보유 수량에 대해 매도 주문(0000027725)이 진행 중입니다.
2026-05-27 13:50:49,067 - INFO - 60초 후 다음 확인을 진행합니다. (현재 상태: SELLING)
2026-05-27 13:51:49,177 - INFO - [005930] 현재가: 316250원
2026-05-27 13:51:55,054 - INFO - 계좌 예수금: 10000000원
2026-05-27 13:51:55,054 - INFO - [005930] 보유: 14주, 매도 가능: 0주, 평단가: 0원
2026-05-27 13:51:55,055 - INFO - 이미 모든 보유 수량에 대해 매도 주문(0000027725)이 진행 중입니다.
2026-05-27 13:51:55,055 - INFO - 60초 후 다음 확인을 진행합니다. (현재 상태: SELLING)
2026-05-27 13:52:56,970 - INFO - [005930] 현재가: 316000원
2026-05-27 13:53:03,586 - INFO - 계좌 예수금: 10000000원
2026-05-27 13:53:03,587 - INFO - [005930] 보유: 14주, 매도 가능: 0주, 평단가: 0원
2026-05-27 13:53:03,587 - INFO - 이미 모든 보유 수량에 대해 매도 주문(0000027725)이 진행 중입니다.
2026-05-27 13:53:03,588 - INFO - 60초 후 다음 확인을 진행합니다. (현재 상태: SELLING)
2026-05-27 13:54:05,992 - INFO - [005930] 현재가: 316500원
2026-05-27 13:54:13,844 - INFO - 계좌 예수금: 10000000원
2026-05-27 13:54:13,845 - INFO - [005930] 보유: 14주, 매도 가능: 0주, 평단가: 0원
2026-05-27 13:54:13,846 - INFO - 이미 모든 보유 수량에 대해 매도 주문(0000027725)이 진행 중입니다.
2026-05-27 13:54:13,847 - INFO - 60초 후 다음 확인을 진행합니다. (현재 상태: SELLING)
2026-05-27 13:55:15,934 - INFO - [005930] 현재가: 316500원
2026-05-27 13:55:22,461 - INFO - 계좌 예수금: 10000000원
2026-05-27 13:55:22,462 - INFO - [005930] 보유: 14주, 매도 가능: 0주, 평단가: 0원
2026-05-27 13:55:22,463 - INFO - 이미 모든 보유 수량에 대해 매도 주문(0000027725)이 진행 중입니다.
2026-05-27 13:55:22,463 - INFO - 60초 후 다음 확인을 진행합니다. (현재 상태: SELLING)
2026-05-27 13:56:24,240 - INFO - [005930] 현재가: 316250원
2026-05-27 13:56:28,242 - INFO - 계좌 예수금: 10000000원
2026-05-27 13:56:28,243 - INFO - [005930] 보유: 14주, 매도 가능: 0주, 평단가: 0원
2026-05-27 13:56:28,243 - INFO - 이미 모든 보유 수량에 대해 매도 주문(0000027725)이 진행 중입니다.
2026-05-27 13:56:28,244 - INFO - 60초 후 다음 확인을 진행합니다. (현재 상태: SELLING)
2026-05-27 13:57:30,420 - INFO - [005930] 현재가: 316250원
2026-05-27 13:57:34,900 - INFO - 계좌 예수금: 10000000원
2026-05-27 13:57:34,901 - INFO - [005930] 보유: 14주, 매도 가능: 0주, 평단가: 0원
2026-05-27 13:57:34,901 - INFO - 이미 모든 보유 수량에 대해 매도 주문(0000027725)이 진행 중입니다.
2026-05-27 13:57:34,902 - INFO - 60초 후 다음 확인을 진행합니다. (현재 상태: SELLING)
2026-05-27 13:58:35,023 - INFO - [005930] 현재가: 316500원
2026-05-27 13:58:43,328 - INFO - 계좌 예수금: 10000000원
2026-05-27 13:58:43,329 - INFO - [005930] 보유: 14주, 매도 가능: 0주, 평단가: 0원
2026-05-27 13:58:43,330 - INFO - 이미 모든 보유 수량에 대해 매도 주문(0000027725)이 진행 중입니다.
2026-05-27 13:58:43,331 - INFO - 60초 후 다음 확인을 진행합니다. (현재 상태: SELLING)
2026-05-27 13:59:45,467 - INFO - [005930] 현재가: 315000원
2026-05-27 13:59:52,331 - INFO - 계좌 예수금: 10000000원
2026-05-27 13:59:52,332 - INFO - [005930] 보유: 14주, 매도 가능: 0주, 평단가: 0원
2026-05-27 13:59:52,332 - INFO - 이미 모든 보유 수량에 대해 매도 주문(0000027725)이 진행 중입니다.
2026-05-27 13:59:52,333 - INFO - 60초 후 다음 확인을 진행합니다. (현재 상태: SELLING)
2026-05-27 14:00:55,719 - INFO - [005930] 현재가: 315250원
2026-05-27 14:01:04,011 - INFO - 계좌 예수금: 10000000원
2026-05-27 14:01:04,012 - INFO - [005930] 보유: 14주, 매도 가능: 0주, 평단가: 0원
2026-05-27 14:01:04,013 - INFO - 이미 모든 보유 수량에 대해 매도 주문(0000027725)이 진행 중입니다.
2026-05-27 14:01:04,013 - INFO - 60초 후 다음 확인을 진행합니다. (현재 상태: SELLING)
2026-05-27 14:02:06,584 - INFO - [005930] 현재가: 315000원
2026-05-27 14:02:15,695 - INFO - 계좌 예수금: 10000000원
2026-05-27 14:02:15,696 - INFO - [005930] 보유: 14주, 매도 가능: 0주, 평단가: 0원
2026-05-27 14:02:15,697 - INFO - 이미 모든 보유 수량에 대해 매도 주문(0000027725)이 진행 중입니다.
2026-05-27 14:02:15,698 - INFO - 60초 후 다음 확인을 진행합니다. (현재 상태: SELLING)
2026-05-27 14:03:17,343 - INFO - [005930] 현재가: 315000원
2026-05-27 14:03:23,583 - INFO - 계좌 예수금: 10000000원
2026-05-27 14:03:23,584 - INFO - [005930] 보유: 14주, 매도 가능: 0주, 평단가: 0원
2026-05-27 14:03:23,585 - INFO - 이미 모든 보유 수량에 대해 매도 주문(0000027725)이 진행 중입니다.
2026-05-27 14:03:23,586 - INFO - 60초 후 다음 확인을 진행합니다. (현재 상태: SELLING)
2026-05-27 14:04:25,272 - INFO - [005930] 현재가: 314500원
2026-05-27 14:04:31,683 - INFO - 계좌 예수금: 10000000원
2026-05-27 14:04:31,684 - INFO - [005930] 보유: 14주, 매도 가능: 0주, 평단가: 0원
2026-05-27 14:04:31,685 - INFO - 이미 모든 보유 수량에 대해 매도 주문(0000027725)이 진행 중입니다.
2026-05-27 14:04:31,686 - INFO - 60초 후 다음 확인을 진행합니다. (현재 상태: SELLING)
2026-05-27 14:05:33,850 - INFO - [005930] 현재가: 314500원
2026-05-27 14:05:40,360 - INFO - 계좌 예수금: 10000000원
2026-05-27 14:05:40,361 - INFO - [005930] 보유: 14주, 매도 가능: 0주, 평단가: 0원
2026-05-27 14:05:40,362 - INFO - 이미 모든 보유 수량에 대해 매도 주문(0000027725)이 진행 중입니다.
2026-05-27 14:05:40,362 - INFO - 60초 후 다음 확인을 진행합니다. (현재 상태: SELLING)
2026-05-27 14:06:40,458 - INFO - [005930] 현재가: 314000원
2026-05-27 14:06:46,765 - INFO - 계좌 예수금: 10000000원
2026-05-27 14:06:46,766 - INFO - [005930] 보유: 14주, 매도 가능: 0주, 평단가: 0원
2026-05-27 14:06:46,767 - INFO - 이미 모든 보유 수량에 대해 매도 주문(0000027725)이 진행 중입니다.
2026-05-27 14:06:46,767 - INFO - 60초 후 다음 확인을 진행합니다. (현재 상태: SELLING)
2026-05-27 14:07:46,879 - INFO - [005930] 현재가: 313500원
2026-05-27 14:07:52,917 - INFO - 계좌 예수금: 10000000원
2026-05-27 14:07:52,918 - INFO - [005930] 보유: 14주, 매도 가능: 0주, 평단가: 0원
2026-05-27 14:07:52,918 - INFO - 이미 모든 보유 수량에 대해 매도 주문(0000027725)이 진행 중입니다.
2026-05-27 14:07:52,919 - INFO - 60초 후 다음 확인을 진행합니다. (현재 상태: SELLING)
2026-05-27 14:08:54,369 - INFO - [005930] 현재가: 313500원
2026-05-27 14:08:59,174 - INFO - 계좌 예수금: 10000000원
2026-05-27 14:08:59,175 - INFO - [005930] 보유: 14주, 매도 가능: 0주, 평단가: 0원
2026-05-27 14:08:59,176 - INFO - 이미 모든 보유 수량에 대해 매도 주문(0000027725)이 진행 중입니다.
2026-05-27 14:08:59,176 - INFO - 60초 후 다음 확인을 진행합니다. (현재 상태: SELLING)
2026-05-27 14:09:59,297 - INFO - [005930] 현재가: 314000원
2026-05-27 14:10:00,406 - ERROR - GET 요청 실패 (VTTC8434R): 500 Server Error: Internal Server Error for url: https://openapivts.koreainvestment.com:29443/uapi/domestic-stock/v1/trading/inquire-balance?CANO=50174003&ACNT_PRDT_CD=01&AFHR_FLPR_YN=N&OFL_YN=&INQR_DVSN=02&UNPR_DVSN=01&FUND_STTL_ICLD_YN=N&FNCG_AMT_AUTO_RDPT_YN=N&PRCS_DVSN=00&CTX_AREA_FK100=&CTX_AREA_NK100=
2026-05-27 14:10:00,408 - ERROR - 상세 에러: {"rt_cd":"1","msg1":"기간이 만료된 token 입니다.","msg_cd":"EGW00123"}
2026-05-27 14:10:00,411 - ERROR - 잔고 조회 실패
2026-05-27 14:10:00,412 - INFO - 보유 수량 없음 확인: 상태를 IDLE로 전환합니다.
2026-05-27 14:10:00,448 - WARNING - 예수금 부족으로 매수 불가 (예수금: 0원, 필요: 312000원)
2026-05-27 14:10:00,449 - INFO - 60초 후 다음 확인을 진행합니다. (현재 상태: IDLE)
2026-05-27 14:11:02,371 - INFO - [005930] 현재가: 313500원
2026-05-27 14:11:06,156 - ERROR - GET 요청 실패 (VTTC8434R): 500 Server Error: Internal Server Error for url: https://openapivts.koreainvestment.com:29443/uapi/domestic-stock/v1/trading/inquire-balance?CANO=50174003&ACNT_PRDT_CD=01&AFHR_FLPR_YN=N&OFL_YN=&INQR_DVSN=02&UNPR_DVSN=01&FUND_STTL_ICLD_YN=N&FNCG_AMT_AUTO_RDPT_YN=N&PRCS_DVSN=00&CTX_AREA_FK100=&CTX_AREA_NK100=
2026-05-27 14:11:06,157 - ERROR - 상세 에러: {"rt_cd":"1","msg1":"기간이 만료된 token 입니다.","msg_cd":"EGW00123"}
2026-05-27 14:11:06,160 - ERROR - 잔고 조회 실패
2026-05-27 14:11:06,161 - WARNING - 예수금 부족으로 매수 불가 (예수금: 0원, 필요: 311500원)
2026-05-27 14:11:06,162 - INFO - 60초 후 다음 확인을 진행합니다. (현재 상태: IDLE)
2026-05-27 14:12:08,623 - INFO - [005930] 현재가: 313250원
2026-05-27 14:12:10,197 - ERROR - GET 요청 실패 (VTTC8434R): 500 Server Error: Internal Server Error for url: https://openapivts.koreainvestment.com:29443/uapi/domestic-stock/v1/trading/inquire-balance?CANO=50174003&ACNT_PRDT_CD=01&AFHR_FLPR_YN=N&OFL_YN=&INQR_DVSN=02&UNPR_DVSN=01&FUND_STTL_ICLD_YN=N&FNCG_AMT_AUTO_RDPT_YN=N&PRCS_DVSN=00&CTX_AREA_FK100=&CTX_AREA_NK100=
2026-05-27 14:12:10,198 - ERROR - 상세 에러: {"rt_cd":"1","msg1":"기간이 만료된 token 입니다.","msg_cd":"EGW00123"}
2026-05-27 14:12:10,201 - ERROR - 잔고 조회 실패
2026-05-27 14:12:10,202 - WARNING - 예수금 부족으로 매수 불가 (예수금: 0원, 필요: 311250원)
2026-05-27 14:12:10,203 - INFO - 60초 후 다음 확인을 진행합니다. (현재 상태: IDLE)
2026-05-27 14:13:11,603 - INFO - [005930] 현재가: 312000원
2026-05-27 14:13:14,366 - ERROR - GET 요청 실패 (VTTC8434R): 500 Server Error: Internal Server Error for url: https://openapivts.koreainvestment.com:29443/uapi/domestic-stock/v1/trading/inquire-balance?CANO=50174003&ACNT_PRDT_CD=01&AFHR_FLPR_YN=N&OFL_YN=&INQR_DVSN=02&UNPR_DVSN=01&FUND_STTL_ICLD_YN=N&FNCG_AMT_AUTO_RDPT_YN=N&PRCS_DVSN=00&CTX_AREA_FK100=&CTX_AREA_NK100=
2026-05-27 14:13:14,367 - ERROR - 상세 에러: {"rt_cd":"1","msg1":"기간이 만료된 token 입니다.","msg_cd":"EGW00123"}
2026-05-27 14:13:14,371 - ERROR - 잔고 조회 실패
2026-05-27 14:13:14,372 - WARNING - 예수금 부족으로 매수 불가 (예수금: 0원, 필요: 310000원)
2026-05-27 14:13:14,372 - INFO - 60초 후 다음 확인을 진행합니다. (현재 상태: IDLE)
2026-05-27 14:14:15,300 - INFO - [005930] 현재가: 312500원
2026-05-27 14:14:19,136 - ERROR - GET 요청 실패 (VTTC8434R): 500 Server Error: Internal Server Error for url: https://openapivts.koreainvestment.com:29443/uapi/domestic-stock/v1/trading/inquire-balance?CANO=50174003&ACNT_PRDT_CD=01&AFHR_FLPR_YN=N&OFL_YN=&INQR_DVSN=02&UNPR_DVSN=01&FUND_STTL_ICLD_YN=N&FNCG_AMT_AUTO_RDPT_YN=N&PRCS_DVSN=00&CTX_AREA_FK100=&CTX_AREA_NK100=
2026-05-27 14:14:19,137 - ERROR - 상세 에러: {"rt_cd":"1","msg1":"기간이 만료된 token 입니다.","msg_cd":"EGW00123"}
2026-05-27 14:14:19,142 - ERROR - 잔고 조회 실패
2026-05-27 14:14:19,142 - WARNING - 예수금 부족으로 매수 불가 (예수금: 0원, 필요: 310500원)
2026-05-27 14:14:19,143 - INFO - 60초 후 다음 확인을 진행합니다. (현재 상태: IDLE)
2026-05-27 14:15:21,453 - INFO - [005930] 현재가: 312750원
2026-05-27 14:15:23,500 - ERROR - GET 요청 실패 (VTTC8434R): 500 Server Error: Internal Server Error for url: https://openapivts.koreainvestment.com:29443/uapi/domestic-stock/v1/trading/inquire-balance?CANO=50174003&ACNT_PRDT_CD=01&AFHR_FLPR_YN=N&OFL_YN=&INQR_DVSN=02&UNPR_DVSN=01&FUND_STTL_ICLD_YN=N&FNCG_AMT_AUTO_RDPT_YN=N&PRCS_DVSN=00&CTX_AREA_FK100=&CTX_AREA_NK100=
2026-05-27 14:15:23,501 - ERROR - 상세 에러: {"rt_cd":"1","msg1":"기간이 만료된 token 입니다.","msg_cd":"EGW00123"}
2026-05-27 14:15:23,505 - ERROR - 잔고 조회 실패
2026-05-27 14:15:23,507 - WARNING - 예수금 부족으로 매수 불가 (예수금: 0원, 필요: 310750원)
2026-05-27 14:15:23,507 - INFO - 60초 후 다음 확인을 진행합니다. (현재 상태: IDLE)
2026-05-27 14:16:23,603 - INFO - [005930] 현재가: 312250원
2026-05-27 14:16:24,687 - ERROR - GET 요청 실패 (VTTC8434R): 500 Server Error: Internal Server Error for url: https://openapivts.koreainvestment.com:29443/uapi/domestic-stock/v1/trading/inquire-balance?CANO=50174003&ACNT_PRDT_CD=01&AFHR_FLPR_YN=N&OFL_YN=&INQR_DVSN=02&UNPR_DVSN=01&FUND_STTL_ICLD_YN=N&FNCG_AMT_AUTO_RDPT_YN=N&PRCS_DVSN=00&CTX_AREA_FK100=&CTX_AREA_NK100=
2026-05-27 14:16:24,688 - ERROR - 상세 에러: {"rt_cd":"1","msg1":"기간이 만료된 token 입니다.","msg_cd":"EGW00123"}
2026-05-27 14:16:24,690 - ERROR - 잔고 조회 실패
2026-05-27 14:16:24,691 - WARNING - 예수금 부족으로 매수 불가 (예수금: 0원, 필요: 310250원)
2026-05-27 14:16:24,692 - INFO - 60초 후 다음 확인을 진행합니다. (현재 상태: IDLE)
2026-05-27 14:17:26,389 - INFO - [005930] 현재가: 311500원
2026-05-27 14:17:28,947 - ERROR - GET 요청 실패 (VTTC8434R): 500 Server Error: Internal Server Error for url: https://openapivts.koreainvestment.com:29443/uapi/domestic-stock/v1/trading/inquire-balance?CANO=50174003&ACNT_PRDT_CD=01&AFHR_FLPR_YN=N&OFL_YN=&INQR_DVSN=02&UNPR_DVSN=01&FUND_STTL_ICLD_YN=N&FNCG_AMT_AUTO_RDPT_YN=N&PRCS_DVSN=00&CTX_AREA_FK100=&CTX_AREA_NK100=
2026-05-27 14:17:28,948 - ERROR - 상세 에러: {"rt_cd":"1","msg1":"기간이 만료된 token 입니다.","msg_cd":"EGW00123"}
2026-05-27 14:17:28,951 - ERROR - 잔고 조회 실패
2026-05-27 14:17:28,952 - WARNING - 예수금 부족으로 매수 불가 (예수금: 0원, 필요: 309500원)
2026-05-27 14:17:28,952 - INFO - 60초 후 다음 확인을 진행합니다. (현재 상태: IDLE)
2026-05-27 14:18:30,170 - INFO - [005930] 현재가: 311000원
2026-05-27 14:18:31,270 - ERROR - GET 요청 실패 (VTTC8434R): 500 Server Error: Internal Server Error for url: https://openapivts.koreainvestment.com:29443/uapi/domestic-stock/v1/trading/inquire-balance?CANO=50174003&ACNT_PRDT_CD=01&AFHR_FLPR_YN=N&OFL_YN=&INQR_DVSN=02&UNPR_DVSN=01&FUND_STTL_ICLD_YN=N&FNCG_AMT_AUTO_RDPT_YN=N&PRCS_DVSN=00&CTX_AREA_FK100=&CTX_AREA_NK100=
2026-05-27 14:18:31,271 - ERROR - 상세 에러: {"rt_cd":"1","msg1":"기간이 만료된 token 입니다.","msg_cd":"EGW00123"}
2026-05-27 14:18:31,275 - ERROR - 잔고 조회 실패
2026-05-27 14:18:31,275 - WARNING - 예수금 부족으로 매수 불가 (예수금: 0원, 필요: 309000원)
2026-05-27 14:18:31,276 - INFO - 60초 후 다음 확인을 진행합니다. (현재 상태: IDLE)
2026-05-27 14:19:31,386 - INFO - [005930] 현재가: 311500원
2026-05-27 14:19:32,471 - ERROR - GET 요청 실패 (VTTC8434R): 500 Server Error: Internal Server Error for url: https://openapivts.koreainvestment.com:29443/uapi/domestic-stock/v1/trading/inquire-balance?CANO=50174003&ACNT_PRDT_CD=01&AFHR_FLPR_YN=N&OFL_YN=&INQR_DVSN=02&UNPR_DVSN=01&FUND_STTL_ICLD_YN=N&FNCG_AMT_AUTO_RDPT_YN=N&PRCS_DVSN=00&CTX_AREA_FK100=&CTX_AREA_NK100=
2026-05-27 14:19:32,472 - ERROR - 상세 에러: {"rt_cd":"1","msg1":"기간이 만료된 token 입니다.","msg_cd":"EGW00123"}
2026-05-27 14:19:32,475 - ERROR - 잔고 조회 실패
2026-05-27 14:19:32,475 - WARNING - 예수금 부족으로 매수 불가 (예수금: 0원, 필요: 309500원)
2026-05-27 14:19:32,476 - INFO - 60초 후 다음 확인을 진행합니다. (현재 상태: IDLE)
2026-05-27 14:20:33,795 - INFO - [005930] 현재가: 312250원
2026-05-27 14:20:35,868 - ERROR - GET 요청 실패 (VTTC8434R): 500 Server Error: Internal Server Error for url: https://openapivts.koreainvestment.com:29443/uapi/domestic-stock/v1/trading/inquire-balance?CANO=50174003&ACNT_PRDT_CD=01&AFHR_FLPR_YN=N&OFL_YN=&INQR_DVSN=02&UNPR_DVSN=01&FUND_STTL_ICLD_YN=N&FNCG_AMT_AUTO_RDPT_YN=N&PRCS_DVSN=00&CTX_AREA_FK100=&CTX_AREA_NK100=
2026-05-27 14:20:35,870 - ERROR - 상세 에러: {"rt_cd":"1","msg1":"기간이 만료된 token 입니다.","msg_cd":"EGW00123"}
2026-05-27 14:20:35,873 - ERROR - 잔고 조회 실패
2026-05-27 14:20:35,874 - WARNING - 예수금 부족으로 매수 불가 (예수금: 0원, 필요: 310250원)
2026-05-27 14:20:35,876 - INFO - 60초 후 다음 확인을 진행합니다. (현재 상태: IDLE)
2026-05-27 14:21:36,434 - INFO - [005930] 현재가: 313250원
2026-05-27 14:21:39,296 - ERROR - GET 요청 실패 (VTTC8434R): 500 Server Error: Internal Server Error for url: https://openapivts.koreainvestment.com:29443/uapi/domestic-stock/v1/trading/inquire-balance?CANO=50174003&ACNT_PRDT_CD=01&AFHR_FLPR_YN=N&OFL_YN=&INQR_DVSN=02&UNPR_DVSN=01&FUND_STTL_ICLD_YN=N&FNCG_AMT_AUTO_RDPT_YN=N&PRCS_DVSN=00&CTX_AREA_FK100=&CTX_AREA_NK100=
2026-05-27 14:21:39,297 - ERROR - 상세 에러: {"rt_cd":"1","msg1":"기간이 만료된 token 입니다.","msg_cd":"EGW00123"}
2026-05-27 14:21:39,300 - ERROR - 잔고 조회 실패
2026-05-27 14:21:39,300 - WARNING - 예수금 부족으로 매수 불가 (예수금: 0원, 필요: 311250원)
2026-05-27 14:21:39,301 - INFO - 60초 후 다음 확인을 진행합니다. (현재 상태: IDLE)
2026-05-27 14:22:40,364 - INFO - [005930] 현재가: 313250원
2026-05-27 14:22:42,617 - ERROR - GET 요청 실패 (VTTC8434R): 500 Server Error: Internal Server Error for url: https://openapivts.koreainvestment.com:29443/uapi/domestic-stock/v1/trading/inquire-balance?CANO=50174003&ACNT_PRDT_CD=01&AFHR_FLPR_YN=N&OFL_YN=&INQR_DVSN=02&UNPR_DVSN=01&FUND_STTL_ICLD_YN=N&FNCG_AMT_AUTO_RDPT_YN=N&PRCS_DVSN=00&CTX_AREA_FK100=&CTX_AREA_NK100=
2026-05-27 14:22:42,618 - ERROR - 상세 에러: {"rt_cd":"1","msg1":"기간이 만료된 token 입니다.","msg_cd":"EGW00123"}
2026-05-27 14:22:42,621 - ERROR - 잔고 조회 실패
2026-05-27 14:22:42,621 - WARNING - 예수금 부족으로 매수 불가 (예수금: 0원, 필요: 311250원)
2026-05-27 14:22:42,622 - INFO - 60초 후 다음 확인을 진행합니다. (현재 상태: IDLE)
2026-05-27 14:23:42,726 - INFO - [005930] 현재가: 313000원
2026-05-27 14:23:46,760 - ERROR - GET 요청 실패 (VTTC8434R): 500 Server Error: Internal Server Error for url: https://openapivts.koreainvestment.com:29443/uapi/domestic-stock/v1/trading/inquire-balance?CANO=50174003&ACNT_PRDT_CD=01&AFHR_FLPR_YN=N&OFL_YN=&INQR_DVSN=02&UNPR_DVSN=01&FUND_STTL_ICLD_YN=N&FNCG_AMT_AUTO_RDPT_YN=N&PRCS_DVSN=00&CTX_AREA_FK100=&CTX_AREA_NK100=
2026-05-27 14:23:46,761 - ERROR - 상세 에러: {"rt_cd":"1","msg1":"기간이 만료된 token 입니다.","msg_cd":"EGW00123"}
2026-05-27 14:23:46,764 - ERROR - 잔고 조회 실패
2026-05-27 14:23:46,764 - WARNING - 예수금 부족으로 매수 불가 (예수금: 0원, 필요: 311000원)
2026-05-27 14:23:46,765 - INFO - 60초 후 다음 확인을 진행합니다. (현재 상태: IDLE)
2026-05-27 14:24:46,908 - INFO - [005930] 현재가: 313250원
2026-05-27 14:24:50,724 - ERROR - GET 요청 실패 (VTTC8434R): 500 Server Error: Internal Server Error for url: https://openapivts.koreainvestment.com:29443/uapi/domestic-stock/v1/trading/inquire-balance?CANO=50174003&ACNT_PRDT_CD=01&AFHR_FLPR_YN=N&OFL_YN=&INQR_DVSN=02&UNPR_DVSN=01&FUND_STTL_ICLD_YN=N&FNCG_AMT_AUTO_RDPT_YN=N&PRCS_DVSN=00&CTX_AREA_FK100=&CTX_AREA_NK100=
2026-05-27 14:24:50,724 - ERROR - 상세 에러: {"rt_cd":"1","msg1":"기간이 만료된 token 입니다.","msg_cd":"EGW00123"}
2026-05-27 14:24:50,728 - ERROR - 잔고 조회 실패
2026-05-27 14:24:50,729 - WARNING - 예수금 부족으로 매수 불가 (예수금: 0원, 필요: 311250원)
2026-05-27 14:24:50,730 - INFO - 60초 후 다음 확인을 진행합니다. (현재 상태: IDLE)
2026-05-27 14:25:50,858 - INFO - [005930] 현재가: 313000원
2026-05-27 14:25:55,037 - ERROR - GET 요청 실패 (VTTC8434R): 500 Server Error: Internal Server Error for url: https://openapivts.koreainvestment.com:29443/uapi/domestic-stock/v1/trading/inquire-balance?CANO=50174003&ACNT_PRDT_CD=01&AFHR_FLPR_YN=N&OFL_YN=&INQR_DVSN=02&UNPR_DVSN=01&FUND_STTL_ICLD_YN=N&FNCG_AMT_AUTO_RDPT_YN=N&PRCS_DVSN=00&CTX_AREA_FK100=&CTX_AREA_NK100=
2026-05-27 14:25:55,038 - ERROR - 상세 에러: {"rt_cd":"1","msg1":"기간이 만료된 token 입니다.","msg_cd":"EGW00123"}
2026-05-27 14:25:55,044 - ERROR - 잔고 조회 실패
2026-05-27 14:25:55,050 - WARNING - 예수금 부족으로 매수 불가 (예수금: 0원, 필요: 311000원)
2026-05-27 14:25:55,051 - INFO - 60초 후 다음 확인을 진행합니다. (현재 상태: IDLE)
2026-05-27 14:26:55,151 - INFO - [005930] 현재가: 314000원
2026-05-27 14:26:56,250 - ERROR - GET 요청 실패 (VTTC8434R): 500 Server Error: Internal Server Error for url: https://openapivts.koreainvestment.com:29443/uapi/domestic-stock/v1/trading/inquire-balance?CANO=50174003&ACNT_PRDT_CD=01&AFHR_FLPR_YN=N&OFL_YN=&INQR_DVSN=02&UNPR_DVSN=01&FUND_STTL_ICLD_YN=N&FNCG_AMT_AUTO_RDPT_YN=N&PRCS_DVSN=00&CTX_AREA_FK100=&CTX_AREA_NK100=
2026-05-27 14:26:56,252 - ERROR - 상세 에러: {"rt_cd":"1","msg1":"기간이 만료된 token 입니다.","msg_cd":"EGW00123"}
2026-05-27 14:26:56,255 - ERROR - 잔고 조회 실패
2026-05-27 14:26:56,256 - WARNING - 예수금 부족으로 매수 불가 (예수금: 0원, 필요: 312000원)
2026-05-27 14:26:56,257 - INFO - 60초 후 다음 확인을 진행합니다. (현재 상태: IDLE)
2026-05-27 14:27:56,949 - INFO - [005930] 현재가: 314250원
2026-05-27 14:27:58,378 - ERROR - GET 요청 실패 (VTTC8434R): 500 Server Error: Internal Server Error for url: https://openapivts.koreainvestment.com:29443/uapi/domestic-stock/v1/trading/inquire-balance?CANO=50174003&ACNT_PRDT_CD=01&AFHR_FLPR_YN=N&OFL_YN=&INQR_DVSN=02&UNPR_DVSN=01&FUND_STTL_ICLD_YN=N&FNCG_AMT_AUTO_RDPT_YN=N&PRCS_DVSN=00&CTX_AREA_FK100=&CTX_AREA_NK100=
2026-05-27 14:27:58,379 - ERROR - 상세 에러: {"rt_cd":"1","msg1":"기간이 만료된 token 입니다.","msg_cd":"EGW00123"}
2026-05-27 14:27:58,385 - ERROR - 잔고 조회 실패
2026-05-27 14:27:58,386 - WARNING - 예수금 부족으로 매수 불가 (예수금: 0원, 필요: 312250원)
2026-05-27 14:27:58,386 - INFO - 60초 후 다음 확인을 진행합니다. (현재 상태: IDLE)
2026-05-27 14:29:00,085 - INFO - [005930] 현재가: 314500원
2026-05-27 14:29:03,461 - ERROR - GET 요청 실패 (VTTC8434R): 500 Server Error: Internal Server Error for url: https://openapivts.koreainvestment.com:29443/uapi/domestic-stock/v1/trading/inquire-balance?CANO=50174003&ACNT_PRDT_CD=01&AFHR_FLPR_YN=N&OFL_YN=&INQR_DVSN=02&UNPR_DVSN=01&FUND_STTL_ICLD_YN=N&FNCG_AMT_AUTO_RDPT_YN=N&PRCS_DVSN=00&CTX_AREA_FK100=&CTX_AREA_NK100=
2026-05-27 14:29:03,461 - ERROR - 상세 에러: {"rt_cd":"1","msg1":"기간이 만료된 token 입니다.","msg_cd":"EGW00123"}
2026-05-27 14:29:03,465 - ERROR - 잔고 조회 실패
2026-05-27 14:29:03,465 - WARNING - 예수금 부족으로 매수 불가 (예수금: 0원, 필요: 312500원)
2026-05-27 14:29:03,465 - INFO - 60초 후 다음 확인을 진행합니다. (현재 상태: IDLE)
2026-05-27 14:30:08,798 - INFO - [005930] 현재가: 314500원
2026-05-27 14:30:12,077 - ERROR - GET 요청 실패 (VTTC8434R): 500 Server Error: Internal Server Error for url: https://openapivts.koreainvestment.com:29443/uapi/domestic-stock/v1/trading/inquire-balance?CANO=50174003&ACNT_PRDT_CD=01&AFHR_FLPR_YN=N&OFL_YN=&INQR_DVSN=02&UNPR_DVSN=01&FUND_STTL_ICLD_YN=N&FNCG_AMT_AUTO_RDPT_YN=N&PRCS_DVSN=00&CTX_AREA_FK100=&CTX_AREA_NK100=
2026-05-27 14:30:12,079 - ERROR - 상세 에러: {"rt_cd":"1","msg1":"기간이 만료된 token 입니다.","msg_cd":"EGW00123"}
2026-05-27 14:30:12,083 - ERROR - 잔고 조회 실패
2026-05-27 14:30:12,084 - WARNING - 예수금 부족으로 매수 불가 (예수금: 0원, 필요: 312500원)
2026-05-27 14:30:12,085 - INFO - 60초 후 다음 확인을 진행합니다. (현재 상태: IDLE)
2026-05-27 14:31:13,417 - INFO - [005930] 현재가: 314500원
2026-05-27 14:31:15,770 - ERROR - GET 요청 실패 (VTTC8434R): 500 Server Error: Internal Server Error for url: https://openapivts.koreainvestment.com:29443/uapi/domestic-stock/v1/trading/inquire-balance?CANO=50174003&ACNT_PRDT_CD=01&AFHR_FLPR_YN=N&OFL_YN=&INQR_DVSN=02&UNPR_DVSN=01&FUND_STTL_ICLD_YN=N&FNCG_AMT_AUTO_RDPT_YN=N&PRCS_DVSN=00&CTX_AREA_FK100=&CTX_AREA_NK100=
2026-05-27 14:31:15,770 - ERROR - 상세 에러: {"rt_cd":"1","msg1":"기간이 만료된 token 입니다.","msg_cd":"EGW00123"}
2026-05-27 14:31:15,773 - ERROR - 잔고 조회 실패
2026-05-27 14:31:15,773 - WARNING - 예수금 부족으로 매수 불가 (예수금: 0원, 필요: 312500원)
2026-05-27 14:31:15,774 - INFO - 60초 후 다음 확인을 진행합니다. (현재 상태: IDLE)
2026-05-27 14:32:16,906 - INFO - [005930] 현재가: 314000원
2026-05-27 14:32:21,512 - ERROR - GET 요청 실패 (VTTC8434R): 500 Server Error: Internal Server Error for url: https://openapivts.koreainvestment.com:29443/uapi/domestic-stock/v1/trading/inquire-balance?CANO=50174003&ACNT_PRDT_CD=01&AFHR_FLPR_YN=N&OFL_YN=&INQR_DVSN=02&UNPR_DVSN=01&FUND_STTL_ICLD_YN=N&FNCG_AMT_AUTO_RDPT_YN=N&PRCS_DVSN=00&CTX_AREA_FK100=&CTX_AREA_NK100=
2026-05-27 14:32:21,513 - ERROR - 상세 에러: {"rt_cd":"1","msg1":"기간이 만료된 token 입니다.","msg_cd":"EGW00123"}
2026-05-27 14:32:21,517 - ERROR - 잔고 조회 실패
2026-05-27 14:32:21,517 - WARNING - 예수금 부족으로 매수 불가 (예수금: 0원, 필요: 312000원)
2026-05-27 14:32:21,518 - INFO - 60초 후 다음 확인을 진행합니다. (현재 상태: IDLE)
2026-05-27 14:33:25,316 - INFO - [005930] 현재가: 312500원
2026-05-27 14:33:30,844 - ERROR - GET 요청 실패 (VTTC8434R): 500 Server Error: Internal Server Error for url: https://openapivts.koreainvestment.com:29443/uapi/domestic-stock/v1/trading/inquire-balance?CANO=50174003&ACNT_PRDT_CD=01&AFHR_FLPR_YN=N&OFL_YN=&INQR_DVSN=02&UNPR_DVSN=01&FUND_STTL_ICLD_YN=N&FNCG_AMT_AUTO_RDPT_YN=N&PRCS_DVSN=00&CTX_AREA_FK100=&CTX_AREA_NK100=
2026-05-27 14:33:30,846 - ERROR - 상세 에러: {"rt_cd":"1","msg1":"기간이 만료된 token 입니다.","msg_cd":"EGW00123"}
2026-05-27 14:33:30,852 - ERROR - 잔고 조회 실패
2026-05-27 14:33:30,852 - WARNING - 예수금 부족으로 매수 불가 (예수금: 0원, 필요: 310500원)
2026-05-27 14:33:30,853 - INFO - 60초 후 다음 확인을 진행합니다. (현재 상태: IDLE)
2026-05-27 14:34:31,000 - INFO - [005930] 현재가: 312500원
2026-05-27 14:34:32,107 - ERROR - GET 요청 실패 (VTTC8434R): 500 Server Error: Internal Server Error for url: https://openapivts.koreainvestment.com:29443/uapi/domestic-stock/v1/trading/inquire-balance?CANO=50174003&ACNT_PRDT_CD=01&AFHR_FLPR_YN=N&OFL_YN=&INQR_DVSN=02&UNPR_DVSN=01&FUND_STTL_ICLD_YN=N&FNCG_AMT_AUTO_RDPT_YN=N&PRCS_DVSN=00&CTX_AREA_FK100=&CTX_AREA_NK100=
2026-05-27 14:34:32,108 - ERROR - 상세 에러: {"rt_cd":"1","msg1":"기간이 만료된 token 입니다.","msg_cd":"EGW00123"}
2026-05-27 14:34:32,112 - ERROR - 잔고 조회 실패
2026-05-27 14:34:32,113 - WARNING - 예수금 부족으로 매수 불가 (예수금: 0원, 필요: 310500원)
2026-05-27 14:34:32,114 - INFO - 60초 후 다음 확인을 진행합니다. (현재 상태: IDLE)
2026-05-27 14:35:33,731 - INFO - [005930] 현재가: 312000원
2026-05-27 14:35:36,390 - ERROR - GET 요청 실패 (VTTC8434R): 500 Server Error: Internal Server Error for url: https://openapivts.koreainvestment.com:29443/uapi/domestic-stock/v1/trading/inquire-balance?CANO=50174003&ACNT_PRDT_CD=01&AFHR_FLPR_YN=N&OFL_YN=&INQR_DVSN=02&UNPR_DVSN=01&FUND_STTL_ICLD_YN=N&FNCG_AMT_AUTO_RDPT_YN=N&PRCS_DVSN=00&CTX_AREA_FK100=&CTX_AREA_NK100=
2026-05-27 14:35:36,391 - ERROR - 상세 에러: {"rt_cd":"1","msg1":"기간이 만료된 token 입니다.","msg_cd":"EGW00123"}
2026-05-27 14:35:36,395 - ERROR - 잔고 조회 실패
2026-05-27 14:35:36,395 - WARNING - 예수금 부족으로 매수 불가 (예수금: 0원, 필요: 310000원)
2026-05-27 14:35:36,396 - INFO - 60초 후 다음 확인을 진행합니다. (현재 상태: IDLE)
2026-05-27 14:36:38,251 - INFO - [005930] 현재가: 312500원
2026-05-27 14:36:40,905 - ERROR - GET 요청 실패 (VTTC8434R): 500 Server Error: Internal Server Error for url: https://openapivts.koreainvestment.com:29443/uapi/domestic-stock/v1/trading/inquire-balance?CANO=50174003&ACNT_PRDT_CD=01&AFHR_FLPR_YN=N&OFL_YN=&INQR_DVSN=02&UNPR_DVSN=01&FUND_STTL_ICLD_YN=N&FNCG_AMT_AUTO_RDPT_YN=N&PRCS_DVSN=00&CTX_AREA_FK100=&CTX_AREA_NK100=
2026-05-27 14:36:40,906 - ERROR - 상세 에러: {"rt_cd":"1","msg1":"기간이 만료된 token 입니다.","msg_cd":"EGW00123"}
2026-05-27 14:36:40,910 - ERROR - 잔고 조회 실패
2026-05-27 14:36:40,911 - WARNING - 예수금 부족으로 매수 불가 (예수금: 0원, 필요: 310500원)
2026-05-27 14:36:40,912 - INFO - 60초 후 다음 확인을 진행합니다. (현재 상태: IDLE)
2026-05-27 14:37:43,683 - INFO - [005930] 현재가: 313000원
2026-05-27 14:37:47,878 - ERROR - GET 요청 실패 (VTTC8434R): 500 Server Error: Internal Server Error for url: https://openapivts.koreainvestment.com:29443/uapi/domestic-stock/v1/trading/inquire-balance?CANO=50174003&ACNT_PRDT_CD=01&AFHR_FLPR_YN=N&OFL_YN=&INQR_DVSN=02&UNPR_DVSN=01&FUND_STTL_ICLD_YN=N&FNCG_AMT_AUTO_RDPT_YN=N&PRCS_DVSN=00&CTX_AREA_FK100=&CTX_AREA_NK100=
2026-05-27 14:37:47,879 - ERROR - 상세 에러: {"rt_cd":"1","msg1":"기간이 만료된 token 입니다.","msg_cd":"EGW00123"}
2026-05-27 14:37:47,883 - ERROR - 잔고 조회 실패
2026-05-27 14:37:47,884 - WARNING - 예수금 부족으로 매수 불가 (예수금: 0원, 필요: 311000원)
2026-05-27 14:37:47,885 - INFO - 60초 후 다음 확인을 진행합니다. (현재 상태: IDLE)
2026-05-27 14:38:48,762 - INFO - [005930] 현재가: 312000원
2026-05-27 14:38:49,876 - ERROR - GET 요청 실패 (VTTC8434R): 500 Server Error: Internal Server Error for url: https://openapivts.koreainvestment.com:29443/uapi/domestic-stock/v1/trading/inquire-balance?CANO=50174003&ACNT_PRDT_CD=01&AFHR_FLPR_YN=N&OFL_YN=&INQR_DVSN=02&UNPR_DVSN=01&FUND_STTL_ICLD_YN=N&FNCG_AMT_AUTO_RDPT_YN=N&PRCS_DVSN=00&CTX_AREA_FK100=&CTX_AREA_NK100=
2026-05-27 14:38:49,877 - ERROR - 상세 에러: {"rt_cd":"1","msg1":"기간이 만료된 token 입니다.","msg_cd":"EGW00123"}
2026-05-27 14:38:49,882 - ERROR - 잔고 조회 실패
2026-05-27 14:38:49,883 - WARNING - 예수금 부족으로 매수 불가 (예수금: 0원, 필요: 310000원)
2026-05-27 14:38:49,884 - INFO - 60초 후 다음 확인을 진행합니다. (현재 상태: IDLE)
2026-05-27 14:39:50,039 - INFO - [005930] 현재가: 311500원
2026-05-27 14:39:52,609 - ERROR - GET 요청 실패 (VTTC8434R): 500 Server Error: Internal Server Error for url: https://openapivts.koreainvestment.com:29443/uapi/domestic-stock/v1/trading/inquire-balance?CANO=50174003&ACNT_PRDT_CD=01&AFHR_FLPR_YN=N&OFL_YN=&INQR_DVSN=02&UNPR_DVSN=01&FUND_STTL_ICLD_YN=N&FNCG_AMT_AUTO_RDPT_YN=N&PRCS_DVSN=00&CTX_AREA_FK100=&CTX_AREA_NK100=
2026-05-27 14:39:52,610 - ERROR - 상세 에러: {"rt_cd":"1","msg1":"기간이 만료된 token 입니다.","msg_cd":"EGW00123"}
2026-05-27 14:39:52,613 - ERROR - 잔고 조회 실패
2026-05-27 14:39:52,613 - WARNING - 예수금 부족으로 매수 불가 (예수금: 0원, 필요: 309500원)
2026-05-27 14:39:52,614 - INFO - 60초 후 다음 확인을 진행합니다. (현재 상태: IDLE)
2026-05-27 14:40:52,722 - INFO - [005930] 현재가: 311500원
2026-05-27 14:40:55,487 - ERROR - GET 요청 실패 (VTTC8434R): 500 Server Error: Internal Server Error for url: https://openapivts.koreainvestment.com:29443/uapi/domestic-stock/v1/trading/inquire-balance?CANO=50174003&ACNT_PRDT_CD=01&AFHR_FLPR_YN=N&OFL_YN=&INQR_DVSN=02&UNPR_DVSN=01&FUND_STTL_ICLD_YN=N&FNCG_AMT_AUTO_RDPT_YN=N&PRCS_DVSN=00&CTX_AREA_FK100=&CTX_AREA_NK100=
2026-05-27 14:40:55,488 - ERROR - 상세 에러: {"rt_cd":"1","msg1":"기간이 만료된 token 입니다.","msg_cd":"EGW00123"}
2026-05-27 14:40:55,490 - ERROR - 잔고 조회 실패
2026-05-27 14:40:55,491 - WARNING - 예수금 부족으로 매수 불가 (예수금: 0원, 필요: 309500원)
2026-05-27 14:40:55,491 - INFO - 60초 후 다음 확인을 진행합니다. (현재 상태: IDLE)
2026-05-27 14:41:55,609 - INFO - [005930] 현재가: 312000원
2026-05-27 14:41:56,707 - ERROR - GET 요청 실패 (VTTC8434R): 500 Server Error: Internal Server Error for url: https://openapivts.koreainvestment.com:29443/uapi/domestic-stock/v1/trading/inquire-balance?CANO=50174003&ACNT_PRDT_CD=01&AFHR_FLPR_YN=N&OFL_YN=&INQR_DVSN=02&UNPR_DVSN=01&FUND_STTL_ICLD_YN=N&FNCG_AMT_AUTO_RDPT_YN=N&PRCS_DVSN=00&CTX_AREA_FK100=&CTX_AREA_NK100=
2026-05-27 14:41:56,708 - ERROR - 상세 에러: {"rt_cd":"1","msg1":"기간이 만료된 token 입니다.","msg_cd":"EGW00123"}
2026-05-27 14:41:56,711 - ERROR - 잔고 조회 실패
2026-05-27 14:41:56,712 - WARNING - 예수금 부족으로 매수 불가 (예수금: 0원, 필요: 310000원)
2026-05-27 14:41:56,712 - INFO - 60초 후 다음 확인을 진행합니다. (현재 상태: IDLE)
2026-05-27 14:42:56,819 - INFO - [005930] 현재가: 313000원
2026-05-27 14:43:00,114 - ERROR - GET 요청 실패 (VTTC8434R): 500 Server Error: Internal Server Error for url: https://openapivts.koreainvestment.com:29443/uapi/domestic-stock/v1/trading/inquire-balance?CANO=50174003&ACNT_PRDT_CD=01&AFHR_FLPR_YN=N&OFL_YN=&INQR_DVSN=02&UNPR_DVSN=01&FUND_STTL_ICLD_YN=N&FNCG_AMT_AUTO_RDPT_YN=N&PRCS_DVSN=00&CTX_AREA_FK100=&CTX_AREA_NK100=
2026-05-27 14:43:00,115 - ERROR - 상세 에러: {"rt_cd":"1","msg1":"기간이 만료된 token 입니다.","msg_cd":"EGW00123"}
2026-05-27 14:43:00,119 - ERROR - 잔고 조회 실패
2026-05-27 14:43:00,120 - WARNING - 예수금 부족으로 매수 불가 (예수금: 0원, 필요: 311000원)
2026-05-27 14:43:00,121 - INFO - 60초 후 다음 확인을 진행합니다. (현재 상태: IDLE)
2026-05-27 14:44:02,599 - INFO - [005930] 현재가: 313000원
2026-05-27 14:44:06,678 - ERROR - GET 요청 실패 (VTTC8434R): 500 Server Error: Internal Server Error for url: https://openapivts.koreainvestment.com:29443/uapi/domestic-stock/v1/trading/inquire-balance?CANO=50174003&ACNT_PRDT_CD=01&AFHR_FLPR_YN=N&OFL_YN=&INQR_DVSN=02&UNPR_DVSN=01&FUND_STTL_ICLD_YN=N&FNCG_AMT_AUTO_RDPT_YN=N&PRCS_DVSN=00&CTX_AREA_FK100=&CTX_AREA_NK100=
2026-05-27 14:44:06,679 - ERROR - 상세 에러: {"rt_cd":"1","msg1":"기간이 만료된 token 입니다.","msg_cd":"EGW00123"}
2026-05-27 14:44:06,685 - ERROR - 잔고 조회 실패
2026-05-27 14:44:06,687 - WARNING - 예수금 부족으로 매수 불가 (예수금: 0원, 필요: 311000원)
2026-05-27 14:44:06,688 - INFO - 60초 후 다음 확인을 진행합니다. (현재 상태: IDLE)
2026-05-27 14:45:10,482 - INFO - [005930] 현재가: 314000원
2026-05-27 14:45:14,970 - ERROR - GET 요청 실패 (VTTC8434R): 500 Server Error: Internal Server Error for url: https://openapivts.koreainvestment.com:29443/uapi/domestic-stock/v1/trading/inquire-balance?CANO=50174003&ACNT_PRDT_CD=01&AFHR_FLPR_YN=N&OFL_YN=&INQR_DVSN=02&UNPR_DVSN=01&FUND_STTL_ICLD_YN=N&FNCG_AMT_AUTO_RDPT_YN=N&PRCS_DVSN=00&CTX_AREA_FK100=&CTX_AREA_NK100=
2026-05-27 14:45:14,972 - ERROR - 상세 에러: {"rt_cd":"1","msg1":"기간이 만료된 token 입니다.","msg_cd":"EGW00123"}
2026-05-27 14:45:14,980 - ERROR - 잔고 조회 실패
2026-05-27 14:45:14,981 - WARNING - 예수금 부족으로 매수 불가 (예수금: 0원, 필요: 312000원)
2026-05-27 14:45:14,982 - INFO - 60초 후 다음 확인을 진행합니다. (현재 상태: IDLE)
2026-05-27 14:46:18,109 - INFO - [005930] 현재가: 312500원
2026-05-27 14:46:20,254 - ERROR - GET 요청 실패 (VTTC8434R): 500 Server Error: Internal Server Error for url: https://openapivts.koreainvestment.com:29443/uapi/domestic-stock/v1/trading/inquire-balance?CANO=50174003&ACNT_PRDT_CD=01&AFHR_FLPR_YN=N&OFL_YN=&INQR_DVSN=02&UNPR_DVSN=01&FUND_STTL_ICLD_YN=N&FNCG_AMT_AUTO_RDPT_YN=N&PRCS_DVSN=00&CTX_AREA_FK100=&CTX_AREA_NK100=
2026-05-27 14:46:20,255 - ERROR - 상세 에러: {"rt_cd":"1","msg1":"기간이 만료된 token 입니다.","msg_cd":"EGW00123"}
2026-05-27 14:46:20,259 - ERROR - 잔고 조회 실패
2026-05-27 14:46:20,261 - WARNING - 예수금 부족으로 매수 불가 (예수금: 0원, 필요: 310500원)
2026-05-27 14:46:20,262 - INFO - 60초 후 다음 확인을 진행합니다. (현재 상태: IDLE)
2026-05-27 14:47:23,912 - INFO - [005930] 현재가: 312500원
2026-05-27 14:47:24,998 - ERROR - GET 요청 실패 (VTTC8434R): 500 Server Error: Internal Server Error for url: https://openapivts.koreainvestment.com:29443/uapi/domestic-stock/v1/trading/inquire-balance?CANO=50174003&ACNT_PRDT_CD=01&AFHR_FLPR_YN=N&OFL_YN=&INQR_DVSN=02&UNPR_DVSN=01&FUND_STTL_ICLD_YN=N&FNCG_AMT_AUTO_RDPT_YN=N&PRCS_DVSN=00&CTX_AREA_FK100=&CTX_AREA_NK100=
2026-05-27 14:47:24,998 - ERROR - 상세 에러: {"rt_cd":"1","msg1":"기간이 만료된 token 입니다.","msg_cd":"EGW00123"}
2026-05-27 14:47:25,002 - ERROR - 잔고 조회 실패
2026-05-27 14:47:25,002 - WARNING - 예수금 부족으로 매수 불가 (예수금: 0원, 필요: 310500원)
2026-05-27 14:47:25,003 - INFO - 60초 후 다음 확인을 진행합니다. (현재 상태: IDLE)
2026-05-27 14:48:25,109 - INFO - [005930] 현재가: 311000원
2026-05-27 14:48:28,119 - ERROR - GET 요청 실패 (VTTC8434R): 500 Server Error: Internal Server Error for url: https://openapivts.koreainvestment.com:29443/uapi/domestic-stock/v1/trading/inquire-balance?CANO=50174003&ACNT_PRDT_CD=01&AFHR_FLPR_YN=N&OFL_YN=&INQR_DVSN=02&UNPR_DVSN=01&FUND_STTL_ICLD_YN=N&FNCG_AMT_AUTO_RDPT_YN=N&PRCS_DVSN=00&CTX_AREA_FK100=&CTX_AREA_NK100=
2026-05-27 14:48:28,120 - ERROR - 상세 에러: {"rt_cd":"1","msg1":"기간이 만료된 token 입니다.","msg_cd":"EGW00123"}
2026-05-27 14:48:28,123 - ERROR - 잔고 조회 실패
2026-05-27 14:48:28,124 - WARNING - 예수금 부족으로 매수 불가 (예수금: 0원, 필요: 309000원)
2026-05-27 14:48:28,125 - INFO - 60초 후 다음 확인을 진행합니다. (현재 상태: IDLE)
2026-05-27 14:49:29,872 - INFO - [005930] 현재가: 311000원
2026-05-27 14:49:32,327 - ERROR - GET 요청 실패 (VTTC8434R): 500 Server Error: Internal Server Error for url: https://openapivts.koreainvestment.com:29443/uapi/domestic-stock/v1/trading/inquire-balance?CANO=50174003&ACNT_PRDT_CD=01&AFHR_FLPR_YN=N&OFL_YN=&INQR_DVSN=02&UNPR_DVSN=01&FUND_STTL_ICLD_YN=N&FNCG_AMT_AUTO_RDPT_YN=N&PRCS_DVSN=00&CTX_AREA_FK100=&CTX_AREA_NK100=
2026-05-27 14:49:32,328 - ERROR - 상세 에러: {"rt_cd":"1","msg1":"기간이 만료된 token 입니다.","msg_cd":"EGW00123"}
2026-05-27 14:49:32,331 - ERROR - 잔고 조회 실패
2026-05-27 14:49:32,332 - WARNING - 예수금 부족으로 매수 불가 (예수금: 0원, 필요: 309000원)
2026-05-27 14:49:32,332 - INFO - 60초 후 다음 확인을 진행합니다. (현재 상태: IDLE)
2026-05-27 14:50:33,980 - INFO - [005930] 현재가: 309500원
2026-05-27 14:50:36,228 - ERROR - GET 요청 실패 (VTTC8434R): 500 Server Error: Internal Server Error for url: https://openapivts.koreainvestment.com:29443/uapi/domestic-stock/v1/trading/inquire-balance?CANO=50174003&ACNT_PRDT_CD=01&AFHR_FLPR_YN=N&OFL_YN=&INQR_DVSN=02&UNPR_DVSN=01&FUND_STTL_ICLD_YN=N&FNCG_AMT_AUTO_RDPT_YN=N&PRCS_DVSN=00&CTX_AREA_FK100=&CTX_AREA_NK100=
2026-05-27 14:50:36,228 - ERROR - 상세 에러: {"rt_cd":"1","msg1":"기간이 만료된 token 입니다.","msg_cd":"EGW00123"}
2026-05-27 14:50:36,231 - ERROR - 잔고 조회 실패
2026-05-27 14:50:36,232 - WARNING - 예수금 부족으로 매수 불가 (예수금: 0원, 필요: 307500원)
2026-05-27 14:50:36,233 - INFO - 60초 후 다음 확인을 진행합니다. (현재 상태: IDLE)
2026-05-27 14:51:37,980 - INFO - [005930] 현재가: 309500원
2026-05-27 14:51:39,100 - ERROR - GET 요청 실패 (VTTC8434R): 500 Server Error: Internal Server Error for url: https://openapivts.koreainvestment.com:29443/uapi/domestic-stock/v1/trading/inquire-balance?CANO=50174003&ACNT_PRDT_CD=01&AFHR_FLPR_YN=N&OFL_YN=&INQR_DVSN=02&UNPR_DVSN=01&FUND_STTL_ICLD_YN=N&FNCG_AMT_AUTO_RDPT_YN=N&PRCS_DVSN=00&CTX_AREA_FK100=&CTX_AREA_NK100=
2026-05-27 14:51:39,101 - ERROR - 상세 에러: {"rt_cd":"1","msg1":"기간이 만료된 token 입니다.","msg_cd":"EGW00123"}
2026-05-27 14:51:39,104 - ERROR - 잔고 조회 실패
2026-05-27 14:51:39,105 - WARNING - 예수금 부족으로 매수 불가 (예수금: 0원, 필요: 307500원)
2026-05-27 14:51:39,106 - INFO - 60초 후 다음 확인을 진행합니다. (현재 상태: IDLE)
2026-05-27 14:52:39,238 - INFO - [005930] 현재가: 310000원
2026-05-27 14:52:40,812 - ERROR - GET 요청 실패 (VTTC8434R): 500 Server Error: Internal Server Error for url: https://openapivts.koreainvestment.com:29443/uapi/domestic-stock/v1/trading/inquire-balance?CANO=50174003&ACNT_PRDT_CD=01&AFHR_FLPR_YN=N&OFL_YN=&INQR_DVSN=02&UNPR_DVSN=01&FUND_STTL_ICLD_YN=N&FNCG_AMT_AUTO_RDPT_YN=N&PRCS_DVSN=00&CTX_AREA_FK100=&CTX_AREA_NK100=
2026-05-27 14:52:40,814 - ERROR - 상세 에러: {"rt_cd":"1","msg1":"기간이 만료된 token 입니다.","msg_cd":"EGW00123"}
2026-05-27 14:52:40,818 - ERROR - 잔고 조회 실패
2026-05-27 14:52:40,819 - WARNING - 예수금 부족으로 매수 불가 (예수금: 0원, 필요: 308000원)
2026-05-27 14:52:40,819 - INFO - 60초 후 다음 확인을 진행합니다. (현재 상태: IDLE)
2026-05-27 14:53:40,957 - INFO - [005930] 현재가: 310000원
2026-05-27 14:53:42,074 - ERROR - GET 요청 실패 (VTTC8434R): 500 Server Error: Internal Server Error for url: https://openapivts.koreainvestment.com:29443/uapi/domestic-stock/v1/trading/inquire-balance?CANO=50174003&ACNT_PRDT_CD=01&AFHR_FLPR_YN=N&OFL_YN=&INQR_DVSN=02&UNPR_DVSN=01&FUND_STTL_ICLD_YN=N&FNCG_AMT_AUTO_RDPT_YN=N&PRCS_DVSN=00&CTX_AREA_FK100=&CTX_AREA_NK100=
2026-05-27 14:53:42,075 - ERROR - 상세 에러: {"rt_cd":"1","msg1":"기간이 만료된 token 입니다.","msg_cd":"EGW00123"}
2026-05-27 14:53:42,078 - ERROR - 잔고 조회 실패
2026-05-27 14:53:42,079 - WARNING - 예수금 부족으로 매수 불가 (예수금: 0원, 필요: 308000원)
2026-05-27 14:53:42,079 - INFO - 60초 후 다음 확인을 진행합니다. (현재 상태: IDLE)
2026-05-27 14:54:42,519 - INFO - [005930] 현재가: 310000원
2026-05-27 14:54:44,255 - ERROR - GET 요청 실패 (VTTC8434R): 500 Server Error: Internal Server Error for url: https://openapivts.koreainvestment.com:29443/uapi/domestic-stock/v1/trading/inquire-balance?CANO=50174003&ACNT_PRDT_CD=01&AFHR_FLPR_YN=N&OFL_YN=&INQR_DVSN=02&UNPR_DVSN=01&FUND_STTL_ICLD_YN=N&FNCG_AMT_AUTO_RDPT_YN=N&PRCS_DVSN=00&CTX_AREA_FK100=&CTX_AREA_NK100=
2026-05-27 14:54:44,255 - ERROR - 상세 에러: {"rt_cd":"1","msg1":"기간이 만료된 token 입니다.","msg_cd":"EGW00123"}
2026-05-27 14:54:44,258 - ERROR - 잔고 조회 실패
2026-05-27 14:54:44,259 - WARNING - 예수금 부족으로 매수 불가 (예수금: 0원, 필요: 308000원)
2026-05-27 14:54:44,259 - INFO - 60초 후 다음 확인을 진행합니다. (현재 상태: IDLE)
2026-05-27 14:55:44,373 - INFO - [005930] 현재가: 310500원
2026-05-27 14:55:45,462 - ERROR - GET 요청 실패 (VTTC8434R): 500 Server Error: Internal Server Error for url: https://openapivts.koreainvestment.com:29443/uapi/domestic-stock/v1/trading/inquire-balance?CANO=50174003&ACNT_PRDT_CD=01&AFHR_FLPR_YN=N&OFL_YN=&INQR_DVSN=02&UNPR_DVSN=01&FUND_STTL_ICLD_YN=N&FNCG_AMT_AUTO_RDPT_YN=N&PRCS_DVSN=00&CTX_AREA_FK100=&CTX_AREA_NK100=
2026-05-27 14:55:45,463 - ERROR - 상세 에러: {"rt_cd":"1","msg1":"기간이 만료된 token 입니다.","msg_cd":"EGW00123"}
2026-05-27 14:55:45,466 - ERROR - 잔고 조회 실패
2026-05-27 14:55:45,467 - WARNING - 예수금 부족으로 매수 불가 (예수금: 0원, 필요: 308500원)
2026-05-27 14:55:45,468 - INFO - 60초 후 다음 확인을 진행합니다. (현재 상태: IDLE)
2026-05-27 14:56:46,016 - INFO - [005930] 현재가: 311000원
2026-05-27 14:56:48,473 - ERROR - GET 요청 실패 (VTTC8434R): 500 Server Error: Internal Server Error for url: https://openapivts.koreainvestment.com:29443/uapi/domestic-stock/v1/trading/inquire-balance?CANO=50174003&ACNT_PRDT_CD=01&AFHR_FLPR_YN=N&OFL_YN=&INQR_DVSN=02&UNPR_DVSN=01&FUND_STTL_ICLD_YN=N&FNCG_AMT_AUTO_RDPT_YN=N&PRCS_DVSN=00&CTX_AREA_FK100=&CTX_AREA_NK100=
2026-05-27 14:56:48,474 - ERROR - 상세 에러: {"rt_cd":"1","msg1":"기간이 만료된 token 입니다.","msg_cd":"EGW00123"}
2026-05-27 14:56:48,477 - ERROR - 잔고 조회 실패
2026-05-27 14:56:48,477 - WARNING - 예수금 부족으로 매수 불가 (예수금: 0원, 필요: 309000원)
2026-05-27 14:56:48,478 - INFO - 60초 후 다음 확인을 진행합니다. (현재 상태: IDLE)
2026-05-27 14:57:48,998 - INFO - [005930] 현재가: 310000원
2026-05-27 14:57:50,532 - ERROR - GET 요청 실패 (VTTC8434R): 500 Server Error: Internal Server Error for url: https://openapivts.koreainvestment.com:29443/uapi/domestic-stock/v1/trading/inquire-balance?CANO=50174003&ACNT_PRDT_CD=01&AFHR_FLPR_YN=N&OFL_YN=&INQR_DVSN=02&UNPR_DVSN=01&FUND_STTL_ICLD_YN=N&FNCG_AMT_AUTO_RDPT_YN=N&PRCS_DVSN=00&CTX_AREA_FK100=&CTX_AREA_NK100=
2026-05-27 14:57:50,533 - ERROR - 상세 에러: {"rt_cd":"1","msg1":"기간이 만료된 token 입니다.","msg_cd":"EGW00123"}
2026-05-27 14:57:50,536 - ERROR - 잔고 조회 실패
2026-05-27 14:57:50,537 - WARNING - 예수금 부족으로 매수 불가 (예수금: 0원, 필요: 308000원)
2026-05-27 14:57:50,537 - INFO - 60초 후 다음 확인을 진행합니다. (현재 상태: IDLE)
2026-05-27 14:58:52,795 - INFO - [005930] 현재가: 309500원
2026-05-27 14:58:57,199 - ERROR - GET 요청 실패 (VTTC8434R): 500 Server Error: Internal Server Error for url: https://openapivts.koreainvestment.com:29443/uapi/domestic-stock/v1/trading/inquire-balance?CANO=50174003&ACNT_PRDT_CD=01&AFHR_FLPR_YN=N&OFL_YN=&INQR_DVSN=02&UNPR_DVSN=01&FUND_STTL_ICLD_YN=N&FNCG_AMT_AUTO_RDPT_YN=N&PRCS_DVSN=00&CTX_AREA_FK100=&CTX_AREA_NK100=
2026-05-27 14:58:57,200 - ERROR - 상세 에러: {"rt_cd":"1","msg1":"기간이 만료된 token 입니다.","msg_cd":"EGW00123"}
2026-05-27 14:58:57,204 - ERROR - 잔고 조회 실패
2026-05-27 14:58:57,204 - WARNING - 예수금 부족으로 매수 불가 (예수금: 0원, 필요: 307500원)
2026-05-27 14:58:57,205 - INFO - 60초 후 다음 확인을 진행합니다. (현재 상태: IDLE)
2026-05-27 14:59:58,643 - INFO - [005930] 현재가: 309000원
2026-05-27 14:59:59,733 - ERROR - GET 요청 실패 (VTTC8434R): 500 Server Error: Internal Server Error for url: https://openapivts.koreainvestment.com:29443/uapi/domestic-stock/v1/trading/inquire-balance?CANO=50174003&ACNT_PRDT_CD=01&AFHR_FLPR_YN=N&OFL_YN=&INQR_DVSN=02&UNPR_DVSN=01&FUND_STTL_ICLD_YN=N&FNCG_AMT_AUTO_RDPT_YN=N&PRCS_DVSN=00&CTX_AREA_FK100=&CTX_AREA_NK100=
2026-05-27 14:59:59,734 - ERROR - 상세 에러: {"rt_cd":"1","msg1":"기간이 만료된 token 입니다.","msg_cd":"EGW00123"}
2026-05-27 14:59:59,736 - ERROR - 잔고 조회 실패
2026-05-27 14:59:59,737 - WARNING - 예수금 부족으로 매수 불가 (예수금: 0원, 필요: 307000원)
2026-05-27 14:59:59,737 - INFO - 60초 후 다음 확인을 진행합니다. (현재 상태: IDLE)
2026-05-27 15:01:02,441 - INFO - [005930] 현재가: 309250원
2026-05-27 15:01:06,739 - ERROR - GET 요청 실패 (VTTC8434R): 500 Server Error: Internal Server Error for url: https://openapivts.koreainvestment.com:29443/uapi/domestic-stock/v1/trading/inquire-balance?CANO=50174003&ACNT_PRDT_CD=01&AFHR_FLPR_YN=N&OFL_YN=&INQR_DVSN=02&UNPR_DVSN=01&FUND_STTL_ICLD_YN=N&FNCG_AMT_AUTO_RDPT_YN=N&PRCS_DVSN=00&CTX_AREA_FK100=&CTX_AREA_NK100=
2026-05-27 15:01:06,739 - ERROR - 상세 에러: {"rt_cd":"1","msg1":"기간이 만료된 token 입니다.","msg_cd":"EGW00123"}
2026-05-27 15:01:06,742 - ERROR - 잔고 조회 실패
2026-05-27 15:01:06,743 - WARNING - 예수금 부족으로 매수 불가 (예수금: 0원, 필요: 307250원)
2026-05-27 15:01:06,743 - INFO - 60초 후 다음 확인을 진행합니다. (현재 상태: IDLE)
2026-05-27 15:02:06,925 - INFO - [005930] 현재가: 307000원
2026-05-27 15:02:08,389 - ERROR - GET 요청 실패 (VTTC8434R): 500 Server Error: Internal Server Error for url: https://openapivts.koreainvestment.com:29443/uapi/domestic-stock/v1/trading/inquire-balance?CANO=50174003&ACNT_PRDT_CD=01&AFHR_FLPR_YN=N&OFL_YN=&INQR_DVSN=02&UNPR_DVSN=01&FUND_STTL_ICLD_YN=N&FNCG_AMT_AUTO_RDPT_YN=N&PRCS_DVSN=00&CTX_AREA_FK100=&CTX_AREA_NK100=
2026-05-27 15:02:08,389 - ERROR - 상세 에러: {"rt_cd":"1","msg1":"기간이 만료된 token 입니다.","msg_cd":"EGW00123"}
2026-05-27 15:02:08,392 - ERROR - 잔고 조회 실패
2026-05-27 15:02:08,393 - WARNING - 예수금 부족으로 매수 불가 (예수금: 0원, 필요: 305000원)
2026-05-27 15:02:08,393 - INFO - 60초 후 다음 확인을 진행합니다. (현재 상태: IDLE)
2026-05-27 15:03:08,912 - INFO - [005930] 현재가: 306500원
2026-05-27 15:03:10,650 - ERROR - GET 요청 실패 (VTTC8434R): 500 Server Error: Internal Server Error for url: https://openapivts.koreainvestment.com:29443/uapi/domestic-stock/v1/trading/inquire-balance?CANO=50174003&ACNT_PRDT_CD=01&AFHR_FLPR_YN=N&OFL_YN=&INQR_DVSN=02&UNPR_DVSN=01&FUND_STTL_ICLD_YN=N&FNCG_AMT_AUTO_RDPT_YN=N&PRCS_DVSN=00&CTX_AREA_FK100=&CTX_AREA_NK100=
2026-05-27 15:03:10,651 - ERROR - 상세 에러: {"rt_cd":"1","msg1":"기간이 만료된 token 입니다.","msg_cd":"EGW00123"}
2026-05-27 15:03:10,654 - ERROR - 잔고 조회 실패
2026-05-27 15:03:10,654 - WARNING - 예수금 부족으로 매수 불가 (예수금: 0원, 필요: 304500원)
2026-05-27 15:03:10,655 - INFO - 60초 후 다음 확인을 진행합니다. (현재 상태: IDLE)
2026-05-27 15:04:13,529 - INFO - [005930] 현재가: 308000원
2026-05-27 15:04:14,858 - ERROR - GET 요청 실패 (VTTC8434R): 500 Server Error: Internal Server Error for url: https://openapivts.koreainvestment.com:29443/uapi/domestic-stock/v1/trading/inquire-balance?CANO=50174003&ACNT_PRDT_CD=01&AFHR_FLPR_YN=N&OFL_YN=&INQR_DVSN=02&UNPR_DVSN=01&FUND_STTL_ICLD_YN=N&FNCG_AMT_AUTO_RDPT_YN=N&PRCS_DVSN=00&CTX_AREA_FK100=&CTX_AREA_NK100=
2026-05-27 15:04:14,859 - ERROR - 상세 에러: {"rt_cd":"1","msg1":"기간이 만료된 token 입니다.","msg_cd":"EGW00123"}
2026-05-27 15:04:14,862 - ERROR - 잔고 조회 실패
2026-05-27 15:04:14,863 - WARNING - 예수금 부족으로 매수 불가 (예수금: 0원, 필요: 306000원)
2026-05-27 15:04:14,863 - INFO - 60초 후 다음 확인을 진행합니다. (현재 상태: IDLE)
2026-05-27 15:05:15,034 - INFO - [005930] 현재가: 309000원
2026-05-27 15:05:16,123 - ERROR - GET 요청 실패 (VTTC8434R): 500 Server Error: Internal Server Error for url: https://openapivts.koreainvestment.com:29443/uapi/domestic-stock/v1/trading/inquire-balance?CANO=50174003&ACNT_PRDT_CD=01&AFHR_FLPR_YN=N&OFL_YN=&INQR_DVSN=02&UNPR_DVSN=01&FUND_STTL_ICLD_YN=N&FNCG_AMT_AUTO_RDPT_YN=N&PRCS_DVSN=00&CTX_AREA_FK100=&CTX_AREA_NK100=
2026-05-27 15:05:16,124 - ERROR - 상세 에러: {"rt_cd":"1","msg1":"기간이 만료된 token 입니다.","msg_cd":"EGW00123"}
2026-05-27 15:05:16,127 - ERROR - 잔고 조회 실패
2026-05-27 15:05:16,128 - WARNING - 예수금 부족으로 매수 불가 (예수금: 0원, 필요: 307000원)
2026-05-27 15:05:16,128 - INFO - 60초 후 다음 확인을 진행합니다. (현재 상태: IDLE)
2026-05-27 15:06:16,241 - INFO - [005930] 현재가: 308000원
2026-05-27 15:06:17,371 - ERROR - GET 요청 실패 (VTTC8434R): 500 Server Error: Internal Server Error for url: https://openapivts.koreainvestment.com:29443/uapi/domestic-stock/v1/trading/inquire-balance?CANO=50174003&ACNT_PRDT_CD=01&AFHR_FLPR_YN=N&OFL_YN=&INQR_DVSN=02&UNPR_DVSN=01&FUND_STTL_ICLD_YN=N&FNCG_AMT_AUTO_RDPT_YN=N&PRCS_DVSN=00&CTX_AREA_FK100=&CTX_AREA_NK100=
2026-05-27 15:06:17,372 - ERROR - 상세 에러: {"rt_cd":"1","msg1":"기간이 만료된 token 입니다.","msg_cd":"EGW00123"}
2026-05-27 15:06:17,377 - ERROR - 잔고 조회 실패
2026-05-27 15:06:17,378 - WARNING - 예수금 부족으로 매수 불가 (예수금: 0원, 필요: 306000원)
2026-05-27 15:06:17,378 - INFO - 60초 후 다음 확인을 진행합니다. (현재 상태: IDLE)
2026-05-27 15:07:20,349 - INFO - [005930] 현재가: 307000원
2026-05-27 15:07:21,466 - ERROR - GET 요청 실패 (VTTC8434R): 500 Server Error: Internal Server Error for url: https://openapivts.koreainvestment.com:29443/uapi/domestic-stock/v1/trading/inquire-balance?CANO=50174003&ACNT_PRDT_CD=01&AFHR_FLPR_YN=N&OFL_YN=&INQR_DVSN=02&UNPR_DVSN=01&FUND_STTL_ICLD_YN=N&FNCG_AMT_AUTO_RDPT_YN=N&PRCS_DVSN=00&CTX_AREA_FK100=&CTX_AREA_NK100=
2026-05-27 15:07:21,467 - ERROR - 상세 에러: {"rt_cd":"1","msg1":"기간이 만료된 token 입니다.","msg_cd":"EGW00123"}
2026-05-27 15:07:21,469 - ERROR - 잔고 조회 실패
2026-05-27 15:07:21,470 - WARNING - 예수금 부족으로 매수 불가 (예수금: 0원, 필요: 305000원)
2026-05-27 15:07:21,471 - INFO - 60초 후 다음 확인을 진행합니다. (현재 상태: IDLE)
2026-05-27 15:08:25,038 - INFO - [005930] 현재가: 307500원
2026-05-27 15:08:28,752 - ERROR - GET 요청 실패 (VTTC8434R): 500 Server Error: Internal Server Error for url: https://openapivts.koreainvestment.com:29443/uapi/domestic-stock/v1/trading/inquire-balance?CANO=50174003&ACNT_PRDT_CD=01&AFHR_FLPR_YN=N&OFL_YN=&INQR_DVSN=02&UNPR_DVSN=01&FUND_STTL_ICLD_YN=N&FNCG_AMT_AUTO_RDPT_YN=N&PRCS_DVSN=00&CTX_AREA_FK100=&CTX_AREA_NK100=
2026-05-27 15:08:28,753 - ERROR - 상세 에러: {"rt_cd":"1","msg1":"기간이 만료된 token 입니다.","msg_cd":"EGW00123"}
2026-05-27 15:08:28,755 - ERROR - 잔고 조회 실패
2026-05-27 15:08:28,756 - WARNING - 예수금 부족으로 매수 불가 (예수금: 0원, 필요: 305500원)
2026-05-27 15:08:28,756 - INFO - 60초 후 다음 확인을 진행합니다. (현재 상태: IDLE)
2026-05-27 15:09:28,869 - INFO - [005930] 현재가: 308000원
2026-05-27 15:09:29,981 - ERROR - GET 요청 실패 (VTTC8434R): 500 Server Error: Internal Server Error for url: https://openapivts.koreainvestment.com:29443/uapi/domestic-stock/v1/trading/inquire-balance?CANO=50174003&ACNT_PRDT_CD=01&AFHR_FLPR_YN=N&OFL_YN=&INQR_DVSN=02&UNPR_DVSN=01&FUND_STTL_ICLD_YN=N&FNCG_AMT_AUTO_RDPT_YN=N&PRCS_DVSN=00&CTX_AREA_FK100=&CTX_AREA_NK100=
2026-05-27 15:09:29,982 - ERROR - 상세 에러: {"rt_cd":"1","msg1":"기간이 만료된 token 입니다.","msg_cd":"EGW00123"}
2026-05-27 15:09:29,985 - ERROR - 잔고 조회 실패
2026-05-27 15:09:29,985 - WARNING - 예수금 부족으로 매수 불가 (예수금: 0원, 필요: 306000원)
2026-05-27 15:09:29,986 - INFO - 60초 후 다음 확인을 진행합니다. (현재 상태: IDLE)
2026-05-27 15:10:31,918 - INFO - [005930] 현재가: 308000원
2026-05-27 15:10:36,114 - ERROR - GET 요청 실패 (VTTC8434R): 500 Server Error: Internal Server Error for url: https://openapivts.koreainvestment.com:29443/uapi/domestic-stock/v1/trading/inquire-balance?CANO=50174003&ACNT_PRDT_CD=01&AFHR_FLPR_YN=N&OFL_YN=&INQR_DVSN=02&UNPR_DVSN=01&FUND_STTL_ICLD_YN=N&FNCG_AMT_AUTO_RDPT_YN=N&PRCS_DVSN=00&CTX_AREA_FK100=&CTX_AREA_NK100=
2026-05-27 15:10:36,115 - ERROR - 상세 에러: {"rt_cd":"1","msg1":"기간이 만료된 token 입니다.","msg_cd":"EGW00123"}
2026-05-27 15:10:36,117 - ERROR - 잔고 조회 실패
2026-05-27 15:10:36,118 - WARNING - 예수금 부족으로 매수 불가 (예수금: 0원, 필요: 306000원)
2026-05-27 15:10:36,119 - INFO - 60초 후 다음 확인을 진행합니다. (현재 상태: IDLE)
2026-05-27 15:11:36,234 - INFO - [005930] 현재가: 308000원
2026-05-27 15:11:37,355 - ERROR - GET 요청 실패 (VTTC8434R): 500 Server Error: Internal Server Error for url: https://openapivts.koreainvestment.com:29443/uapi/domestic-stock/v1/trading/inquire-balance?CANO=50174003&ACNT_PRDT_CD=01&AFHR_FLPR_YN=N&OFL_YN=&INQR_DVSN=02&UNPR_DVSN=01&FUND_STTL_ICLD_YN=N&FNCG_AMT_AUTO_RDPT_YN=N&PRCS_DVSN=00&CTX_AREA_FK100=&CTX_AREA_NK100=
2026-05-27 15:11:37,356 - ERROR - 상세 에러: {"rt_cd":"1","msg1":"기간이 만료된 token 입니다.","msg_cd":"EGW00123"}
2026-05-27 15:11:37,359 - ERROR - 잔고 조회 실패
2026-05-27 15:11:37,360 - WARNING - 예수금 부족으로 매수 불가 (예수금: 0원, 필요: 306000원)
2026-05-27 15:11:37,361 - INFO - 60초 후 다음 확인을 진행합니다. (현재 상태: IDLE)
2026-05-27 15:12:37,477 - INFO - [005930] 현재가: 308000원
2026-05-27 15:12:42,268 - ERROR - GET 요청 실패 (VTTC8434R): 500 Server Error: Internal Server Error for url: https://openapivts.koreainvestment.com:29443/uapi/domestic-stock/v1/trading/inquire-balance?CANO=50174003&ACNT_PRDT_CD=01&AFHR_FLPR_YN=N&OFL_YN=&INQR_DVSN=02&UNPR_DVSN=01&FUND_STTL_ICLD_YN=N&FNCG_AMT_AUTO_RDPT_YN=N&PRCS_DVSN=00&CTX_AREA_FK100=&CTX_AREA_NK100=
2026-05-27 15:12:42,269 - ERROR - 상세 에러: {"rt_cd":"1","msg1":"기간이 만료된 token 입니다.","msg_cd":"EGW00123"}
2026-05-27 15:12:42,274 - ERROR - 잔고 조회 실패
2026-05-27 15:12:42,275 - WARNING - 예수금 부족으로 매수 불가 (예수금: 0원, 필요: 306000원)
2026-05-27 15:12:42,275 - INFO - 60초 후 다음 확인을 진행합니다. (현재 상태: IDLE)
2026-05-27 15:13:42,804 - INFO - [005930] 현재가: 310000원
2026-05-27 15:13:43,897 - ERROR - GET 요청 실패 (VTTC8434R): 500 Server Error: Internal Server Error for url: https://openapivts.koreainvestment.com:29443/uapi/domestic-stock/v1/trading/inquire-balance?CANO=50174003&ACNT_PRDT_CD=01&AFHR_FLPR_YN=N&OFL_YN=&INQR_DVSN=02&UNPR_DVSN=01&FUND_STTL_ICLD_YN=N&FNCG_AMT_AUTO_RDPT_YN=N&PRCS_DVSN=00&CTX_AREA_FK100=&CTX_AREA_NK100=
2026-05-27 15:13:43,898 - ERROR - 상세 에러: {"rt_cd":"1","msg1":"기간이 만료된 token 입니다.","msg_cd":"EGW00123"}
2026-05-27 15:13:43,900 - ERROR - 잔고 조회 실패
2026-05-27 15:13:43,901 - WARNING - 예수금 부족으로 매수 불가 (예수금: 0원, 필요: 308000원)
2026-05-27 15:13:43,901 - INFO - 60초 후 다음 확인을 진행합니다. (현재 상태: IDLE)
2026-05-27 15:14:44,012 - INFO - [005930] 현재가: 310000원
2026-05-27 15:14:45,107 - ERROR - GET 요청 실패 (VTTC8434R): 500 Server Error: Internal Server Error for url: https://openapivts.koreainvestment.com:29443/uapi/domestic-stock/v1/trading/inquire-balance?CANO=50174003&ACNT_PRDT_CD=01&AFHR_FLPR_YN=N&OFL_YN=&INQR_DVSN=02&UNPR_DVSN=01&FUND_STTL_ICLD_YN=N&FNCG_AMT_AUTO_RDPT_YN=N&PRCS_DVSN=00&CTX_AREA_FK100=&CTX_AREA_NK100=
2026-05-27 15:14:45,108 - ERROR - 상세 에러: {"rt_cd":"1","msg1":"기간이 만료된 token 입니다.","msg_cd":"EGW00123"}
2026-05-27 15:14:45,112 - ERROR - 잔고 조회 실패
2026-05-27 15:14:45,113 - WARNING - 예수금 부족으로 매수 불가 (예수금: 0원, 필요: 308000원)
2026-05-27 15:14:45,113 - INFO - 60초 후 다음 확인을 진행합니다. (현재 상태: IDLE)
2026-05-27 15:15:45,348 - INFO - [005930] 현재가: 309000원
2026-05-27 15:15:46,438 - ERROR - GET 요청 실패 (VTTC8434R): 500 Server Error: Internal Server Error for url: https://openapivts.koreainvestment.com:29443/uapi/domestic-stock/v1/trading/inquire-balance?CANO=50174003&ACNT_PRDT_CD=01&AFHR_FLPR_YN=N&OFL_YN=&INQR_DVSN=02&UNPR_DVSN=01&FUND_STTL_ICLD_YN=N&FNCG_AMT_AUTO_RDPT_YN=N&PRCS_DVSN=00&CTX_AREA_FK100=&CTX_AREA_NK100=
2026-05-27 15:15:46,439 - ERROR - 상세 에러: {"rt_cd":"1","msg1":"기간이 만료된 token 입니다.","msg_cd":"EGW00123"}
2026-05-27 15:15:46,442 - ERROR - 잔고 조회 실패
2026-05-27 15:15:46,443 - WARNING - 예수금 부족으로 매수 불가 (예수금: 0원, 필요: 307000원)
2026-05-27 15:15:46,443 - INFO - 60초 후 다음 확인을 진행합니다. (현재 상태: IDLE)
2026-05-27 15:16:47,031 - INFO - [005930] 현재가: 308000원
2026-05-27 15:16:50,509 - ERROR - GET 요청 실패 (VTTC8434R): 500 Server Error: Internal Server Error for url: https://openapivts.koreainvestment.com:29443/uapi/domestic-stock/v1/trading/inquire-balance?CANO=50174003&ACNT_PRDT_CD=01&AFHR_FLPR_YN=N&OFL_YN=&INQR_DVSN=02&UNPR_DVSN=01&FUND_STTL_ICLD_YN=N&FNCG_AMT_AUTO_RDPT_YN=N&PRCS_DVSN=00&CTX_AREA_FK100=&CTX_AREA_NK100=
2026-05-27 15:16:50,510 - ERROR - 상세 에러: {"rt_cd":"1","msg1":"기간이 만료된 token 입니다.","msg_cd":"EGW00123"}
2026-05-27 15:16:50,514 - ERROR - 잔고 조회 실패
2026-05-27 15:16:50,514 - WARNING - 예수금 부족으로 매수 불가 (예수금: 0원, 필요: 306000원)
2026-05-27 15:16:50,515 - INFO - 60초 후 다음 확인을 진행합니다. (현재 상태: IDLE)
2026-05-27 15:17:50,760 - INFO - [005930] 현재가: 308000원
2026-05-27 15:17:52,099 - ERROR - GET 요청 실패 (VTTC8434R): 500 Server Error: Internal Server Error for url: https://openapivts.koreainvestment.com:29443/uapi/domestic-stock/v1/trading/inquire-balance?CANO=50174003&ACNT_PRDT_CD=01&AFHR_FLPR_YN=N&OFL_YN=&INQR_DVSN=02&UNPR_DVSN=01&FUND_STTL_ICLD_YN=N&FNCG_AMT_AUTO_RDPT_YN=N&PRCS_DVSN=00&CTX_AREA_FK100=&CTX_AREA_NK100=
2026-05-27 15:17:52,100 - ERROR - 상세 에러: {"rt_cd":"1","msg1":"기간이 만료된 token 입니다.","msg_cd":"EGW00123"}
2026-05-27 15:17:52,103 - ERROR - 잔고 조회 실패
2026-05-27 15:17:52,103 - WARNING - 예수금 부족으로 매수 불가 (예수금: 0원, 필요: 306000원)
2026-05-27 15:17:52,104 - INFO - 60초 후 다음 확인을 진행합니다. (현재 상태: IDLE)
2026-05-27 15:18:54,320 - INFO - [005930] 현재가: 307500원
2026-05-27 15:18:55,426 - ERROR - GET 요청 실패 (VTTC8434R): 500 Server Error: Internal Server Error for url: https://openapivts.koreainvestment.com:29443/uapi/domestic-stock/v1/trading/inquire-balance?CANO=50174003&ACNT_PRDT_CD=01&AFHR_FLPR_YN=N&OFL_YN=&INQR_DVSN=02&UNPR_DVSN=01&FUND_STTL_ICLD_YN=N&FNCG_AMT_AUTO_RDPT_YN=N&PRCS_DVSN=00&CTX_AREA_FK100=&CTX_AREA_NK100=
2026-05-27 15:18:55,427 - ERROR - 상세 에러: {"rt_cd":"1","msg1":"기간이 만료된 token 입니다.","msg_cd":"EGW00123"}
2026-05-27 15:18:55,431 - ERROR - 잔고 조회 실패
2026-05-27 15:18:55,432 - WARNING - 예수금 부족으로 매수 불가 (예수금: 0원, 필요: 305500원)
2026-05-27 15:18:55,433 - INFO - 60초 후 다음 확인을 진행합니다. (현재 상태: IDLE)
2026-05-27 15:19:55,549 - INFO - [005930] 현재가: 306500원
2026-05-27 15:19:56,646 - ERROR - GET 요청 실패 (VTTC8434R): 500 Server Error: Internal Server Error for url: https://openapivts.koreainvestment.com:29443/uapi/domestic-stock/v1/trading/inquire-balance?CANO=50174003&ACNT_PRDT_CD=01&AFHR_FLPR_YN=N&OFL_YN=&INQR_DVSN=02&UNPR_DVSN=01&FUND_STTL_ICLD_YN=N&FNCG_AMT_AUTO_RDPT_YN=N&PRCS_DVSN=00&CTX_AREA_FK100=&CTX_AREA_NK100=
2026-05-27 15:19:56,647 - ERROR - 상세 에러: {"rt_cd":"1","msg1":"기간이 만료된 token 입니다.","msg_cd":"EGW00123"}
2026-05-27 15:19:56,651 - ERROR - 잔고 조회 실패
2026-05-27 15:19:56,652 - WARNING - 예수금 부족으로 매수 불가 (예수금: 0원, 필요: 304500원)
2026-05-27 15:19:56,652 - INFO - 60초 후 다음 확인을 진행합니다. (현재 상태: IDLE)
2026-05-27 15:20:58,197 - INFO - [005930] 현재가: 306000원
2026-05-27 15:21:00,993 - ERROR - GET 요청 실패 (VTTC8434R): 500 Server Error: Internal Server Error for url: https://openapivts.koreainvestment.com:29443/uapi/domestic-stock/v1/trading/inquire-balance?CANO=50174003&ACNT_PRDT_CD=01&AFHR_FLPR_YN=N&OFL_YN=&INQR_DVSN=02&UNPR_DVSN=01&FUND_STTL_ICLD_YN=N&FNCG_AMT_AUTO_RDPT_YN=N&PRCS_DVSN=00&CTX_AREA_FK100=&CTX_AREA_NK100=
2026-05-27 15:21:00,994 - ERROR - 상세 에러: {"rt_cd":"1","msg1":"기간이 만료된 token 입니다.","msg_cd":"EGW00123"}
2026-05-27 15:21:00,997 - ERROR - 잔고 조회 실패
2026-05-27 15:21:00,998 - WARNING - 예수금 부족으로 매수 불가 (예수금: 0원, 필요: 304000원)
2026-05-27 15:21:00,998 - INFO - 60초 후 다음 확인을 진행합니다. (현재 상태: IDLE)
2026-05-27 15:22:01,111 - INFO - [005930] 현재가: 306000원
2026-05-27 15:22:02,212 - ERROR - GET 요청 실패 (VTTC8434R): 500 Server Error: Internal Server Error for url: https://openapivts.koreainvestment.com:29443/uapi/domestic-stock/v1/trading/inquire-balance?CANO=50174003&ACNT_PRDT_CD=01&AFHR_FLPR_YN=N&OFL_YN=&INQR_DVSN=02&UNPR_DVSN=01&FUND_STTL_ICLD_YN=N&FNCG_AMT_AUTO_RDPT_YN=N&PRCS_DVSN=00&CTX_AREA_FK100=&CTX_AREA_NK100=
2026-05-27 15:22:02,213 - ERROR - 상세 에러: {"rt_cd":"1","msg1":"기간이 만료된 token 입니다.","msg_cd":"EGW00123"}
2026-05-27 15:22:02,217 - ERROR - 잔고 조회 실패
2026-05-27 15:22:02,218 - WARNING - 예수금 부족으로 매수 불가 (예수금: 0원, 필요: 304000원)
2026-05-27 15:22:02,220 - INFO - 60초 후 다음 확인을 진행합니다. (현재 상태: IDLE)
2026-05-27 15:23:02,333 - INFO - [005930] 현재가: 306000원
2026-05-27 15:23:03,471 - ERROR - GET 요청 실패 (VTTC8434R): 500 Server Error: Internal Server Error for url: https://openapivts.koreainvestment.com:29443/uapi/domestic-stock/v1/trading/inquire-balance?CANO=50174003&ACNT_PRDT_CD=01&AFHR_FLPR_YN=N&OFL_YN=&INQR_DVSN=02&UNPR_DVSN=01&FUND_STTL_ICLD_YN=N&FNCG_AMT_AUTO_RDPT_YN=N&PRCS_DVSN=00&CTX_AREA_FK100=&CTX_AREA_NK100=
2026-05-27 15:23:03,472 - ERROR - 상세 에러: {"rt_cd":"1","msg1":"기간이 만료된 token 입니다.","msg_cd":"EGW00123"}
2026-05-27 15:23:03,475 - ERROR - 잔고 조회 실패
2026-05-27 15:23:03,475 - WARNING - 예수금 부족으로 매수 불가 (예수금: 0원, 필요: 304000원)
2026-05-27 15:23:03,476 - INFO - 60초 후 다음 확인을 진행합니다. (현재 상태: IDLE)
2026-05-27 15:24:05,019 - INFO - [005930] 현재가: 306000원
2026-05-27 15:24:08,088 - ERROR - GET 요청 실패 (VTTC8434R): 500 Server Error: Internal Server Error for url: https://openapivts.koreainvestment.com:29443/uapi/domestic-stock/v1/trading/inquire-balance?CANO=50174003&ACNT_PRDT_CD=01&AFHR_FLPR_YN=N&OFL_YN=&INQR_DVSN=02&UNPR_DVSN=01&FUND_STTL_ICLD_YN=N&FNCG_AMT_AUTO_RDPT_YN=N&PRCS_DVSN=00&CTX_AREA_FK100=&CTX_AREA_NK100=
2026-05-27 15:24:08,089 - ERROR - 상세 에러: {"rt_cd":"1","msg1":"기간이 만료된 token 입니다.","msg_cd":"EGW00123"}
2026-05-27 15:24:08,092 - ERROR - 잔고 조회 실패
2026-05-27 15:24:08,092 - WARNING - 예수금 부족으로 매수 불가 (예수금: 0원, 필요: 304000원)
2026-05-27 15:24:08,093 - INFO - 60초 후 다음 확인을 진행합니다. (현재 상태: IDLE)
2026-05-27 15:25:08,949 - INFO - [005930] 현재가: 306000원
2026-05-27 15:25:10,555 - ERROR - GET 요청 실패 (VTTC8434R): 500 Server Error: Internal Server Error for url: https://openapivts.koreainvestment.com:29443/uapi/domestic-stock/v1/trading/inquire-balance?CANO=50174003&ACNT_PRDT_CD=01&AFHR_FLPR_YN=N&OFL_YN=&INQR_DVSN=02&UNPR_DVSN=01&FUND_STTL_ICLD_YN=N&FNCG_AMT_AUTO_RDPT_YN=N&PRCS_DVSN=00&CTX_AREA_FK100=&CTX_AREA_NK100=
2026-05-27 15:25:10,556 - ERROR - 상세 에러: {"rt_cd":"1","msg1":"기간이 만료된 token 입니다.","msg_cd":"EGW00123"}
2026-05-27 15:25:10,559 - ERROR - 잔고 조회 실패
2026-05-27 15:25:10,560 - WARNING - 예수금 부족으로 매수 불가 (예수금: 0원, 필요: 304000원)
2026-05-27 15:25:10,560 - INFO - 60초 후 다음 확인을 진행합니다. (현재 상태: IDLE)
2026-05-27 15:26:10,659 - INFO - [005930] 현재가: 306000원
2026-05-27 15:26:11,808 - ERROR - GET 요청 실패 (VTTC8434R): 500 Server Error: Internal Server Error for url: https://openapivts.koreainvestment.com:29443/uapi/domestic-stock/v1/trading/inquire-balance?CANO=50174003&ACNT_PRDT_CD=01&AFHR_FLPR_YN=N&OFL_YN=&INQR_DVSN=02&UNPR_DVSN=01&FUND_STTL_ICLD_YN=N&FNCG_AMT_AUTO_RDPT_YN=N&PRCS_DVSN=00&CTX_AREA_FK100=&CTX_AREA_NK100=
2026-05-27 15:26:11,809 - ERROR - 상세 에러: {"rt_cd":"1","msg1":"기간이 만료된 token 입니다.","msg_cd":"EGW00123"}
2026-05-27 15:26:11,812 - ERROR - 잔고 조회 실패
2026-05-27 15:26:11,813 - WARNING - 예수금 부족으로 매수 불가 (예수금: 0원, 필요: 304000원)
2026-05-27 15:26:11,814 - INFO - 60초 후 다음 확인을 진행합니다. (현재 상태: IDLE)
2026-05-27 15:27:11,927 - INFO - [005930] 현재가: 306000원
2026-05-27 15:27:13,037 - ERROR - GET 요청 실패 (VTTC8434R): 500 Server Error: Internal Server Error for url: https://openapivts.koreainvestment.com:29443/uapi/domestic-stock/v1/trading/inquire-balance?CANO=50174003&ACNT_PRDT_CD=01&AFHR_FLPR_YN=N&OFL_YN=&INQR_DVSN=02&UNPR_DVSN=01&FUND_STTL_ICLD_YN=N&FNCG_AMT_AUTO_RDPT_YN=N&PRCS_DVSN=00&CTX_AREA_FK100=&CTX_AREA_NK100=
2026-05-27 15:27:13,038 - ERROR - 상세 에러: {"rt_cd":"1","msg1":"기간이 만료된 token 입니다.","msg_cd":"EGW00123"}
2026-05-27 15:27:13,040 - ERROR - 잔고 조회 실패
2026-05-27 15:27:13,041 - WARNING - 예수금 부족으로 매수 불가 (예수금: 0원, 필요: 304000원)
2026-05-27 15:27:13,042 - INFO - 60초 후 다음 확인을 진행합니다. (현재 상태: IDLE)
2026-05-27 15:28:13,159 - INFO - [005930] 현재가: 306000원
2026-05-27 15:28:14,275 - ERROR - GET 요청 실패 (VTTC8434R): 500 Server Error: Internal Server Error for url: https://openapivts.koreainvestment.com:29443/uapi/domestic-stock/v1/trading/inquire-balance?CANO=50174003&ACNT_PRDT_CD=01&AFHR_FLPR_YN=N&OFL_YN=&INQR_DVSN=02&UNPR_DVSN=01&FUND_STTL_ICLD_YN=N&FNCG_AMT_AUTO_RDPT_YN=N&PRCS_DVSN=00&CTX_AREA_FK100=&CTX_AREA_NK100=
2026-05-27 15:28:14,276 - ERROR - 상세 에러: {"rt_cd":"1","msg1":"기간이 만료된 token 입니다.","msg_cd":"EGW00123"}
2026-05-27 15:28:14,279 - ERROR - 잔고 조회 실패
2026-05-27 15:28:14,280 - WARNING - 예수금 부족으로 매수 불가 (예수금: 0원, 필요: 304000원)
2026-05-27 15:28:14,281 - INFO - 60초 후 다음 확인을 진행합니다. (현재 상태: IDLE)
2026-05-27 15:29:14,518 - INFO - [005930] 현재가: 306000원
2026-05-27 15:29:15,618 - ERROR - GET 요청 실패 (VTTC8434R): 500 Server Error: Internal Server Error for url: https://openapivts.koreainvestment.com:29443/uapi/domestic-stock/v1/trading/inquire-balance?CANO=50174003&ACNT_PRDT_CD=01&AFHR_FLPR_YN=N&OFL_YN=&INQR_DVSN=02&UNPR_DVSN=01&FUND_STTL_ICLD_YN=N&FNCG_AMT_AUTO_RDPT_YN=N&PRCS_DVSN=00&CTX_AREA_FK100=&CTX_AREA_NK100=
2026-05-27 15:29:15,619 - ERROR - 상세 에러: {"rt_cd":"1","msg1":"기간이 만료된 token 입니다.","msg_cd":"EGW00123"}
2026-05-27 15:29:15,622 - ERROR - 잔고 조회 실패
2026-05-27 15:29:15,623 - WARNING - 예수금 부족으로 매수 불가 (예수금: 0원, 필요: 304000원)
2026-05-27 15:29:15,624 - INFO - 60초 후 다음 확인을 진행합니다. (현재 상태: IDLE)
2026-05-27 15:30:15,626 - INFO - 현재 시간 15:30:15, 장 종료 시간이 지났습니다. 프로그램을 종료합니다.
2026-05-27 15:30:15,627 - INFO - 프로그램을 종료합니다.
