2026-06-05 11:04:51,664 - INFO - 새로운 접근 토큰을 발급받습니다...
2026-06-05 11:04:51,939 - INFO - 새로운 토큰이 발급 및 저장되었습니다. 만료 시간: 2026-06-06 11:04:51
2026-06-05 11:04:51,944 - INFO - 삼성전자 자동매매 프로그램을 시작합니다. (자가 적응형 로직 활성화)
2026-06-05 11:04:51,967 - INFO - 📅 날짜 변경 감지 (2026-06-04 -> 2026-06-05). 세션 데이터를 초기화합니다.
2026-06-05 11:04:51,968 - INFO - 이전 상태 로드 완료: SELLING (목표가: 362000원)
2026-06-05 11:04:51,969 - INFO - 📅 날짜 변경 감지 (2026-06-04 -> 2026-06-05). 세션 데이터를 초기화합니다.
2026-06-05 11:04:52,088 - INFO - [005930] 현재가: 337500, 고가: 339500, 저가: 325000
2026-06-05 11:04:52,088 - WARNING - ⚠️ 주문 고착 감지: 타임아웃 (70518초 경과). 주문 취소를 시도합니다.
2026-06-05 11:04:52,089 - INFO - [CANCEL] 주문 취소 요청: 005930, 주문번호: 0000034145
2026-06-05 11:04:52,598 - ERROR - 주문 취소 실패: 모의투자 원주문번호가 존재하지 않습니다.
2026-06-05 11:04:52,599 - INFO - 유령 주문 감지 (모의투자 원주문번호가 존재하지 않습니다.). 로컬 상태를 강제 리셋합니다.
2026-06-05 11:04:52,600 - INFO - 📅 날짜 변경 감지 (2026-06-04 -> 2026-06-05). 세션 데이터를 초기화합니다.
2026-06-05 11:04:52,635 - INFO - 상태 전환 완료: HOLDING
2026-06-05 11:04:57,335 - INFO - 계좌 예수금: 9939083원
2026-06-05 11:04:57,335 - INFO - [005930] 보유: 1주, 매도 가능: 1주, 평단가: 360,000원
2026-06-05 11:04:57,345 - INFO - 미실현 손익: -22,500원 (-6.25%), 최고 수익률: 0.00%
2026-06-05 11:04:57,346 - WARNING - 🚨 하드 손절 조건 충족 (-6.25%). 즉시 매도 프로세스 진입.
2026-06-05 11:04:57,389 - INFO - 자가 최적화 기록 완료: C:\Users\witpo\OneDrive\바탕 화면\YONSEI\26-1\ECO4126 인공지능과금융공학\open-trading-api\self_optimization_history
2026-06-05 11:04:57,389 - INFO - 🔥 손절(STOP_LOSS) 실행: 현재가 근처(337,500원)로 즉시 매도 주문 (공격적 하향 보정)
2026-06-05 11:04:57,390 - INFO - [SELL] 주문 요청: 005930, 1주, 337500원
2026-06-05 11:04:57,607 - INFO - 주문 성공! 주문번호: 0000017163
2026-06-05 11:04:57,652 - INFO - 60초 후 다음 확인을 진행합니다. (현재 상태: SELLING)
2026-06-05 11:05:59,689 - INFO - [005930] 현재가: 339000, 고가: 339500, 저가: 325000
2026-06-05 11:06:00,857 - ERROR - GET 요청 실패 (VTTC8434R): 500 Server Error: Internal Server Error for url: https://openapivts.koreainvestment.com:29443/uapi/domestic-stock/v1/trading/inquire-balance?CANO=50174003&ACNT_PRDT_CD=01&AFHR_FLPR_YN=N&OFL_YN=&INQR_DVSN=02&UNPR_DVSN=01&FUND_STTL_ICLD_YN=N&FNCG_AMT_AUTO_RDPT_YN=N&PRCS_DVSN=00&CTX_AREA_FK100=&CTX_AREA_NK100=
2026-06-05 11:06:00,857 - ERROR - 상세 에러: {"rt_cd":"1","msg1":"원장에서 허용 가능한 초당 거래건수를 초과하였습니다.","msg_cd":"EGW00201"}
2026-06-05 11:06:00,860 - ERROR - 잔고 조회 실패
2026-06-05 11:06:01,309 - INFO - 매도 주문 완료 확인: 상태를 IDLE로 전환합니다.
2026-06-05 11:06:01,368 - WARNING - 예수금 부족으로 매수 불가 (예수금: 0원, 필요: 335500원)
2026-06-05 11:06:01,369 - INFO - 60초 후 다음 확인을 진행합니다. (현재 상태: IDLE)
2026-06-05 11:07:05,718 - INFO - [005930] 현재가: 339500, 고가: 340000, 저가: 325000
2026-06-05 11:07:15,549 - INFO - 계좌 예수금: 9939083원
2026-06-05 11:07:20,669 - INFO - 매수 조건 충족: 현재가(339500) - 오프셋(3250+0) = 336000원 (보수적 하향 보정)
2026-06-05 11:07:20,669 - INFO - [BUY] 주문 요청: 005930, 1주, 336000원
2026-06-05 11:07:20,830 - INFO - 주문 성공! 주문번호: 0000017337
2026-06-05 11:07:20,869 - INFO - 60초 후 다음 확인을 진행합니다. (현재 상태: BUYING)
2026-06-05 11:08:21,020 - INFO - [005930] 현재가: 339000, 고가: 340000, 저가: 325000
2026-06-05 11:08:21,023 - WARNING - ⚠️ 주문 고착 감지: 가격 이탈 (현재가:339,000, 목표가:336,000, 차이:3,000). 주문 취소를 시도합니다.
2026-06-05 11:08:21,023 - INFO - [CANCEL] 주문 취소 요청: 005930, 주문번호: 0000017337
2026-06-05 11:08:24,628 - INFO - 주문 취소 성공! (원주문: 0000017337)
2026-06-05 11:08:24,658 - INFO - 상태 전환 완료: IDLE
2026-06-05 11:08:25,924 - INFO - 계좌 예수금: 9939083원
2026-06-05 11:08:28,974 - INFO - 매수 조건 충족: 현재가(339000) - 오프셋(3250+0) = 335500원 (보수적 하향 보정)
2026-06-05 11:08:28,974 - INFO - [BUY] 주문 요청: 005930, 1주, 335500원
2026-06-05 11:08:29,158 - INFO - 주문 성공! 주문번호: 0000017409
2026-06-05 11:08:29,217 - INFO - 60초 후 다음 확인을 진행합니다. (현재 상태: BUYING)
2026-06-05 11:09:31,235 - INFO - [005930] 현재가: 339000, 고가: 340000, 저가: 325000
2026-06-05 11:09:31,236 - WARNING - ⚠️ 주문 고착 감지: 가격 이탈 (현재가:339,000, 목표가:335,500, 차이:3,500). 주문 취소를 시도합니다.
2026-06-05 11:09:31,237 - INFO - [CANCEL] 주문 취소 요청: 005930, 주문번호: 0000017409
2026-06-05 11:09:31,377 - INFO - 주문 취소 성공! (원주문: 0000017409)
2026-06-05 11:09:31,418 - INFO - 상태 전환 완료: IDLE
2026-06-05 11:09:38,302 - INFO - 계좌 예수금: 9939083원
2026-06-05 11:09:38,467 - INFO - 매수 조건 충족: 현재가(339000) - 오프셋(3250+0) = 335500원 (보수적 하향 보정)
2026-06-05 11:09:38,468 - INFO - [BUY] 주문 요청: 005930, 1주, 335500원
2026-06-05 11:09:38,952 - ERROR - POST 요청 실패 (VTTC0012U): 500 Server Error: Internal Server Error for url: https://openapivts.koreainvestment.com:29443/uapi/domestic-stock/v1/trading/order-cash
2026-06-05 11:09:38,952 - ERROR - 상세 에러: {"rt_cd":"1","msg1":"초당 거래건수를 초과하였습니다.","msg_cd":"EGW00201","message":"EGW00201"}
2026-06-05 11:09:38,955 - ERROR - 주문 실패: 응답 없음
2026-06-05 11:09:38,955 - INFO - 60초 후 다음 확인을 진행합니다. (현재 상태: IDLE)
2026-06-05 11:10:42,321 - INFO - [005930] 현재가: 339500, 고가: 340000, 저가: 325000
2026-06-05 11:10:50,191 - INFO - 계좌 예수금: 9939083원
2026-06-05 11:10:52,853 - INFO - 매수 조건 충족: 현재가(339500) - 오프셋(3250+0) = 336000원 (보수적 하향 보정)
2026-06-05 11:10:52,854 - INFO - [BUY] 주문 요청: 005930, 1주, 336000원
2026-06-05 11:10:55,414 - INFO - 주문 성공! 주문번호: 0000017580
2026-06-05 11:10:55,452 - INFO - 60초 후 다음 확인을 진행합니다. (현재 상태: BUYING)
2026-06-05 11:11:55,572 - INFO - [005930] 현재가: 340500, 고가: 341000, 저가: 325000
2026-06-05 11:11:55,573 - WARNING - ⚠️ 주문 고착 감지: 가격 이탈 (현재가:340,500, 목표가:336,000, 차이:4,500). 주문 취소를 시도합니다.
2026-06-05 11:11:55,573 - INFO - [CANCEL] 주문 취소 요청: 005930, 주문번호: 0000017580
2026-06-05 11:11:56,924 - INFO - 주문 취소 성공! (원주문: 0000017580)
2026-06-05 11:11:56,960 - INFO - 상태 전환 완료: IDLE
2026-06-05 11:12:01,510 - INFO - 계좌 예수금: 9939083원
2026-06-05 11:12:02,694 - INFO - 매수 조건 충족: 현재가(340500) - 오프셋(3250+0) = 337000원 (보수적 하향 보정)
2026-06-05 11:12:02,695 - INFO - [BUY] 주문 요청: 005930, 1주, 337000원
2026-06-05 11:12:03,924 - INFO - 주문 성공! 주문번호: 0000017671
2026-06-05 11:12:03,969 - INFO - 60초 후 다음 확인을 진행합니다. (현재 상태: BUYING)
2026-06-05 11:13:05,059 - INFO - [005930] 현재가: 341250, 고가: 341500, 저가: 325000
2026-06-05 11:13:05,060 - WARNING - ⚠️ 주문 고착 감지: 가격 이탈 (현재가:341,250, 목표가:337,000, 차이:4,250). 주문 취소를 시도합니다.
2026-06-05 11:13:05,060 - INFO - [CANCEL] 주문 취소 요청: 005930, 주문번호: 0000017671
2026-06-05 11:13:06,801 - INFO - 주문 취소 성공! (원주문: 0000017671)
2026-06-05 11:13:06,837 - INFO - 상태 전환 완료: IDLE
2026-06-05 11:13:13,852 - INFO - 계좌 예수금: 9939083원
2026-06-05 11:13:15,813 - INFO - 매수 조건 충족: 현재가(341250) - 오프셋(3250+0) = 338000원 (보수적 하향 보정)
2026-06-05 11:13:15,813 - INFO - [BUY] 주문 요청: 005930, 1주, 338000원
2026-06-05 11:13:17,041 - INFO - 주문 성공! 주문번호: 0000017753
2026-06-05 11:13:17,088 - INFO - 60초 후 다음 확인을 진행합니다. (현재 상태: BUYING)
2026-06-05 11:14:17,497 - INFO - [005930] 현재가: 339000, 고가: 341500, 저가: 325000
2026-06-05 11:14:23,912 - INFO - 계좌 예수금: 9939083원
2026-06-05 11:14:24,330 - INFO - 이미 매수 주문(0000017753)이 진행 중입니다. 체결을 기다립니다.
2026-06-05 11:14:24,331 - INFO - 60초 후 다음 확인을 진행합니다. (현재 상태: BUYING)
2026-06-05 11:15:25,770 - INFO - [005930] 현재가: 340000, 고가: 341500, 저가: 325000
2026-06-05 11:15:34,677 - INFO - 계좌 예수금: 9939083원
2026-06-05 11:15:36,214 - INFO - 이미 매수 주문(0000017753)이 진행 중입니다. 체결을 기다립니다.
2026-06-05 11:15:36,215 - INFO - 60초 후 다음 확인을 진행합니다. (현재 상태: BUYING)
2026-06-05 11:16:37,989 - INFO - [005930] 현재가: 339500, 고가: 341500, 저가: 325000
2026-06-05 11:16:44,312 - INFO - 계좌 예수금: 9939083원
2026-06-05 11:16:46,241 - INFO - 이미 매수 주문(0000017753)이 진행 중입니다. 체결을 기다립니다.
2026-06-05 11:16:46,241 - INFO - 60초 후 다음 확인을 진행합니다. (현재 상태: BUYING)
2026-06-05 11:17:49,341 - INFO - [005930] 현재가: 339500, 고가: 341500, 저가: 325000
2026-06-05 11:17:52,385 - INFO - 계좌 예수금: 9939083원
2026-06-05 11:17:52,542 - INFO - 이미 매수 주문(0000017753)이 진행 중입니다. 체결을 기다립니다.
2026-06-05 11:17:52,543 - INFO - 60초 후 다음 확인을 진행합니다. (현재 상태: BUYING)
2026-06-05 11:18:52,659 - INFO - [005930] 현재가: 339000, 고가: 341500, 저가: 325000
2026-06-05 11:18:55,391 - INFO - 계좌 예수금: 9939083원
2026-06-05 11:18:56,321 - INFO - 이미 매수 주문(0000017753)이 진행 중입니다. 체결을 기다립니다.
2026-06-05 11:18:56,321 - INFO - 60초 후 다음 확인을 진행합니다. (현재 상태: BUYING)
2026-06-05 11:19:56,800 - INFO - [005930] 현재가: 338250, 고가: 341500, 저가: 325000
2026-06-05 11:20:01,240 - INFO - 계좌 예수금: 9939083원
2026-06-05 11:20:01,240 - INFO - [005930] 보유: 1주, 매도 가능: 1주, 평단가: 338,000원
2026-06-05 11:20:01,260 - INFO - 미실현 손익: 250원 (0.07%), 최고 수익률: 0.07%
2026-06-05 11:20:01,288 - INFO - 매수 체결 확인 (평단가: 338,000원). 히스토리에 기록합니다.
2026-06-05 11:20:01,327 - INFO - 매도 조건 충족: 평단가(338,000), 현재가(338,250) -> 목표가(341,000원) (보수적 상향 보정)
2026-06-05 11:20:01,327 - INFO - [SELL] 주문 요청: 005930, 1주, 341000원
2026-06-05 11:20:03,277 - INFO - 주문 성공! 주문번호: 0000018182
2026-06-05 11:20:03,324 - INFO - 60초 후 다음 확인을 진행합니다. (현재 상태: SELLING)
2026-06-05 11:21:03,435 - INFO - [005930] 현재가: 338500, 고가: 341500, 저가: 325000
2026-06-05 11:21:03,435 - WARNING - ⚠️ 주문 고착 감지: 가격 이탈 (현재가:338,500, 목표가:341,000, 차이:2,500). 주문 취소를 시도합니다.
2026-06-05 11:21:03,436 - INFO - [CANCEL] 주문 취소 요청: 005930, 주문번호: 0000018182
2026-06-05 11:21:03,939 - ERROR - POST 요청 실패 (VTTC0013U): 500 Server Error: Internal Server Error for url: https://openapivts.koreainvestment.com:29443/uapi/domestic-stock/v1/trading/order-rvsecncl
2026-06-05 11:21:03,940 - ERROR - 상세 에러: {"rt_cd":"1","msg1":"초당 거래건수를 초과하였습니다.","msg_cd":"EGW00201","message":"EGW00201"}
2026-06-05 11:21:03,942 - ERROR - 주문 취소 실패: 응답 없음
2026-06-05 11:21:03,943 - ERROR - 주문 취소 실패. 다음 루프에서 재시도합니다.
2026-06-05 11:21:08,519 - INFO - 계좌 예수금: 9939083원
2026-06-05 11:21:08,520 - INFO - [005930] 보유: 1주, 매도 가능: 0주, 평단가: 338,000원
2026-06-05 11:21:08,535 - INFO - 미실현 손익: 500원 (0.15%), 최고 수익률: 0.15%
2026-06-05 11:21:08,564 - INFO - 보유 수량(1)에 대해 매도 주문(0000018182)이 진행 중입니다.
2026-06-05 11:21:08,565 - INFO - 60초 후 다음 확인을 진행합니다. (현재 상태: SELLING)
2026-06-05 11:22:08,698 - INFO - [005930] 현재가: 341000, 고가: 341500, 저가: 325000
2026-06-05 11:22:17,749 - INFO - 계좌 예수금: 9939083원
2026-06-05 11:22:21,070 - INFO - 매도 주문 완료 확인: 상태를 IDLE로 전환합니다.
2026-06-05 11:22:21,131 - INFO - 매수 조건 충족: 현재가(341000) - 오프셋(3250+0) = 337500원 (보수적 하향 보정)
2026-06-05 11:22:21,131 - INFO - [BUY] 주문 요청: 005930, 1주, 337500원
2026-06-05 11:22:25,426 - INFO - 주문 성공! 주문번호: 0000018363
2026-06-05 11:22:25,463 - INFO - 60초 후 다음 확인을 진행합니다. (현재 상태: BUYING)
2026-06-05 11:23:26,618 - INFO - [005930] 현재가: 341000, 고가: 341500, 저가: 325000
2026-06-05 11:23:26,619 - WARNING - ⚠️ 주문 고착 감지: 가격 이탈 (현재가:341,000, 목표가:337,500, 차이:3,500). 주문 취소를 시도합니다.
2026-06-05 11:23:26,619 - INFO - [CANCEL] 주문 취소 요청: 005930, 주문번호: 0000018363
2026-06-05 11:23:27,541 - INFO - 주문 취소 성공! (원주문: 0000018363)
2026-06-05 11:23:27,577 - INFO - 상태 전환 완료: IDLE
2026-06-05 11:23:33,730 - INFO - 계좌 예수금: 9939083원
2026-06-05 11:23:34,447 - INFO - 매수 조건 충족: 현재가(341000) - 오프셋(3250+0) = 337500원 (보수적 하향 보정)
2026-06-05 11:23:34,447 - INFO - [BUY] 주문 요청: 005930, 1주, 337500원
2026-06-05 11:23:35,242 - INFO - 주문 성공! 주문번호: 0000018452
2026-06-05 11:23:35,278 - INFO - 60초 후 다음 확인을 진행합니다. (현재 상태: BUYING)
2026-06-05 11:24:35,789 - INFO - [005930] 현재가: 341000, 고가: 341500, 저가: 325000
2026-06-05 11:24:35,790 - WARNING - ⚠️ 주문 고착 감지: 가격 이탈 (현재가:341,000, 목표가:337,500, 차이:3,500). 주문 취소를 시도합니다.
2026-06-05 11:24:35,790 - INFO - [CANCEL] 주문 취소 요청: 005930, 주문번호: 0000018452
2026-06-05 11:24:36,003 - INFO - 주문 취소 성공! (원주문: 0000018452)
2026-06-05 11:24:36,039 - INFO - 상태 전환 완료: IDLE
2026-06-05 11:24:40,300 - INFO - 계좌 예수금: 9939083원
2026-06-05 11:24:42,138 - INFO - 매수 조건 충족: 현재가(341000) - 오프셋(3250+0) = 337500원 (보수적 하향 보정)
2026-06-05 11:24:42,139 - INFO - [BUY] 주문 요청: 005930, 1주, 337500원
2026-06-05 11:24:43,674 - INFO - 주문 성공! 주문번호: 0000018553
2026-06-05 11:24:43,713 - INFO - 60초 후 다음 확인을 진행합니다. (현재 상태: BUYING)
2026-06-05 11:25:45,462 - INFO - [005930] 현재가: 342500, 고가: 342500, 저가: 325000
2026-06-05 11:25:45,463 - WARNING - ⚠️ 주문 고착 감지: 가격 이탈 (현재가:342,500, 목표가:337,500, 차이:5,000). 주문 취소를 시도합니다.
2026-06-05 11:25:45,464 - INFO - [CANCEL] 주문 취소 요청: 005930, 주문번호: 0000018553
2026-06-05 11:25:45,589 - INFO - 주문 취소 성공! (원주문: 0000018553)
2026-06-05 11:25:45,627 - INFO - 상태 전환 완료: IDLE
2026-06-05 11:25:52,620 - INFO - 계좌 예수금: 9939083원
2026-06-05 11:25:52,676 - INFO - 자가 최적화 기록 완료: C:\Users\witpo\OneDrive\바탕 화면\YONSEI\26-1\ECO4126 인공지능과금융공학\open-trading-api\self_optimization_history
2026-06-05 11:25:52,787 - INFO - 매수 조건 충족: 현재가(342500) - 오프셋(3250+0) = 339000원 (보수적 하향 보정)
2026-06-05 11:25:52,787 - INFO - [BUY] 주문 요청: 005930, 1주, 339000원
2026-06-05 11:25:54,919 - INFO - 주문 성공! 주문번호: 0000018621
2026-06-05 11:25:54,982 - INFO - 60초 후 다음 확인을 진행합니다. (현재 상태: BUYING)
2026-06-05 11:26:55,121 - INFO - [005930] 현재가: 342750, 고가: 343000, 저가: 325000
2026-06-05 11:26:55,121 - WARNING - ⚠️ 주문 고착 감지: 가격 이탈 (현재가:342,750, 목표가:339,000, 차이:3,750). 주문 취소를 시도합니다.
2026-06-05 11:26:55,122 - INFO - [CANCEL] 주문 취소 요청: 005930, 주문번호: 0000018621
2026-06-05 11:26:55,607 - ERROR - POST 요청 실패 (VTTC0013U): 500 Server Error: Internal Server Error for url: https://openapivts.koreainvestment.com:29443/uapi/domestic-stock/v1/trading/order-rvsecncl
2026-06-05 11:26:55,607 - ERROR - 상세 에러: {"rt_cd":"1","msg1":"초당 거래건수를 초과하였습니다.","msg_cd":"EGW00201","message":"EGW00201"}
2026-06-05 11:26:55,610 - ERROR - 주문 취소 실패: 응답 없음
2026-06-05 11:26:55,611 - ERROR - 주문 취소 실패. 다음 루프에서 재시도합니다.
2026-06-05 11:27:01,006 - INFO - 계좌 예수금: 9939083원
2026-06-05 11:27:02,332 - INFO - 이미 매수 주문(0000018621)이 진행 중입니다. 체결을 기다립니다.
2026-06-05 11:27:02,332 - INFO - 60초 후 다음 확인을 진행합니다. (현재 상태: BUYING)
2026-06-05 11:28:02,566 - INFO - [005930] 현재가: 343000, 고가: 343000, 저가: 325000
2026-06-05 11:28:02,567 - WARNING - ⚠️ 주문 고착 감지: 가격 이탈 (현재가:343,000, 목표가:339,000, 차이:4,000). 주문 취소를 시도합니다.
2026-06-05 11:28:02,567 - INFO - [CANCEL] 주문 취소 요청: 005930, 주문번호: 0000018621
2026-06-05 11:28:04,594 - INFO - 주문 취소 성공! (원주문: 0000018621)
2026-06-05 11:28:04,636 - INFO - 상태 전환 완료: IDLE
2026-06-05 11:28:10,534 - INFO - 계좌 예수금: 9939083원
2026-06-05 11:28:11,968 - INFO - 매수 조건 충족: 현재가(343000) - 오프셋(2250+0) = 340500원 (보수적 하향 보정)
2026-06-05 11:28:11,969 - INFO - [BUY] 주문 요청: 005930, 1주, 340500원
2026-06-05 11:28:12,120 - INFO - 주문 성공! 주문번호: 0000018764
2026-06-05 11:28:12,155 - INFO - 60초 후 다음 확인을 진행합니다. (현재 상태: BUYING)
2026-06-05 11:29:12,334 - INFO - [005930] 현재가: 342500, 고가: 343000, 저가: 325000
2026-06-05 11:29:19,851 - INFO - 계좌 예수금: 9939083원
2026-06-05 11:29:21,941 - INFO - 이미 매수 주문(0000018764)이 진행 중입니다. 체결을 기다립니다.
2026-06-05 11:29:21,942 - INFO - 60초 후 다음 확인을 진행합니다. (현재 상태: BUYING)
2026-06-05 11:30:27,820 - INFO - [005930] 현재가: 342000, 고가: 343000, 저가: 325000
2026-06-05 11:30:33,062 - INFO - 계좌 예수금: 9939083원
2026-06-05 11:30:33,390 - INFO - 이미 매수 주문(0000018764)이 진행 중입니다. 체결을 기다립니다.
2026-06-05 11:30:33,391 - INFO - 60초 후 다음 확인을 진행합니다. (현재 상태: BUYING)
2026-06-05 11:31:37,293 - INFO - [005930] 현재가: 342000, 고가: 343000, 저가: 325000
2026-06-05 11:31:46,960 - INFO - 계좌 예수금: 9939083원
2026-06-05 11:31:51,328 - INFO - 이미 매수 주문(0000018764)이 진행 중입니다. 체결을 기다립니다.
2026-06-05 11:31:51,329 - INFO - 60초 후 다음 확인을 진행합니다. (현재 상태: BUYING)
2026-06-05 11:32:51,470 - INFO - [005930] 현재가: 342500, 고가: 343000, 저가: 325000
2026-06-05 11:32:58,706 - INFO - 계좌 예수금: 9939083원
2026-06-05 11:32:58,884 - INFO - 이미 매수 주문(0000018764)이 진행 중입니다. 체결을 기다립니다.
2026-06-05 11:32:58,885 - INFO - 60초 후 다음 확인을 진행합니다. (현재 상태: BUYING)
2026-06-05 11:33:59,046 - INFO - [005930] 현재가: 341000, 고가: 343000, 저가: 325000
2026-06-05 11:34:04,489 - INFO - 계좌 예수금: 9939083원
2026-06-05 11:34:04,490 - INFO - [005930] 보유: 1주, 매도 가능: 1주, 평단가: 340,500원
2026-06-05 11:34:04,502 - INFO - 미실현 손익: 500원 (0.15%), 최고 수익률: 0.15%
2026-06-05 11:34:04,538 - INFO - 매수 체결 확인 (평단가: 340,500원). 히스토리에 기록합니다.
2026-06-05 11:34:04,572 - INFO - 매도 조건 충족: 평단가(340,500), 현재가(341,000) -> 목표가(343,500원) (보수적 상향 보정)
2026-06-05 11:34:04,572 - INFO - [SELL] 주문 요청: 005930, 1주, 343500원
2026-06-05 11:34:06,204 - INFO - 주문 성공! 주문번호: 0000019117
2026-06-05 11:34:06,252 - INFO - 60초 후 다음 확인을 진행합니다. (현재 상태: SELLING)
2026-06-05 11:35:06,374 - INFO - [005930] 현재가: 340500, 고가: 343000, 저가: 325000
2026-06-05 11:35:06,375 - WARNING - ⚠️ 주문 고착 감지: 가격 이탈 (현재가:340,500, 목표가:343,500, 차이:3,000). 주문 취소를 시도합니다.
2026-06-05 11:35:06,376 - INFO - [CANCEL] 주문 취소 요청: 005930, 주문번호: 0000019117
2026-06-05 11:35:12,352 - INFO - 주문 취소 성공! (원주문: 0000019117)
2026-06-05 11:35:12,390 - INFO - 상태 전환 완료: HOLDING
2026-06-05 11:35:15,621 - INFO - 계좌 예수금: 9939083원
2026-06-05 11:35:15,622 - INFO - [005930] 보유: 1주, 매도 가능: 1주, 평단가: 340,500원
2026-06-05 11:35:15,632 - INFO - 미실현 손익: 0원 (0.00%), 최고 수익률: 0.15%
2026-06-05 11:35:15,661 - INFO - 매도 조건 충족: 평단가(340,500), 현재가(340,500) -> 목표가(343,000원) (보수적 상향 보정)
2026-06-05 11:35:15,661 - INFO - [SELL] 주문 요청: 005930, 1주, 343000원
2026-06-05 11:35:19,621 - INFO - 주문 성공! 주문번호: 0000019188
2026-06-05 11:35:19,660 - INFO - 60초 후 다음 확인을 진행합니다. (현재 상태: SELLING)
2026-06-05 11:36:22,291 - INFO - [005930] 현재가: 342000, 고가: 343000, 저가: 325000
2026-06-05 11:36:30,173 - INFO - 계좌 예수금: 9939083원
2026-06-05 11:36:30,174 - INFO - [005930] 보유: 1주, 매도 가능: 0주, 평단가: 340,500원
2026-06-05 11:36:30,184 - INFO - 미실현 손익: 1,500원 (0.44%), 최고 수익률: 0.44%
2026-06-05 11:36:30,216 - INFO - 보유 수량(1)에 대해 매도 주문(0000019188)이 진행 중입니다.
2026-06-05 11:36:30,217 - INFO - 60초 후 다음 확인을 진행합니다. (현재 상태: SELLING)
2026-06-05 11:37:30,341 - INFO - [005930] 현재가: 340250, 고가: 343000, 저가: 325000
2026-06-05 11:37:30,342 - WARNING - ⚠️ 주문 고착 감지: 가격 이탈 (현재가:340,250, 목표가:343,000, 차이:2,750). 주문 취소를 시도합니다.
2026-06-05 11:37:30,343 - INFO - [CANCEL] 주문 취소 요청: 005930, 주문번호: 0000019188
2026-06-05 11:37:30,825 - ERROR - POST 요청 실패 (VTTC0013U): 500 Server Error: Internal Server Error for url: https://openapivts.koreainvestment.com:29443/uapi/domestic-stock/v1/trading/order-rvsecncl
2026-06-05 11:37:30,825 - ERROR - 상세 에러: {"rt_cd":"1","msg1":"초당 거래건수를 초과하였습니다.","msg_cd":"EGW00201","message":"EGW00201"}
2026-06-05 11:37:30,828 - ERROR - 주문 취소 실패: 응답 없음
2026-06-05 11:37:30,829 - ERROR - 주문 취소 실패. 다음 루프에서 재시도합니다.
2026-06-05 11:37:37,248 - INFO - 계좌 예수금: 9939083원
2026-06-05 11:37:37,249 - INFO - [005930] 보유: 1주, 매도 가능: 0주, 평단가: 340,500원
2026-06-05 11:37:37,262 - INFO - 미실현 손익: -250원 (-0.07%), 최고 수익률: 0.44%
2026-06-05 11:37:37,297 - INFO - 보유 수량(1)에 대해 매도 주문(0000019188)이 진행 중입니다.
2026-06-05 11:37:37,298 - INFO - 60초 후 다음 확인을 진행합니다. (현재 상태: SELLING)
2026-06-05 11:38:38,693 - INFO - [005930] 현재가: 340500, 고가: 343000, 저가: 325000
2026-06-05 11:38:38,694 - WARNING - ⚠️ 주문 고착 감지: 가격 이탈 (현재가:340,500, 목표가:343,000, 차이:2,500). 주문 취소를 시도합니다.
2026-06-05 11:38:38,694 - INFO - [CANCEL] 주문 취소 요청: 005930, 주문번호: 0000019188
2026-06-05 11:38:38,887 - INFO - 주문 취소 성공! (원주문: 0000019188)
2026-06-05 11:38:38,932 - INFO - 상태 전환 완료: HOLDING
2026-06-05 11:38:43,610 - INFO - 계좌 예수금: 9939083원
2026-06-05 11:38:43,611 - INFO - [005930] 보유: 1주, 매도 가능: 1주, 평단가: 340,500원
2026-06-05 11:38:43,622 - INFO - 미실현 손익: 0원 (0.00%), 최고 수익률: 0.44%
2026-06-05 11:38:43,652 - INFO - 매도 조건 충족: 평단가(340,500), 현재가(340,500) -> 목표가(343,000원) (보수적 상향 보정)
2026-06-05 11:38:43,652 - INFO - [SELL] 주문 요청: 005930, 1주, 343000원
2026-06-05 11:38:43,831 - INFO - 주문 성공! 주문번호: 0000019394
2026-06-05 11:38:43,876 - INFO - 60초 후 다음 확인을 진행합니다. (현재 상태: SELLING)
2026-06-05 11:39:44,018 - INFO - [005930] 현재가: 340000, 고가: 343000, 저가: 325000
2026-06-05 11:39:44,019 - WARNING - ⚠️ 주문 고착 감지: 가격 이탈 (현재가:340,000, 목표가:343,000, 차이:3,000). 주문 취소를 시도합니다.
2026-06-05 11:39:44,019 - INFO - [CANCEL] 주문 취소 요청: 005930, 주문번호: 0000019394
2026-06-05 11:39:45,262 - INFO - 주문 취소 성공! (원주문: 0000019394)
2026-06-05 11:39:45,312 - INFO - 상태 전환 완료: HOLDING
2026-06-05 11:39:50,336 - INFO - 계좌 예수금: 9939083원
2026-06-05 11:39:50,337 - INFO - [005930] 보유: 1주, 매도 가능: 1주, 평단가: 340,500원
2026-06-05 11:39:50,351 - INFO - 미실현 손익: -500원 (-0.15%), 최고 수익률: 0.44%
2026-06-05 11:39:50,394 - INFO - 매도 조건 충족: 평단가(340,500), 현재가(340,000) -> 목표가(343,000원) (보수적 상향 보정)
2026-06-05 11:39:50,395 - INFO - [SELL] 주문 요청: 005930, 1주, 343000원
2026-06-05 11:39:51,501 - INFO - 주문 성공! 주문번호: 0000019463
2026-06-05 11:39:51,543 - INFO - 60초 후 다음 확인을 진행합니다. (현재 상태: SELLING)
2026-06-05 11:40:52,647 - INFO - [005930] 현재가: 337750, 고가: 343000, 저가: 325000
2026-06-05 11:40:52,648 - WARNING - ⚠️ 주문 고착 감지: 가격 이탈 (현재가:337,750, 목표가:343,000, 차이:5,250). 주문 취소를 시도합니다.
2026-06-05 11:40:52,648 - INFO - [CANCEL] 주문 취소 요청: 005930, 주문번호: 0000019463
2026-06-05 11:40:53,534 - INFO - 주문 취소 성공! (원주문: 0000019463)
2026-06-05 11:40:53,573 - INFO - 상태 전환 완료: HOLDING
2026-06-05 11:40:57,127 - INFO - 계좌 예수금: 9939083원
2026-06-05 11:40:57,127 - INFO - [005930] 보유: 1주, 매도 가능: 1주, 평단가: 340,500원
2026-06-05 11:40:57,137 - INFO - 미실현 손익: -2,750원 (-0.81%), 최고 수익률: 0.44%
2026-06-05 11:40:57,166 - INFO - 매도 조건 충족: 평단가(340,500), 현재가(337,750) -> 목표가(343,000원) (보수적 상향 보정)
2026-06-05 11:40:57,167 - INFO - [SELL] 주문 요청: 005930, 1주, 343000원
2026-06-05 11:40:57,370 - INFO - 주문 성공! 주문번호: 0000019570
2026-06-05 11:40:57,403 - INFO - 60초 후 다음 확인을 진행합니다. (현재 상태: SELLING)
2026-06-05 11:41:58,441 - INFO - [005930] 현재가: 339000, 고가: 343000, 저가: 325000
2026-06-05 11:41:58,441 - WARNING - ⚠️ 주문 고착 감지: 가격 이탈 (현재가:339,000, 목표가:343,000, 차이:4,000). 주문 취소를 시도합니다.
2026-06-05 11:41:58,442 - INFO - [CANCEL] 주문 취소 요청: 005930, 주문번호: 0000019570
2026-06-05 11:41:59,304 - INFO - 주문 취소 성공! (원주문: 0000019570)
2026-06-05 11:41:59,352 - INFO - 상태 전환 완료: HOLDING
2026-06-05 11:42:01,145 - ERROR - GET 요청 실패 (VTTC8434R): 500 Server Error: Internal Server Error for url: https://openapivts.koreainvestment.com:29443/uapi/domestic-stock/v1/trading/inquire-balance?CANO=50174003&ACNT_PRDT_CD=01&AFHR_FLPR_YN=N&OFL_YN=&INQR_DVSN=02&UNPR_DVSN=01&FUND_STTL_ICLD_YN=N&FNCG_AMT_AUTO_RDPT_YN=N&PRCS_DVSN=00&CTX_AREA_FK100=&CTX_AREA_NK100=
2026-06-05 11:42:01,145 - ERROR - 상세 에러: {"rt_cd":"1","msg1":"원장에서 허용 가능한 초당 거래건수를 초과하였습니다.","msg_cd":"EGW00201"}
2026-06-05 11:42:01,149 - ERROR - 잔고 조회 실패
2026-06-05 11:42:01,374 - WARNING - 예수금 부족으로 매수 불가 (예수금: 0원, 필요: 336500원)
2026-06-05 11:42:01,375 - INFO - 60초 후 다음 확인을 진행합니다. (현재 상태: IDLE)
2026-06-05 11:43:02,408 - INFO - [005930] 현재가: 338500, 고가: 343000, 저가: 325000
2026-06-05 11:43:09,661 - INFO - 계좌 예수금: 9939083원
2026-06-05 11:43:09,661 - INFO - [005930] 보유: 1주, 매도 가능: 1주, 평단가: 340,500원
2026-06-05 11:43:09,676 - INFO - 미실현 손익: -2,000원 (-0.59%), 최고 수익률: 0.00%
2026-06-05 11:43:09,710 - INFO - 매도 조건 충족: 평단가(340,500), 현재가(338,500) -> 목표가(343,000원) (보수적 상향 보정)
2026-06-05 11:43:09,711 - INFO - [SELL] 주문 요청: 005930, 1주, 343000원
2026-06-05 11:43:11,912 - INFO - 주문 성공! 주문번호: 0000019737
2026-06-05 11:43:11,967 - INFO - 60초 후 다음 확인을 진행합니다. (현재 상태: SELLING)
2026-06-05 11:44:12,095 - INFO - [005930] 현재가: 338500, 고가: 343000, 저가: 325000
2026-06-05 11:44:12,096 - WARNING - ⚠️ 주문 고착 감지: 가격 이탈 (현재가:338,500, 목표가:343,000, 차이:4,500). 주문 취소를 시도합니다.
2026-06-05 11:44:12,097 - INFO - [CANCEL] 주문 취소 요청: 005930, 주문번호: 0000019737
2026-06-05 11:44:15,096 - INFO - 주문 취소 성공! (원주문: 0000019737)
2026-06-05 11:44:15,146 - INFO - 상태 전환 완료: HOLDING
2026-06-05 11:44:19,702 - INFO - 계좌 예수금: 9939083원
2026-06-05 11:44:19,703 - INFO - [005930] 보유: 1주, 매도 가능: 1주, 평단가: 340,500원
2026-06-05 11:44:19,719 - INFO - 미실현 손익: -2,000원 (-0.59%), 최고 수익률: 0.00%
2026-06-05 11:44:19,752 - INFO - 매도 조건 충족: 평단가(340,500), 현재가(338,500) -> 목표가(343,000원) (보수적 상향 보정)
2026-06-05 11:44:19,753 - INFO - [SELL] 주문 요청: 005930, 1주, 343000원
2026-06-05 11:44:24,927 - INFO - 주문 성공! 주문번호: 0000019790
2026-06-05 11:44:24,976 - INFO - 60초 후 다음 확인을 진행합니다. (현재 상태: SELLING)
2026-06-05 11:45:27,659 - INFO - [005930] 현재가: 337500, 고가: 343000, 저가: 325000
2026-06-05 11:45:27,660 - WARNING - ⚠️ 주문 고착 감지: 가격 이탈 (현재가:337,500, 목표가:343,000, 차이:5,500). 주문 취소를 시도합니다.
2026-06-05 11:45:27,660 - INFO - [CANCEL] 주문 취소 요청: 005930, 주문번호: 0000019790
2026-06-05 11:45:30,978 - INFO - 주문 취소 성공! (원주문: 0000019790)
2026-06-05 11:45:31,028 - INFO - 상태 전환 완료: HOLDING
2026-06-05 11:45:39,379 - INFO - 계좌 예수금: 9939083원
2026-06-05 11:45:39,379 - INFO - [005930] 보유: 1주, 매도 가능: 1주, 평단가: 340,500원
2026-06-05 11:45:39,391 - INFO - 미실현 손익: -3,000원 (-0.88%), 최고 수익률: 0.00%
2026-06-05 11:45:39,424 - INFO - 매도 조건 충족: 평단가(340,500), 현재가(337,500) -> 목표가(343,000원) (보수적 상향 보정)
2026-06-05 11:45:39,425 - INFO - [SELL] 주문 요청: 005930, 1주, 343000원
2026-06-05 11:45:42,344 - INFO - 주문 성공! 주문번호: 0000019861
2026-06-05 11:45:42,388 - INFO - 60초 후 다음 확인을 진행합니다. (현재 상태: SELLING)
2026-06-05 11:46:42,525 - INFO - [005930] 현재가: 339000, 고가: 343000, 저가: 325000
2026-06-05 11:46:42,525 - WARNING - ⚠️ 주문 고착 감지: 가격 이탈 (현재가:339,000, 목표가:343,000, 차이:4,000). 주문 취소를 시도합니다.
2026-06-05 11:46:42,526 - INFO - [CANCEL] 주문 취소 요청: 005930, 주문번호: 0000019861
2026-06-05 11:46:43,047 - INFO - 주문 취소 성공! (원주문: 0000019861)
2026-06-05 11:46:43,083 - INFO - 상태 전환 완료: HOLDING
2026-06-05 11:46:47,512 - INFO - 계좌 예수금: 9939083원
2026-06-05 11:46:47,513 - INFO - [005930] 보유: 1주, 매도 가능: 1주, 평단가: 340,500원
2026-06-05 11:46:47,523 - INFO - 미실현 손익: -1,500원 (-0.44%), 최고 수익률: 0.00%
2026-06-05 11:46:47,550 - INFO - 매도 조건 충족: 평단가(340,500), 현재가(339,000) -> 목표가(343,000원) (보수적 상향 보정)
2026-06-05 11:46:47,550 - INFO - [SELL] 주문 요청: 005930, 1주, 343000원
2026-06-05 11:46:47,710 - INFO - 주문 성공! 주문번호: 0000019936
2026-06-05 11:46:47,762 - INFO - 자가 최적화 기록 완료: C:\Users\witpo\OneDrive\바탕 화면\YONSEI\26-1\ECO4126 인공지능과금융공학\open-trading-api\self_optimization_history
2026-06-05 11:46:47,786 - INFO - 60초 후 다음 확인을 진행합니다. (현재 상태: SELLING)
2026-06-05 11:47:47,924 - INFO - [005930] 현재가: 339500, 고가: 343000, 저가: 325000
2026-06-05 11:47:47,925 - WARNING - ⚠️ 주문 고착 감지: 가격 이탈 (현재가:339,500, 목표가:343,000, 차이:3,500). 주문 취소를 시도합니다.
2026-06-05 11:47:47,925 - INFO - [CANCEL] 주문 취소 요청: 005930, 주문번호: 0000019936
2026-06-05 11:47:48,417 - INFO - 주문 취소 성공! (원주문: 0000019936)
2026-06-05 11:47:48,454 - INFO - 상태 전환 완료: HOLDING
2026-06-05 11:47:54,141 - INFO - 계좌 예수금: 9939083원
2026-06-05 11:47:54,142 - INFO - [005930] 보유: 1주, 매도 가능: 1주, 평단가: 340,500원
2026-06-05 11:47:54,153 - INFO - 미실현 손익: -1,000원 (-0.29%), 최고 수익률: 0.00%
2026-06-05 11:47:54,186 - INFO - 매도 조건 충족: 평단가(340,500), 현재가(339,500) -> 목표가(342,500원) (보수적 상향 보정)
2026-06-05 11:47:54,186 - INFO - [SELL] 주문 요청: 005930, 1주, 342500원
2026-06-05 11:47:54,350 - INFO - 주문 성공! 주문번호: 0000020021
2026-06-05 11:47:54,389 - INFO - 60초 후 다음 확인을 진행합니다. (현재 상태: SELLING)
2026-06-05 11:48:54,524 - INFO - [005930] 현재가: 338500, 고가: 343000, 저가: 325000
2026-06-05 11:48:54,525 - WARNING - ⚠️ 주문 고착 감지: 가격 이탈 (현재가:338,500, 목표가:342,500, 차이:4,000). 주문 취소를 시도합니다.
2026-06-05 11:48:54,525 - INFO - [CANCEL] 주문 취소 요청: 005930, 주문번호: 0000020021
2026-06-05 11:48:56,199 - INFO - 주문 취소 성공! (원주문: 0000020021)
2026-06-05 11:48:56,240 - INFO - 상태 전환 완료: HOLDING
2026-06-05 11:49:02,854 - INFO - 계좌 예수금: 9939083원
2026-06-05 11:49:02,855 - INFO - [005930] 보유: 1주, 매도 가능: 1주, 평단가: 340,500원
2026-06-05 11:49:02,867 - INFO - 미실현 손익: -2,000원 (-0.59%), 최고 수익률: 0.00%
2026-06-05 11:49:02,893 - INFO - 매도 조건 충족: 평단가(340,500), 현재가(338,500) -> 목표가(342,500원) (보수적 상향 보정)
2026-06-05 11:49:02,893 - INFO - [SELL] 주문 요청: 005930, 1주, 342500원
2026-06-05 11:49:03,047 - INFO - 주문 성공! 주문번호: 0000020062
2026-06-05 11:49:03,089 - INFO - 60초 후 다음 확인을 진행합니다. (현재 상태: SELLING)
2026-06-05 11:50:05,163 - INFO - [005930] 현재가: 337500, 고가: 343000, 저가: 325000
2026-06-05 11:50:05,164 - WARNING - ⚠️ 주문 고착 감지: 가격 이탈 (현재가:337,500, 목표가:342,500, 차이:5,000). 주문 취소를 시도합니다.
2026-06-05 11:50:05,164 - INFO - [CANCEL] 주문 취소 요청: 005930, 주문번호: 0000020062
2026-06-05 11:50:07,473 - INFO - 주문 취소 성공! (원주문: 0000020062)
2026-06-05 11:50:07,516 - INFO - 상태 전환 완료: HOLDING
2026-06-05 11:50:16,077 - INFO - 계좌 예수금: 9939083원
2026-06-05 11:50:16,078 - INFO - [005930] 보유: 1주, 매도 가능: 1주, 평단가: 340,500원
2026-06-05 11:50:16,096 - INFO - 미실현 손익: -3,000원 (-0.88%), 최고 수익률: 0.00%
2026-06-05 11:50:16,132 - INFO - 매도 조건 충족: 평단가(340,500), 현재가(337,500) -> 목표가(342,500원) (보수적 상향 보정)
2026-06-05 11:50:16,133 - INFO - [SELL] 주문 요청: 005930, 1주, 342500원
2026-06-05 11:50:19,766 - INFO - 주문 성공! 주문번호: 0000020137
2026-06-05 11:50:19,806 - INFO - 60초 후 다음 확인을 진행합니다. (현재 상태: SELLING)
2026-06-05 11:51:22,742 - INFO - [005930] 현재가: 338500, 고가: 343000, 저가: 325000
2026-06-05 11:51:22,743 - WARNING - ⚠️ 주문 고착 감지: 가격 이탈 (현재가:338,500, 목표가:342,500, 차이:4,000). 주문 취소를 시도합니다.
2026-06-05 11:51:22,744 - INFO - [CANCEL] 주문 취소 요청: 005930, 주문번호: 0000020137
2026-06-05 11:51:22,882 - INFO - 주문 취소 성공! (원주문: 0000020137)
2026-06-05 11:51:22,920 - INFO - 상태 전환 완료: HOLDING
2026-06-05 11:51:31,037 - INFO - 계좌 예수금: 9939083원
2026-06-05 11:51:31,037 - INFO - [005930] 보유: 1주, 매도 가능: 1주, 평단가: 340,500원
2026-06-05 11:51:31,048 - INFO - 미실현 손익: -2,000원 (-0.59%), 최고 수익률: 0.00%
2026-06-05 11:51:31,078 - INFO - 매도 조건 충족: 평단가(340,500), 현재가(338,500) -> 목표가(342,500원) (보수적 상향 보정)
2026-06-05 11:51:31,078 - INFO - [SELL] 주문 요청: 005930, 1주, 342500원
2026-06-05 11:51:31,245 - INFO - 주문 성공! 주문번호: 0000020183
2026-06-05 11:51:31,282 - INFO - 60초 후 다음 확인을 진행합니다. (현재 상태: SELLING)
2026-06-05 11:52:31,395 - INFO - [005930] 현재가: 338000, 고가: 343000, 저가: 325000
2026-06-05 11:52:31,396 - WARNING - ⚠️ 주문 고착 감지: 가격 이탈 (현재가:338,000, 목표가:342,500, 차이:4,500). 주문 취소를 시도합니다.
2026-06-05 11:52:31,396 - INFO - [CANCEL] 주문 취소 요청: 005930, 주문번호: 0000020183
2026-06-05 11:52:31,889 - ERROR - POST 요청 실패 (VTTC0013U): 500 Server Error: Internal Server Error for url: https://openapivts.koreainvestment.com:29443/uapi/domestic-stock/v1/trading/order-rvsecncl
2026-06-05 11:52:31,890 - ERROR - 상세 에러: {"rt_cd":"1","msg1":"초당 거래건수를 초과하였습니다.","msg_cd":"EGW00201","message":"EGW00201"}
2026-06-05 11:52:31,893 - ERROR - 주문 취소 실패: 응답 없음
2026-06-05 11:52:31,893 - ERROR - 주문 취소 실패. 다음 루프에서 재시도합니다.
2026-06-05 11:52:34,734 - INFO - 계좌 예수금: 9939083원
2026-06-05 11:52:34,734 - INFO - [005930] 보유: 1주, 매도 가능: 0주, 평단가: 340,500원
2026-06-05 11:52:34,747 - INFO - 미실현 손익: -2,500원 (-0.73%), 최고 수익률: 0.00%
2026-06-05 11:52:34,776 - INFO - 보유 수량(1)에 대해 매도 주문(0000020183)이 진행 중입니다.
2026-06-05 11:52:34,776 - INFO - 60초 후 다음 확인을 진행합니다. (현재 상태: SELLING)
2026-06-05 11:53:36,909 - INFO - [005930] 현재가: 337250, 고가: 343000, 저가: 325000
2026-06-05 11:53:36,910 - WARNING - ⚠️ 주문 고착 감지: 가격 이탈 (현재가:337,250, 목표가:342,500, 차이:5,250). 주문 취소를 시도합니다.
2026-06-05 11:53:36,910 - INFO - [CANCEL] 주문 취소 요청: 005930, 주문번호: 0000020183
2026-06-05 11:53:37,114 - INFO - 주문 취소 성공! (원주문: 0000020183)
2026-06-05 11:53:37,158 - INFO - 상태 전환 완료: HOLDING
2026-06-05 11:53:48,735 - INFO - 계좌 예수금: 9939083원
2026-06-05 11:53:48,736 - INFO - [005930] 보유: 1주, 매도 가능: 1주, 평단가: 340,500원
2026-06-05 11:53:48,747 - INFO - 미실현 손익: -3,250원 (-0.95%), 최고 수익률: 0.00%
2026-06-05 11:53:48,776 - INFO - 매도 조건 충족: 평단가(340,500), 현재가(337,250) -> 목표가(342,500원) (보수적 상향 보정)
2026-06-05 11:53:48,776 - INFO - [SELL] 주문 요청: 005930, 1주, 342500원
2026-06-05 11:53:48,936 - INFO - 주문 성공! 주문번호: 0000020306
2026-06-05 11:53:48,979 - INFO - 60초 후 다음 확인을 진행합니다. (현재 상태: SELLING)
2026-06-05 11:54:59,004 - ERROR - GET 요청 실패 (FHKST01010100): HTTPSConnectionPool(host='openapivts.koreainvestment.com', port=29443): Max retries exceeded with url: /uapi/domestic-stock/v1/quotations/inquire-price?FID_COND_MRKT_DIV_CODE=J&FID_INPUT_ISCD=005930 (Caused by ConnectTimeoutError(<HTTPSConnection(host='openapivts.koreainvestment.com', port=29443) at 0x2a57fa59090>, 'Connection to openapivts.koreainvestment.com timed out. (connect timeout=10)'))
2026-06-05 11:54:59,005 - WARNING - [005930] 현재가를 가져오는데 실패했습니다. 10초 후 재시도합니다.
2026-06-05 11:55:12,027 - INFO - [005930] 현재가: 336750, 고가: 343000, 저가: 325000
2026-06-05 11:55:12,027 - WARNING - ⚠️ 주문 고착 감지: 가격 이탈 (현재가:336,750, 목표가:342,500, 차이:5,750). 주문 취소를 시도합니다.
2026-06-05 11:55:12,028 - INFO - [CANCEL] 주문 취소 요청: 005930, 주문번호: 0000020306
2026-06-05 11:55:13,169 - INFO - 주문 취소 성공! (원주문: 0000020306)
2026-06-05 11:55:13,206 - INFO - 상태 전환 완료: HOLDING
2026-06-05 11:55:20,930 - INFO - 계좌 예수금: 9939083원
2026-06-05 11:55:20,931 - INFO - [005930] 보유: 1주, 매도 가능: 1주, 평단가: 340,500원
2026-06-05 11:55:20,944 - INFO - 미실현 손익: -3,750원 (-1.10%), 최고 수익률: 0.00%
2026-06-05 11:55:20,977 - INFO - 매도 조건 충족: 평단가(340,500), 현재가(336,750) -> 목표가(342,500원) (보수적 상향 보정)
2026-06-05 11:55:20,978 - INFO - [SELL] 주문 요청: 005930, 1주, 342500원
2026-06-05 11:55:21,245 - INFO - 주문 성공! 주문번호: 0000020407
2026-06-05 11:55:21,284 - INFO - 60초 후 다음 확인을 진행합니다. (현재 상태: SELLING)
2026-06-05 11:56:38,881 - ERROR - GET 요청 실패 (FHKST01010100): HTTPSConnectionPool(host='openapivts.koreainvestment.com', port=29443): Read timed out.
2026-06-05 11:56:38,883 - WARNING - [005930] 현재가를 가져오는데 실패했습니다. 10초 후 재시도합니다.
2026-06-05 11:56:49,474 - INFO - [005930] 현재가: 335500, 고가: 343000, 저가: 325000
2026-06-05 11:56:49,474 - WARNING - ⚠️ 주문 고착 감지: 가격 이탈 (현재가:335,500, 목표가:342,500, 차이:7,000). 주문 취소를 시도합니다.
2026-06-05 11:56:49,475 - INFO - [CANCEL] 주문 취소 요청: 005930, 주문번호: 0000020407
2026-06-05 11:56:49,612 - INFO - 주문 취소 성공! (원주문: 0000020407)
2026-06-05 11:56:49,648 - INFO - 상태 전환 완료: HOLDING
2026-06-05 11:56:54,233 - INFO - 계좌 예수금: 9939083원
2026-06-05 11:56:54,236 - INFO - [005930] 보유: 1주, 매도 가능: 1주, 평단가: 340,500원
2026-06-05 11:56:54,247 - INFO - 미실현 손익: -5,000원 (-1.47%), 최고 수익률: 0.00%
2026-06-05 11:56:54,280 - INFO - 매도 조건 충족: 평단가(340,500), 현재가(335,500) -> 목표가(342,500원) (보수적 상향 보정)
2026-06-05 11:56:54,280 - INFO - [SELL] 주문 요청: 005930, 1주, 342500원
2026-06-05 11:56:54,450 - INFO - 주문 성공! 주문번호: 0000020571
2026-06-05 11:56:54,486 - INFO - 60초 후 다음 확인을 진행합니다. (현재 상태: SELLING)
2026-06-05 11:57:54,597 - INFO - [005930] 현재가: 337000, 고가: 343000, 저가: 325000
2026-06-05 11:57:54,598 - WARNING - ⚠️ 주문 고착 감지: 가격 이탈 (현재가:337,000, 목표가:342,500, 차이:5,500). 주문 취소를 시도합니다.
2026-06-05 11:57:54,598 - INFO - [CANCEL] 주문 취소 요청: 005930, 주문번호: 0000020571
2026-06-05 11:57:57,263 - INFO - 주문 취소 성공! (원주문: 0000020571)
2026-06-05 11:57:57,305 - INFO - 상태 전환 완료: HOLDING
2026-06-05 11:58:04,686 - INFO - 계좌 예수금: 9939083원
2026-06-05 11:58:04,686 - INFO - [005930] 보유: 1주, 매도 가능: 1주, 평단가: 340,500원
2026-06-05 11:58:04,697 - INFO - 미실현 손익: -3,500원 (-1.03%), 최고 수익률: 0.00%
2026-06-05 11:58:04,727 - INFO - 매도 조건 충족: 평단가(340,500), 현재가(337,000) -> 목표가(342,500원) (보수적 상향 보정)
2026-06-05 11:58:04,727 - INFO - [SELL] 주문 요청: 005930, 1주, 342500원
2026-06-05 11:58:04,879 - INFO - 주문 성공! 주문번호: 0000020654
2026-06-05 11:58:04,914 - INFO - 60초 후 다음 확인을 진행합니다. (현재 상태: SELLING)
2026-06-05 11:59:09,103 - INFO - [005930] 현재가: 336000, 고가: 343000, 저가: 325000
2026-06-05 11:59:09,104 - WARNING - ⚠️ 주문 고착 감지: 가격 이탈 (현재가:336,000, 목표가:342,500, 차이:6,500). 주문 취소를 시도합니다.
2026-06-05 11:59:09,105 - INFO - [CANCEL] 주문 취소 요청: 005930, 주문번호: 0000020654
2026-06-05 11:59:09,282 - INFO - 주문 취소 성공! (원주문: 0000020654)
2026-06-05 11:59:09,321 - INFO - 상태 전환 완료: HOLDING
2026-06-05 11:59:12,273 - INFO - 계좌 예수금: 9939083원
2026-06-05 11:59:12,274 - INFO - [005930] 보유: 1주, 매도 가능: 1주, 평단가: 340,500원
2026-06-05 11:59:12,284 - INFO - 미실현 손익: -4,500원 (-1.32%), 최고 수익률: 0.00%
2026-06-05 11:59:12,316 - INFO - 매도 조건 충족: 평단가(340,500), 현재가(336,000) -> 목표가(342,500원) (보수적 상향 보정)
2026-06-05 11:59:12,316 - INFO - [SELL] 주문 요청: 005930, 1주, 342500원
2026-06-05 11:59:12,580 - INFO - 주문 성공! 주문번호: 0000020761
2026-06-05 11:59:12,617 - INFO - 60초 후 다음 확인을 진행합니다. (현재 상태: SELLING)
2026-06-05 12:00:12,751 - INFO - [005930] 현재가: 336500, 고가: 343000, 저가: 325000
2026-06-05 12:00:12,752 - WARNING - ⚠️ 주문 고착 감지: 가격 이탈 (현재가:336,500, 목표가:342,500, 차이:6,000). 주문 취소를 시도합니다.
2026-06-05 12:00:12,753 - INFO - [CANCEL] 주문 취소 요청: 005930, 주문번호: 0000020761
2026-06-05 12:00:13,300 - INFO - 주문 취소 성공! (원주문: 0000020761)
2026-06-05 12:00:13,338 - INFO - 상태 전환 완료: HOLDING
2026-06-05 12:00:24,480 - ERROR - GET 요청 실패 (VTTC8434R): HTTPSConnectionPool(host='openapivts.koreainvestment.com', port=29443): Read timed out. (read timeout=10)
2026-06-05 12:00:24,481 - ERROR - 잔고 조회 실패
2026-06-05 12:00:24,799 - WARNING - 예수금 부족으로 매수 불가 (예수금: 0원, 필요: 335000원)
2026-06-05 12:00:24,800 - INFO - 60초 후 다음 확인을 진행합니다. (현재 상태: IDLE)
2026-06-05 12:01:25,144 - INFO - [005930] 현재가: 336250, 고가: 343000, 저가: 325000
2026-06-05 12:01:32,775 - INFO - 계좌 예수금: 9939083원
2026-06-05 12:01:32,776 - INFO - [005930] 보유: 1주, 매도 가능: 1주, 평단가: 340,500원
2026-06-05 12:01:32,786 - INFO - 미실현 손익: -4,250원 (-1.25%), 최고 수익률: 0.00%
2026-06-05 12:01:32,817 - INFO - 매도 조건 충족: 평단가(340,500), 현재가(336,250) -> 목표가(342,500원) (보수적 상향 보정)
2026-06-05 12:01:32,817 - INFO - [SELL] 주문 요청: 005930, 1주, 342500원
2026-06-05 12:01:35,131 - INFO - 주문 성공! 주문번호: 0000020890
2026-06-05 12:01:35,168 - INFO - 60초 후 다음 확인을 진행합니다. (현재 상태: SELLING)
2026-06-05 12:02:35,314 - INFO - [005930] 현재가: 336500, 고가: 343000, 저가: 325000
2026-06-05 12:02:35,314 - WARNING - ⚠️ 주문 고착 감지: 가격 이탈 (현재가:336,500, 목표가:342,500, 차이:6,000). 주문 취소를 시도합니다.
2026-06-05 12:02:35,315 - INFO - [CANCEL] 주문 취소 요청: 005930, 주문번호: 0000020890
2026-06-05 12:02:36,473 - INFO - 주문 취소 성공! (원주문: 0000020890)
2026-06-05 12:02:36,510 - INFO - 상태 전환 완료: HOLDING
2026-06-05 12:02:40,058 - INFO - 계좌 예수금: 9939083원
2026-06-05 12:02:40,058 - INFO - [005930] 보유: 1주, 매도 가능: 1주, 평단가: 340,500원
2026-06-05 12:02:40,071 - INFO - 미실현 손익: -4,000원 (-1.17%), 최고 수익률: 0.00%
2026-06-05 12:02:40,101 - INFO - 매도 조건 충족: 평단가(340,500), 현재가(336,500) -> 목표가(342,500원) (보수적 상향 보정)
2026-06-05 12:02:40,101 - INFO - [SELL] 주문 요청: 005930, 1주, 342500원
2026-06-05 12:02:40,236 - INFO - 주문 성공! 주문번호: 0000020952
2026-06-05 12:02:40,280 - INFO - 60초 후 다음 확인을 진행합니다. (현재 상태: SELLING)
2026-06-05 12:03:40,399 - INFO - [005930] 현재가: 337500, 고가: 343000, 저가: 325000
2026-06-05 12:03:40,400 - WARNING - ⚠️ 주문 고착 감지: 가격 이탈 (현재가:337,500, 목표가:342,500, 차이:5,000). 주문 취소를 시도합니다.
2026-06-05 12:03:40,400 - INFO - [CANCEL] 주문 취소 요청: 005930, 주문번호: 0000020952
2026-06-05 12:03:42,524 - INFO - 주문 취소 성공! (원주문: 0000020952)
2026-06-05 12:03:42,561 - INFO - 상태 전환 완료: HOLDING
2026-06-05 12:03:50,206 - INFO - 계좌 예수금: 9939083원
2026-06-05 12:03:50,207 - INFO - [005930] 보유: 1주, 매도 가능: 1주, 평단가: 340,500원
2026-06-05 12:03:50,218 - INFO - 미실현 손익: -3,000원 (-0.88%), 최고 수익률: 0.00%
2026-06-05 12:03:50,245 - INFO - 매도 조건 충족: 평단가(340,500), 현재가(337,500) -> 목표가(342,500원) (보수적 상향 보정)
2026-06-05 12:03:50,246 - INFO - [SELL] 주문 요청: 005930, 1주, 342500원
2026-06-05 12:03:52,867 - INFO - 주문 성공! 주문번호: 0000021018
2026-06-05 12:03:52,907 - INFO - 60초 후 다음 확인을 진행합니다. (현재 상태: SELLING)
2026-06-05 12:04:53,037 - INFO - [005930] 현재가: 337500, 고가: 343000, 저가: 325000
2026-06-05 12:04:53,038 - WARNING - ⚠️ 주문 고착 감지: 가격 이탈 (현재가:337,500, 목표가:342,500, 차이:5,000). 주문 취소를 시도합니다.
2026-06-05 12:04:53,038 - INFO - [CANCEL] 주문 취소 요청: 005930, 주문번호: 0000021018
2026-06-05 12:04:55,336 - INFO - 주문 취소 성공! (원주문: 0000021018)
2026-06-05 12:04:55,379 - INFO - 상태 전환 완료: HOLDING
2026-06-05 12:04:57,575 - INFO - 계좌 예수금: 9939083원
2026-06-05 12:04:57,576 - INFO - [005930] 보유: 1주, 매도 가능: 1주, 평단가: 340,500원
2026-06-05 12:04:57,586 - INFO - 미실현 손익: -3,000원 (-0.88%), 최고 수익률: 0.00%
2026-06-05 12:04:57,614 - INFO - 매도 조건 충족: 평단가(340,500), 현재가(337,500) -> 목표가(342,500원) (보수적 상향 보정)
2026-06-05 12:04:57,615 - INFO - [SELL] 주문 요청: 005930, 1주, 342500원
2026-06-05 12:04:59,330 - INFO - 주문 성공! 주문번호: 0000021076
2026-06-05 12:04:59,371 - INFO - 60초 후 다음 확인을 진행합니다. (현재 상태: SELLING)
2026-06-05 12:06:01,284 - INFO - [005930] 현재가: 337000, 고가: 343000, 저가: 325000
2026-06-05 12:06:01,284 - WARNING - ⚠️ 주문 고착 감지: 가격 이탈 (현재가:337,000, 목표가:342,500, 차이:5,500). 주문 취소를 시도합니다.
2026-06-05 12:06:01,285 - INFO - [CANCEL] 주문 취소 요청: 005930, 주문번호: 0000021076
2026-06-05 12:06:01,486 - INFO - 주문 취소 성공! (원주문: 0000021076)
2026-06-05 12:06:01,521 - INFO - 상태 전환 완료: HOLDING
2026-06-05 12:06:09,580 - INFO - 계좌 예수금: 9939083원
2026-06-05 12:06:09,581 - INFO - [005930] 보유: 1주, 매도 가능: 1주, 평단가: 340,500원
2026-06-05 12:06:09,592 - INFO - 미실현 손익: -3,500원 (-1.03%), 최고 수익률: 0.00%
2026-06-05 12:06:09,621 - INFO - 매도 조건 충족: 평단가(340,500), 현재가(337,000) -> 목표가(342,500원) (보수적 상향 보정)
2026-06-05 12:06:09,621 - INFO - [SELL] 주문 요청: 005930, 1주, 342500원
2026-06-05 12:06:09,840 - INFO - 주문 성공! 주문번호: 0000021151
2026-06-05 12:06:09,878 - INFO - 60초 후 다음 확인을 진행합니다. (현재 상태: SELLING)
2026-06-05 12:07:12,970 - INFO - [005930] 현재가: 337000, 고가: 343000, 저가: 325000
2026-06-05 12:07:12,971 - WARNING - ⚠️ 주문 고착 감지: 가격 이탈 (현재가:337,000, 목표가:342,500, 차이:5,500). 주문 취소를 시도합니다.
2026-06-05 12:07:12,972 - INFO - [CANCEL] 주문 취소 요청: 005930, 주문번호: 0000021151
2026-06-05 12:07:16,346 - INFO - 주문 취소 성공! (원주문: 0000021151)
2026-06-05 12:07:16,385 - INFO - 상태 전환 완료: HOLDING
2026-06-05 12:07:25,872 - INFO - 계좌 예수금: 9939083원
2026-06-05 12:07:25,872 - INFO - [005930] 보유: 1주, 매도 가능: 1주, 평단가: 340,500원
2026-06-05 12:07:25,884 - INFO - 미실현 손익: -3,500원 (-1.03%), 최고 수익률: 0.00%
2026-06-05 12:07:25,924 - INFO - 자가 최적화 기록 완료: C:\Users\witpo\OneDrive\바탕 화면\YONSEI\26-1\ECO4126 인공지능과금융공학\open-trading-api\self_optimization_history
2026-06-05 12:07:25,925 - INFO - 매도 조건 충족: 평단가(340,500), 현재가(337,000) -> 목표가(342,500원) (보수적 상향 보정)
2026-06-05 12:07:25,925 - INFO - [SELL] 주문 요청: 005930, 1주, 342500원
2026-06-05 12:07:28,429 - INFO - 주문 성공! 주문번호: 0000021203
2026-06-05 12:07:28,490 - INFO - 60초 후 다음 확인을 진행합니다. (현재 상태: SELLING)
2026-06-05 12:08:29,058 - INFO - [005930] 현재가: 336250, 고가: 343000, 저가: 325000
2026-06-05 12:08:29,058 - WARNING - ⚠️ 주문 고착 감지: 가격 이탈 (현재가:336,250, 목표가:342,500, 차이:6,250). 주문 취소를 시도합니다.
2026-06-05 12:08:29,059 - INFO - [CANCEL] 주문 취소 요청: 005930, 주문번호: 0000021203
2026-06-05 12:08:29,264 - INFO - 주문 취소 성공! (원주문: 0000021203)
2026-06-05 12:08:29,300 - INFO - 상태 전환 완료: HOLDING
2026-06-05 12:08:33,255 - INFO - 계좌 예수금: 9939083원
2026-06-05 12:08:33,255 - INFO - [005930] 보유: 1주, 매도 가능: 1주, 평단가: 340,500원
2026-06-05 12:08:33,266 - INFO - 미실현 손익: -4,250원 (-1.25%), 최고 수익률: 0.00%
2026-06-05 12:08:33,295 - INFO - 매도 조건 충족: 평단가(340,500), 현재가(336,250) -> 목표가(343,000원) (보수적 상향 보정)
2026-06-05 12:08:33,295 - INFO - [SELL] 주문 요청: 005930, 1주, 343000원
2026-06-05 12:08:33,618 - INFO - 주문 성공! 주문번호: 0000021249
2026-06-05 12:08:33,655 - INFO - 60초 후 다음 확인을 진행합니다. (현재 상태: SELLING)
2026-06-05 12:09:34,184 - INFO - [005930] 현재가: 336250, 고가: 343000, 저가: 325000
2026-06-05 12:09:34,185 - WARNING - ⚠️ 주문 고착 감지: 가격 이탈 (현재가:336,250, 목표가:343,000, 차이:6,750). 주문 취소를 시도합니다.
2026-06-05 12:09:34,185 - INFO - [CANCEL] 주문 취소 요청: 005930, 주문번호: 0000021249
2026-06-05 12:09:34,388 - INFO - 주문 취소 성공! (원주문: 0000021249)
2026-06-05 12:09:34,425 - INFO - 상태 전환 완료: HOLDING
2026-06-05 12:09:38,898 - INFO - 계좌 예수금: 9939083원
2026-06-05 12:09:38,899 - INFO - [005930] 보유: 1주, 매도 가능: 1주, 평단가: 340,500원
2026-06-05 12:09:38,911 - INFO - 미실현 손익: -4,250원 (-1.25%), 최고 수익률: 0.00%
2026-06-05 12:09:38,940 - INFO - 매도 조건 충족: 평단가(340,500), 현재가(336,250) -> 목표가(343,000원) (보수적 상향 보정)
2026-06-05 12:09:38,940 - INFO - [SELL] 주문 요청: 005930, 1주, 343000원
2026-06-05 12:09:39,105 - INFO - 주문 성공! 주문번호: 0000021288
2026-06-05 12:09:39,142 - INFO - 60초 후 다음 확인을 진행합니다. (현재 상태: SELLING)
2026-06-05 12:10:41,160 - INFO - [005930] 현재가: 337000, 고가: 343000, 저가: 325000
2026-06-05 12:10:41,160 - WARNING - ⚠️ 주문 고착 감지: 가격 이탈 (현재가:337,000, 목표가:343,000, 차이:6,000). 주문 취소를 시도합니다.
2026-06-05 12:10:41,161 - INFO - [CANCEL] 주문 취소 요청: 005930, 주문번호: 0000021288
2026-06-05 12:10:42,696 - INFO - 주문 취소 성공! (원주문: 0000021288)
2026-06-05 12:10:42,736 - INFO - 상태 전환 완료: HOLDING
2026-06-05 12:10:47,158 - INFO - 계좌 예수금: 9939083원
2026-06-05 12:10:47,159 - INFO - [005930] 보유: 1주, 매도 가능: 1주, 평단가: 340,500원
2026-06-05 12:10:47,171 - INFO - 미실현 손익: -3,500원 (-1.03%), 최고 수익률: 0.00%
2026-06-05 12:10:47,200 - INFO - 매도 조건 충족: 평단가(340,500), 현재가(337,000) -> 목표가(343,000원) (보수적 상향 보정)
2026-06-05 12:10:47,200 - INFO - [SELL] 주문 요청: 005930, 1주, 343000원
2026-06-05 12:10:47,343 - INFO - 주문 성공! 주문번호: 0000021342
2026-06-05 12:10:47,380 - INFO - 60초 후 다음 확인을 진행합니다. (현재 상태: SELLING)
2026-06-05 12:11:49,771 - INFO - [005930] 현재가: 336500, 고가: 343000, 저가: 325000
2026-06-05 12:11:49,771 - WARNING - ⚠️ 주문 고착 감지: 가격 이탈 (현재가:336,500, 목표가:343,000, 차이:6,500). 주문 취소를 시도합니다.
2026-06-05 12:11:49,771 - INFO - [CANCEL] 주문 취소 요청: 005930, 주문번호: 0000021342
2026-06-05 12:11:49,927 - INFO - 주문 취소 성공! (원주문: 0000021342)
2026-06-05 12:11:49,964 - INFO - 상태 전환 완료: HOLDING
2026-06-05 12:11:58,680 - INFO - 계좌 예수금: 9939083원
2026-06-05 12:11:58,680 - INFO - [005930] 보유: 1주, 매도 가능: 1주, 평단가: 340,500원
2026-06-05 12:11:58,691 - INFO - 미실현 손익: -4,000원 (-1.17%), 최고 수익률: 0.00%
2026-06-05 12:11:58,726 - INFO - 매도 조건 충족: 평단가(340,500), 현재가(336,500) -> 목표가(343,000원) (보수적 상향 보정)
2026-06-05 12:11:58,727 - INFO - [SELL] 주문 요청: 005930, 1주, 343000원
2026-06-05 12:11:58,873 - INFO - 주문 성공! 주문번호: 0000021395
2026-06-05 12:11:58,910 - INFO - 60초 후 다음 확인을 진행합니다. (현재 상태: SELLING)
2026-06-05 12:12:59,034 - INFO - [005930] 현재가: 337500, 고가: 343000, 저가: 325000
2026-06-05 12:12:59,034 - WARNING - ⚠️ 주문 고착 감지: 가격 이탈 (현재가:337,500, 목표가:343,000, 차이:5,500). 주문 취소를 시도합니다.
2026-06-05 12:12:59,035 - INFO - [CANCEL] 주문 취소 요청: 005930, 주문번호: 0000021395
2026-06-05 12:12:59,580 - INFO - 주문 취소 성공! (원주문: 0000021395)
2026-06-05 12:12:59,619 - INFO - 상태 전환 완료: HOLDING
2026-06-05 12:13:02,785 - INFO - 계좌 예수금: 9939083원
2026-06-05 12:13:02,786 - INFO - [005930] 보유: 1주, 매도 가능: 1주, 평단가: 340,500원
2026-06-05 12:13:02,796 - INFO - 미실현 손익: -3,000원 (-0.88%), 최고 수익률: 0.00%
2026-06-05 12:13:02,828 - INFO - 매도 조건 충족: 평단가(340,500), 현재가(337,500) -> 목표가(343,000원) (보수적 상향 보정)
2026-06-05 12:13:02,828 - INFO - [SELL] 주문 요청: 005930, 1주, 343000원
2026-06-05 12:13:07,810 - INFO - 주문 성공! 주문번호: 0000021452
2026-06-05 12:13:07,852 - INFO - 60초 후 다음 확인을 진행합니다. (현재 상태: SELLING)
2026-06-05 12:14:08,735 - INFO - [005930] 현재가: 336500, 고가: 343000, 저가: 325000
2026-06-05 12:14:08,736 - WARNING - ⚠️ 주문 고착 감지: 가격 이탈 (현재가:336,500, 목표가:343,000, 차이:6,500). 주문 취소를 시도합니다.
2026-06-05 12:14:08,736 - INFO - [CANCEL] 주문 취소 요청: 005930, 주문번호: 0000021452
2026-06-05 12:14:09,964 - INFO - 주문 취소 성공! (원주문: 0000021452)
2026-06-05 12:14:10,003 - INFO - 상태 전환 완료: HOLDING
2026-06-05 12:14:15,391 - INFO - 계좌 예수금: 9939083원
2026-06-05 12:14:15,392 - INFO - [005930] 보유: 1주, 매도 가능: 1주, 평단가: 340,500원
2026-06-05 12:14:15,402 - INFO - 미실현 손익: -4,000원 (-1.17%), 최고 수익률: 0.00%
2026-06-05 12:14:15,431 - INFO - 매도 조건 충족: 평단가(340,500), 현재가(336,500) -> 목표가(343,000원) (보수적 상향 보정)
2026-06-05 12:14:15,431 - INFO - [SELL] 주문 요청: 005930, 1주, 343000원
2026-06-05 12:14:15,951 - INFO - 주문 성공! 주문번호: 0000021513
2026-06-05 12:14:15,989 - INFO - 60초 후 다음 확인을 진행합니다. (현재 상태: SELLING)
2026-06-05 12:15:18,473 - INFO - [005930] 현재가: 336000, 고가: 343000, 저가: 325000
2026-06-05 12:15:18,474 - WARNING - ⚠️ 주문 고착 감지: 가격 이탈 (현재가:336,000, 목표가:343,000, 차이:7,000). 주문 취소를 시도합니다.
2026-06-05 12:15:18,480 - INFO - [CANCEL] 주문 취소 요청: 005930, 주문번호: 0000021513
2026-06-05 12:15:21,033 - INFO - 주문 취소 성공! (원주문: 0000021513)
2026-06-05 12:15:21,080 - INFO - 상태 전환 완료: HOLDING
2026-06-05 12:15:28,715 - INFO - 계좌 예수금: 9939083원
2026-06-05 12:15:28,715 - INFO - [005930] 보유: 1주, 매도 가능: 1주, 평단가: 340,500원
2026-06-05 12:15:28,726 - INFO - 미실현 손익: -4,500원 (-1.32%), 최고 수익률: 0.00%
2026-06-05 12:15:28,754 - INFO - 매도 조건 충족: 평단가(340,500), 현재가(336,000) -> 목표가(343,000원) (보수적 상향 보정)
2026-06-05 12:15:28,755 - INFO - [SELL] 주문 요청: 005930, 1주, 343000원
2026-06-05 12:15:29,329 - INFO - 주문 성공! 주문번호: 0000021559
2026-06-05 12:15:29,366 - INFO - 60초 후 다음 확인을 진행합니다. (현재 상태: SELLING)
2026-06-05 12:16:29,496 - INFO - [005930] 현재가: 337000, 고가: 343000, 저가: 325000
2026-06-05 12:16:29,497 - WARNING - ⚠️ 주문 고착 감지: 가격 이탈 (현재가:337,000, 목표가:343,000, 차이:6,000). 주문 취소를 시도합니다.
2026-06-05 12:16:29,497 - INFO - [CANCEL] 주문 취소 요청: 005930, 주문번호: 0000021559
2026-06-05 12:16:32,103 - INFO - 주문 취소 성공! (원주문: 0000021559)
2026-06-05 12:16:32,142 - INFO - 상태 전환 완료: HOLDING
2026-06-05 12:16:39,176 - INFO - 계좌 예수금: 9939083원
2026-06-05 12:16:39,177 - INFO - [005930] 보유: 1주, 매도 가능: 1주, 평단가: 340,500원
2026-06-05 12:16:39,190 - INFO - 미실현 손익: -3,500원 (-1.03%), 최고 수익률: 0.00%
2026-06-05 12:16:39,221 - INFO - 매도 조건 충족: 평단가(340,500), 현재가(337,000) -> 목표가(343,000원) (보수적 상향 보정)
2026-06-05 12:16:39,222 - INFO - [SELL] 주문 요청: 005930, 1주, 343000원
2026-06-05 12:16:41,627 - INFO - 주문 성공! 주문번호: 0000021627
2026-06-05 12:16:41,668 - INFO - 60초 후 다음 확인을 진행합니다. (현재 상태: SELLING)
2026-06-05 12:17:43,173 - INFO - [005930] 현재가: 337000, 고가: 343000, 저가: 325000
2026-06-05 12:17:43,173 - WARNING - ⚠️ 주문 고착 감지: 가격 이탈 (현재가:337,000, 목표가:343,000, 차이:6,000). 주문 취소를 시도합니다.
2026-06-05 12:17:43,173 - INFO - [CANCEL] 주문 취소 요청: 005930, 주문번호: 0000021627
2026-06-05 12:17:43,389 - INFO - 주문 취소 성공! (원주문: 0000021627)
2026-06-05 12:17:43,429 - INFO - 상태 전환 완료: HOLDING
2026-06-05 12:17:49,524 - INFO - 계좌 예수금: 9939083원
2026-06-05 12:17:49,525 - INFO - [005930] 보유: 1주, 매도 가능: 1주, 평단가: 340,500원
2026-06-05 12:17:49,537 - INFO - 미실현 손익: -3,500원 (-1.03%), 최고 수익률: 0.00%
2026-06-05 12:17:49,565 - INFO - 매도 조건 충족: 평단가(340,500), 현재가(337,000) -> 목표가(343,000원) (보수적 상향 보정)
2026-06-05 12:17:49,566 - INFO - [SELL] 주문 요청: 005930, 1주, 343000원
2026-06-05 12:17:50,546 - INFO - 주문 성공! 주문번호: 0000021678
2026-06-05 12:17:50,585 - INFO - 60초 후 다음 확인을 진행합니다. (현재 상태: SELLING)
2026-06-05 12:18:50,719 - INFO - [005930] 현재가: 336250, 고가: 343000, 저가: 325000
2026-06-05 12:18:50,720 - WARNING - ⚠️ 주문 고착 감지: 가격 이탈 (현재가:336,250, 목표가:343,000, 차이:6,750). 주문 취소를 시도합니다.
2026-06-05 12:18:50,720 - INFO - [CANCEL] 주문 취소 요청: 005930, 주문번호: 0000021678
2026-06-05 12:18:51,187 - ERROR - POST 요청 실패 (VTTC0013U): 500 Server Error: Internal Server Error for url: https://openapivts.koreainvestment.com:29443/uapi/domestic-stock/v1/trading/order-rvsecncl
2026-06-05 12:18:51,188 - ERROR - 상세 에러: {"rt_cd":"1","msg1":"초당 거래건수를 초과하였습니다.","msg_cd":"EGW00201","message":"EGW00201"}
2026-06-05 12:18:51,191 - ERROR - 주문 취소 실패: 응답 없음
2026-06-05 12:18:51,191 - ERROR - 주문 취소 실패. 다음 루프에서 재시도합니다.
2026-06-05 12:18:57,245 - INFO - 계좌 예수금: 9939083원
2026-06-05 12:18:57,246 - INFO - [005930] 보유: 1주, 매도 가능: 0주, 평단가: 340,500원
2026-06-05 12:18:57,257 - INFO - 미실현 손익: -4,250원 (-1.25%), 최고 수익률: 0.00%
2026-06-05 12:18:57,290 - INFO - 보유 수량(1)에 대해 매도 주문(0000021678)이 진행 중입니다.
2026-06-05 12:18:57,290 - INFO - 60초 후 다음 확인을 진행합니다. (현재 상태: SELLING)
2026-06-05 12:19:57,466 - INFO - [005930] 현재가: 336000, 고가: 343000, 저가: 325000
2026-06-05 12:19:57,467 - WARNING - ⚠️ 주문 고착 감지: 가격 이탈 (현재가:336,000, 목표가:343,000, 차이:7,000). 주문 취소를 시도합니다.
2026-06-05 12:19:57,467 - INFO - [CANCEL] 주문 취소 요청: 005930, 주문번호: 0000021678
2026-06-05 12:19:58,019 - INFO - 주문 취소 성공! (원주문: 0000021678)
2026-06-05 12:19:58,059 - INFO - 상태 전환 완료: HOLDING
2026-06-05 12:20:02,856 - INFO - 계좌 예수금: 9939083원
2026-06-05 12:20:02,860 - INFO - [005930] 보유: 1주, 매도 가능: 1주, 평단가: 340,500원
2026-06-05 12:20:02,872 - INFO - 미실현 손익: -4,500원 (-1.32%), 최고 수익률: 0.00%
2026-06-05 12:20:02,902 - INFO - 매도 조건 충족: 평단가(340,500), 현재가(336,000) -> 목표가(343,000원) (보수적 상향 보정)
2026-06-05 12:20:02,902 - INFO - [SELL] 주문 요청: 005930, 1주, 343000원
2026-06-05 12:20:05,928 - INFO - 주문 성공! 주문번호: 0000021780
2026-06-05 12:20:05,969 - INFO - 60초 후 다음 확인을 진행합니다. (현재 상태: SELLING)
2026-06-05 12:21:08,496 - INFO - [005930] 현재가: 336500, 고가: 343000, 저가: 325000
2026-06-05 12:21:08,497 - WARNING - ⚠️ 주문 고착 감지: 가격 이탈 (현재가:336,500, 목표가:343,000, 차이:6,500). 주문 취소를 시도합니다.
2026-06-05 12:21:08,497 - INFO - [CANCEL] 주문 취소 요청: 005930, 주문번호: 0000021780
2026-06-05 12:21:08,683 - INFO - 주문 취소 성공! (원주문: 0000021780)
2026-06-05 12:21:08,719 - INFO - 상태 전환 완료: HOLDING
2026-06-05 12:21:14,271 - INFO - 계좌 예수금: 9939083원
2026-06-05 12:21:14,271 - INFO - [005930] 보유: 1주, 매도 가능: 1주, 평단가: 340,500원
2026-06-05 12:21:14,282 - INFO - 미실현 손익: -4,000원 (-1.17%), 최고 수익률: 0.00%
2026-06-05 12:21:14,310 - INFO - 매도 조건 충족: 평단가(340,500), 현재가(336,500) -> 목표가(343,000원) (보수적 상향 보정)
2026-06-05 12:21:14,310 - INFO - [SELL] 주문 요청: 005930, 1주, 343000원
2026-06-05 12:21:14,470 - INFO - 주문 성공! 주문번호: 0000021824
2026-06-05 12:21:14,507 - INFO - 60초 후 다음 확인을 진행합니다. (현재 상태: SELLING)
2026-06-05 12:22:14,770 - INFO - [005930] 현재가: 336000, 고가: 343000, 저가: 325000
2026-06-05 12:22:14,770 - WARNING - ⚠️ 주문 고착 감지: 가격 이탈 (현재가:336,000, 목표가:343,000, 차이:7,000). 주문 취소를 시도합니다.
2026-06-05 12:22:14,771 - INFO - [CANCEL] 주문 취소 요청: 005930, 주문번호: 0000021824
2026-06-05 12:22:15,572 - INFO - 주문 취소 성공! (원주문: 0000021824)
2026-06-05 12:22:15,610 - INFO - 상태 전환 완료: HOLDING
2026-06-05 12:22:20,897 - INFO - 계좌 예수금: 9939083원
2026-06-05 12:22:20,898 - INFO - [005930] 보유: 1주, 매도 가능: 1주, 평단가: 340,500원
2026-06-05 12:22:20,909 - INFO - 미실현 손익: -4,500원 (-1.32%), 최고 수익률: 0.00%
2026-06-05 12:22:20,938 - INFO - 매도 조건 충족: 평단가(340,500), 현재가(336,000) -> 목표가(343,000원) (보수적 상향 보정)
2026-06-05 12:22:20,938 - INFO - [SELL] 주문 요청: 005930, 1주, 343000원
2026-06-05 12:22:21,081 - INFO - 주문 성공! 주문번호: 0000021878
2026-06-05 12:22:21,119 - INFO - 60초 후 다음 확인을 진행합니다. (현재 상태: SELLING)
2026-06-05 12:23:21,243 - INFO - [005930] 현재가: 337000, 고가: 343000, 저가: 325000
2026-06-05 12:23:21,243 - WARNING - ⚠️ 주문 고착 감지: 가격 이탈 (현재가:337,000, 목표가:343,000, 차이:6,000). 주문 취소를 시도합니다.
2026-06-05 12:23:21,244 - INFO - [CANCEL] 주문 취소 요청: 005930, 주문번호: 0000021878
2026-06-05 12:23:25,119 - INFO - 주문 취소 성공! (원주문: 0000021878)
2026-06-05 12:23:25,165 - INFO - 상태 전환 완료: HOLDING
2026-06-05 12:23:27,257 - INFO - 계좌 예수금: 9939083원
2026-06-05 12:23:27,258 - INFO - [005930] 보유: 1주, 매도 가능: 1주, 평단가: 340,500원
2026-06-05 12:23:27,269 - INFO - 미실현 손익: -3,500원 (-1.03%), 최고 수익률: 0.00%
2026-06-05 12:23:27,296 - INFO - 매도 조건 충족: 평단가(340,500), 현재가(337,000) -> 목표가(343,000원) (보수적 상향 보정)
2026-06-05 12:23:27,297 - INFO - [SELL] 주문 요청: 005930, 1주, 343000원
2026-06-05 12:23:30,431 - INFO - 주문 성공! 주문번호: 0000021921
2026-06-05 12:23:30,471 - INFO - 60초 후 다음 확인을 진행합니다. (현재 상태: SELLING)
2026-06-05 12:24:31,878 - INFO - [005930] 현재가: 337000, 고가: 343000, 저가: 325000
2026-06-05 12:24:31,879 - WARNING - ⚠️ 주문 고착 감지: 가격 이탈 (현재가:337,000, 목표가:343,000, 차이:6,000). 주문 취소를 시도합니다.
2026-06-05 12:24:31,879 - INFO - [CANCEL] 주문 취소 요청: 005930, 주문번호: 0000021921
2026-06-05 12:24:32,020 - INFO - 주문 취소 성공! (원주문: 0000021921)
2026-06-05 12:24:32,057 - INFO - 상태 전환 완료: HOLDING
2026-06-05 12:24:38,327 - INFO - 계좌 예수금: 9939083원
2026-06-05 12:24:38,327 - INFO - [005930] 보유: 1주, 매도 가능: 1주, 평단가: 340,500원
2026-06-05 12:24:38,339 - INFO - 미실현 손익: -3,500원 (-1.03%), 최고 수익률: 0.00%
2026-06-05 12:24:38,367 - INFO - 매도 조건 충족: 평단가(340,500), 현재가(337,000) -> 목표가(343,000원) (보수적 상향 보정)
2026-06-05 12:24:38,367 - INFO - [SELL] 주문 요청: 005930, 1주, 343000원
2026-06-05 12:24:38,572 - INFO - 주문 성공! 주문번호: 0000021976
2026-06-05 12:24:38,610 - INFO - 60초 후 다음 확인을 진행합니다. (현재 상태: SELLING)
2026-06-05 12:25:38,776 - INFO - [005930] 현재가: 338000, 고가: 343000, 저가: 325000
2026-06-05 12:25:38,777 - WARNING - ⚠️ 주문 고착 감지: 가격 이탈 (현재가:338,000, 목표가:343,000, 차이:5,000). 주문 취소를 시도합니다.
2026-06-05 12:25:38,777 - INFO - [CANCEL] 주문 취소 요청: 005930, 주문번호: 0000021976
2026-06-05 12:25:39,298 - INFO - 주문 취소 성공! (원주문: 0000021976)
2026-06-05 12:25:39,341 - INFO - 상태 전환 완료: HOLDING
2026-06-05 12:25:45,517 - INFO - 계좌 예수금: 9939083원
2026-06-05 12:25:45,518 - INFO - [005930] 보유: 1주, 매도 가능: 1주, 평단가: 340,500원
2026-06-05 12:25:45,529 - INFO - 미실현 손익: -2,500원 (-0.73%), 최고 수익률: 0.00%
2026-06-05 12:25:45,561 - INFO - 매도 조건 충족: 평단가(340,500), 현재가(338,000) -> 목표가(343,000원) (보수적 상향 보정)
2026-06-05 12:25:45,562 - INFO - [SELL] 주문 요청: 005930, 1주, 343000원
2026-06-05 12:25:47,055 - INFO - 주문 성공! 주문번호: 0000022039
2026-06-05 12:25:47,094 - INFO - 60초 후 다음 확인을 진행합니다. (현재 상태: SELLING)
2026-06-05 12:26:48,691 - INFO - [005930] 현재가: 338000, 고가: 343000, 저가: 325000
2026-06-05 12:26:48,692 - WARNING - ⚠️ 주문 고착 감지: 가격 이탈 (현재가:338,000, 목표가:343,000, 차이:5,000). 주문 취소를 시도합니다.
2026-06-05 12:26:48,692 - INFO - [CANCEL] 주문 취소 요청: 005930, 주문번호: 0000022039
2026-06-05 12:26:48,909 - INFO - 주문 취소 성공! (원주문: 0000022039)
2026-06-05 12:26:48,947 - INFO - 상태 전환 완료: HOLDING
2026-06-05 12:26:52,376 - INFO - 계좌 예수금: 9939083원
2026-06-05 12:26:52,377 - INFO - [005930] 보유: 1주, 매도 가능: 1주, 평단가: 340,500원
2026-06-05 12:26:52,387 - INFO - 미실현 손익: -2,500원 (-0.73%), 최고 수익률: 0.00%
2026-06-05 12:26:52,421 - INFO - 매도 조건 충족: 평단가(340,500), 현재가(338,000) -> 목표가(343,000원) (보수적 상향 보정)
2026-06-05 12:26:52,422 - INFO - [SELL] 주문 요청: 005930, 1주, 343000원
2026-06-05 12:26:52,580 - INFO - 주문 성공! 주문번호: 0000022079
2026-06-05 12:26:52,617 - INFO - 60초 후 다음 확인을 진행합니다. (현재 상태: SELLING)
2026-06-05 12:27:54,436 - INFO - [005930] 현재가: 337500, 고가: 343000, 저가: 325000
2026-06-05 12:27:54,438 - WARNING - ⚠️ 주문 고착 감지: 가격 이탈 (현재가:337,500, 목표가:343,000, 차이:5,500). 주문 취소를 시도합니다.
2026-06-05 12:27:54,438 - INFO - [CANCEL] 주문 취소 요청: 005930, 주문번호: 0000022079
2026-06-05 12:27:54,574 - INFO - 주문 취소 성공! (원주문: 0000022079)
2026-06-05 12:27:54,615 - INFO - 상태 전환 완료: HOLDING
2026-06-05 12:27:57,261 - INFO - 계좌 예수금: 9939083원
2026-06-05 12:27:57,261 - INFO - [005930] 보유: 1주, 매도 가능: 1주, 평단가: 340,500원
2026-06-05 12:27:57,273 - INFO - 미실현 손익: -3,000원 (-0.88%), 최고 수익률: 0.00%
2026-06-05 12:27:57,303 - INFO - 매도 조건 충족: 평단가(340,500), 현재가(337,500) -> 목표가(343,000원) (보수적 상향 보정)
2026-06-05 12:27:57,304 - INFO - [SELL] 주문 요청: 005930, 1주, 343000원
2026-06-05 12:27:57,487 - INFO - 주문 성공! 주문번호: 0000022129
2026-06-05 12:27:57,542 - INFO - 자가 최적화 기록 완료: C:\Users\witpo\OneDrive\바탕 화면\YONSEI\26-1\ECO4126 인공지능과금융공학\open-trading-api\self_optimization_history
2026-06-05 12:27:57,567 - INFO - 60초 후 다음 확인을 진행합니다. (현재 상태: SELLING)
2026-06-05 12:28:57,775 - INFO - [005930] 현재가: 337000, 고가: 343000, 저가: 325000
2026-06-05 12:28:57,775 - WARNING - ⚠️ 주문 고착 감지: 가격 이탈 (현재가:337,000, 목표가:343,000, 차이:6,000). 주문 취소를 시도합니다.
2026-06-05 12:28:57,775 - INFO - [CANCEL] 주문 취소 요청: 005930, 주문번호: 0000022129
2026-06-05 12:28:58,172 - ERROR - POST 요청 실패 (VTTC0013U): 500 Server Error: Internal Server Error for url: https://openapivts.koreainvestment.com:29443/uapi/domestic-stock/v1/trading/order-rvsecncl
2026-06-05 12:28:58,173 - ERROR - 상세 에러: {"rt_cd":"1","msg1":"초당 거래건수를 초과하였습니다.","msg_cd":"EGW00201","message":"EGW00201"}
2026-06-05 12:28:58,176 - ERROR - 주문 취소 실패: 응답 없음
2026-06-05 12:28:58,177 - ERROR - 주문 취소 실패. 다음 루프에서 재시도합니다.
2026-06-05 12:29:04,584 - INFO - 계좌 예수금: 9939083원
2026-06-05 12:29:04,585 - INFO - [005930] 보유: 1주, 매도 가능: 0주, 평단가: 340,500원
2026-06-05 12:29:04,598 - INFO - 미실현 손익: -3,500원 (-1.03%), 최고 수익률: 0.00%
2026-06-05 12:29:04,635 - INFO - 보유 수량(1)에 대해 매도 주문(0000022129)이 진행 중입니다.
2026-06-05 12:29:04,635 - INFO - 60초 후 다음 확인을 진행합니다. (현재 상태: SELLING)
2026-06-05 12:30:09,611 - INFO - [005930] 현재가: 336000, 고가: 343000, 저가: 325000
2026-06-05 12:30:09,612 - WARNING - ⚠️ 주문 고착 감지: 가격 이탈 (현재가:336,000, 목표가:343,000, 차이:7,000). 주문 취소를 시도합니다.
2026-06-05 12:30:09,612 - INFO - [CANCEL] 주문 취소 요청: 005930, 주문번호: 0000022129
2026-06-05 12:30:10,533 - INFO - 주문 취소 성공! (원주문: 0000022129)
2026-06-05 12:30:10,573 - INFO - 상태 전환 완료: HOLDING
2026-06-05 12:30:21,672 - ERROR - GET 요청 실패 (VTTC8434R): HTTPSConnectionPool(host='openapivts.koreainvestment.com', port=29443): Read timed out. (read timeout=10)
2026-06-05 12:30:21,672 - ERROR - 잔고 조회 실패
2026-06-05 12:30:27,248 - WARNING - 예수금 부족으로 매수 불가 (예수금: 0원, 필요: 334500원)
2026-06-05 12:30:27,248 - INFO - 60초 후 다음 확인을 진행합니다. (현재 상태: IDLE)
2026-06-05 12:31:27,422 - INFO - [005930] 현재가: 338000, 고가: 343000, 저가: 325000
2026-06-05 12:31:35,118 - INFO - 계좌 예수금: 9939083원
2026-06-05 12:31:35,119 - INFO - [005930] 보유: 1주, 매도 가능: 1주, 평단가: 340,500원
2026-06-05 12:31:35,130 - INFO - 미실현 손익: -2,500원 (-0.73%), 최고 수익률: 0.00%
2026-06-05 12:31:35,161 - INFO - 매도 조건 충족: 평단가(340,500), 현재가(338,000) -> 목표가(342,500원) (보수적 상향 보정)
2026-06-05 12:31:35,162 - INFO - [SELL] 주문 요청: 005930, 1주, 342500원
2026-06-05 12:31:35,336 - INFO - 주문 성공! 주문번호: 0000022341
2026-06-05 12:31:35,383 - INFO - 60초 후 다음 확인을 진행합니다. (현재 상태: SELLING)
2026-06-05 12:32:35,496 - INFO - [005930] 현재가: 338500, 고가: 343000, 저가: 325000
2026-06-05 12:32:35,497 - WARNING - ⚠️ 주문 고착 감지: 가격 이탈 (현재가:338,500, 목표가:342,500, 차이:4,000). 주문 취소를 시도합니다.
2026-06-05 12:32:35,497 - INFO - [CANCEL] 주문 취소 요청: 005930, 주문번호: 0000022341
2026-06-05 12:32:35,994 - ERROR - POST 요청 실패 (VTTC0013U): 500 Server Error: Internal Server Error for url: https://openapivts.koreainvestment.com:29443/uapi/domestic-stock/v1/trading/order-rvsecncl
2026-06-05 12:32:35,995 - ERROR - 상세 에러: {"rt_cd":"1","msg1":"초당 거래건수를 초과하였습니다.","msg_cd":"EGW00201","message":"EGW00201"}
2026-06-05 12:32:35,997 - ERROR - 주문 취소 실패: 응답 없음
2026-06-05 12:32:35,998 - ERROR - 주문 취소 실패. 다음 루프에서 재시도합니다.
2026-06-05 12:32:41,075 - INFO - 계좌 예수금: 9939083원
2026-06-05 12:32:41,075 - INFO - [005930] 보유: 1주, 매도 가능: 0주, 평단가: 340,500원
2026-06-05 12:32:41,087 - INFO - 미실현 손익: -2,000원 (-0.59%), 최고 수익률: 0.00%
2026-06-05 12:32:41,120 - INFO - 보유 수량(1)에 대해 매도 주문(0000022341)이 진행 중입니다.
2026-06-05 12:32:41,121 - INFO - 60초 후 다음 확인을 진행합니다. (현재 상태: SELLING)
2026-06-05 12:33:41,796 - INFO - [005930] 현재가: 337000, 고가: 343000, 저가: 325000
2026-06-05 12:33:41,796 - WARNING - ⚠️ 주문 고착 감지: 가격 이탈 (현재가:337,000, 목표가:342,500, 차이:5,500). 주문 취소를 시도합니다.
2026-06-05 12:33:41,797 - INFO - [CANCEL] 주문 취소 요청: 005930, 주문번호: 0000022341
2026-06-05 12:33:42,005 - INFO - 주문 취소 성공! (원주문: 0000022341)
2026-06-05 12:33:42,042 - INFO - 상태 전환 완료: HOLDING
2026-06-05 12:33:46,407 - INFO - 계좌 예수금: 9939083원
2026-06-05 12:33:46,408 - INFO - [005930] 보유: 1주, 매도 가능: 1주, 평단가: 340,500원
2026-06-05 12:33:46,420 - INFO - 미실현 손익: -3,500원 (-1.03%), 최고 수익률: 0.00%
2026-06-05 12:33:46,449 - INFO - 매도 조건 충족: 평단가(340,500), 현재가(337,000) -> 목표가(342,500원) (보수적 상향 보정)
2026-06-05 12:33:46,450 - INFO - [SELL] 주문 요청: 005930, 1주, 342500원
2026-06-05 12:33:46,696 - INFO - 주문 성공! 주문번호: 0000022442
2026-06-05 12:33:46,736 - INFO - 60초 후 다음 확인을 진행합니다. (현재 상태: SELLING)
2026-06-05 12:34:46,853 - INFO - [005930] 현재가: 337000, 고가: 343000, 저가: 325000
2026-06-05 12:34:46,854 - WARNING - ⚠️ 주문 고착 감지: 가격 이탈 (현재가:337,000, 목표가:342,500, 차이:5,500). 주문 취소를 시도합니다.
2026-06-05 12:34:46,854 - INFO - [CANCEL] 주문 취소 요청: 005930, 주문번호: 0000022442
2026-06-05 12:34:47,386 - INFO - 주문 취소 성공! (원주문: 0000022442)
2026-06-05 12:34:47,428 - INFO - 상태 전환 완료: HOLDING
2026-06-05 12:34:50,410 - INFO - 계좌 예수금: 9939083원
2026-06-05 12:34:50,410 - INFO - [005930] 보유: 1주, 매도 가능: 1주, 평단가: 340,500원
2026-06-05 12:34:50,422 - INFO - 미실현 손익: -3,500원 (-1.03%), 최고 수익률: 0.00%
2026-06-05 12:34:50,451 - INFO - 매도 조건 충족: 평단가(340,500), 현재가(337,000) -> 목표가(342,500원) (보수적 상향 보정)
2026-06-05 12:34:50,451 - INFO - [SELL] 주문 요청: 005930, 1주, 342500원
2026-06-05 12:34:50,647 - INFO - 주문 성공! 주문번호: 0000022480
2026-06-05 12:34:50,686 - INFO - 60초 후 다음 확인을 진행합니다. (현재 상태: SELLING)
2026-06-05 12:35:50,878 - INFO - [005930] 현재가: 336500, 고가: 343000, 저가: 325000
2026-06-05 12:35:50,879 - WARNING - ⚠️ 주문 고착 감지: 가격 이탈 (현재가:336,500, 목표가:342,500, 차이:6,000). 주문 취소를 시도합니다.
2026-06-05 12:35:50,879 - INFO - [CANCEL] 주문 취소 요청: 005930, 주문번호: 0000022480
2026-06-05 12:35:54,309 - INFO - 주문 취소 성공! (원주문: 0000022480)
2026-06-05 12:35:54,358 - INFO - 상태 전환 완료: HOLDING
2026-06-05 12:35:58,411 - INFO - 계좌 예수금: 9939083원
2026-06-05 12:35:58,412 - INFO - [005930] 보유: 1주, 매도 가능: 1주, 평단가: 340,500원
2026-06-05 12:35:58,423 - INFO - 미실현 손익: -4,000원 (-1.17%), 최고 수익률: 0.00%
2026-06-05 12:35:58,452 - INFO - 매도 조건 충족: 평단가(340,500), 현재가(336,500) -> 목표가(342,500원) (보수적 상향 보정)
2026-06-05 12:35:58,452 - INFO - [SELL] 주문 요청: 005930, 1주, 342500원
2026-06-05 12:35:59,942 - INFO - 주문 성공! 주문번호: 0000022524
2026-06-05 12:35:59,982 - INFO - 60초 후 다음 확인을 진행합니다. (현재 상태: SELLING)
2026-06-05 12:37:02,103 - INFO - [005930] 현재가: 336250, 고가: 343000, 저가: 325000
2026-06-05 12:37:02,103 - WARNING - ⚠️ 주문 고착 감지: 가격 이탈 (현재가:336,250, 목표가:342,500, 차이:6,250). 주문 취소를 시도합니다.
2026-06-05 12:37:02,104 - INFO - [CANCEL] 주문 취소 요청: 005930, 주문번호: 0000022524
2026-06-05 12:37:02,258 - INFO - 주문 취소 성공! (원주문: 0000022524)
2026-06-05 12:37:02,295 - INFO - 상태 전환 완료: HOLDING
2026-06-05 12:37:05,688 - INFO - 계좌 예수금: 9939083원
2026-06-05 12:37:05,689 - INFO - [005930] 보유: 1주, 매도 가능: 1주, 평단가: 340,500원
2026-06-05 12:37:05,699 - INFO - 미실현 손익: -4,250원 (-1.25%), 최고 수익률: 0.00%
2026-06-05 12:37:05,726 - INFO - 매도 조건 충족: 평단가(340,500), 현재가(336,250) -> 목표가(342,500원) (보수적 상향 보정)
2026-06-05 12:37:05,727 - INFO - [SELL] 주문 요청: 005930, 1주, 342500원
2026-06-05 12:37:05,968 - INFO - 주문 성공! 주문번호: 0000022563
2026-06-05 12:37:06,009 - INFO - 60초 후 다음 확인을 진행합니다. (현재 상태: SELLING)
2026-06-05 12:38:07,440 - INFO - [005930] 현재가: 336000, 고가: 343000, 저가: 325000
2026-06-05 12:38:07,440 - WARNING - ⚠️ 주문 고착 감지: 가격 이탈 (현재가:336,000, 목표가:342,500, 차이:6,500). 주문 취소를 시도합니다.
2026-06-05 12:38:07,441 - INFO - [CANCEL] 주문 취소 요청: 005930, 주문번호: 0000022563
2026-06-05 12:38:08,564 - INFO - 주문 취소 성공! (원주문: 0000022563)
2026-06-05 12:38:08,604 - INFO - 상태 전환 완료: HOLDING
2026-06-05 12:38:15,220 - INFO - 계좌 예수금: 9939083원
2026-06-05 12:38:15,221 - INFO - [005930] 보유: 1주, 매도 가능: 1주, 평단가: 340,500원
2026-06-05 12:38:15,233 - INFO - 미실현 손익: -4,500원 (-1.32%), 최고 수익률: 0.00%
2026-06-05 12:38:15,264 - INFO - 매도 조건 충족: 평단가(340,500), 현재가(336,000) -> 목표가(342,500원) (보수적 상향 보정)
2026-06-05 12:38:15,265 - INFO - [SELL] 주문 요청: 005930, 1주, 342500원
2026-06-05 12:38:16,758 - INFO - 주문 성공! 주문번호: 0000022611
2026-06-05 12:38:16,803 - INFO - 60초 후 다음 확인을 진행합니다. (현재 상태: SELLING)
2026-06-05 12:39:19,226 - INFO - [005930] 현재가: 336000, 고가: 343000, 저가: 325000
2026-06-05 12:39:19,226 - WARNING - ⚠️ 주문 고착 감지: 가격 이탈 (현재가:336,000, 목표가:342,500, 차이:6,500). 주문 취소를 시도합니다.
2026-06-05 12:39:19,227 - INFO - [CANCEL] 주문 취소 요청: 005930, 주문번호: 0000022611
2026-06-05 12:39:21,683 - INFO - 주문 취소 성공! (원주문: 0000022611)
2026-06-05 12:39:21,726 - INFO - 상태 전환 완료: HOLDING
2026-06-05 12:39:28,749 - INFO - 계좌 예수금: 9939083원
2026-06-05 12:39:28,749 - INFO - [005930] 보유: 1주, 매도 가능: 1주, 평단가: 340,500원
2026-06-05 12:39:28,761 - INFO - 미실현 손익: -4,500원 (-1.32%), 최고 수익률: 0.00%
2026-06-05 12:39:28,790 - INFO - 매도 조건 충족: 평단가(340,500), 현재가(336,000) -> 목표가(342,500원) (보수적 상향 보정)
2026-06-05 12:39:28,791 - INFO - [SELL] 주문 요청: 005930, 1주, 342500원
2026-06-05 12:39:31,002 - INFO - 주문 성공! 주문번호: 0000022652
2026-06-05 12:39:31,050 - INFO - 60초 후 다음 확인을 진행합니다. (현재 상태: SELLING)
2026-06-05 12:40:31,190 - INFO - [005930] 현재가: 336750, 고가: 343000, 저가: 325000
2026-06-05 12:40:31,191 - WARNING - ⚠️ 주문 고착 감지: 가격 이탈 (현재가:336,750, 목표가:342,500, 차이:5,750). 주문 취소를 시도합니다.
2026-06-05 12:40:31,191 - INFO - [CANCEL] 주문 취소 요청: 005930, 주문번호: 0000022652
2026-06-05 12:40:31,707 - INFO - 주문 취소 성공! (원주문: 0000022652)
2026-06-05 12:40:31,745 - INFO - 상태 전환 완료: HOLDING
2026-06-05 12:40:41,561 - INFO - 계좌 예수금: 9939083원
2026-06-05 12:40:41,562 - INFO - [005930] 보유: 1주, 매도 가능: 1주, 평단가: 340,500원
2026-06-05 12:40:41,573 - INFO - 미실현 손익: -3,750원 (-1.10%), 최고 수익률: 0.00%
2026-06-05 12:40:41,602 - INFO - 매도 조건 충족: 평단가(340,500), 현재가(336,750) -> 목표가(342,500원) (보수적 상향 보정)
2026-06-05 12:40:41,602 - INFO - [SELL] 주문 요청: 005930, 1주, 342500원
2026-06-05 12:40:41,770 - INFO - 주문 성공! 주문번호: 0000022690
2026-06-05 12:40:41,808 - INFO - 60초 후 다음 확인을 진행합니다. (현재 상태: SELLING)
2026-06-05 12:41:41,929 - INFO - [005930] 현재가: 336500, 고가: 343000, 저가: 325000
2026-06-05 12:41:41,929 - WARNING - ⚠️ 주문 고착 감지: 가격 이탈 (현재가:336,500, 목표가:342,500, 차이:6,000). 주문 취소를 시도합니다.
2026-06-05 12:41:41,929 - INFO - [CANCEL] 주문 취소 요청: 005930, 주문번호: 0000022690
2026-06-05 12:41:44,745 - INFO - 주문 취소 성공! (원주문: 0000022690)
2026-06-05 12:41:44,783 - INFO - 상태 전환 완료: HOLDING
2026-06-05 12:41:49,149 - INFO - 계좌 예수금: 9939083원
2026-06-05 12:41:49,149 - INFO - [005930] 보유: 1주, 매도 가능: 1주, 평단가: 340,500원
2026-06-05 12:41:49,161 - INFO - 미실현 손익: -4,000원 (-1.17%), 최고 수익률: 0.00%
2026-06-05 12:41:49,191 - INFO - 매도 조건 충족: 평단가(340,500), 현재가(336,500) -> 목표가(342,500원) (보수적 상향 보정)
2026-06-05 12:41:49,192 - INFO - [SELL] 주문 요청: 005930, 1주, 342500원
2026-06-05 12:41:50,990 - INFO - 주문 성공! 주문번호: 0000022730
2026-06-05 12:41:51,030 - INFO - 60초 후 다음 확인을 진행합니다. (현재 상태: SELLING)
2026-06-05 12:42:51,157 - INFO - [005930] 현재가: 336500, 고가: 343000, 저가: 325000
2026-06-05 12:42:51,158 - WARNING - ⚠️ 주문 고착 감지: 가격 이탈 (현재가:336,500, 목표가:342,500, 차이:6,000). 주문 취소를 시도합니다.
2026-06-05 12:42:51,158 - INFO - [CANCEL] 주문 취소 요청: 005930, 주문번호: 0000022730
2026-06-05 12:42:54,278 - INFO - 주문 취소 성공! (원주문: 0000022730)
2026-06-05 12:42:54,336 - INFO - 상태 전환 완료: HOLDING
2026-06-05 12:43:02,777 - INFO - 계좌 예수금: 9939083원
2026-06-05 12:43:02,778 - INFO - [005930] 보유: 1주, 매도 가능: 1주, 평단가: 340,500원
2026-06-05 12:43:02,791 - INFO - 미실현 손익: -4,000원 (-1.17%), 최고 수익률: 0.00%
2026-06-05 12:43:02,823 - INFO - 매도 조건 충족: 평단가(340,500), 현재가(336,500) -> 목표가(342,500원) (보수적 상향 보정)
2026-06-05 12:43:02,824 - INFO - [SELL] 주문 요청: 005930, 1주, 342500원
2026-06-05 12:43:06,876 - INFO - 주문 성공! 주문번호: 0000022773
2026-06-05 12:43:06,916 - INFO - 60초 후 다음 확인을 진행합니다. (현재 상태: SELLING)
2026-06-05 12:44:07,062 - INFO - [005930] 현재가: 336000, 고가: 343000, 저가: 325000
2026-06-05 12:44:07,062 - WARNING - ⚠️ 주문 고착 감지: 가격 이탈 (현재가:336,000, 목표가:342,500, 차이:6,500). 주문 취소를 시도합니다.
2026-06-05 12:44:07,062 - INFO - [CANCEL] 주문 취소 요청: 005930, 주문번호: 0000022773
2026-06-05 12:44:08,716 - INFO - 주문 취소 성공! (원주문: 0000022773)
2026-06-05 12:44:08,758 - INFO - 상태 전환 완료: HOLDING
2026-06-05 12:44:14,769 - INFO - 계좌 예수금: 9939083원
2026-06-05 12:44:14,769 - INFO - [005930] 보유: 1주, 매도 가능: 1주, 평단가: 340,500원
2026-06-05 12:44:14,782 - INFO - 미실현 손익: -4,500원 (-1.32%), 최고 수익률: 0.00%
2026-06-05 12:44:14,814 - INFO - 매도 조건 충족: 평단가(340,500), 현재가(336,000) -> 목표가(342,500원) (보수적 상향 보정)
2026-06-05 12:44:14,814 - INFO - [SELL] 주문 요청: 005930, 1주, 342500원
2026-06-05 12:44:15,255 - INFO - 주문 성공! 주문번호: 0000022812
2026-06-05 12:44:15,298 - INFO - 60초 후 다음 확인을 진행합니다. (현재 상태: SELLING)
2026-06-05 12:45:15,637 - INFO - [005930] 현재가: 336000, 고가: 343000, 저가: 325000
2026-06-05 12:45:15,638 - WARNING - ⚠️ 주문 고착 감지: 가격 이탈 (현재가:336,000, 목표가:342,500, 차이:6,500). 주문 취소를 시도합니다.
2026-06-05 12:45:15,638 - INFO - [CANCEL] 주문 취소 요청: 005930, 주문번호: 0000022812
2026-06-05 12:45:15,926 - ERROR - POST 요청 실패 (VTTC0013U): 500 Server Error: Internal Server Error for url: https://openapivts.koreainvestment.com:29443/uapi/domestic-stock/v1/trading/order-rvsecncl
2026-06-05 12:45:15,926 - ERROR - 상세 에러: {"rt_cd":"1","msg1":"초당 거래건수를 초과하였습니다.","msg_cd":"EGW00201","message":"EGW00201"}
2026-06-05 12:45:15,931 - ERROR - 주문 취소 실패: 응답 없음
2026-06-05 12:45:15,932 - ERROR - 주문 취소 실패. 다음 루프에서 재시도합니다.
2026-06-05 12:45:24,784 - INFO - 계좌 예수금: 9939083원
2026-06-05 12:45:24,785 - INFO - [005930] 보유: 1주, 매도 가능: 0주, 평단가: 340,500원
2026-06-05 12:45:24,799 - INFO - 미실현 손익: -4,500원 (-1.32%), 최고 수익률: 0.00%
2026-06-05 12:45:24,836 - INFO - 보유 수량(1)에 대해 매도 주문(0000022812)이 진행 중입니다.
2026-06-05 12:45:24,837 - INFO - 60초 후 다음 확인을 진행합니다. (현재 상태: SELLING)
2026-06-05 12:46:26,463 - INFO - [005930] 현재가: 335750, 고가: 343000, 저가: 325000
2026-06-05 12:46:26,463 - WARNING - ⚠️ 주문 고착 감지: 가격 이탈 (현재가:335,750, 목표가:342,500, 차이:6,750). 주문 취소를 시도합니다.
2026-06-05 12:46:26,464 - INFO - [CANCEL] 주문 취소 요청: 005930, 주문번호: 0000022812
2026-06-05 12:46:27,227 - ERROR - POST 요청 실패 (VTTC0013U): 500 Server Error: Internal Server Error for url: https://openapivts.koreainvestment.com:29443/uapi/domestic-stock/v1/trading/order-rvsecncl
2026-06-05 12:46:27,227 - ERROR - 상세 에러: {"rt_cd":"1","msg1":"초당 거래건수를 초과하였습니다.","msg_cd":"EGW00201","message":"EGW00201"}
2026-06-05 12:46:27,231 - ERROR - 주문 취소 실패: 응답 없음
2026-06-05 12:46:27,231 - ERROR - 주문 취소 실패. 다음 루프에서 재시도합니다.
2026-06-05 12:46:34,552 - INFO - 계좌 예수금: 9939083원
2026-06-05 12:46:34,553 - INFO - [005930] 보유: 1주, 매도 가능: 0주, 평단가: 340,500원
2026-06-05 12:46:34,565 - INFO - 미실현 손익: -4,750원 (-1.40%), 최고 수익률: 0.00%
2026-06-05 12:46:34,596 - INFO - 보유 수량(1)에 대해 매도 주문(0000022812)이 진행 중입니다.
2026-06-05 12:46:34,597 - INFO - 60초 후 다음 확인을 진행합니다. (현재 상태: SELLING)
2026-06-05 12:47:36,202 - INFO - [005930] 현재가: 335750, 고가: 343000, 저가: 325000
2026-06-05 12:47:36,203 - WARNING - ⚠️ 주문 고착 감지: 가격 이탈 (현재가:335,750, 목표가:342,500, 차이:6,750). 주문 취소를 시도합니다.
2026-06-05 12:47:36,203 - INFO - [CANCEL] 주문 취소 요청: 005930, 주문번호: 0000022812
2026-06-05 12:47:38,556 - INFO - 주문 취소 성공! (원주문: 0000022812)
2026-06-05 12:47:38,597 - INFO - 상태 전환 완료: HOLDING
2026-06-05 12:47:44,191 - INFO - 계좌 예수금: 9939083원
2026-06-05 12:47:44,191 - INFO - [005930] 보유: 1주, 매도 가능: 1주, 평단가: 340,500원
2026-06-05 12:47:44,204 - INFO - 미실현 손익: -4,750원 (-1.40%), 최고 수익률: 0.00%
2026-06-05 12:47:44,233 - INFO - 매도 조건 충족: 평단가(340,500), 현재가(335,750) -> 목표가(342,500원) (보수적 상향 보정)
2026-06-05 12:47:44,233 - INFO - [SELL] 주문 요청: 005930, 1주, 342500원
2026-06-05 12:47:44,702 - INFO - 주문 성공! 주문번호: 0000022951
2026-06-05 12:47:44,744 - INFO - 60초 후 다음 확인을 진행합니다. (현재 상태: SELLING)
2026-06-05 12:48:44,852 - INFO - [005930] 현재가: 334750, 고가: 343000, 저가: 325000
2026-06-05 12:48:44,852 - WARNING - ⚠️ 주문 고착 감지: 가격 이탈 (현재가:334,750, 목표가:342,500, 차이:7,750). 주문 취소를 시도합니다.
2026-06-05 12:48:44,853 - INFO - [CANCEL] 주문 취소 요청: 005930, 주문번호: 0000022951
2026-06-05 12:48:45,383 - INFO - 주문 취소 성공! (원주문: 0000022951)
2026-06-05 12:48:45,422 - INFO - 상태 전환 완료: HOLDING
2026-06-05 12:48:49,936 - INFO - 계좌 예수금: 9939083원
2026-06-05 12:48:49,936 - INFO - [005930] 보유: 1주, 매도 가능: 1주, 평단가: 340,500원
2026-06-05 12:48:49,950 - INFO - 미실현 손익: -5,750원 (-1.69%), 최고 수익률: 0.00%
2026-06-05 12:48:50,008 - INFO - 자가 최적화 기록 완료: C:\Users\witpo\OneDrive\바탕 화면\YONSEI\26-1\ECO4126 인공지능과금융공학\open-trading-api\self_optimization_history
2026-06-05 12:48:50,008 - INFO - 매도 조건 충족: 평단가(340,500), 현재가(334,750) -> 목표가(342,500원) (보수적 상향 보정)
2026-06-05 12:48:50,009 - INFO - [SELL] 주문 요청: 005930, 1주, 342500원
2026-06-05 12:48:50,174 - INFO - 주문 성공! 주문번호: 0000023028
2026-06-05 12:48:50,239 - INFO - 60초 후 다음 확인을 진행합니다. (현재 상태: SELLING)
2026-06-05 12:49:50,379 - INFO - [005930] 현재가: 334000, 고가: 343000, 저가: 325000
2026-06-05 12:49:50,380 - WARNING - ⚠️ 주문 고착 감지: 가격 이탈 (현재가:334,000, 목표가:342,500, 차이:8,500). 주문 취소를 시도합니다.
2026-06-05 12:49:50,380 - INFO - [CANCEL] 주문 취소 요청: 005930, 주문번호: 0000023028
2026-06-05 12:49:50,849 - ERROR - POST 요청 실패 (VTTC0013U): 500 Server Error: Internal Server Error for url: https://openapivts.koreainvestment.com:29443/uapi/domestic-stock/v1/trading/order-rvsecncl
2026-06-05 12:49:50,849 - ERROR - 상세 에러: {"rt_cd":"1","msg1":"초당 거래건수를 초과하였습니다.","msg_cd":"EGW00201","message":"EGW00201"}
2026-06-05 12:49:50,852 - ERROR - 주문 취소 실패: 응답 없음
2026-06-05 12:49:50,853 - ERROR - 주문 취소 실패. 다음 루프에서 재시도합니다.
2026-06-05 12:49:54,757 - INFO - 계좌 예수금: 9939083원
2026-06-05 12:49:54,757 - INFO - [005930] 보유: 1주, 매도 가능: 0주, 평단가: 340,500원
2026-06-05 12:49:54,771 - INFO - 미실현 손익: -6,500원 (-1.91%), 최고 수익률: 0.00%
2026-06-05 12:49:54,804 - INFO - 보유 수량(1)에 대해 매도 주문(0000023028)이 진행 중입니다.
2026-06-05 12:49:54,805 - INFO - 60초 후 다음 확인을 진행합니다. (현재 상태: SELLING)
2026-06-05 12:50:54,924 - INFO - [005930] 현재가: 334750, 고가: 343000, 저가: 325000
2026-06-05 12:50:54,925 - WARNING - ⚠️ 주문 고착 감지: 가격 이탈 (현재가:334,750, 목표가:342,500, 차이:7,750). 주문 취소를 시도합니다.
2026-06-05 12:50:54,925 - INFO - [CANCEL] 주문 취소 요청: 005930, 주문번호: 0000023028
2026-06-05 12:50:57,839 - INFO - 주문 취소 성공! (원주문: 0000023028)
2026-06-05 12:50:57,877 - INFO - 상태 전환 완료: HOLDING
2026-06-05 12:51:06,339 - INFO - 계좌 예수금: 9939083원
2026-06-05 12:51:06,340 - INFO - [005930] 보유: 1주, 매도 가능: 1주, 평단가: 340,500원
2026-06-05 12:51:06,352 - INFO - 미실현 손익: -5,750원 (-1.69%), 최고 수익률: 0.00%
2026-06-05 12:51:06,380 - INFO - 매도 조건 충족: 평단가(340,500), 현재가(334,750) -> 목표가(343,000원) (보수적 상향 보정)
2026-06-05 12:51:06,381 - INFO - [SELL] 주문 요청: 005930, 1주, 343000원
2026-06-05 12:51:06,534 - INFO - 주문 성공! 주문번호: 0000023146
2026-06-05 12:51:06,574 - INFO - 60초 후 다음 확인을 진행합니다. (현재 상태: SELLING)
2026-06-05 12:52:07,728 - INFO - [005930] 현재가: 334250, 고가: 343000, 저가: 325000
2026-06-05 12:52:07,729 - WARNING - ⚠️ 주문 고착 감지: 가격 이탈 (현재가:334,250, 목표가:343,000, 차이:8,750). 주문 취소를 시도합니다.
2026-06-05 12:52:07,730 - INFO - [CANCEL] 주문 취소 요청: 005930, 주문번호: 0000023146
2026-06-05 12:52:08,819 - INFO - 주문 취소 성공! (원주문: 0000023146)
2026-06-05 12:52:08,879 - INFO - 상태 전환 완료: HOLDING
2026-06-05 12:52:14,489 - INFO - 계좌 예수금: 9939083원
2026-06-05 12:52:14,490 - INFO - [005930] 보유: 1주, 매도 가능: 1주, 평단가: 340,500원
2026-06-05 12:52:14,504 - INFO - 미실현 손익: -6,250원 (-1.84%), 최고 수익률: 0.00%
2026-06-05 12:52:14,536 - INFO - 매도 조건 충족: 평단가(340,500), 현재가(334,250) -> 목표가(343,000원) (보수적 상향 보정)
2026-06-05 12:52:14,537 - INFO - [SELL] 주문 요청: 005930, 1주, 343000원
2026-06-05 12:52:16,607 - INFO - 주문 성공! 주문번호: 0000023202
2026-06-05 12:52:16,649 - INFO - 60초 후 다음 확인을 진행합니다. (현재 상태: SELLING)
2026-06-05 12:53:18,417 - INFO - [005930] 현재가: 333500, 고가: 343000, 저가: 325000
2026-06-05 12:53:18,418 - WARNING - ⚠️ 주문 고착 감지: 가격 이탈 (현재가:333,500, 목표가:343,000, 차이:9,500). 주문 취소를 시도합니다.
2026-06-05 12:53:18,418 - INFO - [CANCEL] 주문 취소 요청: 005930, 주문번호: 0000023202
2026-06-05 12:53:18,572 - INFO - 주문 취소 성공! (원주문: 0000023202)
2026-06-05 12:53:18,612 - INFO - 상태 전환 완료: HOLDING
2026-06-05 12:53:22,026 - INFO - 계좌 예수금: 9939083원
2026-06-05 12:53:22,027 - INFO - [005930] 보유: 1주, 매도 가능: 1주, 평단가: 340,500원
2026-06-05 12:53:22,040 - INFO - 미실현 손익: -7,000원 (-2.06%), 최고 수익률: 0.00%
2026-06-05 12:53:22,074 - INFO - 매도 조건 충족: 평단가(340,500), 현재가(333,500) -> 목표가(343,000원) (보수적 상향 보정)
2026-06-05 12:53:22,074 - INFO - [SELL] 주문 요청: 005930, 1주, 343000원
2026-06-05 12:53:24,484 - INFO - 주문 성공! 주문번호: 0000023278
2026-06-05 12:53:24,537 - INFO - 60초 후 다음 확인을 진행합니다. (현재 상태: SELLING)
2026-06-05 12:54:26,235 - INFO - [005930] 현재가: 332500, 고가: 343000, 저가: 325000
2026-06-05 12:54:26,236 - WARNING - ⚠️ 주문 고착 감지: 가격 이탈 (현재가:332,500, 목표가:343,000, 차이:10,500). 주문 취소를 시도합니다.
2026-06-05 12:54:26,236 - INFO - [CANCEL] 주문 취소 요청: 005930, 주문번호: 0000023278
2026-06-05 12:54:26,380 - INFO - 주문 취소 성공! (원주문: 0000023278)
2026-06-05 12:54:26,421 - INFO - 상태 전환 완료: HOLDING
2026-06-05 12:54:33,349 - INFO - 계좌 예수금: 9939083원
2026-06-05 12:54:33,350 - INFO - [005930] 보유: 1주, 매도 가능: 1주, 평단가: 340,500원
2026-06-05 12:54:33,362 - INFO - 미실현 손익: -8,000원 (-2.35%), 최고 수익률: 0.00%
2026-06-05 12:54:33,392 - INFO - 매도 조건 충족: 평단가(340,500), 현재가(332,500) -> 목표가(343,000원) (보수적 상향 보정)
2026-06-05 12:54:33,393 - INFO - [SELL] 주문 요청: 005930, 1주, 343000원
2026-06-05 12:54:35,760 - INFO - 주문 성공! 주문번호: 0000023349
2026-06-05 12:54:35,805 - INFO - 60초 후 다음 확인을 진행합니다. (현재 상태: SELLING)
2026-06-05 12:55:37,714 - INFO - [005930] 현재가: 333000, 고가: 343000, 저가: 325000
2026-06-05 12:55:37,715 - WARNING - ⚠️ 주문 고착 감지: 가격 이탈 (현재가:333,000, 목표가:343,000, 차이:10,000). 주문 취소를 시도합니다.
2026-06-05 12:55:37,715 - INFO - [CANCEL] 주문 취소 요청: 005930, 주문번호: 0000023349
2026-06-05 12:55:39,613 - INFO - 주문 취소 성공! (원주문: 0000023349)
2026-06-05 12:55:39,657 - INFO - 상태 전환 완료: HOLDING
2026-06-05 12:55:44,677 - INFO - 계좌 예수금: 9939083원
2026-06-05 12:55:44,678 - INFO - [005930] 보유: 1주, 매도 가능: 1주, 평단가: 340,500원
2026-06-05 12:55:44,693 - INFO - 미실현 손익: -7,500원 (-2.20%), 최고 수익률: 0.00%
2026-06-05 12:55:44,725 - INFO - 매도 조건 충족: 평단가(340,500), 현재가(333,000) -> 목표가(343,000원) (보수적 상향 보정)
2026-06-05 12:55:44,726 - INFO - [SELL] 주문 요청: 005930, 1주, 343000원
2026-06-05 12:55:44,984 - INFO - 주문 성공! 주문번호: 0000023426
2026-06-05 12:55:45,018 - INFO - 60초 후 다음 확인을 진행합니다. (현재 상태: SELLING)
2026-06-05 12:56:45,149 - INFO - [005930] 현재가: 333750, 고가: 343000, 저가: 325000
2026-06-05 12:56:45,150 - WARNING - ⚠️ 주문 고착 감지: 가격 이탈 (현재가:333,750, 목표가:343,000, 차이:9,250). 주문 취소를 시도합니다.
2026-06-05 12:56:45,150 - INFO - [CANCEL] 주문 취소 요청: 005930, 주문번호: 0000023426
2026-06-05 12:56:45,678 - INFO - 주문 취소 성공! (원주문: 0000023426)
2026-06-05 12:56:45,718 - INFO - 상태 전환 완료: HOLDING
2026-06-05 12:56:50,938 - INFO - 계좌 예수금: 9939083원
2026-06-05 12:56:50,938 - INFO - [005930] 보유: 1주, 매도 가능: 1주, 평단가: 340,500원
2026-06-05 12:56:50,951 - INFO - 미실현 손익: -6,750원 (-1.98%), 최고 수익률: 0.00%
2026-06-05 12:56:50,985 - INFO - 매도 조건 충족: 평단가(340,500), 현재가(333,750) -> 목표가(343,000원) (보수적 상향 보정)
2026-06-05 12:56:50,985 - INFO - [SELL] 주문 요청: 005930, 1주, 343000원
2026-06-05 12:56:51,160 - INFO - 주문 성공! 주문번호: 0000023479
2026-06-05 12:56:51,202 - INFO - 60초 후 다음 확인을 진행합니다. (현재 상태: SELLING)
2026-06-05 12:57:51,326 - INFO - [005930] 현재가: 333000, 고가: 343000, 저가: 325000
2026-06-05 12:57:51,327 - WARNING - ⚠️ 주문 고착 감지: 가격 이탈 (현재가:333,000, 목표가:343,000, 차이:10,000). 주문 취소를 시도합니다.
2026-06-05 12:57:51,327 - INFO - [CANCEL] 주문 취소 요청: 005930, 주문번호: 0000023479
2026-06-05 12:57:53,301 - INFO - 주문 취소 성공! (원주문: 0000023479)
2026-06-05 12:57:53,345 - INFO - 상태 전환 완료: HOLDING
2026-06-05 12:57:59,242 - INFO - 계좌 예수금: 9939083원
2026-06-05 12:57:59,244 - INFO - [005930] 보유: 1주, 매도 가능: 1주, 평단가: 340,500원
2026-06-05 12:57:59,259 - INFO - 미실현 손익: -7,500원 (-2.20%), 최고 수익률: 0.00%
2026-06-05 12:57:59,297 - INFO - 매도 조건 충족: 평단가(340,500), 현재가(333,000) -> 목표가(343,000원) (보수적 상향 보정)
2026-06-05 12:57:59,297 - INFO - [SELL] 주문 요청: 005930, 1주, 343000원
2026-06-05 12:57:59,851 - INFO - 주문 성공! 주문번호: 0000023540
2026-06-05 12:57:59,891 - INFO - 60초 후 다음 확인을 진행합니다. (현재 상태: SELLING)
2026-06-05 12:59:00,197 - INFO - [005930] 현재가: 333750, 고가: 343000, 저가: 325000
2026-06-05 12:59:00,197 - WARNING - ⚠️ 주문 고착 감지: 가격 이탈 (현재가:333,750, 목표가:343,000, 차이:9,250). 주문 취소를 시도합니다.
2026-06-05 12:59:00,198 - INFO - [CANCEL] 주문 취소 요청: 005930, 주문번호: 0000023540
2026-06-05 12:59:00,771 - INFO - 주문 취소 성공! (원주문: 0000023540)
2026-06-05 12:59:00,816 - INFO - 상태 전환 완료: HOLDING
2026-06-05 12:59:06,330 - INFO - 계좌 예수금: 9939083원
2026-06-05 12:59:06,331 - INFO - [005930] 보유: 1주, 매도 가능: 1주, 평단가: 340,500원
2026-06-05 12:59:06,345 - INFO - 미실현 손익: -6,750원 (-1.98%), 최고 수익률: 0.00%
2026-06-05 12:59:06,373 - INFO - 매도 조건 충족: 평단가(340,500), 현재가(333,750) -> 목표가(343,000원) (보수적 상향 보정)
2026-06-05 12:59:06,374 - INFO - [SELL] 주문 요청: 005930, 1주, 343000원
2026-06-05 12:59:06,916 - INFO - 주문 성공! 주문번호: 0000023602
2026-06-05 12:59:06,956 - INFO - 60초 후 다음 확인을 진행합니다. (현재 상태: SELLING)
2026-06-05 13:00:09,941 - INFO - [005930] 현재가: 334000, 고가: 343000, 저가: 325000
2026-06-05 13:00:09,941 - WARNING - ⚠️ 주문 고착 감지: 가격 이탈 (현재가:334,000, 목표가:343,000, 차이:9,000). 주문 취소를 시도합니다.
2026-06-05 13:00:09,942 - INFO - [CANCEL] 주문 취소 요청: 005930, 주문번호: 0000023602
2026-06-05 13:00:13,082 - INFO - 주문 취소 성공! (원주문: 0000023602)
2026-06-05 13:00:13,124 - INFO - 상태 전환 완료: HOLDING
2026-06-05 13:00:22,401 - INFO - 계좌 예수금: 9939083원
2026-06-05 13:00:22,402 - INFO - [005930] 보유: 1주, 매도 가능: 1주, 평단가: 340,500원
2026-06-05 13:00:22,415 - INFO - 미실현 손익: -6,500원 (-1.91%), 최고 수익률: 0.00%
2026-06-05 13:00:22,447 - INFO - 매도 조건 충족: 평단가(340,500), 현재가(334,000) -> 목표가(343,000원) (보수적 상향 보정)
2026-06-05 13:00:22,447 - INFO - [SELL] 주문 요청: 005930, 1주, 343000원
2026-06-05 13:00:28,258 - INFO - 주문 성공! 주문번호: 0000023665
2026-06-05 13:00:28,300 - INFO - 60초 후 다음 확인을 진행합니다. (현재 상태: SELLING)
2026-06-05 13:01:28,448 - INFO - [005930] 현재가: 333250, 고가: 343000, 저가: 325000
2026-06-05 13:01:28,449 - WARNING - ⚠️ 주문 고착 감지: 가격 이탈 (현재가:333,250, 목표가:343,000, 차이:9,750). 주문 취소를 시도합니다.
2026-06-05 13:01:28,449 - INFO - [CANCEL] 주문 취소 요청: 005930, 주문번호: 0000023665
2026-06-05 13:01:29,551 - INFO - 주문 취소 성공! (원주문: 0000023665)
2026-06-05 13:01:29,585 - INFO - 상태 전환 완료: HOLDING
2026-06-05 13:01:35,268 - INFO - 계좌 예수금: 9939083원
2026-06-05 13:01:35,269 - INFO - [005930] 보유: 1주, 매도 가능: 1주, 평단가: 340,500원
2026-06-05 13:01:35,281 - INFO - 미실현 손익: -7,250원 (-2.13%), 최고 수익률: 0.00%
2026-06-05 13:01:35,307 - INFO - 매도 조건 충족: 평단가(340,500), 현재가(333,250) -> 목표가(343,000원) (보수적 상향 보정)
2026-06-05 13:01:35,307 - INFO - [SELL] 주문 요청: 005930, 1주, 343000원
2026-06-05 13:01:36,644 - INFO - 주문 성공! 주문번호: 0000023730
2026-06-05 13:01:36,708 - INFO - 60초 후 다음 확인을 진행합니다. (현재 상태: SELLING)
2026-06-05 13:02:38,870 - INFO - [005930] 현재가: 334250, 고가: 343000, 저가: 325000
2026-06-05 13:02:38,870 - WARNING - ⚠️ 주문 고착 감지: 가격 이탈 (현재가:334,250, 목표가:343,000, 차이:8,750). 주문 취소를 시도합니다.
2026-06-05 13:02:38,870 - INFO - [CANCEL] 주문 취소 요청: 005930, 주문번호: 0000023730
2026-06-05 13:02:41,570 - INFO - 주문 취소 성공! (원주문: 0000023730)
2026-06-05 13:02:41,613 - INFO - 상태 전환 완료: HOLDING
2026-06-05 13:02:46,696 - INFO - 계좌 예수금: 9939083원
2026-06-05 13:02:46,697 - INFO - [005930] 보유: 1주, 매도 가능: 1주, 평단가: 340,500원
2026-06-05 13:02:46,712 - INFO - 미실현 손익: -6,250원 (-1.84%), 최고 수익률: 0.00%
2026-06-05 13:02:46,743 - INFO - 매도 조건 충족: 평단가(340,500), 현재가(334,250) -> 목표가(343,000원) (보수적 상향 보정)
2026-06-05 13:02:46,744 - INFO - [SELL] 주문 요청: 005930, 1주, 343000원
2026-06-05 13:02:46,927 - INFO - 주문 성공! 주문번호: 0000023804
2026-06-05 13:02:46,968 - INFO - 60초 후 다음 확인을 진행합니다. (현재 상태: SELLING)
2026-06-05 13:03:47,189 - INFO - [005930] 현재가: 334250, 고가: 343000, 저가: 325000
2026-06-05 13:03:47,189 - WARNING - ⚠️ 주문 고착 감지: 가격 이탈 (현재가:334,250, 목표가:343,000, 차이:8,750). 주문 취소를 시도합니다.
2026-06-05 13:03:47,190 - INFO - [CANCEL] 주문 취소 요청: 005930, 주문번호: 0000023804
2026-06-05 13:03:47,828 - INFO - 주문 취소 성공! (원주문: 0000023804)
2026-06-05 13:03:47,877 - INFO - 상태 전환 완료: HOLDING
2026-06-05 13:03:51,823 - INFO - 계좌 예수금: 9939083원
2026-06-05 13:03:51,823 - INFO - [005930] 보유: 1주, 매도 가능: 1주, 평단가: 340,500원
2026-06-05 13:03:51,838 - INFO - 미실현 손익: -6,250원 (-1.84%), 최고 수익률: 0.00%
2026-06-05 13:03:51,870 - INFO - 매도 조건 충족: 평단가(340,500), 현재가(334,250) -> 목표가(343,000원) (보수적 상향 보정)
2026-06-05 13:03:51,870 - INFO - [SELL] 주문 요청: 005930, 1주, 343000원
2026-06-05 13:03:52,015 - INFO - 주문 성공! 주문번호: 0000023846
2026-06-05 13:03:52,063 - INFO - 60초 후 다음 확인을 진행합니다. (현재 상태: SELLING)
2026-06-05 13:04:54,392 - INFO - [005930] 현재가: 333250, 고가: 343000, 저가: 325000
2026-06-05 13:04:54,392 - WARNING - ⚠️ 주문 고착 감지: 가격 이탈 (현재가:333,250, 목표가:343,000, 차이:9,750). 주문 취소를 시도합니다.
2026-06-05 13:04:54,393 - INFO - [CANCEL] 주문 취소 요청: 005930, 주문번호: 0000023846
2026-06-05 13:04:54,546 - INFO - 주문 취소 성공! (원주문: 0000023846)
2026-06-05 13:04:54,588 - INFO - 상태 전환 완료: HOLDING
2026-06-05 13:04:59,614 - INFO - 계좌 예수금: 9939083원
2026-06-05 13:04:59,614 - INFO - [005930] 보유: 1주, 매도 가능: 1주, 평단가: 340,500원
2026-06-05 13:04:59,627 - INFO - 미실현 손익: -7,250원 (-2.13%), 최고 수익률: 0.00%
2026-06-05 13:04:59,659 - INFO - 매도 조건 충족: 평단가(340,500), 현재가(333,250) -> 목표가(343,000원) (보수적 상향 보정)
2026-06-05 13:04:59,660 - INFO - [SELL] 주문 요청: 005930, 1주, 343000원
2026-06-05 13:04:59,808 - INFO - 주문 성공! 주문번호: 0000023913
2026-06-05 13:04:59,852 - INFO - 60초 후 다음 확인을 진행합니다. (현재 상태: SELLING)
2026-06-05 13:06:01,501 - INFO - [005930] 현재가: 333500, 고가: 343000, 저가: 325000
2026-06-05 13:06:01,502 - WARNING - ⚠️ 주문 고착 감지: 가격 이탈 (현재가:333,500, 목표가:343,000, 차이:9,500). 주문 취소를 시도합니다.
2026-06-05 13:06:01,503 - INFO - [CANCEL] 주문 취소 요청: 005930, 주문번호: 0000023913
2026-06-05 13:06:01,709 - INFO - 주문 취소 성공! (원주문: 0000023913)
2026-06-05 13:06:01,756 - INFO - 상태 전환 완료: HOLDING
2026-06-05 13:06:07,715 - INFO - 계좌 예수금: 9939083원
2026-06-05 13:06:07,716 - INFO - [005930] 보유: 1주, 매도 가능: 1주, 평단가: 340,500원
2026-06-05 13:06:07,729 - INFO - 미실현 손익: -7,000원 (-2.06%), 최고 수익률: 0.00%
2026-06-05 13:06:07,764 - INFO - 매도 조건 충족: 평단가(340,500), 현재가(333,500) -> 목표가(343,000원) (보수적 상향 보정)
2026-06-05 13:06:07,765 - INFO - [SELL] 주문 요청: 005930, 1주, 343000원
2026-06-05 13:06:08,431 - INFO - 주문 성공! 주문번호: 0000023963
2026-06-05 13:06:08,481 - INFO - 60초 후 다음 확인을 진행합니다. (현재 상태: SELLING)
2026-06-05 13:07:10,347 - INFO - [005930] 현재가: 334750, 고가: 343000, 저가: 325000
2026-06-05 13:07:10,348 - WARNING - ⚠️ 주문 고착 감지: 가격 이탈 (현재가:334,750, 목표가:343,000, 차이:8,250). 주문 취소를 시도합니다.
2026-06-05 13:07:10,348 - INFO - [CANCEL] 주문 취소 요청: 005930, 주문번호: 0000023963
2026-06-05 13:07:12,637 - INFO - 주문 취소 성공! (원주문: 0000023963)
2026-06-05 13:07:12,677 - INFO - 상태 전환 완료: HOLDING
2026-06-05 13:07:20,216 - INFO - 계좌 예수금: 9939083원
2026-06-05 13:07:20,217 - INFO - [005930] 보유: 1주, 매도 가능: 1주, 평단가: 340,500원
2026-06-05 13:07:20,233 - INFO - 미실현 손익: -5,750원 (-1.69%), 최고 수익률: 0.00%
2026-06-05 13:07:20,268 - INFO - 매도 조건 충족: 평단가(340,500), 현재가(334,750) -> 목표가(343,000원) (보수적 상향 보정)
2026-06-05 13:07:20,269 - INFO - [SELL] 주문 요청: 005930, 1주, 343000원
2026-06-05 13:07:22,060 - INFO - 주문 성공! 주문번호: 0000024015
2026-06-05 13:07:22,109 - INFO - 60초 후 다음 확인을 진행합니다. (현재 상태: SELLING)
2026-06-05 13:08:22,583 - INFO - [005930] 현재가: 333750, 고가: 343000, 저가: 325000
2026-06-05 13:08:22,583 - WARNING - ⚠️ 주문 고착 감지: 가격 이탈 (현재가:333,750, 목표가:343,000, 차이:9,250). 주문 취소를 시도합니다.
2026-06-05 13:08:22,584 - INFO - [CANCEL] 주문 취소 요청: 005930, 주문번호: 0000024015
2026-06-05 13:08:22,754 - INFO - 주문 취소 성공! (원주문: 0000024015)
2026-06-05 13:08:22,795 - INFO - 상태 전환 완료: HOLDING
2026-06-05 13:08:26,126 - INFO - 계좌 예수금: 9939083원
2026-06-05 13:08:26,127 - INFO - [005930] 보유: 1주, 매도 가능: 1주, 평단가: 340,500원
2026-06-05 13:08:26,140 - INFO - 미실현 손익: -6,750원 (-1.98%), 최고 수익률: 0.00%
2026-06-05 13:08:26,171 - INFO - 매도 조건 충족: 평단가(340,500), 현재가(333,750) -> 목표가(343,000원) (보수적 상향 보정)
2026-06-05 13:08:26,172 - INFO - [SELL] 주문 요청: 005930, 1주, 343000원
2026-06-05 13:08:26,314 - INFO - 주문 성공! 주문번호: 0000024064
2026-06-05 13:08:26,361 - INFO - 60초 후 다음 확인을 진행합니다. (현재 상태: SELLING)
2026-06-05 13:09:26,518 - INFO - [005930] 현재가: 333750, 고가: 343000, 저가: 325000
2026-06-05 13:09:26,518 - WARNING - ⚠️ 주문 고착 감지: 가격 이탈 (현재가:333,750, 목표가:343,000, 차이:9,250). 주문 취소를 시도합니다.
2026-06-05 13:09:26,519 - INFO - [CANCEL] 주문 취소 요청: 005930, 주문번호: 0000024064
2026-06-05 13:09:26,994 - ERROR - POST 요청 실패 (VTTC0013U): 500 Server Error: Internal Server Error for url: https://openapivts.koreainvestment.com:29443/uapi/domestic-stock/v1/trading/order-rvsecncl
2026-06-05 13:09:26,994 - ERROR - 상세 에러: {"rt_cd":"1","msg1":"초당 거래건수를 초과하였습니다.","msg_cd":"EGW00201","message":"EGW00201"}
2026-06-05 13:09:26,997 - ERROR - 주문 취소 실패: 응답 없음
2026-06-05 13:09:26,998 - ERROR - 주문 취소 실패. 다음 루프에서 재시도합니다.
2026-06-05 13:09:31,706 - INFO - 계좌 예수금: 9939083원
2026-06-05 13:09:31,706 - INFO - [005930] 보유: 1주, 매도 가능: 0주, 평단가: 340,500원
2026-06-05 13:09:31,721 - INFO - 미실현 손익: -6,750원 (-1.98%), 최고 수익률: 0.00%
2026-06-05 13:09:31,755 - INFO - 보유 수량(1)에 대해 매도 주문(0000024064)이 진행 중입니다.
2026-06-05 13:09:31,756 - INFO - 60초 후 다음 확인을 진행합니다. (현재 상태: SELLING)
2026-06-05 13:10:31,956 - INFO - [005930] 현재가: 333500, 고가: 343000, 저가: 325000
2026-06-05 13:10:31,956 - WARNING - ⚠️ 주문 고착 감지: 가격 이탈 (현재가:333,500, 목표가:343,000, 차이:9,500). 주문 취소를 시도합니다.
2026-06-05 13:10:31,957 - INFO - [CANCEL] 주문 취소 요청: 005930, 주문번호: 0000024064
2026-06-05 13:10:35,607 - INFO - 주문 취소 성공! (원주문: 0000024064)
2026-06-05 13:10:35,646 - INFO - 상태 전환 완료: HOLDING
2026-06-05 13:10:42,776 - INFO - 계좌 예수금: 9939083원
2026-06-05 13:10:42,777 - INFO - [005930] 보유: 1주, 매도 가능: 1주, 평단가: 340,500원
2026-06-05 13:10:42,791 - INFO - 미실현 손익: -7,000원 (-2.06%), 최고 수익률: 0.00%
2026-06-05 13:10:42,843 - INFO - 자가 최적화 기록 완료: C:\Users\witpo\OneDrive\바탕 화면\YONSEI\26-1\ECO4126 인공지능과금융공학\open-trading-api\self_optimization_history
2026-06-05 13:10:42,844 - INFO - 매도 조건 충족: 평단가(340,500), 현재가(333,500) -> 목표가(343,000원) (보수적 상향 보정)
2026-06-05 13:10:42,844 - INFO - [SELL] 주문 요청: 005930, 1주, 343000원
2026-06-05 13:10:43,391 - INFO - 주문 성공! 주문번호: 0000024136
2026-06-05 13:10:43,459 - INFO - 60초 후 다음 확인을 진행합니다. (현재 상태: SELLING)
2026-06-05 13:11:43,617 - INFO - [005930] 현재가: 333000, 고가: 343000, 저가: 325000
2026-06-05 13:11:43,618 - WARNING - ⚠️ 주문 고착 감지: 가격 이탈 (현재가:333,000, 목표가:343,000, 차이:10,000). 주문 취소를 시도합니다.
2026-06-05 13:11:43,618 - INFO - [CANCEL] 주문 취소 요청: 005930, 주문번호: 0000024136
2026-06-05 13:11:44,107 - INFO - 주문 취소 성공! (원주문: 0000024136)
2026-06-05 13:11:44,151 - INFO - 상태 전환 완료: HOLDING
2026-06-05 13:11:50,774 - INFO - 계좌 예수금: 9939083원
2026-06-05 13:11:50,775 - INFO - [005930] 보유: 1주, 매도 가능: 1주, 평단가: 340,500원
2026-06-05 13:11:50,789 - INFO - 미실현 손익: -7,500원 (-2.20%), 최고 수익률: 0.00%
2026-06-05 13:11:50,821 - INFO - 매도 조건 충족: 평단가(340,500), 현재가(333,000) -> 목표가(343,500원) (보수적 상향 보정)
2026-06-05 13:11:50,822 - INFO - [SELL] 주문 요청: 005930, 1주, 343500원
2026-06-05 13:11:52,111 - INFO - 주문 성공! 주문번호: 0000024196
2026-06-05 13:11:52,159 - INFO - 60초 후 다음 확인을 진행합니다. (현재 상태: SELLING)
2026-06-05 13:12:53,036 - INFO - [005930] 현재가: 333250, 고가: 343000, 저가: 325000
2026-06-05 13:12:53,037 - WARNING - ⚠️ 주문 고착 감지: 가격 이탈 (현재가:333,250, 목표가:343,500, 차이:10,250). 주문 취소를 시도합니다.
2026-06-05 13:12:53,037 - INFO - [CANCEL] 주문 취소 요청: 005930, 주문번호: 0000024196
2026-06-05 13:12:53,547 - INFO - 주문 취소 성공! (원주문: 0000024196)
2026-06-05 13:12:53,593 - INFO - 상태 전환 완료: HOLDING
2026-06-05 13:12:58,259 - INFO - 계좌 예수금: 9939083원
2026-06-05 13:12:58,260 - INFO - [005930] 보유: 1주, 매도 가능: 1주, 평단가: 340,500원
2026-06-05 13:12:58,274 - INFO - 미실현 손익: -7,250원 (-2.13%), 최고 수익률: 0.00%
2026-06-05 13:12:58,307 - INFO - 매도 조건 충족: 평단가(340,500), 현재가(333,250) -> 목표가(343,500원) (보수적 상향 보정)
2026-06-05 13:12:58,308 - INFO - [SELL] 주문 요청: 005930, 1주, 343500원
2026-06-05 13:12:58,470 - INFO - 주문 성공! 주문번호: 0000024265
2026-06-05 13:12:58,507 - INFO - 60초 후 다음 확인을 진행합니다. (현재 상태: SELLING)
2026-06-05 13:13:59,549 - INFO - [005930] 현재가: 331500, 고가: 343000, 저가: 325000
2026-06-05 13:13:59,549 - WARNING - ⚠️ 주문 고착 감지: 가격 이탈 (현재가:331,500, 목표가:343,500, 차이:12,000). 주문 취소를 시도합니다.
2026-06-05 13:13:59,550 - INFO - [CANCEL] 주문 취소 요청: 005930, 주문번호: 0000024265
2026-06-05 13:14:00,421 - INFO - 주문 취소 성공! (원주문: 0000024265)
2026-06-05 13:14:00,465 - INFO - 상태 전환 완료: HOLDING
2026-06-05 13:14:06,258 - INFO - 계좌 예수금: 9939083원
2026-06-05 13:14:06,259 - INFO - [005930] 보유: 1주, 매도 가능: 1주, 평단가: 340,500원
2026-06-05 13:14:06,273 - INFO - 미실현 손익: -9,000원 (-2.64%), 최고 수익률: 0.00%
2026-06-05 13:14:06,304 - INFO - 매도 조건 충족: 평단가(340,500), 현재가(331,500) -> 목표가(343,500원) (보수적 상향 보정)
2026-06-05 13:14:06,305 - INFO - [SELL] 주문 요청: 005930, 1주, 343500원
2026-06-05 13:14:07,691 - INFO - 주문 성공! 주문번호: 0000024326
2026-06-05 13:14:07,734 - INFO - 60초 후 다음 확인을 진행합니다. (현재 상태: SELLING)
2026-06-05 13:15:12,000 - INFO - [005930] 현재가: 332000, 고가: 343000, 저가: 325000
2026-06-05 13:15:12,001 - WARNING - ⚠️ 주문 고착 감지: 가격 이탈 (현재가:332,000, 목표가:343,500, 차이:11,500). 주문 취소를 시도합니다.
2026-06-05 13:15:12,002 - INFO - [CANCEL] 주문 취소 요청: 005930, 주문번호: 0000024326
2026-06-05 13:15:12,168 - INFO - 주문 취소 성공! (원주문: 0000024326)
2026-06-05 13:15:12,226 - INFO - 상태 전환 완료: HOLDING
2026-06-05 13:15:16,613 - INFO - 계좌 예수금: 9939083원
2026-06-05 13:15:16,613 - INFO - [005930] 보유: 1주, 매도 가능: 1주, 평단가: 340,500원
2026-06-05 13:15:16,627 - INFO - 미실현 손익: -8,500원 (-2.50%), 최고 수익률: 0.00%
2026-06-05 13:15:16,662 - INFO - 매도 조건 충족: 평단가(340,500), 현재가(332,000) -> 목표가(343,500원) (보수적 상향 보정)
2026-06-05 13:15:16,663 - INFO - [SELL] 주문 요청: 005930, 1주, 343500원
2026-06-05 13:15:16,868 - INFO - 주문 성공! 주문번호: 0000024387
2026-06-05 13:15:16,915 - INFO - 60초 후 다음 확인을 진행합니다. (현재 상태: SELLING)
2026-06-05 13:16:18,979 - INFO - [005930] 현재가: 331500, 고가: 343000, 저가: 325000
2026-06-05 13:16:18,980 - WARNING - ⚠️ 주문 고착 감지: 가격 이탈 (현재가:331,500, 목표가:343,500, 차이:12,000). 주문 취소를 시도합니다.
2026-06-05 13:16:18,980 - INFO - [CANCEL] 주문 취소 요청: 005930, 주문번호: 0000024387
2026-06-05 13:16:19,488 - INFO - 주문 취소 성공! (원주문: 0000024387)
2026-06-05 13:16:19,528 - INFO - 상태 전환 완료: HOLDING
2026-06-05 13:16:25,429 - INFO - 계좌 예수금: 9939083원
2026-06-05 13:16:25,429 - INFO - [005930] 보유: 1주, 매도 가능: 1주, 평단가: 340,500원
2026-06-05 13:16:25,443 - INFO - 미실현 손익: -9,000원 (-2.64%), 최고 수익률: 0.00%
2026-06-05 13:16:25,472 - INFO - 매도 조건 충족: 평단가(340,500), 현재가(331,500) -> 목표가(343,500원) (보수적 상향 보정)
2026-06-05 13:16:25,473 - INFO - [SELL] 주문 요청: 005930, 1주, 343500원
2026-06-05 13:16:27,986 - INFO - 주문 성공! 주문번호: 0000024448
2026-06-05 13:16:28,029 - INFO - 60초 후 다음 확인을 진행합니다. (현재 상태: SELLING)
2026-06-05 13:17:28,157 - INFO - [005930] 현재가: 332000, 고가: 343000, 저가: 325000
2026-06-05 13:17:28,157 - WARNING - ⚠️ 주문 고착 감지: 가격 이탈 (현재가:332,000, 목표가:343,500, 차이:11,500). 주문 취소를 시도합니다.
2026-06-05 13:17:28,158 - INFO - [CANCEL] 주문 취소 요청: 005930, 주문번호: 0000024448
2026-06-05 13:17:29,736 - INFO - 주문 취소 성공! (원주문: 0000024448)
2026-06-05 13:17:29,779 - INFO - 상태 전환 완료: HOLDING
2026-06-05 13:17:34,143 - INFO - 계좌 예수금: 9939083원
2026-06-05 13:17:34,144 - INFO - [005930] 보유: 1주, 매도 가능: 1주, 평단가: 340,500원
2026-06-05 13:17:34,161 - INFO - 미실현 손익: -8,500원 (-2.50%), 최고 수익률: 0.00%
2026-06-05 13:17:34,193 - INFO - 매도 조건 충족: 평단가(340,500), 현재가(332,000) -> 목표가(343,500원) (보수적 상향 보정)
2026-06-05 13:17:34,193 - INFO - [SELL] 주문 요청: 005930, 1주, 343500원
2026-06-05 13:17:36,292 - INFO - 주문 성공! 주문번호: 0000024497
2026-06-05 13:17:36,339 - INFO - 60초 후 다음 확인을 진행합니다. (현재 상태: SELLING)
2026-06-05 13:18:36,472 - INFO - [005930] 현재가: 332000, 고가: 343000, 저가: 325000
2026-06-05 13:18:36,472 - WARNING - ⚠️ 주문 고착 감지: 가격 이탈 (현재가:332,000, 목표가:343,500, 차이:11,500). 주문 취소를 시도합니다.
2026-06-05 13:18:36,473 - INFO - [CANCEL] 주문 취소 요청: 005930, 주문번호: 0000024497
2026-06-05 13:18:39,143 - INFO - 주문 취소 성공! (원주문: 0000024497)
2026-06-05 13:18:39,187 - INFO - 상태 전환 완료: HOLDING
2026-06-05 13:18:46,855 - INFO - 계좌 예수금: 9939083원
2026-06-05 13:18:46,856 - INFO - [005930] 보유: 1주, 매도 가능: 1주, 평단가: 340,500원
2026-06-05 13:18:46,872 - INFO - 미실현 손익: -8,500원 (-2.50%), 최고 수익률: 0.00%
2026-06-05 13:18:46,901 - INFO - 매도 조건 충족: 평단가(340,500), 현재가(332,000) -> 목표가(343,500원) (보수적 상향 보정)
2026-06-05 13:18:46,902 - INFO - [SELL] 주문 요청: 005930, 1주, 343500원
2026-06-05 13:18:48,593 - INFO - 주문 성공! 주문번호: 0000024551
2026-06-05 13:18:48,640 - INFO - 60초 후 다음 확인을 진행합니다. (현재 상태: SELLING)
2026-06-05 13:19:50,348 - INFO - [005930] 현재가: 332000, 고가: 343000, 저가: 325000
2026-06-05 13:19:50,349 - WARNING - ⚠️ 주문 고착 감지: 가격 이탈 (현재가:332,000, 목표가:343,500, 차이:11,500). 주문 취소를 시도합니다.
2026-06-05 13:19:50,350 - INFO - [CANCEL] 주문 취소 요청: 005930, 주문번호: 0000024551
2026-06-05 13:19:50,516 - INFO - 주문 취소 성공! (원주문: 0000024551)
2026-06-05 13:19:50,564 - INFO - 상태 전환 완료: HOLDING
2026-06-05 13:19:53,007 - INFO - 계좌 예수금: 9939083원
2026-06-05 13:19:53,008 - INFO - [005930] 보유: 1주, 매도 가능: 1주, 평단가: 340,500원
2026-06-05 13:19:53,024 - INFO - 미실현 손익: -8,500원 (-2.50%), 최고 수익률: 0.00%
2026-06-05 13:19:53,058 - INFO - 매도 조건 충족: 평단가(340,500), 현재가(332,000) -> 목표가(343,500원) (보수적 상향 보정)
2026-06-05 13:19:53,058 - INFO - [SELL] 주문 요청: 005930, 1주, 343500원
2026-06-05 13:19:54,541 - INFO - 주문 성공! 주문번호: 0000024597
2026-06-05 13:19:54,592 - INFO - 60초 후 다음 확인을 진행합니다. (현재 상태: SELLING)
2026-06-05 13:20:55,062 - INFO - [005930] 현재가: 332500, 고가: 343000, 저가: 325000
2026-06-05 13:20:55,062 - WARNING - ⚠️ 주문 고착 감지: 가격 이탈 (현재가:332,500, 목표가:343,500, 차이:11,000). 주문 취소를 시도합니다.
2026-06-05 13:20:55,063 - INFO - [CANCEL] 주문 취소 요청: 005930, 주문번호: 0000024597
2026-06-05 13:20:55,303 - ERROR - POST 요청 실패 (VTTC0013U): 500 Server Error: Internal Server Error for url: https://openapivts.koreainvestment.com:29443/uapi/domestic-stock/v1/trading/order-rvsecncl
2026-06-05 13:20:55,304 - ERROR - 상세 에러: {"rt_cd":"1","msg1":"초당 거래건수를 초과하였습니다.","msg_cd":"EGW00201","message":"EGW00201"}
2026-06-05 13:20:55,308 - ERROR - 주문 취소 실패: 응답 없음
2026-06-05 13:20:55,309 - ERROR - 주문 취소 실패. 다음 루프에서 재시도합니다.
2026-06-05 13:21:01,114 - INFO - 계좌 예수금: 9939083원
2026-06-05 13:21:01,114 - INFO - [005930] 보유: 1주, 매도 가능: 0주, 평단가: 340,500원
2026-06-05 13:21:01,127 - INFO - 미실현 손익: -8,000원 (-2.35%), 최고 수익률: 0.00%
2026-06-05 13:21:01,159 - INFO - 보유 수량(1)에 대해 매도 주문(0000024597)이 진행 중입니다.
2026-06-05 13:21:01,159 - INFO - 60초 후 다음 확인을 진행합니다. (현재 상태: SELLING)
2026-06-05 13:22:01,283 - INFO - [005930] 현재가: 332500, 고가: 343000, 저가: 325000
2026-06-05 13:22:01,284 - WARNING - ⚠️ 주문 고착 감지: 가격 이탈 (현재가:332,500, 목표가:343,500, 차이:11,000). 주문 취소를 시도합니다.
2026-06-05 13:22:01,284 - INFO - [CANCEL] 주문 취소 요청: 005930, 주문번호: 0000024597
2026-06-05 13:22:04,390 - INFO - 주문 취소 성공! (원주문: 0000024597)
2026-06-05 13:22:04,433 - INFO - 상태 전환 완료: HOLDING
2026-06-05 13:22:07,869 - INFO - 계좌 예수금: 9939083원
2026-06-05 13:22:07,869 - INFO - [005930] 보유: 1주, 매도 가능: 1주, 평단가: 340,500원
2026-06-05 13:22:07,886 - INFO - 미실현 손익: -8,000원 (-2.35%), 최고 수익률: 0.00%
2026-06-05 13:22:07,918 - INFO - 매도 조건 충족: 평단가(340,500), 현재가(332,500) -> 목표가(343,500원) (보수적 상향 보정)
2026-06-05 13:22:07,919 - INFO - [SELL] 주문 요청: 005930, 1주, 343500원
2026-06-05 13:22:11,352 - INFO - 주문 성공! 주문번호: 0000024682
2026-06-05 13:22:11,393 - INFO - 60초 후 다음 확인을 진행합니다. (현재 상태: SELLING)
2026-06-05 13:23:13,924 - INFO - [005930] 현재가: 332500, 고가: 343000, 저가: 325000
2026-06-05 13:23:13,924 - WARNING - ⚠️ 주문 고착 감지: 가격 이탈 (현재가:332,500, 목표가:343,500, 차이:11,000). 주문 취소를 시도합니다.
2026-06-05 13:23:13,925 - INFO - [CANCEL] 주문 취소 요청: 005930, 주문번호: 0000024682
2026-06-05 13:23:16,483 - INFO - 주문 취소 성공! (원주문: 0000024682)
2026-06-05 13:23:16,521 - INFO - 상태 전환 완료: HOLDING
2026-06-05 13:23:20,193 - INFO - 계좌 예수금: 9939083원
2026-06-05 13:23:20,194 - INFO - [005930] 보유: 1주, 매도 가능: 1주, 평단가: 340,500원
2026-06-05 13:23:20,212 - INFO - 미실현 손익: -8,000원 (-2.35%), 최고 수익률: 0.00%
2026-06-05 13:23:20,243 - INFO - 매도 조건 충족: 평단가(340,500), 현재가(332,500) -> 목표가(343,500원) (보수적 상향 보정)
2026-06-05 13:23:20,244 - INFO - [SELL] 주문 요청: 005930, 1주, 343500원
2026-06-05 13:23:22,178 - INFO - 주문 성공! 주문번호: 0000024730
2026-06-05 13:23:22,226 - INFO - 60초 후 다음 확인을 진행합니다. (현재 상태: SELLING)
2026-06-05 13:24:22,339 - INFO - [005930] 현재가: 332750, 고가: 343000, 저가: 325000
2026-06-05 13:24:22,340 - WARNING - ⚠️ 주문 고착 감지: 가격 이탈 (현재가:332,750, 목표가:343,500, 차이:10,750). 주문 취소를 시도합니다.
2026-06-05 13:24:22,340 - INFO - [CANCEL] 주문 취소 요청: 005930, 주문번호: 0000024730
2026-06-05 13:24:25,932 - INFO - 주문 취소 성공! (원주문: 0000024730)
2026-06-05 13:24:25,972 - INFO - 상태 전환 완료: HOLDING
2026-06-05 13:24:29,703 - INFO - 계좌 예수금: 9939083원
2026-06-05 13:24:29,704 - INFO - [005930] 보유: 1주, 매도 가능: 1주, 평단가: 340,500원
2026-06-05 13:24:29,717 - INFO - 미실현 손익: -7,750원 (-2.28%), 최고 수익률: 0.00%
2026-06-05 13:24:29,748 - INFO - 매도 조건 충족: 평단가(340,500), 현재가(332,750) -> 목표가(343,500원) (보수적 상향 보정)
2026-06-05 13:24:29,749 - INFO - [SELL] 주문 요청: 005930, 1주, 343500원
2026-06-05 13:24:33,873 - INFO - 주문 성공! 주문번호: 0000024766
2026-06-05 13:24:33,915 - INFO - 60초 후 다음 확인을 진행합니다. (현재 상태: SELLING)
2026-06-05 13:25:35,653 - INFO - [005930] 현재가: 334000, 고가: 343000, 저가: 325000
2026-06-05 13:25:35,653 - WARNING - ⚠️ 주문 고착 감지: 가격 이탈 (현재가:334,000, 목표가:343,500, 차이:9,500). 주문 취소를 시도합니다.
2026-06-05 13:25:35,653 - INFO - [CANCEL] 주문 취소 요청: 005930, 주문번호: 0000024766
2026-06-05 13:25:36,576 - INFO - 주문 취소 성공! (원주문: 0000024766)
2026-06-05 13:25:36,616 - INFO - 상태 전환 완료: HOLDING
2026-06-05 13:25:42,310 - INFO - 계좌 예수금: 9939083원
2026-06-05 13:25:42,310 - INFO - [005930] 보유: 1주, 매도 가능: 1주, 평단가: 340,500원
2026-06-05 13:25:42,325 - INFO - 미실현 손익: -6,500원 (-1.91%), 최고 수익률: 0.00%
2026-06-05 13:25:42,355 - INFO - 매도 조건 충족: 평단가(340,500), 현재가(334,000) -> 목표가(343,500원) (보수적 상향 보정)
2026-06-05 13:25:42,356 - INFO - [SELL] 주문 요청: 005930, 1주, 343500원
2026-06-05 13:25:43,592 - INFO - 주문 성공! 주문번호: 0000024828
2026-06-05 13:25:43,647 - INFO - 60초 후 다음 확인을 진행합니다. (현재 상태: SELLING)
2026-06-05 13:26:43,774 - INFO - [005930] 현재가: 333000, 고가: 343000, 저가: 325000
2026-06-05 13:26:43,775 - WARNING - ⚠️ 주문 고착 감지: 가격 이탈 (현재가:333,000, 목표가:343,500, 차이:10,500). 주문 취소를 시도합니다.
2026-06-05 13:26:43,775 - INFO - [CANCEL] 주문 취소 요청: 005930, 주문번호: 0000024828
2026-06-05 13:26:44,294 - INFO - 주문 취소 성공! (원주문: 0000024828)
2026-06-05 13:26:44,342 - INFO - 상태 전환 완료: HOLDING
2026-06-05 13:26:48,019 - INFO - 계좌 예수금: 9939083원
2026-06-05 13:26:48,020 - INFO - [005930] 보유: 1주, 매도 가능: 1주, 평단가: 340,500원
2026-06-05 13:26:48,035 - INFO - 미실현 손익: -7,500원 (-2.20%), 최고 수익률: 0.00%
2026-06-05 13:26:48,068 - INFO - 매도 조건 충족: 평단가(340,500), 현재가(333,000) -> 목표가(343,500원) (보수적 상향 보정)
2026-06-05 13:26:48,068 - INFO - [SELL] 주문 요청: 005930, 1주, 343500원
2026-06-05 13:26:48,772 - INFO - 주문 성공! 주문번호: 0000024886
2026-06-05 13:26:48,814 - INFO - 60초 후 다음 확인을 진행합니다. (현재 상태: SELLING)
2026-06-05 13:27:49,011 - INFO - [005930] 현재가: 332500, 고가: 343000, 저가: 325000
2026-06-05 13:27:49,011 - WARNING - ⚠️ 주문 고착 감지: 가격 이탈 (현재가:332,500, 목표가:343,500, 차이:11,000). 주문 취소를 시도합니다.
2026-06-05 13:27:49,012 - INFO - [CANCEL] 주문 취소 요청: 005930, 주문번호: 0000024886
2026-06-05 13:27:49,860 - INFO - 주문 취소 성공! (원주문: 0000024886)
2026-06-05 13:27:49,901 - INFO - 상태 전환 완료: HOLDING
2026-06-05 13:27:54,534 - INFO - 계좌 예수금: 9939083원
2026-06-05 13:27:54,534 - INFO - [005930] 보유: 1주, 매도 가능: 1주, 평단가: 340,500원
2026-06-05 13:27:54,548 - INFO - 미실현 손익: -8,000원 (-2.35%), 최고 수익률: 0.00%
2026-06-05 13:27:54,582 - INFO - 매도 조건 충족: 평단가(340,500), 현재가(332,500) -> 목표가(343,500원) (보수적 상향 보정)
2026-06-05 13:27:54,583 - INFO - [SELL] 주문 요청: 005930, 1주, 343500원
2026-06-05 13:27:54,740 - INFO - 주문 성공! 주문번호: 0000024945
2026-06-05 13:27:54,779 - INFO - 60초 후 다음 확인을 진행합니다. (현재 상태: SELLING)
2026-06-05 13:28:54,916 - INFO - [005930] 현재가: 332000, 고가: 343000, 저가: 325000
2026-06-05 13:28:54,917 - WARNING - ⚠️ 주문 고착 감지: 가격 이탈 (현재가:332,000, 목표가:343,500, 차이:11,500). 주문 취소를 시도합니다.
2026-06-05 13:28:54,917 - INFO - [CANCEL] 주문 취소 요청: 005930, 주문번호: 0000024945
2026-06-05 13:28:55,395 - ERROR - POST 요청 실패 (VTTC0013U): 500 Server Error: Internal Server Error for url: https://openapivts.koreainvestment.com:29443/uapi/domestic-stock/v1/trading/order-rvsecncl
2026-06-05 13:28:55,395 - ERROR - 상세 에러: {"rt_cd":"1","msg1":"초당 거래건수를 초과하였습니다.","msg_cd":"EGW00201","message":"EGW00201"}
2026-06-05 13:28:55,399 - ERROR - 주문 취소 실패: 응답 없음
2026-06-05 13:28:55,399 - ERROR - 주문 취소 실패. 다음 루프에서 재시도합니다.
2026-06-05 13:28:59,548 - INFO - 계좌 예수금: 9939083원
2026-06-05 13:28:59,549 - INFO - [005930] 보유: 1주, 매도 가능: 0주, 평단가: 340,500원
2026-06-05 13:28:59,565 - INFO - 미실현 손익: -8,500원 (-2.50%), 최고 수익률: 0.00%
2026-06-05 13:28:59,596 - INFO - 보유 수량(1)에 대해 매도 주문(0000024945)이 진행 중입니다.
2026-06-05 13:28:59,597 - INFO - 60초 후 다음 확인을 진행합니다. (현재 상태: SELLING)
2026-06-05 13:30:00,091 - INFO - [005930] 현재가: 331500, 고가: 343000, 저가: 325000
2026-06-05 13:30:00,092 - WARNING - ⚠️ 주문 고착 감지: 가격 이탈 (현재가:331,500, 목표가:343,500, 차이:12,000). 주문 취소를 시도합니다.
2026-06-05 13:30:00,092 - INFO - [CANCEL] 주문 취소 요청: 005930, 주문번호: 0000024945
2026-06-05 13:30:00,244 - INFO - 주문 취소 성공! (원주문: 0000024945)
2026-06-05 13:30:00,287 - INFO - 상태 전환 완료: HOLDING
2026-06-05 13:30:01,394 - ERROR - GET 요청 실패 (VTTC8434R): 500 Server Error: Internal Server Error for url: https://openapivts.koreainvestment.com:29443/uapi/domestic-stock/v1/trading/inquire-balance?CANO=50174003&ACNT_PRDT_CD=01&AFHR_FLPR_YN=N&OFL_YN=&INQR_DVSN=02&UNPR_DVSN=01&FUND_STTL_ICLD_YN=N&FNCG_AMT_AUTO_RDPT_YN=N&PRCS_DVSN=00&CTX_AREA_FK100=&CTX_AREA_NK100=
2026-06-05 13:30:01,395 - ERROR - 상세 에러: {"rt_cd":"1","msg1":"원장에서 허용 가능한 초당 거래건수를 초과하였습니다.","msg_cd":"EGW00201"}
2026-06-05 13:30:01,398 - ERROR - 잔고 조회 실패
2026-06-05 13:30:05,254 - WARNING - 예수금 부족으로 매수 불가 (예수금: 0원, 필요: 328000원)
2026-06-05 13:30:05,255 - INFO - 60초 후 다음 확인을 진행합니다. (현재 상태: IDLE)
2026-06-05 13:31:05,372 - INFO - [005930] 현재가: 330500, 고가: 343000, 저가: 325000
2026-06-05 13:31:13,806 - INFO - 계좌 예수금: 9939083원
2026-06-05 13:31:13,807 - INFO - [005930] 보유: 1주, 매도 가능: 1주, 평단가: 340,500원
2026-06-05 13:31:13,825 - INFO - 미실현 손익: -10,000원 (-2.94%), 최고 수익률: 0.00%
2026-06-05 13:31:13,858 - INFO - 매도 조건 충족: 평단가(340,500), 현재가(330,500) -> 목표가(343,500원) (보수적 상향 보정)
2026-06-05 13:31:13,859 - INFO - [SELL] 주문 요청: 005930, 1주, 343500원
2026-06-05 13:31:14,016 - INFO - 주문 성공! 주문번호: 0000025123
2026-06-05 13:31:14,077 - INFO - 자가 최적화 기록 완료: C:\Users\witpo\OneDrive\바탕 화면\YONSEI\26-1\ECO4126 인공지능과금융공학\open-trading-api\self_optimization_history
2026-06-05 13:31:14,111 - INFO - 60초 후 다음 확인을 진행합니다. (현재 상태: SELLING)
2026-06-05 13:32:15,055 - INFO - [005930] 현재가: 330750, 고가: 343000, 저가: 325000
2026-06-05 13:32:15,056 - WARNING - ⚠️ 주문 고착 감지: 가격 이탈 (현재가:330,750, 목표가:343,500, 차이:12,750). 주문 취소를 시도합니다.
2026-06-05 13:32:15,057 - INFO - [CANCEL] 주문 취소 요청: 005930, 주문번호: 0000025123
2026-06-05 13:32:17,391 - INFO - 주문 취소 성공! (원주문: 0000025123)
2026-06-05 13:32:17,435 - INFO - 상태 전환 완료: HOLDING
2026-06-05 13:32:23,525 - INFO - 계좌 예수금: 9939083원
2026-06-05 13:32:23,526 - INFO - [005930] 보유: 1주, 매도 가능: 1주, 평단가: 340,500원
2026-06-05 13:32:23,538 - INFO - 미실현 손익: -9,750원 (-2.86%), 최고 수익률: 0.00%
2026-06-05 13:32:23,566 - INFO - 매도 조건 충족: 평단가(340,500), 현재가(330,750) -> 목표가(343,000원) (보수적 상향 보정)
2026-06-05 13:32:23,566 - INFO - [SELL] 주문 요청: 005930, 1주, 343000원
2026-06-05 13:32:25,749 - INFO - 주문 성공! 주문번호: 0000025211
2026-06-05 13:32:25,795 - INFO - 60초 후 다음 확인을 진행합니다. (현재 상태: SELLING)
2026-06-05 13:33:26,005 - INFO - [005930] 현재가: 330750, 고가: 343000, 저가: 325000
2026-06-05 13:33:26,006 - WARNING - ⚠️ 주문 고착 감지: 가격 이탈 (현재가:330,750, 목표가:343,000, 차이:12,250). 주문 취소를 시도합니다.
2026-06-05 13:33:26,006 - INFO - [CANCEL] 주문 취소 요청: 005930, 주문번호: 0000025211
2026-06-05 13:33:26,475 - INFO - 주문 취소 성공! (원주문: 0000025211)
2026-06-05 13:33:26,519 - INFO - 상태 전환 완료: HOLDING
2026-06-05 13:33:31,459 - INFO - 계좌 예수금: 9939083원
2026-06-05 13:33:31,460 - INFO - [005930] 보유: 1주, 매도 가능: 1주, 평단가: 340,500원
2026-06-05 13:33:31,482 - INFO - 미실현 손익: -9,750원 (-2.86%), 최고 수익률: 0.00%
2026-06-05 13:33:31,519 - INFO - 매도 조건 충족: 평단가(340,500), 현재가(330,750) -> 목표가(343,000원) (보수적 상향 보정)
2026-06-05 13:33:31,519 - INFO - [SELL] 주문 요청: 005930, 1주, 343000원
2026-06-05 13:33:33,274 - INFO - 주문 성공! 주문번호: 0000025273
2026-06-05 13:33:33,321 - INFO - 60초 후 다음 확인을 진행합니다. (현재 상태: SELLING)
2026-06-05 13:34:33,491 - INFO - [005930] 현재가: 330500, 고가: 343000, 저가: 325000
2026-06-05 13:34:33,492 - WARNING - ⚠️ 주문 고착 감지: 가격 이탈 (현재가:330,500, 목표가:343,000, 차이:12,500). 주문 취소를 시도합니다.
2026-06-05 13:34:33,492 - INFO - [CANCEL] 주문 취소 요청: 005930, 주문번호: 0000025273
2026-06-05 13:34:36,116 - INFO - 주문 취소 성공! (원주문: 0000025273)
2026-06-05 13:34:36,155 - INFO - 상태 전환 완료: HOLDING
2026-06-05 13:34:44,329 - INFO - 계좌 예수금: 9939083원
2026-06-05 13:34:44,330 - INFO - [005930] 보유: 1주, 매도 가능: 1주, 평단가: 340,500원
2026-06-05 13:34:44,352 - INFO - 미실현 손익: -10,000원 (-2.94%), 최고 수익률: 0.00%
2026-06-05 13:34:44,399 - INFO - 매도 조건 충족: 평단가(340,500), 현재가(330,500) -> 목표가(343,000원) (보수적 상향 보정)
2026-06-05 13:34:44,400 - INFO - [SELL] 주문 요청: 005930, 1주, 343000원
2026-06-05 13:34:46,469 - INFO - 주문 성공! 주문번호: 0000025357
2026-06-05 13:34:46,513 - INFO - 60초 후 다음 확인을 진행합니다. (현재 상태: SELLING)
2026-06-05 13:35:47,020 - INFO - [005930] 현재가: 331500, 고가: 343000, 저가: 325000
2026-06-05 13:35:47,020 - WARNING - ⚠️ 주문 고착 감지: 가격 이탈 (현재가:331,500, 목표가:343,000, 차이:11,500). 주문 취소를 시도합니다.
2026-06-05 13:35:47,021 - INFO - [CANCEL] 주문 취소 요청: 005930, 주문번호: 0000025357
2026-06-05 13:35:50,754 - INFO - 주문 취소 성공! (원주문: 0000025357)
2026-06-05 13:35:50,796 - INFO - 상태 전환 완료: HOLDING
2026-06-05 13:35:56,551 - INFO - 계좌 예수금: 9939083원
2026-06-05 13:35:56,552 - INFO - [005930] 보유: 1주, 매도 가능: 1주, 평단가: 340,500원
2026-06-05 13:35:56,568 - INFO - 미실현 손익: -9,000원 (-2.64%), 최고 수익률: 0.00%
2026-06-05 13:35:56,604 - INFO - 매도 조건 충족: 평단가(340,500), 현재가(331,500) -> 목표가(343,000원) (보수적 상향 보정)
2026-06-05 13:35:56,604 - INFO - [SELL] 주문 요청: 005930, 1주, 343000원
2026-06-05 13:35:58,691 - INFO - 주문 성공! 주문번호: 0000025421
2026-06-05 13:35:58,737 - INFO - 60초 후 다음 확인을 진행합니다. (현재 상태: SELLING)
2026-06-05 13:36:59,025 - INFO - [005930] 현재가: 332500, 고가: 343000, 저가: 325000
2026-06-05 13:36:59,026 - WARNING - ⚠️ 주문 고착 감지: 가격 이탈 (현재가:332,500, 목표가:343,000, 차이:10,500). 주문 취소를 시도합니다.
2026-06-05 13:36:59,026 - INFO - [CANCEL] 주문 취소 요청: 005930, 주문번호: 0000025421
2026-06-05 13:36:59,728 - INFO - 주문 취소 성공! (원주문: 0000025421)
2026-06-05 13:36:59,771 - INFO - 상태 전환 완료: HOLDING
2026-06-05 13:37:06,827 - INFO - 계좌 예수금: 9939083원
2026-06-05 13:37:06,828 - INFO - [005930] 보유: 1주, 매도 가능: 1주, 평단가: 340,500원
2026-06-05 13:37:06,844 - INFO - 미실현 손익: -8,000원 (-2.35%), 최고 수익률: 0.00%
2026-06-05 13:37:06,879 - INFO - 매도 조건 충족: 평단가(340,500), 현재가(332,500) -> 목표가(343,000원) (보수적 상향 보정)
2026-06-05 13:37:06,879 - INFO - [SELL] 주문 요청: 005930, 1주, 343000원
2026-06-05 13:37:09,462 - INFO - 주문 성공! 주문번호: 0000025514
2026-06-05 13:37:09,522 - INFO - 60초 후 다음 확인을 진행합니다. (현재 상태: SELLING)
2026-06-05 13:38:13,773 - INFO - [005930] 현재가: 332500, 고가: 343000, 저가: 325000
2026-06-05 13:38:13,773 - WARNING - ⚠️ 주문 고착 감지: 가격 이탈 (현재가:332,500, 목표가:343,000, 차이:10,500). 주문 취소를 시도합니다.
2026-06-05 13:38:13,774 - INFO - [CANCEL] 주문 취소 요청: 005930, 주문번호: 0000025514
2026-06-05 13:38:17,712 - INFO - 주문 취소 성공! (원주문: 0000025514)
2026-06-05 13:38:17,757 - INFO - 상태 전환 완료: HOLDING
2026-06-05 13:38:21,557 - INFO - 계좌 예수금: 9939083원
2026-06-05 13:38:21,558 - INFO - [005930] 보유: 1주, 매도 가능: 1주, 평단가: 340,500원
2026-06-05 13:38:21,576 - INFO - 미실현 손익: -8,000원 (-2.35%), 최고 수익률: 0.00%
2026-06-05 13:38:21,612 - INFO - 매도 조건 충족: 평단가(340,500), 현재가(332,500) -> 목표가(343,000원) (보수적 상향 보정)
2026-06-05 13:38:21,613 - INFO - [SELL] 주문 요청: 005930, 1주, 343000원
2026-06-05 13:38:25,028 - INFO - 주문 성공! 주문번호: 0000025586
2026-06-05 13:38:25,072 - INFO - 60초 후 다음 확인을 진행합니다. (현재 상태: SELLING)
2026-06-05 13:39:26,442 - INFO - [005930] 현재가: 333000, 고가: 343000, 저가: 325000
2026-06-05 13:39:26,442 - WARNING - ⚠️ 주문 고착 감지: 가격 이탈 (현재가:333,000, 목표가:343,000, 차이:10,000). 주문 취소를 시도합니다.
2026-06-05 13:39:26,443 - INFO - [CANCEL] 주문 취소 요청: 005930, 주문번호: 0000025586
2026-06-05 13:39:27,296 - INFO - 주문 취소 성공! (원주문: 0000025586)
2026-06-05 13:39:27,344 - INFO - 상태 전환 완료: HOLDING
2026-06-05 13:39:33,948 - INFO - 계좌 예수금: 9939083원
2026-06-05 13:39:33,948 - INFO - [005930] 보유: 1주, 매도 가능: 1주, 평단가: 340,500원
2026-06-05 13:39:33,966 - INFO - 미실현 손익: -7,500원 (-2.20%), 최고 수익률: 0.00%
2026-06-05 13:39:34,002 - INFO - 매도 조건 충족: 평단가(340,500), 현재가(333,000) -> 목표가(343,000원) (보수적 상향 보정)
2026-06-05 13:39:34,003 - INFO - [SELL] 주문 요청: 005930, 1주, 343000원
2026-06-05 13:39:36,100 - INFO - 주문 성공! 주문번호: 0000025638
2026-06-05 13:39:36,163 - INFO - 60초 후 다음 확인을 진행합니다. (현재 상태: SELLING)
2026-06-05 13:40:39,492 - INFO - [005930] 현재가: 335000, 고가: 343000, 저가: 325000
2026-06-05 13:40:39,492 - WARNING - ⚠️ 주문 고착 감지: 가격 이탈 (현재가:335,000, 목표가:343,000, 차이:8,000). 주문 취소를 시도합니다.
2026-06-05 13:40:39,493 - INFO - [CANCEL] 주문 취소 요청: 005930, 주문번호: 0000025638
2026-06-05 13:40:41,640 - INFO - 주문 취소 성공! (원주문: 0000025638)
2026-06-05 13:40:41,681 - INFO - 상태 전환 완료: HOLDING
2026-06-05 13:40:47,476 - INFO - 계좌 예수금: 9939083원
2026-06-05 13:40:47,477 - INFO - [005930] 보유: 1주, 매도 가능: 1주, 평단가: 340,500원
2026-06-05 13:40:47,493 - INFO - 미실현 손익: -5,500원 (-1.62%), 최고 수익률: 0.00%
2026-06-05 13:40:47,523 - INFO - 매도 조건 충족: 평단가(340,500), 현재가(335,000) -> 목표가(343,000원) (보수적 상향 보정)
2026-06-05 13:40:47,524 - INFO - [SELL] 주문 요청: 005930, 1주, 343000원
2026-06-05 13:40:49,295 - INFO - 주문 성공! 주문번호: 0000025749
2026-06-05 13:40:49,340 - INFO - 60초 후 다음 확인을 진행합니다. (현재 상태: SELLING)
2026-06-05 13:41:50,991 - INFO - [005930] 현재가: 334500, 고가: 343000, 저가: 325000
2026-06-05 13:41:50,991 - WARNING - ⚠️ 주문 고착 감지: 가격 이탈 (현재가:334,500, 목표가:343,000, 차이:8,500). 주문 취소를 시도합니다.
2026-06-05 13:41:50,992 - INFO - [CANCEL] 주문 취소 요청: 005930, 주문번호: 0000025749
2026-06-05 13:41:53,138 - INFO - 주문 취소 성공! (원주문: 0000025749)
2026-06-05 13:41:53,183 - INFO - 상태 전환 완료: HOLDING
2026-06-05 13:41:57,627 - INFO - 계좌 예수금: 9939083원
2026-06-05 13:41:57,627 - INFO - [005930] 보유: 1주, 매도 가능: 1주, 평단가: 340,500원
2026-06-05 13:41:57,655 - INFO - 미실현 손익: -6,000원 (-1.76%), 최고 수익률: 0.00%
2026-06-05 13:41:57,688 - INFO - 매도 조건 충족: 평단가(340,500), 현재가(334,500) -> 목표가(343,000원) (보수적 상향 보정)
2026-06-05 13:41:57,689 - INFO - [SELL] 주문 요청: 005930, 1주, 343000원
2026-06-05 13:41:59,058 - INFO - 주문 성공! 주문번호: 0000025841
2026-06-05 13:41:59,116 - INFO - 60초 후 다음 확인을 진행합니다. (현재 상태: SELLING)
2026-06-05 13:42:59,250 - INFO - [005930] 현재가: 333500, 고가: 343000, 저가: 325000
2026-06-05 13:42:59,251 - WARNING - ⚠️ 주문 고착 감지: 가격 이탈 (현재가:333,500, 목표가:343,000, 차이:9,500). 주문 취소를 시도합니다.
2026-06-05 13:42:59,251 - INFO - [CANCEL] 주문 취소 요청: 005930, 주문번호: 0000025841
2026-06-05 13:42:59,773 - INFO - 주문 취소 성공! (원주문: 0000025841)
2026-06-05 13:42:59,818 - INFO - 상태 전환 완료: HOLDING
2026-06-05 13:43:07,668 - INFO - 계좌 예수금: 9939083원
2026-06-05 13:43:07,669 - INFO - [005930] 보유: 1주, 매도 가능: 1주, 평단가: 340,500원
2026-06-05 13:43:07,687 - INFO - 미실현 손익: -7,000원 (-2.06%), 최고 수익률: 0.00%
2026-06-05 13:43:07,719 - INFO - 매도 조건 충족: 평단가(340,500), 현재가(333,500) -> 목표가(343,000원) (보수적 상향 보정)
2026-06-05 13:43:07,720 - INFO - [SELL] 주문 요청: 005930, 1주, 343000원
2026-06-05 13:43:08,635 - INFO - 주문 성공! 주문번호: 0000025909
2026-06-05 13:43:08,679 - INFO - 60초 후 다음 확인을 진행합니다. (현재 상태: SELLING)
2026-06-05 13:44:11,477 - INFO - [005930] 현재가: 332500, 고가: 343000, 저가: 325000
2026-06-05 13:44:11,477 - WARNING - ⚠️ 주문 고착 감지: 가격 이탈 (현재가:332,500, 목표가:343,000, 차이:10,500). 주문 취소를 시도합니다.
2026-06-05 13:44:11,478 - INFO - [CANCEL] 주문 취소 요청: 005930, 주문번호: 0000025909
2026-06-05 13:44:14,546 - INFO - 주문 취소 성공! (원주문: 0000025909)
2026-06-05 13:44:14,598 - INFO - 상태 전환 완료: HOLDING
2026-06-05 13:44:19,490 - INFO - 계좌 예수금: 9939083원
2026-06-05 13:44:19,491 - INFO - [005930] 보유: 1주, 매도 가능: 1주, 평단가: 340,500원
2026-06-05 13:44:19,508 - INFO - 미실현 손익: -8,000원 (-2.35%), 최고 수익률: 0.00%
2026-06-05 13:44:19,543 - INFO - 매도 조건 충족: 평단가(340,500), 현재가(332,500) -> 목표가(343,000원) (보수적 상향 보정)
2026-06-05 13:44:19,544 - INFO - [SELL] 주문 요청: 005930, 1주, 343000원
2026-06-05 13:44:19,968 - INFO - 주문 성공! 주문번호: 0000025982
2026-06-05 13:44:20,015 - INFO - 60초 후 다음 확인을 진행합니다. (현재 상태: SELLING)
2026-06-05 13:45:23,152 - INFO - [005930] 현재가: 333000, 고가: 343000, 저가: 325000
2026-06-05 13:45:23,153 - WARNING - ⚠️ 주문 고착 감지: 가격 이탈 (현재가:333,000, 목표가:343,000, 차이:10,000). 주문 취소를 시도합니다.
2026-06-05 13:45:23,160 - INFO - [CANCEL] 주문 취소 요청: 005930, 주문번호: 0000025982
2026-06-05 13:45:25,513 - INFO - 주문 취소 성공! (원주문: 0000025982)
2026-06-05 13:45:25,565 - INFO - 상태 전환 완료: HOLDING
2026-06-05 13:45:31,960 - INFO - 계좌 예수금: 9939083원
2026-06-05 13:45:31,961 - INFO - [005930] 보유: 1주, 매도 가능: 1주, 평단가: 340,500원
2026-06-05 13:45:31,979 - INFO - 미실현 손익: -7,500원 (-2.20%), 최고 수익률: 0.00%
2026-06-05 13:45:32,023 - INFO - 매도 조건 충족: 평단가(340,500), 현재가(333,000) -> 목표가(343,000원) (보수적 상향 보정)
2026-06-05 13:45:32,025 - INFO - [SELL] 주문 요청: 005930, 1주, 343000원
2026-06-05 13:45:34,416 - INFO - 주문 성공! 주문번호: 0000026035
2026-06-05 13:45:34,467 - INFO - 60초 후 다음 확인을 진행합니다. (현재 상태: SELLING)
2026-06-05 13:46:35,453 - INFO - [005930] 현재가: 333500, 고가: 343000, 저가: 325000
2026-06-05 13:46:35,453 - WARNING - ⚠️ 주문 고착 감지: 가격 이탈 (현재가:333,500, 목표가:343,000, 차이:9,500). 주문 취소를 시도합니다.
2026-06-05 13:46:35,454 - INFO - [CANCEL] 주문 취소 요청: 005930, 주문번호: 0000026035
2026-06-05 13:46:37,402 - INFO - 주문 취소 성공! (원주문: 0000026035)
2026-06-05 13:46:37,446 - INFO - 상태 전환 완료: HOLDING
2026-06-05 13:46:45,026 - INFO - 계좌 예수금: 9939083원
2026-06-05 13:46:45,027 - INFO - [005930] 보유: 1주, 매도 가능: 1주, 평단가: 340,500원
2026-06-05 13:46:45,046 - INFO - 미실현 손익: -7,000원 (-2.06%), 최고 수익률: 0.00%
2026-06-05 13:46:45,082 - INFO - 매도 조건 충족: 평단가(340,500), 현재가(333,500) -> 목표가(343,000원) (보수적 상향 보정)
2026-06-05 13:46:45,082 - INFO - [SELL] 주문 요청: 005930, 1주, 343000원
2026-06-05 13:46:47,944 - INFO - 주문 성공! 주문번호: 0000026097
2026-06-05 13:46:48,004 - INFO - 60초 후 다음 확인을 진행합니다. (현재 상태: SELLING)
2026-06-05 13:47:48,161 - INFO - [005930] 현재가: 334000, 고가: 343000, 저가: 325000
2026-06-05 13:47:48,162 - WARNING - ⚠️ 주문 고착 감지: 가격 이탈 (현재가:334,000, 목표가:343,000, 차이:9,000). 주문 취소를 시도합니다.
2026-06-05 13:47:48,162 - INFO - [CANCEL] 주문 취소 요청: 005930, 주문번호: 0000026097
2026-06-05 13:47:48,651 - INFO - 주문 취소 성공! (원주문: 0000026097)
2026-06-05 13:47:48,699 - INFO - 상태 전환 완료: HOLDING
2026-06-05 13:47:55,886 - INFO - 계좌 예수금: 9939083원
2026-06-05 13:47:55,887 - INFO - [005930] 보유: 1주, 매도 가능: 1주, 평단가: 340,500원
2026-06-05 13:47:55,906 - INFO - 미실현 손익: -6,500원 (-1.91%), 최고 수익률: 0.00%
2026-06-05 13:47:55,946 - INFO - 매도 조건 충족: 평단가(340,500), 현재가(334,000) -> 목표가(343,000원) (보수적 상향 보정)
2026-06-05 13:47:55,947 - INFO - [SELL] 주문 요청: 005930, 1주, 343000원
2026-06-05 13:47:58,297 - INFO - 주문 성공! 주문번호: 0000026159
2026-06-05 13:47:58,352 - INFO - 60초 후 다음 확인을 진행합니다. (현재 상태: SELLING)
2026-06-05 13:48:59,806 - INFO - [005930] 현재가: 333250, 고가: 343000, 저가: 325000
2026-06-05 13:48:59,807 - WARNING - ⚠️ 주문 고착 감지: 가격 이탈 (현재가:333,250, 목표가:343,000, 차이:9,750). 주문 취소를 시도합니다.
2026-06-05 13:48:59,808 - INFO - [CANCEL] 주문 취소 요청: 005930, 주문번호: 0000026159
2026-06-05 13:48:59,981 - INFO - 주문 취소 성공! (원주문: 0000026159)
2026-06-05 13:49:00,046 - INFO - 상태 전환 완료: HOLDING
2026-06-05 13:49:05,167 - INFO - 계좌 예수금: 9939083원
2026-06-05 13:49:05,168 - INFO - [005930] 보유: 1주, 매도 가능: 1주, 평단가: 340,500원
2026-06-05 13:49:05,186 - INFO - 미실현 손익: -7,250원 (-2.13%), 최고 수익률: 0.00%
2026-06-05 13:49:05,226 - INFO - 매도 조건 충족: 평단가(340,500), 현재가(333,250) -> 목표가(343,000원) (보수적 상향 보정)
2026-06-05 13:49:05,227 - INFO - [SELL] 주문 요청: 005930, 1주, 343000원
2026-06-05 13:49:05,502 - INFO - 주문 성공! 주문번호: 0000026221
2026-06-05 13:49:05,547 - INFO - 60초 후 다음 확인을 진행합니다. (현재 상태: SELLING)
2026-06-05 13:50:09,888 - INFO - [005930] 현재가: 334000, 고가: 343000, 저가: 325000
2026-06-05 13:50:09,889 - WARNING - ⚠️ 주문 고착 감지: 가격 이탈 (현재가:334,000, 목표가:343,000, 차이:9,000). 주문 취소를 시도합니다.
2026-06-05 13:50:09,889 - INFO - [CANCEL] 주문 취소 요청: 005930, 주문번호: 0000026221
2026-06-05 13:50:14,598 - INFO - 주문 취소 성공! (원주문: 0000026221)
2026-06-05 13:50:14,647 - INFO - 상태 전환 완료: HOLDING
2026-06-05 13:50:21,357 - INFO - 계좌 예수금: 9939083원
2026-06-05 13:50:21,358 - INFO - [005930] 보유: 1주, 매도 가능: 1주, 평단가: 340,500원
2026-06-05 13:50:21,377 - INFO - 미실현 손익: -6,500원 (-1.91%), 최고 수익률: 0.00%
2026-06-05 13:50:21,418 - INFO - 매도 조건 충족: 평단가(340,500), 현재가(334,000) -> 목표가(343,000원) (보수적 상향 보정)
2026-06-05 13:50:21,418 - INFO - [SELL] 주문 요청: 005930, 1주, 343000원
2026-06-05 13:50:25,454 - INFO - 주문 성공! 주문번호: 0000026299
2026-06-05 13:50:25,507 - INFO - 60초 후 다음 확인을 진행합니다. (현재 상태: SELLING)
2026-06-05 13:51:29,107 - INFO - [005930] 현재가: 334000, 고가: 343000, 저가: 325000
2026-06-05 13:51:29,108 - WARNING - ⚠️ 주문 고착 감지: 가격 이탈 (현재가:334,000, 목표가:343,000, 차이:9,000). 주문 취소를 시도합니다.
2026-06-05 13:51:29,108 - INFO - [CANCEL] 주문 취소 요청: 005930, 주문번호: 0000026299
2026-06-05 13:51:33,145 - INFO - 주문 취소 성공! (원주문: 0000026299)
2026-06-05 13:51:33,210 - INFO - 상태 전환 완료: HOLDING
2026-06-05 13:51:35,807 - INFO - 계좌 예수금: 9939083원
2026-06-05 13:51:35,808 - INFO - [005930] 보유: 1주, 매도 가능: 1주, 평단가: 340,500원
2026-06-05 13:51:35,828 - INFO - 미실현 손익: -6,500원 (-1.91%), 최고 수익률: 0.00%
2026-06-05 13:51:35,879 - INFO - 자가 최적화 기록 완료: C:\Users\witpo\OneDrive\바탕 화면\YONSEI\26-1\ECO4126 인공지능과금융공학\open-trading-api\self_optimization_history
2026-06-05 13:51:35,881 - INFO - 매도 조건 충족: 평단가(340,500), 현재가(334,000) -> 목표가(343,000원) (보수적 상향 보정)
2026-06-05 13:51:35,882 - INFO - [SELL] 주문 요청: 005930, 1주, 343000원
2026-06-05 13:51:39,217 - INFO - 주문 성공! 주문번호: 0000026349
2026-06-05 13:51:39,312 - INFO - 60초 후 다음 확인을 진행합니다. (현재 상태: SELLING)
2026-06-05 13:52:39,442 - INFO - [005930] 현재가: 334000, 고가: 343000, 저가: 325000
2026-06-05 13:52:39,443 - WARNING - ⚠️ 주문 고착 감지: 가격 이탈 (현재가:334,000, 목표가:343,000, 차이:9,000). 주문 취소를 시도합니다.
2026-06-05 13:52:39,443 - INFO - [CANCEL] 주문 취소 요청: 005930, 주문번호: 0000026349
2026-06-05 13:52:39,967 - INFO - 주문 취소 성공! (원주문: 0000026349)
2026-06-05 13:52:40,012 - INFO - 상태 전환 완료: HOLDING
2026-06-05 13:52:45,546 - INFO - 계좌 예수금: 9939083원
2026-06-05 13:52:45,547 - INFO - [005930] 보유: 1주, 매도 가능: 1주, 평단가: 340,500원
2026-06-05 13:52:45,565 - INFO - 미실현 손익: -6,500원 (-1.91%), 최고 수익률: 0.00%
2026-06-05 13:52:45,603 - INFO - 매도 조건 충족: 평단가(340,500), 현재가(334,000) -> 목표가(343,000원) (보수적 상향 보정)
2026-06-05 13:52:45,604 - INFO - [SELL] 주문 요청: 005930, 1주, 343000원
2026-06-05 13:52:45,791 - INFO - 주문 성공! 주문번호: 0000026420
2026-06-05 13:52:45,845 - INFO - 60초 후 다음 확인을 진행합니다. (현재 상태: SELLING)
2026-06-05 13:53:46,251 - INFO - [005930] 현재가: 334250, 고가: 343000, 저가: 325000
2026-06-05 13:53:46,252 - WARNING - ⚠️ 주문 고착 감지: 가격 이탈 (현재가:334,250, 목표가:343,000, 차이:8,750). 주문 취소를 시도합니다.
2026-06-05 13:53:46,253 - INFO - [CANCEL] 주문 취소 요청: 005930, 주문번호: 0000026420
2026-06-05 13:53:46,523 - INFO - 주문 취소 성공! (원주문: 0000026420)
2026-06-05 13:53:46,581 - INFO - 상태 전환 완료: HOLDING
2026-06-05 13:53:53,136 - INFO - 계좌 예수금: 9939083원
2026-06-05 13:53:53,137 - INFO - [005930] 보유: 1주, 매도 가능: 1주, 평단가: 340,500원
2026-06-05 13:53:53,157 - INFO - 미실현 손익: -6,250원 (-1.84%), 최고 수익률: 0.00%
2026-06-05 13:53:53,195 - INFO - 매도 조건 충족: 평단가(340,500), 현재가(334,250) -> 목표가(343,000원) (보수적 상향 보정)
2026-06-05 13:53:53,195 - INFO - [SELL] 주문 요청: 005930, 1주, 343000원
2026-06-05 13:53:53,371 - INFO - 주문 성공! 주문번호: 0000026492
2026-06-05 13:53:53,430 - INFO - 60초 후 다음 확인을 진행합니다. (현재 상태: SELLING)
2026-06-05 13:54:54,659 - INFO - [005930] 현재가: 334500, 고가: 343000, 저가: 325000
2026-06-05 13:54:54,660 - WARNING - ⚠️ 주문 고착 감지: 가격 이탈 (현재가:334,500, 목표가:343,000, 차이:8,500). 주문 취소를 시도합니다.
2026-06-05 13:54:54,661 - INFO - [CANCEL] 주문 취소 요청: 005930, 주문번호: 0000026492
2026-06-05 13:54:54,827 - INFO - 주문 취소 성공! (원주문: 0000026492)
2026-06-05 13:54:54,875 - INFO - 상태 전환 완료: HOLDING
2026-06-05 13:55:00,526 - INFO - 계좌 예수금: 9939083원
2026-06-05 13:55:00,527 - INFO - [005930] 보유: 1주, 매도 가능: 1주, 평단가: 340,500원
2026-06-05 13:55:00,548 - INFO - 미실현 손익: -6,000원 (-1.76%), 최고 수익률: 0.00%
2026-06-05 13:55:00,584 - INFO - 매도 조건 충족: 평단가(340,500), 현재가(334,500) -> 목표가(343,000원) (보수적 상향 보정)
2026-06-05 13:55:00,585 - INFO - [SELL] 주문 요청: 005930, 1주, 343000원
2026-06-05 13:55:01,392 - INFO - 주문 성공! 주문번호: 0000026551
2026-06-05 13:55:01,438 - INFO - 60초 후 다음 확인을 진행합니다. (현재 상태: SELLING)
2026-06-05 13:56:02,061 - INFO - [005930] 현재가: 334500, 고가: 343000, 저가: 325000
2026-06-05 13:56:02,062 - WARNING - ⚠️ 주문 고착 감지: 가격 이탈 (현재가:334,500, 목표가:343,000, 차이:8,500). 주문 취소를 시도합니다.
2026-06-05 13:56:02,062 - INFO - [CANCEL] 주문 취소 요청: 005930, 주문번호: 0000026551
2026-06-05 13:56:03,826 - INFO - 주문 취소 성공! (원주문: 0000026551)
2026-06-05 13:56:03,873 - INFO - 상태 전환 완료: HOLDING
2026-06-05 13:56:09,951 - INFO - 계좌 예수금: 9939083원
2026-06-05 13:56:09,951 - INFO - [005930] 보유: 1주, 매도 가능: 1주, 평단가: 340,500원
2026-06-05 13:56:09,969 - INFO - 미실현 손익: -6,000원 (-1.76%), 최고 수익률: 0.00%
2026-06-05 13:56:10,003 - INFO - 매도 조건 충족: 평단가(340,500), 현재가(334,500) -> 목표가(343,000원) (보수적 상향 보정)
2026-06-05 13:56:10,003 - INFO - [SELL] 주문 요청: 005930, 1주, 343000원
2026-06-05 13:56:12,063 - INFO - 주문 성공! 주문번호: 0000026612
2026-06-05 13:56:12,110 - INFO - 60초 후 다음 확인을 진행합니다. (현재 상태: SELLING)
2026-06-05 13:57:12,892 - INFO - [005930] 현재가: 334500, 고가: 343000, 저가: 325000
2026-06-05 13:57:12,894 - WARNING - ⚠️ 주문 고착 감지: 가격 이탈 (현재가:334,500, 목표가:343,000, 차이:8,500). 주문 취소를 시도합니다.
2026-06-05 13:57:12,895 - INFO - [CANCEL] 주문 취소 요청: 005930, 주문번호: 0000026612
2026-06-05 13:57:13,118 - ERROR - POST 요청 실패 (VTTC0013U): 500 Server Error: Internal Server Error for url: https://openapivts.koreainvestment.com:29443/uapi/domestic-stock/v1/trading/order-rvsecncl
2026-06-05 13:57:13,119 - ERROR - 상세 에러: {"rt_cd":"1","msg1":"초당 거래건수를 초과하였습니다.","msg_cd":"EGW00201","message":"EGW00201"}
2026-06-05 13:57:13,122 - ERROR - 주문 취소 실패: 응답 없음
2026-06-05 13:57:13,123 - ERROR - 주문 취소 실패. 다음 루프에서 재시도합니다.
2026-06-05 13:57:17,948 - INFO - 계좌 예수금: 9939083원
2026-06-05 13:57:17,949 - INFO - [005930] 보유: 1주, 매도 가능: 0주, 평단가: 340,500원
2026-06-05 13:57:17,967 - INFO - 미실현 손익: -6,000원 (-1.76%), 최고 수익률: 0.00%
2026-06-05 13:57:18,014 - INFO - 보유 수량(1)에 대해 매도 주문(0000026612)이 진행 중입니다.
2026-06-05 13:57:18,015 - INFO - 60초 후 다음 확인을 진행합니다. (현재 상태: SELLING)
2026-06-05 13:58:21,233 - INFO - [005930] 현재가: 335250, 고가: 343000, 저가: 325000
2026-06-05 13:58:21,233 - WARNING - ⚠️ 주문 고착 감지: 가격 이탈 (현재가:335,250, 목표가:343,000, 차이:7,750). 주문 취소를 시도합니다.
2026-06-05 13:58:21,234 - INFO - [CANCEL] 주문 취소 요청: 005930, 주문번호: 0000026612
2026-06-05 13:58:21,388 - INFO - 주문 취소 성공! (원주문: 0000026612)
2026-06-05 13:58:21,431 - INFO - 상태 전환 완료: HOLDING
2026-06-05 13:58:26,410 - INFO - 계좌 예수금: 9939083원
2026-06-05 13:58:26,411 - INFO - [005930] 보유: 1주, 매도 가능: 1주, 평단가: 340,500원
2026-06-05 13:58:26,428 - INFO - 미실현 손익: -5,250원 (-1.54%), 최고 수익률: 0.00%
2026-06-05 13:58:26,466 - INFO - 매도 조건 충족: 평단가(340,500), 현재가(335,250) -> 목표가(343,000원) (보수적 상향 보정)
2026-06-05 13:58:26,467 - INFO - [SELL] 주문 요청: 005930, 1주, 343000원
2026-06-05 13:58:29,367 - INFO - 주문 성공! 주문번호: 0000026803
2026-06-05 13:58:29,421 - INFO - 60초 후 다음 확인을 진행합니다. (현재 상태: SELLING)
2026-06-05 13:59:29,594 - INFO - [005930] 현재가: 334750, 고가: 343000, 저가: 325000
2026-06-05 13:59:29,595 - WARNING - ⚠️ 주문 고착 감지: 가격 이탈 (현재가:334,750, 목표가:343,000, 차이:8,250). 주문 취소를 시도합니다.
2026-06-05 13:59:29,595 - INFO - [CANCEL] 주문 취소 요청: 005930, 주문번호: 0000026803
2026-06-05 13:59:30,878 - INFO - 주문 취소 성공! (원주문: 0000026803)
2026-06-05 13:59:30,942 - INFO - 상태 전환 완료: HOLDING
2026-06-05 13:59:37,224 - INFO - 계좌 예수금: 9939083원
2026-06-05 13:59:37,225 - INFO - [005930] 보유: 1주, 매도 가능: 1주, 평단가: 340,500원
2026-06-05 13:59:37,243 - INFO - 미실현 손익: -5,750원 (-1.69%), 최고 수익률: 0.00%
2026-06-05 13:59:37,278 - INFO - 매도 조건 충족: 평단가(340,500), 현재가(334,750) -> 목표가(343,000원) (보수적 상향 보정)
2026-06-05 13:59:37,278 - INFO - [SELL] 주문 요청: 005930, 1주, 343000원
2026-06-05 13:59:39,258 - INFO - 주문 성공! 주문번호: 0000026867
2026-06-05 13:59:39,306 - INFO - 60초 후 다음 확인을 진행합니다. (현재 상태: SELLING)
2026-06-05 14:00:46,569 - INFO - [005930] 현재가: 335000, 고가: 343000, 저가: 325000
2026-06-05 14:00:46,570 - WARNING - ⚠️ 주문 고착 감지: 가격 이탈 (현재가:335,000, 목표가:343,000, 차이:8,000). 주문 취소를 시도합니다.
2026-06-05 14:00:46,570 - INFO - [CANCEL] 주문 취소 요청: 005930, 주문번호: 0000026867
2026-06-05 14:00:49,002 - INFO - 주문 취소 성공! (원주문: 0000026867)
2026-06-05 14:00:49,047 - INFO - 상태 전환 완료: HOLDING
2026-06-05 14:00:59,763 - INFO - 계좌 예수금: 9939083원
2026-06-05 14:00:59,764 - INFO - [005930] 보유: 1주, 매도 가능: 1주, 평단가: 340,500원
2026-06-05 14:00:59,781 - INFO - 미실현 손익: -5,500원 (-1.62%), 최고 수익률: 0.00%
2026-06-05 14:00:59,820 - INFO - 매도 조건 충족: 평단가(340,500), 현재가(335,000) -> 목표가(343,000원) (보수적 상향 보정)
2026-06-05 14:00:59,821 - INFO - [SELL] 주문 요청: 005930, 1주, 343000원
2026-06-05 14:01:02,725 - INFO - 주문 성공! 주문번호: 0000026956
2026-06-05 14:01:02,776 - INFO - 60초 후 다음 확인을 진행합니다. (현재 상태: SELLING)
2026-06-05 14:02:03,990 - INFO - [005930] 현재가: 335000, 고가: 343000, 저가: 325000
2026-06-05 14:02:03,991 - WARNING - ⚠️ 주문 고착 감지: 가격 이탈 (현재가:335,000, 목표가:343,000, 차이:8,000). 주문 취소를 시도합니다.
2026-06-05 14:02:03,991 - INFO - [CANCEL] 주문 취소 요청: 005930, 주문번호: 0000026956
2026-06-05 14:02:06,217 - INFO - 주문 취소 성공! (원주문: 0000026956)
2026-06-05 14:02:06,257 - INFO - 상태 전환 완료: HOLDING
2026-06-05 14:02:13,880 - INFO - 계좌 예수금: 9939083원
2026-06-05 14:02:13,881 - INFO - [005930] 보유: 1주, 매도 가능: 1주, 평단가: 340,500원
2026-06-05 14:02:13,898 - INFO - 미실현 손익: -5,500원 (-1.62%), 최고 수익률: 0.00%
2026-06-05 14:02:13,927 - INFO - 매도 조건 충족: 평단가(340,500), 현재가(335,000) -> 목표가(343,000원) (보수적 상향 보정)
2026-06-05 14:02:13,928 - INFO - [SELL] 주문 요청: 005930, 1주, 343000원
2026-06-05 14:02:15,642 - INFO - 주문 성공! 주문번호: 0000027074
2026-06-05 14:02:15,685 - INFO - 60초 후 다음 확인을 진행합니다. (현재 상태: SELLING)
2026-06-05 14:03:16,364 - INFO - [005930] 현재가: 336000, 고가: 343000, 저가: 325000
2026-06-05 14:03:16,364 - WARNING - ⚠️ 주문 고착 감지: 가격 이탈 (현재가:336,000, 목표가:343,000, 차이:7,000). 주문 취소를 시도합니다.
2026-06-05 14:03:16,365 - INFO - [CANCEL] 주문 취소 요청: 005930, 주문번호: 0000027074
2026-06-05 14:03:17,286 - INFO - 주문 취소 성공! (원주문: 0000027074)
2026-06-05 14:03:17,340 - INFO - 상태 전환 완료: HOLDING
2026-06-05 14:03:24,766 - INFO - 계좌 예수금: 9939083원
2026-06-05 14:03:24,766 - INFO - [005930] 보유: 1주, 매도 가능: 1주, 평단가: 340,500원
2026-06-05 14:03:24,782 - INFO - 미실현 손익: -4,500원 (-1.32%), 최고 수익률: 0.00%
2026-06-05 14:03:24,813 - INFO - 매도 조건 충족: 평단가(340,500), 현재가(336,000) -> 목표가(343,000원) (보수적 상향 보정)
2026-06-05 14:03:24,813 - INFO - [SELL] 주문 요청: 005930, 1주, 343000원
2026-06-05 14:03:26,873 - INFO - 주문 성공! 주문번호: 0000027162
2026-06-05 14:03:26,934 - INFO - 60초 후 다음 확인을 진행합니다. (현재 상태: SELLING)
2026-06-05 14:04:27,550 - INFO - [005930] 현재가: 336000, 고가: 343000, 저가: 325000
2026-06-05 14:04:27,551 - WARNING - ⚠️ 주문 고착 감지: 가격 이탈 (현재가:336,000, 목표가:343,000, 차이:7,000). 주문 취소를 시도합니다.
2026-06-05 14:04:27,552 - INFO - [CANCEL] 주문 취소 요청: 005930, 주문번호: 0000027162
2026-06-05 14:04:28,151 - INFO - 주문 취소 성공! (원주문: 0000027162)
2026-06-05 14:04:28,214 - INFO - 상태 전환 완료: HOLDING
2026-06-05 14:04:37,167 - INFO - 계좌 예수금: 9939083원
2026-06-05 14:04:37,168 - INFO - [005930] 보유: 1주, 매도 가능: 1주, 평단가: 340,500원
2026-06-05 14:04:37,185 - INFO - 미실현 손익: -4,500원 (-1.32%), 최고 수익률: 0.00%
2026-06-05 14:04:37,238 - INFO - 매도 조건 충족: 평단가(340,500), 현재가(336,000) -> 목표가(343,000원) (보수적 상향 보정)
2026-06-05 14:04:37,239 - INFO - [SELL] 주문 요청: 005930, 1주, 343000원
2026-06-05 14:04:39,417 - INFO - 주문 성공! 주문번호: 0000027231
2026-06-05 14:04:39,469 - INFO - 60초 후 다음 확인을 진행합니다. (현재 상태: SELLING)
2026-06-05 14:05:40,863 - INFO - [005930] 현재가: 335000, 고가: 343000, 저가: 325000
2026-06-05 14:05:40,863 - WARNING - ⚠️ 주문 고착 감지: 가격 이탈 (현재가:335,000, 목표가:343,000, 차이:8,000). 주문 취소를 시도합니다.
2026-06-05 14:05:40,864 - INFO - [CANCEL] 주문 취소 요청: 005930, 주문번호: 0000027231
2026-06-05 14:05:41,912 - INFO - 주문 취소 성공! (원주문: 0000027231)
2026-06-05 14:05:41,956 - INFO - 상태 전환 완료: HOLDING
2026-06-05 14:05:48,550 - INFO - 계좌 예수금: 9939083원
2026-06-05 14:05:48,551 - INFO - [005930] 보유: 1주, 매도 가능: 1주, 평단가: 340,500원
2026-06-05 14:05:48,568 - INFO - 미실현 손익: -5,500원 (-1.62%), 최고 수익률: 0.00%
2026-06-05 14:05:48,602 - INFO - 매도 조건 충족: 평단가(340,500), 현재가(335,000) -> 목표가(343,000원) (보수적 상향 보정)
2026-06-05 14:05:48,603 - INFO - [SELL] 주문 요청: 005930, 1주, 343000원
2026-06-05 14:05:49,461 - INFO - 주문 성공! 주문번호: 0000027314
2026-06-05 14:05:49,506 - INFO - 60초 후 다음 확인을 진행합니다. (현재 상태: SELLING)
2026-06-05 14:06:51,726 - INFO - [005930] 현재가: 335000, 고가: 343000, 저가: 325000
2026-06-05 14:06:51,727 - WARNING - ⚠️ 주문 고착 감지: 가격 이탈 (현재가:335,000, 목표가:343,000, 차이:8,000). 주문 취소를 시도합니다.
2026-06-05 14:06:51,727 - INFO - [CANCEL] 주문 취소 요청: 005930, 주문번호: 0000027314
2026-06-05 14:06:53,260 - INFO - 주문 취소 성공! (원주문: 0000027314)
2026-06-05 14:06:53,311 - INFO - 상태 전환 완료: HOLDING
2026-06-05 14:07:00,653 - INFO - 계좌 예수금: 9939083원
2026-06-05 14:07:00,654 - INFO - [005930] 보유: 1주, 매도 가능: 1주, 평단가: 340,500원
2026-06-05 14:07:00,675 - INFO - 미실현 손익: -5,500원 (-1.62%), 최고 수익률: 0.00%
2026-06-05 14:07:00,713 - INFO - 매도 조건 충족: 평단가(340,500), 현재가(335,000) -> 목표가(343,000원) (보수적 상향 보정)
2026-06-05 14:07:00,714 - INFO - [SELL] 주문 요청: 005930, 1주, 343000원
2026-06-05 14:07:01,864 - INFO - 주문 성공! 주문번호: 0000027386
2026-06-05 14:07:01,918 - INFO - 60초 후 다음 확인을 진행합니다. (현재 상태: SELLING)
2026-06-05 14:08:04,229 - INFO - [005930] 현재가: 335000, 고가: 343000, 저가: 325000
2026-06-05 14:08:04,230 - WARNING - ⚠️ 주문 고착 감지: 가격 이탈 (현재가:335,000, 목표가:343,000, 차이:8,000). 주문 취소를 시도합니다.
2026-06-05 14:08:04,230 - INFO - [CANCEL] 주문 취소 요청: 005930, 주문번호: 0000027386
2026-06-05 14:08:07,915 - INFO - 주문 취소 성공! (원주문: 0000027386)
2026-06-05 14:08:07,974 - INFO - 상태 전환 완료: HOLDING
2026-06-05 14:08:17,133 - INFO - 계좌 예수금: 9939083원
2026-06-05 14:08:17,133 - INFO - [005930] 보유: 1주, 매도 가능: 1주, 평단가: 340,500원
2026-06-05 14:08:17,153 - INFO - 미실현 손익: -5,500원 (-1.62%), 최고 수익률: 0.00%
2026-06-05 14:08:17,190 - INFO - 매도 조건 충족: 평단가(340,500), 현재가(335,000) -> 목표가(343,000원) (보수적 상향 보정)
2026-06-05 14:08:17,191 - INFO - [SELL] 주문 요청: 005930, 1주, 343000원
2026-06-05 14:08:20,408 - INFO - 주문 성공! 주문번호: 0000027445
2026-06-05 14:08:20,459 - INFO - 60초 후 다음 확인을 진행합니다. (현재 상태: SELLING)
2026-06-05 14:09:23,492 - INFO - [005930] 현재가: 335250, 고가: 343000, 저가: 325000
2026-06-05 14:09:23,492 - WARNING - ⚠️ 주문 고착 감지: 가격 이탈 (현재가:335,250, 목표가:343,000, 차이:7,750). 주문 취소를 시도합니다.
2026-06-05 14:09:23,493 - INFO - [CANCEL] 주문 취소 요청: 005930, 주문번호: 0000027445
2026-06-05 14:09:26,316 - INFO - 주문 취소 성공! (원주문: 0000027445)
2026-06-05 14:09:26,368 - INFO - 상태 전환 완료: HOLDING
2026-06-05 14:09:34,248 - INFO - 계좌 예수금: 9939083원
2026-06-05 14:09:34,248 - INFO - [005930] 보유: 1주, 매도 가능: 1주, 평단가: 340,500원
2026-06-05 14:09:34,267 - INFO - 미실현 손익: -5,250원 (-1.54%), 최고 수익률: 0.00%
2026-06-05 14:09:34,309 - INFO - 매도 조건 충족: 평단가(340,500), 현재가(335,250) -> 목표가(343,000원) (보수적 상향 보정)
2026-06-05 14:09:34,310 - INFO - [SELL] 주문 요청: 005930, 1주, 343000원
2026-06-05 14:09:34,500 - INFO - 주문 성공! 주문번호: 0000027510
2026-06-05 14:09:34,556 - INFO - 60초 후 다음 확인을 진행합니다. (현재 상태: SELLING)
2026-06-05 14:10:35,177 - INFO - [005930] 현재가: 334500, 고가: 343000, 저가: 325000
2026-06-05 14:10:35,177 - WARNING - ⚠️ 주문 고착 감지: 가격 이탈 (현재가:334,500, 목표가:343,000, 차이:8,500). 주문 취소를 시도합니다.
2026-06-05 14:10:35,178 - INFO - [CANCEL] 주문 취소 요청: 005930, 주문번호: 0000027510
2026-06-05 14:10:36,004 - INFO - 주문 취소 성공! (원주문: 0000027510)
2026-06-05 14:10:36,047 - INFO - 상태 전환 완료: HOLDING
2026-06-05 14:10:45,932 - INFO - 계좌 예수금: 9939083원
2026-06-05 14:10:45,933 - INFO - [005930] 보유: 1주, 매도 가능: 1주, 평단가: 340,500원
2026-06-05 14:10:45,951 - INFO - 미실현 손익: -6,000원 (-1.76%), 최고 수익률: 0.00%
2026-06-05 14:10:45,978 - INFO - 매도 조건 충족: 평단가(340,500), 현재가(334,500) -> 목표가(343,000원) (보수적 상향 보정)
2026-06-05 14:10:45,979 - INFO - [SELL] 주문 요청: 005930, 1주, 343000원
2026-06-05 14:10:50,127 - INFO - 주문 성공! 주문번호: 0000027566
2026-06-05 14:10:50,172 - INFO - 60초 후 다음 확인을 진행합니다. (현재 상태: SELLING)
2026-06-05 14:11:50,293 - INFO - [005930] 현재가: 334750, 고가: 343000, 저가: 325000
2026-06-05 14:11:50,294 - WARNING - ⚠️ 주문 고착 감지: 가격 이탈 (현재가:334,750, 목표가:343,000, 차이:8,250). 주문 취소를 시도합니다.
2026-06-05 14:11:50,295 - INFO - [CANCEL] 주문 취소 요청: 005930, 주문번호: 0000027566
2026-06-05 14:11:52,184 - INFO - 주문 취소 성공! (원주문: 0000027566)
2026-06-05 14:11:52,231 - INFO - 상태 전환 완료: HOLDING
2026-06-05 14:11:58,465 - INFO - 계좌 예수금: 9939083원
2026-06-05 14:11:58,466 - INFO - [005930] 보유: 1주, 매도 가능: 1주, 평단가: 340,500원
2026-06-05 14:11:58,483 - INFO - 미실현 손익: -5,750원 (-1.69%), 최고 수익률: 0.00%
2026-06-05 14:11:58,511 - INFO - 매도 조건 충족: 평단가(340,500), 현재가(334,750) -> 목표가(343,000원) (보수적 상향 보정)
2026-06-05 14:11:58,511 - INFO - [SELL] 주문 요청: 005930, 1주, 343000원
2026-06-05 14:12:00,481 - INFO - 주문 성공! 주문번호: 0000027609
2026-06-05 14:12:00,541 - INFO - 자가 최적화 기록 완료: C:\Users\witpo\OneDrive\바탕 화면\YONSEI\26-1\ECO4126 인공지능과금융공학\open-trading-api\self_optimization_history
2026-06-05 14:12:00,569 - INFO - 60초 후 다음 확인을 진행합니다. (현재 상태: SELLING)
2026-06-05 14:13:03,715 - INFO - [005930] 현재가: 333500, 고가: 343000, 저가: 325000
2026-06-05 14:13:03,715 - WARNING - ⚠️ 주문 고착 감지: 가격 이탈 (현재가:333,500, 목표가:343,000, 차이:9,500). 주문 취소를 시도합니다.
2026-06-05 14:13:03,716 - INFO - [CANCEL] 주문 취소 요청: 005930, 주문번호: 0000027609
2026-06-05 14:13:07,758 - INFO - 주문 취소 성공! (원주문: 0000027609)
2026-06-05 14:13:07,805 - INFO - 상태 전환 완료: HOLDING
2026-06-05 14:13:14,824 - INFO - 계좌 예수금: 9939083원
2026-06-05 14:13:14,825 - INFO - [005930] 보유: 1주, 매도 가능: 1주, 평단가: 340,500원
2026-06-05 14:13:14,842 - INFO - 미실현 손익: -7,000원 (-2.06%), 최고 수익률: 0.00%
2026-06-05 14:13:14,871 - INFO - 매도 조건 충족: 평단가(340,500), 현재가(333,500) -> 목표가(342,500원) (보수적 상향 보정)
2026-06-05 14:13:14,871 - INFO - [SELL] 주문 요청: 005930, 1주, 342500원
2026-06-05 14:13:18,723 - INFO - 주문 성공! 주문번호: 0000027688
2026-06-05 14:13:18,768 - INFO - 60초 후 다음 확인을 진행합니다. (현재 상태: SELLING)
2026-06-05 14:14:22,421 - INFO - [005930] 현재가: 333750, 고가: 343000, 저가: 325000
2026-06-05 14:14:22,422 - WARNING - ⚠️ 주문 고착 감지: 가격 이탈 (현재가:333,750, 목표가:342,500, 차이:8,750). 주문 취소를 시도합니다.
2026-06-05 14:14:22,422 - INFO - [CANCEL] 주문 취소 요청: 005930, 주문번호: 0000027688
2026-06-05 14:14:22,851 - INFO - 주문 취소 성공! (원주문: 0000027688)
2026-06-05 14:14:22,897 - INFO - 상태 전환 완료: HOLDING
2026-06-05 14:14:31,333 - INFO - 계좌 예수금: 9939083원
2026-06-05 14:14:31,334 - INFO - [005930] 보유: 1주, 매도 가능: 1주, 평단가: 340,500원
2026-06-05 14:14:31,352 - INFO - 미실현 손익: -6,750원 (-1.98%), 최고 수익률: 0.00%
2026-06-05 14:14:31,379 - INFO - 매도 조건 충족: 평단가(340,500), 현재가(333,750) -> 목표가(342,500원) (보수적 상향 보정)
2026-06-05 14:14:31,379 - INFO - [SELL] 주문 요청: 005930, 1주, 342500원
2026-06-05 14:14:31,553 - INFO - 주문 성공! 주문번호: 0000027756
2026-06-05 14:14:31,597 - INFO - 60초 후 다음 확인을 진행합니다. (현재 상태: SELLING)
2026-06-05 14:15:33,382 - INFO - [005930] 현재가: 333500, 고가: 343000, 저가: 325000
2026-06-05 14:15:33,383 - WARNING - ⚠️ 주문 고착 감지: 가격 이탈 (현재가:333,500, 목표가:342,500, 차이:9,000). 주문 취소를 시도합니다.
2026-06-05 14:15:33,383 - INFO - [CANCEL] 주문 취소 요청: 005930, 주문번호: 0000027756
2026-06-05 14:15:34,916 - INFO - 주문 취소 성공! (원주문: 0000027756)
2026-06-05 14:15:34,956 - INFO - 상태 전환 완료: HOLDING
2026-06-05 14:15:41,366 - INFO - 계좌 예수금: 9939083원
2026-06-05 14:15:41,367 - INFO - [005930] 보유: 1주, 매도 가능: 1주, 평단가: 340,500원
2026-06-05 14:15:41,383 - INFO - 미실현 손익: -7,000원 (-2.06%), 최고 수익률: 0.00%
2026-06-05 14:15:41,417 - INFO - 매도 조건 충족: 평단가(340,500), 현재가(333,500) -> 목표가(342,500원) (보수적 상향 보정)
2026-06-05 14:15:41,417 - INFO - [SELL] 주문 요청: 005930, 1주, 342500원
2026-06-05 14:15:42,085 - INFO - 주문 성공! 주문번호: 0000027831
2026-06-05 14:15:42,137 - INFO - 60초 후 다음 확인을 진행합니다. (현재 상태: SELLING)
2026-06-05 14:16:43,887 - INFO - [005930] 현재가: 334000, 고가: 343000, 저가: 325000
2026-06-05 14:16:43,887 - WARNING - ⚠️ 주문 고착 감지: 가격 이탈 (현재가:334,000, 목표가:342,500, 차이:8,500). 주문 취소를 시도합니다.
2026-06-05 14:16:43,888 - INFO - [CANCEL] 주문 취소 요청: 005930, 주문번호: 0000027831
2026-06-05 14:16:45,884 - INFO - 주문 취소 성공! (원주문: 0000027831)
2026-06-05 14:16:45,928 - INFO - 상태 전환 완료: HOLDING
2026-06-05 14:16:52,438 - INFO - 계좌 예수금: 9939083원
2026-06-05 14:16:52,439 - INFO - [005930] 보유: 1주, 매도 가능: 1주, 평단가: 340,500원
2026-06-05 14:16:52,452 - INFO - 미실현 손익: -6,500원 (-1.91%), 최고 수익률: 0.00%
2026-06-05 14:16:52,488 - INFO - 매도 조건 충족: 평단가(340,500), 현재가(334,000) -> 목표가(342,500원) (보수적 상향 보정)
2026-06-05 14:16:52,488 - INFO - [SELL] 주문 요청: 005930, 1주, 342500원
2026-06-05 14:16:52,673 - INFO - 주문 성공! 주문번호: 0000027894
2026-06-05 14:16:52,712 - INFO - 60초 후 다음 확인을 진행합니다. (현재 상태: SELLING)
2026-06-05 14:17:53,574 - INFO - [005930] 현재가: 333750, 고가: 343000, 저가: 325000
2026-06-05 14:17:53,575 - WARNING - ⚠️ 주문 고착 감지: 가격 이탈 (현재가:333,750, 목표가:342,500, 차이:8,750). 주문 취소를 시도합니다.
2026-06-05 14:17:53,575 - INFO - [CANCEL] 주문 취소 요청: 005930, 주문번호: 0000027894
2026-06-05 14:17:54,189 - INFO - 주문 취소 성공! (원주문: 0000027894)
2026-06-05 14:17:54,238 - INFO - 상태 전환 완료: HOLDING
2026-06-05 14:17:59,336 - INFO - 계좌 예수금: 9939083원
2026-06-05 14:17:59,337 - INFO - [005930] 보유: 1주, 매도 가능: 1주, 평단가: 340,500원
2026-06-05 14:17:59,353 - INFO - 미실현 손익: -6,750원 (-1.98%), 최고 수익률: 0.00%
2026-06-05 14:17:59,388 - INFO - 매도 조건 충족: 평단가(340,500), 현재가(333,750) -> 목표가(342,500원) (보수적 상향 보정)
2026-06-05 14:17:59,388 - INFO - [SELL] 주문 요청: 005930, 1주, 342500원
2026-06-05 14:18:00,231 - INFO - 주문 성공! 주문번호: 0000027940
2026-06-05 14:18:00,271 - INFO - 60초 후 다음 확인을 진행합니다. (현재 상태: SELLING)
2026-06-05 14:19:00,407 - INFO - [005930] 현재가: 334500, 고가: 343000, 저가: 325000
2026-06-05 14:19:00,408 - WARNING - ⚠️ 주문 고착 감지: 가격 이탈 (현재가:334,500, 목표가:342,500, 차이:8,000). 주문 취소를 시도합니다.
2026-06-05 14:19:00,408 - INFO - [CANCEL] 주문 취소 요청: 005930, 주문번호: 0000027940
2026-06-05 14:19:02,288 - INFO - 주문 취소 성공! (원주문: 0000027940)
2026-06-05 14:19:02,345 - INFO - 상태 전환 완료: HOLDING
2026-06-05 14:19:07,204 - INFO - 계좌 예수금: 9939083원
2026-06-05 14:19:07,205 - INFO - [005930] 보유: 1주, 매도 가능: 1주, 평단가: 340,500원
2026-06-05 14:19:07,219 - INFO - 미실현 손익: -6,000원 (-1.76%), 최고 수익률: 0.00%
2026-06-05 14:19:07,249 - INFO - 매도 조건 충족: 평단가(340,500), 현재가(334,500) -> 목표가(342,500원) (보수적 상향 보정)
2026-06-05 14:19:07,250 - INFO - [SELL] 주문 요청: 005930, 1주, 342500원
2026-06-05 14:19:07,412 - INFO - 주문 성공! 주문번호: 0000028015
2026-06-05 14:19:07,453 - INFO - 60초 후 다음 확인을 진행합니다. (현재 상태: SELLING)
2026-06-05 14:20:11,413 - INFO - [005930] 현재가: 335000, 고가: 343000, 저가: 325000
2026-06-05 14:20:11,414 - WARNING - ⚠️ 주문 고착 감지: 가격 이탈 (현재가:335,000, 목표가:342,500, 차이:7,500). 주문 취소를 시도합니다.
2026-06-05 14:20:11,414 - INFO - [CANCEL] 주문 취소 요청: 005930, 주문번호: 0000028015
2026-06-05 14:20:16,225 - INFO - 주문 취소 성공! (원주문: 0000028015)
2026-06-05 14:20:16,273 - INFO - 상태 전환 완료: HOLDING
2026-06-05 14:20:24,111 - INFO - 계좌 예수금: 9939083원
2026-06-05 14:20:24,111 - INFO - [005930] 보유: 1주, 매도 가능: 1주, 평단가: 340,500원
2026-06-05 14:20:24,126 - INFO - 미실현 손익: -5,500원 (-1.62%), 최고 수익률: 0.00%
2026-06-05 14:20:24,158 - INFO - 매도 조건 충족: 평단가(340,500), 현재가(335,000) -> 목표가(342,500원) (보수적 상향 보정)
2026-06-05 14:20:24,159 - INFO - [SELL] 주문 요청: 005930, 1주, 342500원
2026-06-05 14:20:29,231 - INFO - 주문 성공! 주문번호: 0000028109
2026-06-05 14:20:29,279 - INFO - 60초 후 다음 확인을 진행합니다. (현재 상태: SELLING)
2026-06-05 14:21:31,392 - INFO - [005930] 현재가: 335500, 고가: 343000, 저가: 325000
2026-06-05 14:21:31,393 - WARNING - ⚠️ 주문 고착 감지: 가격 이탈 (현재가:335,500, 목표가:342,500, 차이:7,000). 주문 취소를 시도합니다.
2026-06-05 14:21:31,394 - INFO - [CANCEL] 주문 취소 요청: 005930, 주문번호: 0000028109
2026-06-05 14:21:32,313 - INFO - 주문 취소 성공! (원주문: 0000028109)
2026-06-05 14:21:32,365 - INFO - 상태 전환 완료: HOLDING
2026-06-05 14:21:38,056 - INFO - 계좌 예수금: 9939083원
2026-06-05 14:21:38,057 - INFO - [005930] 보유: 1주, 매도 가능: 1주, 평단가: 340,500원
2026-06-05 14:21:38,071 - INFO - 미실현 손익: -5,000원 (-1.47%), 최고 수익률: 0.00%
2026-06-05 14:21:38,103 - INFO - 매도 조건 충족: 평단가(340,500), 현재가(335,500) -> 목표가(342,500원) (보수적 상향 보정)
2026-06-05 14:21:38,103 - INFO - [SELL] 주문 요청: 005930, 1주, 342500원
2026-06-05 14:21:38,262 - INFO - 주문 성공! 주문번호: 0000028194
2026-06-05 14:21:38,301 - INFO - 60초 후 다음 확인을 진행합니다. (현재 상태: SELLING)
2026-06-05 14:22:40,112 - INFO - [005930] 현재가: 335000, 고가: 343000, 저가: 325000
2026-06-05 14:22:40,112 - WARNING - ⚠️ 주문 고착 감지: 가격 이탈 (현재가:335,000, 목표가:342,500, 차이:7,500). 주문 취소를 시도합니다.
2026-06-05 14:22:40,113 - INFO - [CANCEL] 주문 취소 요청: 005930, 주문번호: 0000028194
2026-06-05 14:22:40,373 - INFO - 주문 취소 성공! (원주문: 0000028194)
2026-06-05 14:22:40,416 - INFO - 상태 전환 완료: HOLDING
2026-06-05 14:22:47,376 - INFO - 계좌 예수금: 9939083원
2026-06-05 14:22:47,377 - INFO - [005930] 보유: 1주, 매도 가능: 1주, 평단가: 340,500원
2026-06-05 14:22:47,392 - INFO - 미실현 손익: -5,500원 (-1.62%), 최고 수익률: 0.00%
2026-06-05 14:22:47,422 - INFO - 매도 조건 충족: 평단가(340,500), 현재가(335,000) -> 목표가(342,500원) (보수적 상향 보정)
2026-06-05 14:22:47,423 - INFO - [SELL] 주문 요청: 005930, 1주, 342500원
2026-06-05 14:22:47,798 - INFO - 주문 성공! 주문번호: 0000028273
2026-06-05 14:22:47,837 - INFO - 60초 후 다음 확인을 진행합니다. (현재 상태: SELLING)
2026-06-05 14:23:47,961 - INFO - [005930] 현재가: 336000, 고가: 343000, 저가: 325000
2026-06-05 14:23:47,962 - WARNING - ⚠️ 주문 고착 감지: 가격 이탈 (현재가:336,000, 목표가:342,500, 차이:6,500). 주문 취소를 시도합니다.
2026-06-05 14:23:47,962 - INFO - [CANCEL] 주문 취소 요청: 005930, 주문번호: 0000028273
2026-06-05 14:23:49,333 - INFO - 주문 취소 성공! (원주문: 0000028273)
2026-06-05 14:23:49,378 - INFO - 상태 전환 완료: HOLDING
2026-06-05 14:23:56,090 - INFO - 계좌 예수금: 9939083원
2026-06-05 14:23:56,091 - INFO - [005930] 보유: 1주, 매도 가능: 1주, 평단가: 340,500원
2026-06-05 14:23:56,106 - INFO - 미실현 손익: -4,500원 (-1.32%), 최고 수익률: 0.00%
2026-06-05 14:23:56,142 - INFO - 매도 조건 충족: 평단가(340,500), 현재가(336,000) -> 목표가(342,500원) (보수적 상향 보정)
2026-06-05 14:23:56,142 - INFO - [SELL] 주문 요청: 005930, 1주, 342500원
2026-06-05 14:23:56,357 - INFO - 주문 성공! 주문번호: 0000028327
2026-06-05 14:23:56,400 - INFO - 60초 후 다음 확인을 진행합니다. (현재 상태: SELLING)
2026-06-05 14:24:58,567 - INFO - [005930] 현재가: 336000, 고가: 343000, 저가: 325000
2026-06-05 14:24:58,568 - WARNING - ⚠️ 주문 고착 감지: 가격 이탈 (현재가:336,000, 목표가:342,500, 차이:6,500). 주문 취소를 시도합니다.
2026-06-05 14:24:58,569 - INFO - [CANCEL] 주문 취소 요청: 005930, 주문번호: 0000028327
2026-06-05 14:24:58,750 - INFO - 주문 취소 성공! (원주문: 0000028327)
2026-06-05 14:24:58,794 - INFO - 상태 전환 완료: HOLDING
2026-06-05 14:25:06,752 - INFO - 계좌 예수금: 9939083원
2026-06-05 14:25:06,752 - INFO - [005930] 보유: 1주, 매도 가능: 1주, 평단가: 340,500원
2026-06-05 14:25:06,767 - INFO - 미실현 손익: -4,500원 (-1.32%), 최고 수익률: 0.00%
2026-06-05 14:25:06,799 - INFO - 매도 조건 충족: 평단가(340,500), 현재가(336,000) -> 목표가(342,500원) (보수적 상향 보정)
2026-06-05 14:25:06,800 - INFO - [SELL] 주문 요청: 005930, 1주, 342500원
2026-06-05 14:25:10,856 - INFO - 주문 성공! 주문번호: 0000028389
2026-06-05 14:25:10,904 - INFO - 60초 후 다음 확인을 진행합니다. (현재 상태: SELLING)
2026-06-05 14:26:11,787 - INFO - [005930] 현재가: 335500, 고가: 343000, 저가: 325000
2026-06-05 14:26:11,788 - WARNING - ⚠️ 주문 고착 감지: 가격 이탈 (현재가:335,500, 목표가:342,500, 차이:7,000). 주문 취소를 시도합니다.
2026-06-05 14:26:11,789 - INFO - [CANCEL] 주문 취소 요청: 005930, 주문번호: 0000028389
2026-06-05 14:26:15,784 - INFO - 주문 취소 성공! (원주문: 0000028389)
2026-06-05 14:26:15,820 - INFO - 상태 전환 완료: HOLDING
2026-06-05 14:26:24,785 - INFO - 계좌 예수금: 9939083원
2026-06-05 14:26:24,786 - INFO - [005930] 보유: 1주, 매도 가능: 1주, 평단가: 340,500원
2026-06-05 14:26:24,803 - INFO - 미실현 손익: -5,000원 (-1.47%), 최고 수익률: 0.00%
2026-06-05 14:26:24,831 - INFO - 매도 조건 충족: 평단가(340,500), 현재가(335,500) -> 목표가(342,500원) (보수적 상향 보정)
2026-06-05 14:26:24,832 - INFO - [SELL] 주문 요청: 005930, 1주, 342500원
2026-06-05 14:26:28,267 - INFO - 주문 성공! 주문번호: 0000028438
2026-06-05 14:26:28,317 - INFO - 60초 후 다음 확인을 진행합니다. (현재 상태: SELLING)
2026-06-05 14:27:30,736 - INFO - [005930] 현재가: 335500, 고가: 343000, 저가: 325000
2026-06-05 14:27:30,737 - WARNING - ⚠️ 주문 고착 감지: 가격 이탈 (현재가:335,500, 목표가:342,500, 차이:7,000). 주문 취소를 시도합니다.
2026-06-05 14:27:30,738 - INFO - [CANCEL] 주문 취소 요청: 005930, 주문번호: 0000028438
2026-06-05 14:27:32,269 - INFO - 주문 취소 성공! (원주문: 0000028438)
2026-06-05 14:27:32,323 - INFO - 상태 전환 완료: HOLDING
2026-06-05 14:27:39,441 - INFO - 계좌 예수금: 9939083원
2026-06-05 14:27:39,441 - INFO - [005930] 보유: 1주, 매도 가능: 1주, 평단가: 340,500원
2026-06-05 14:27:39,458 - INFO - 미실현 손익: -5,000원 (-1.47%), 최고 수익률: 0.00%
2026-06-05 14:27:39,485 - INFO - 매도 조건 충족: 평단가(340,500), 현재가(335,500) -> 목표가(342,500원) (보수적 상향 보정)
2026-06-05 14:27:39,486 - INFO - [SELL] 주문 요청: 005930, 1주, 342500원
2026-06-05 14:27:42,102 - INFO - 주문 성공! 주문번호: 0000028495
2026-06-05 14:27:42,149 - INFO - 60초 후 다음 확인을 진행합니다. (현재 상태: SELLING)
2026-06-05 14:28:43,546 - INFO - [005930] 현재가: 335000, 고가: 343000, 저가: 325000
2026-06-05 14:28:43,546 - WARNING - ⚠️ 주문 고착 감지: 가격 이탈 (현재가:335,000, 목표가:342,500, 차이:7,500). 주문 취소를 시도합니다.
2026-06-05 14:28:43,547 - INFO - [CANCEL] 주문 취소 요청: 005930, 주문번호: 0000028495
2026-06-05 14:28:46,011 - INFO - 주문 취소 성공! (원주문: 0000028495)
2026-06-05 14:28:46,055 - INFO - 상태 전환 완료: HOLDING
2026-06-05 14:28:52,760 - INFO - 계좌 예수금: 9939083원
2026-06-05 14:28:52,761 - INFO - [005930] 보유: 1주, 매도 가능: 1주, 평단가: 340,500원
2026-06-05 14:28:52,780 - INFO - 미실현 손익: -5,500원 (-1.62%), 최고 수익률: 0.00%
2026-06-05 14:28:52,819 - INFO - 매도 조건 충족: 평단가(340,500), 현재가(335,000) -> 목표가(342,500원) (보수적 상향 보정)
2026-06-05 14:28:52,819 - INFO - [SELL] 주문 요청: 005930, 1주, 342500원
2026-06-05 14:28:54,818 - INFO - 주문 성공! 주문번호: 0000028551
2026-06-05 14:28:54,862 - INFO - 60초 후 다음 확인을 진행합니다. (현재 상태: SELLING)
2026-06-05 14:29:55,288 - INFO - [005930] 현재가: 334500, 고가: 343000, 저가: 325000
2026-06-05 14:29:55,289 - WARNING - ⚠️ 주문 고착 감지: 가격 이탈 (현재가:334,500, 목표가:342,500, 차이:8,000). 주문 취소를 시도합니다.
2026-06-05 14:29:55,289 - INFO - [CANCEL] 주문 취소 요청: 005930, 주문번호: 0000028551
2026-06-05 14:29:55,539 - ERROR - POST 요청 실패 (VTTC0013U): 500 Server Error: Internal Server Error for url: https://openapivts.koreainvestment.com:29443/uapi/domestic-stock/v1/trading/order-rvsecncl
2026-06-05 14:29:55,540 - ERROR - 상세 에러: {"rt_cd":"1","msg1":"초당 거래건수를 초과하였습니다.","msg_cd":"EGW00201","message":"EGW00201"}
2026-06-05 14:29:55,543 - ERROR - 주문 취소 실패: 응답 없음
2026-06-05 14:29:55,544 - ERROR - 주문 취소 실패. 다음 루프에서 재시도합니다.
2026-06-05 14:30:02,305 - INFO - 계좌 예수금: 9939083원
2026-06-05 14:30:02,305 - INFO - [005930] 보유: 1주, 매도 가능: 0주, 평단가: 340,500원
2026-06-05 14:30:02,321 - INFO - 미실현 손익: -6,000원 (-1.76%), 최고 수익률: 0.00%
2026-06-05 14:30:02,354 - INFO - 보유 수량(1)에 대해 매도 주문(0000028551)이 진행 중입니다.
2026-06-05 14:30:02,355 - INFO - 60초 후 다음 확인을 진행합니다. (현재 상태: SELLING)
2026-06-05 14:31:04,861 - INFO - [005930] 현재가: 335000, 고가: 343000, 저가: 325000
2026-06-05 14:31:04,861 - WARNING - ⚠️ 주문 고착 감지: 가격 이탈 (현재가:335,000, 목표가:342,500, 차이:7,500). 주문 취소를 시도합니다.
2026-06-05 14:31:04,862 - INFO - [CANCEL] 주문 취소 요청: 005930, 주문번호: 0000028551
2026-06-05 14:31:07,638 - INFO - 주문 취소 성공! (원주문: 0000028551)
2026-06-05 14:31:07,691 - INFO - 상태 전환 완료: HOLDING
2026-06-05 14:31:16,242 - INFO - 계좌 예수금: 9939083원
2026-06-05 14:31:16,243 - INFO - [005930] 보유: 1주, 매도 가능: 1주, 평단가: 340,500원
2026-06-05 14:31:16,257 - INFO - 미실현 손익: -5,500원 (-1.62%), 최고 수익률: 0.00%
2026-06-05 14:31:16,289 - INFO - 매도 조건 충족: 평단가(340,500), 현재가(335,000) -> 목표가(342,500원) (보수적 상향 보정)
2026-06-05 14:31:16,290 - INFO - [SELL] 주문 요청: 005930, 1주, 342500원
2026-06-05 14:31:18,586 - INFO - 주문 성공! 주문번호: 0000028702
2026-06-05 14:31:18,636 - INFO - 60초 후 다음 확인을 진행합니다. (현재 상태: SELLING)
2026-06-05 14:32:19,107 - INFO - [005930] 현재가: 335500, 고가: 343000, 저가: 325000
2026-06-05 14:32:19,108 - WARNING - ⚠️ 주문 고착 감지: 가격 이탈 (현재가:335,500, 목표가:342,500, 차이:7,000). 주문 취소를 시도합니다.
2026-06-05 14:32:19,108 - INFO - [CANCEL] 주문 취소 요청: 005930, 주문번호: 0000028702
2026-06-05 14:32:21,374 - INFO - 주문 취소 성공! (원주문: 0000028702)
2026-06-05 14:32:21,428 - INFO - 상태 전환 완료: HOLDING
2026-06-05 14:32:28,941 - INFO - 계좌 예수금: 9939083원
2026-06-05 14:32:28,941 - INFO - [005930] 보유: 1주, 매도 가능: 1주, 평단가: 340,500원
2026-06-05 14:32:28,962 - INFO - 미실현 손익: -5,000원 (-1.47%), 최고 수익률: 0.00%
2026-06-05 14:32:29,011 - INFO - 자가 최적화 기록 완료: C:\Users\witpo\OneDrive\바탕 화면\YONSEI\26-1\ECO4126 인공지능과금융공학\open-trading-api\self_optimization_history
2026-06-05 14:32:29,011 - INFO - 매도 조건 충족: 평단가(340,500), 현재가(335,500) -> 목표가(342,500원) (보수적 상향 보정)
2026-06-05 14:32:29,012 - INFO - [SELL] 주문 요청: 005930, 1주, 342500원
2026-06-05 14:32:30,782 - INFO - 주문 성공! 주문번호: 0000028792
2026-06-05 14:32:30,862 - INFO - 60초 후 다음 확인을 진행합니다. (현재 상태: SELLING)
2026-06-05 14:33:33,367 - INFO - [005930] 현재가: 335750, 고가: 343000, 저가: 325000
2026-06-05 14:33:33,367 - WARNING - ⚠️ 주문 고착 감지: 가격 이탈 (현재가:335,750, 목표가:342,500, 차이:6,750). 주문 취소를 시도합니다.
2026-06-05 14:33:33,368 - INFO - [CANCEL] 주문 취소 요청: 005930, 주문번호: 0000028792
2026-06-05 14:33:33,530 - INFO - 주문 취소 성공! (원주문: 0000028792)
2026-06-05 14:33:33,574 - INFO - 상태 전환 완료: HOLDING
2026-06-05 14:33:36,839 - INFO - 계좌 예수금: 9939083원
2026-06-05 14:33:36,840 - INFO - [005930] 보유: 1주, 매도 가능: 1주, 평단가: 340,500원
2026-06-05 14:33:36,863 - INFO - 미실현 손익: -4,750원 (-1.40%), 최고 수익률: 0.00%
2026-06-05 14:33:36,902 - INFO - 매도 조건 충족: 평단가(340,500), 현재가(335,750) -> 목표가(343,000원) (보수적 상향 보정)
2026-06-05 14:33:36,903 - INFO - [SELL] 주문 요청: 005930, 1주, 343000원
2026-06-05 14:33:38,907 - INFO - 주문 성공! 주문번호: 0000028829
2026-06-05 14:33:38,961 - INFO - 60초 후 다음 확인을 진행합니다. (현재 상태: SELLING)
2026-06-05 14:34:40,546 - INFO - [005930] 현재가: 335500, 고가: 343000, 저가: 325000
2026-06-05 14:34:40,547 - WARNING - ⚠️ 주문 고착 감지: 가격 이탈 (현재가:335,500, 목표가:343,000, 차이:7,500). 주문 취소를 시도합니다.
2026-06-05 14:34:40,547 - INFO - [CANCEL] 주문 취소 요청: 005930, 주문번호: 0000028829
2026-06-05 14:34:40,708 - INFO - 주문 취소 성공! (원주문: 0000028829)
2026-06-05 14:34:40,758 - INFO - 상태 전환 완료: HOLDING
2026-06-05 14:34:46,767 - INFO - 계좌 예수금: 9939083원
2026-06-05 14:34:46,768 - INFO - [005930] 보유: 1주, 매도 가능: 1주, 평단가: 340,500원
2026-06-05 14:34:46,791 - INFO - 미실현 손익: -5,000원 (-1.47%), 최고 수익률: 0.00%
2026-06-05 14:34:46,824 - INFO - 매도 조건 충족: 평단가(340,500), 현재가(335,500) -> 목표가(343,000원) (보수적 상향 보정)
2026-06-05 14:34:46,825 - INFO - [SELL] 주문 요청: 005930, 1주, 343000원
2026-06-05 14:34:48,913 - INFO - 주문 성공! 주문번호: 0000028886
2026-06-05 14:34:48,963 - INFO - 60초 후 다음 확인을 진행합니다. (현재 상태: SELLING)
2026-06-05 14:35:51,810 - INFO - [005930] 현재가: 334750, 고가: 343000, 저가: 325000
2026-06-05 14:35:51,811 - WARNING - ⚠️ 주문 고착 감지: 가격 이탈 (현재가:334,750, 목표가:343,000, 차이:8,250). 주문 취소를 시도합니다.
2026-06-05 14:35:51,811 - INFO - [CANCEL] 주문 취소 요청: 005930, 주문번호: 0000028886
2026-06-05 14:35:53,764 - INFO - 주문 취소 성공! (원주문: 0000028886)
2026-06-05 14:35:53,814 - INFO - 상태 전환 완료: HOLDING
2026-06-05 14:36:01,341 - INFO - 계좌 예수금: 9939083원
2026-06-05 14:36:01,342 - INFO - [005930] 보유: 1주, 매도 가능: 1주, 평단가: 340,500원
2026-06-05 14:36:01,363 - INFO - 미실현 손익: -5,750원 (-1.69%), 최고 수익률: 0.00%
2026-06-05 14:36:01,395 - INFO - 매도 조건 충족: 평단가(340,500), 현재가(334,750) -> 목표가(343,000원) (보수적 상향 보정)
2026-06-05 14:36:01,395 - INFO - [SELL] 주문 요청: 005930, 1주, 343000원
2026-06-05 14:36:02,176 - INFO - 주문 성공! 주문번호: 0000028958
2026-06-05 14:36:02,235 - INFO - 60초 후 다음 확인을 진행합니다. (현재 상태: SELLING)
2026-06-05 14:37:07,076 - INFO - [005930] 현재가: 335500, 고가: 343000, 저가: 325000
2026-06-05 14:37:07,077 - WARNING - ⚠️ 주문 고착 감지: 가격 이탈 (현재가:335,500, 목표가:343,000, 차이:7,500). 주문 취소를 시도합니다.
2026-06-05 14:37:07,077 - INFO - [CANCEL] 주문 취소 요청: 005930, 주문번호: 0000028958
2026-06-05 14:37:07,241 - INFO - 주문 취소 성공! (원주문: 0000028958)
2026-06-05 14:37:07,288 - INFO - 상태 전환 완료: HOLDING
2026-06-05 14:37:16,266 - INFO - 계좌 예수금: 9939083원
2026-06-05 14:37:16,267 - INFO - [005930] 보유: 1주, 매도 가능: 1주, 평단가: 340,500원
2026-06-05 14:37:16,286 - INFO - 미실현 손익: -5,000원 (-1.47%), 최고 수익률: 0.00%
2026-06-05 14:37:16,317 - INFO - 매도 조건 충족: 평단가(340,500), 현재가(335,500) -> 목표가(343,000원) (보수적 상향 보정)
2026-06-05 14:37:16,318 - INFO - [SELL] 주문 요청: 005930, 1주, 343000원
2026-06-05 14:37:16,471 - INFO - 주문 성공! 주문번호: 0000029028
2026-06-05 14:37:16,511 - INFO - 60초 후 다음 확인을 진행합니다. (현재 상태: SELLING)
2026-06-05 14:38:20,887 - INFO - [005930] 현재가: 336000, 고가: 343000, 저가: 325000
2026-06-05 14:38:20,888 - WARNING - ⚠️ 주문 고착 감지: 가격 이탈 (현재가:336,000, 목표가:343,000, 차이:7,000). 주문 취소를 시도합니다.
2026-06-05 14:38:20,888 - INFO - [CANCEL] 주문 취소 요청: 005930, 주문번호: 0000029028
2026-06-05 14:38:21,117 - INFO - 주문 취소 성공! (원주문: 0000029028)
2026-06-05 14:38:21,180 - INFO - 상태 전환 완료: HOLDING
2026-06-05 14:38:24,603 - INFO - 계좌 예수금: 9939083원
2026-06-05 14:38:24,603 - INFO - [005930] 보유: 1주, 매도 가능: 1주, 평단가: 340,500원
2026-06-05 14:38:24,627 - INFO - 미실현 손익: -4,500원 (-1.32%), 최고 수익률: 0.00%
2026-06-05 14:38:24,667 - INFO - 매도 조건 충족: 평단가(340,500), 현재가(336,000) -> 목표가(343,000원) (보수적 상향 보정)
2026-06-05 14:38:24,668 - INFO - [SELL] 주문 요청: 005930, 1주, 343000원
2026-06-05 14:38:28,389 - INFO - 주문 성공! 주문번호: 0000029104
2026-06-05 14:38:28,460 - INFO - 60초 후 다음 확인을 진행합니다. (현재 상태: SELLING)
2026-06-05 14:39:28,627 - INFO - [005930] 현재가: 335500, 고가: 343000, 저가: 325000
2026-06-05 14:39:28,628 - WARNING - ⚠️ 주문 고착 감지: 가격 이탈 (현재가:335,500, 목표가:343,000, 차이:7,500). 주문 취소를 시도합니다.
2026-06-05 14:39:28,628 - INFO - [CANCEL] 주문 취소 요청: 005930, 주문번호: 0000029104
2026-06-05 14:39:29,141 - INFO - 주문 취소 성공! (원주문: 0000029104)
2026-06-05 14:39:29,198 - INFO - 상태 전환 완료: HOLDING
2026-06-05 14:39:37,009 - INFO - 계좌 예수금: 9939083원
2026-06-05 14:39:37,010 - INFO - [005930] 보유: 1주, 매도 가능: 1주, 평단가: 340,500원
2026-06-05 14:39:37,030 - INFO - 미실현 손익: -5,000원 (-1.47%), 최고 수익률: 0.00%
2026-06-05 14:39:37,067 - INFO - 매도 조건 충족: 평단가(340,500), 현재가(335,500) -> 목표가(343,000원) (보수적 상향 보정)
2026-06-05 14:39:37,068 - INFO - [SELL] 주문 요청: 005930, 1주, 343000원
2026-06-05 14:39:39,457 - INFO - 주문 성공! 주문번호: 0000029162
2026-06-05 14:39:39,515 - INFO - 60초 후 다음 확인을 진행합니다. (현재 상태: SELLING)
2026-06-05 14:40:40,702 - INFO - [005930] 현재가: 335500, 고가: 343000, 저가: 325000
2026-06-05 14:40:40,703 - WARNING - ⚠️ 주문 고착 감지: 가격 이탈 (현재가:335,500, 목표가:343,000, 차이:7,500). 주문 취소를 시도합니다.
2026-06-05 14:40:40,704 - INFO - [CANCEL] 주문 취소 요청: 005930, 주문번호: 0000029162
2026-06-05 14:40:41,923 - INFO - 주문 취소 성공! (원주문: 0000029162)
2026-06-05 14:40:41,968 - INFO - 상태 전환 완료: HOLDING
2026-06-05 14:40:48,684 - INFO - 계좌 예수금: 9939083원
2026-06-05 14:40:48,684 - INFO - [005930] 보유: 1주, 매도 가능: 1주, 평단가: 340,500원
2026-06-05 14:40:48,704 - INFO - 미실현 손익: -5,000원 (-1.47%), 최고 수익률: 0.00%
2026-06-05 14:40:48,738 - INFO - 매도 조건 충족: 평단가(340,500), 현재가(335,500) -> 목표가(343,000원) (보수적 상향 보정)
2026-06-05 14:40:48,739 - INFO - [SELL] 주문 요청: 005930, 1주, 343000원
2026-06-05 14:40:50,407 - INFO - 주문 성공! 주문번호: 0000029238
2026-06-05 14:40:50,451 - INFO - 60초 후 다음 확인을 진행합니다. (현재 상태: SELLING)
2026-06-05 14:41:50,601 - INFO - [005930] 현재가: 335250, 고가: 343000, 저가: 325000
2026-06-05 14:41:50,602 - WARNING - ⚠️ 주문 고착 감지: 가격 이탈 (현재가:335,250, 목표가:343,000, 차이:7,750). 주문 취소를 시도합니다.
2026-06-05 14:41:50,602 - INFO - [CANCEL] 주문 취소 요청: 005930, 주문번호: 0000029238
2026-06-05 14:41:51,133 - INFO - 주문 취소 성공! (원주문: 0000029238)
2026-06-05 14:41:51,177 - INFO - 상태 전환 완료: HOLDING
2026-06-05 14:41:58,318 - INFO - 계좌 예수금: 9939083원
2026-06-05 14:41:58,319 - INFO - [005930] 보유: 1주, 매도 가능: 1주, 평단가: 340,500원
2026-06-05 14:41:58,341 - INFO - 미실현 손익: -5,250원 (-1.54%), 최고 수익률: 0.00%
2026-06-05 14:41:58,378 - INFO - 매도 조건 충족: 평단가(340,500), 현재가(335,250) -> 목표가(343,000원) (보수적 상향 보정)
2026-06-05 14:41:58,379 - INFO - [SELL] 주문 요청: 005930, 1주, 343000원
2026-06-05 14:41:58,539 - INFO - 주문 성공! 주문번호: 0000029286
2026-06-05 14:41:58,581 - INFO - 60초 후 다음 확인을 진행합니다. (현재 상태: SELLING)
2026-06-05 14:42:58,767 - INFO - [005930] 현재가: 335000, 고가: 343000, 저가: 325000
2026-06-05 14:42:58,768 - WARNING - ⚠️ 주문 고착 감지: 가격 이탈 (현재가:335,000, 목표가:343,000, 차이:8,000). 주문 취소를 시도합니다.
2026-06-05 14:42:58,768 - INFO - [CANCEL] 주문 취소 요청: 005930, 주문번호: 0000029286
2026-06-05 14:42:59,222 - ERROR - POST 요청 실패 (VTTC0013U): 500 Server Error: Internal Server Error for url: https://openapivts.koreainvestment.com:29443/uapi/domestic-stock/v1/trading/order-rvsecncl
2026-06-05 14:42:59,223 - ERROR - 상세 에러: {"rt_cd":"1","msg1":"초당 거래건수를 초과하였습니다.","msg_cd":"EGW00201","message":"EGW00201"}
2026-06-05 14:42:59,227 - ERROR - 주문 취소 실패: 응답 없음
2026-06-05 14:42:59,229 - ERROR - 주문 취소 실패. 다음 루프에서 재시도합니다.
2026-06-05 14:43:03,046 - INFO - 계좌 예수금: 9939083원
2026-06-05 14:43:03,047 - INFO - [005930] 보유: 1주, 매도 가능: 0주, 평단가: 340,500원
2026-06-05 14:43:03,068 - INFO - 미실현 손익: -5,500원 (-1.62%), 최고 수익률: 0.00%
2026-06-05 14:43:03,113 - INFO - 보유 수량(1)에 대해 매도 주문(0000029286)이 진행 중입니다.
2026-06-05 14:43:03,113 - INFO - 60초 후 다음 확인을 진행합니다. (현재 상태: SELLING)
2026-06-05 14:44:04,382 - INFO - [005930] 현재가: 335000, 고가: 343000, 저가: 325000
2026-06-05 14:44:04,383 - WARNING - ⚠️ 주문 고착 감지: 가격 이탈 (현재가:335,000, 목표가:343,000, 차이:8,000). 주문 취소를 시도합니다.
2026-06-05 14:44:04,384 - INFO - [CANCEL] 주문 취소 요청: 005930, 주문번호: 0000029286
2026-06-05 14:44:05,514 - INFO - 주문 취소 성공! (원주문: 0000029286)
2026-06-05 14:44:05,576 - INFO - 상태 전환 완료: HOLDING
2026-06-05 14:44:12,272 - INFO - 계좌 예수금: 9939083원
2026-06-05 14:44:12,273 - INFO - [005930] 보유: 1주, 매도 가능: 1주, 평단가: 340,500원
2026-06-05 14:44:12,291 - INFO - 미실현 손익: -5,500원 (-1.62%), 최고 수익률: 0.00%
2026-06-05 14:44:12,327 - INFO - 매도 조건 충족: 평단가(340,500), 현재가(335,000) -> 목표가(343,000원) (보수적 상향 보정)
2026-06-05 14:44:12,328 - INFO - [SELL] 주문 요청: 005930, 1주, 343000원
2026-06-05 14:44:15,644 - INFO - 주문 성공! 주문번호: 0000029368
2026-06-05 14:44:15,702 - INFO - 60초 후 다음 확인을 진행합니다. (현재 상태: SELLING)
2026-06-05 14:45:15,878 - INFO - [005930] 현재가: 334500, 고가: 343000, 저가: 325000
2026-06-05 14:45:15,879 - WARNING - ⚠️ 주문 고착 감지: 가격 이탈 (현재가:334,500, 목표가:343,000, 차이:8,500). 주문 취소를 시도합니다.
2026-06-05 14:45:15,880 - INFO - [CANCEL] 주문 취소 요청: 005930, 주문번호: 0000029368
2026-06-05 14:45:19,344 - INFO - 주문 취소 성공! (원주문: 0000029368)
2026-06-05 14:45:19,401 - INFO - 상태 전환 완료: HOLDING
2026-06-05 14:45:24,049 - INFO - 계좌 예수금: 9939083원
2026-06-05 14:45:24,050 - INFO - [005930] 보유: 1주, 매도 가능: 1주, 평단가: 340,500원
2026-06-05 14:45:24,073 - INFO - 미실현 손익: -6,000원 (-1.76%), 최고 수익률: 0.00%
2026-06-05 14:45:24,107 - INFO - 매도 조건 충족: 평단가(340,500), 현재가(334,500) -> 목표가(343,000원) (보수적 상향 보정)
2026-06-05 14:45:24,107 - INFO - [SELL] 주문 요청: 005930, 1주, 343000원
2026-06-05 14:45:24,293 - INFO - 주문 성공! 주문번호: 0000029426
2026-06-05 14:45:24,342 - INFO - 60초 후 다음 확인을 진행합니다. (현재 상태: SELLING)
2026-06-05 14:46:27,442 - INFO - [005930] 현재가: 333500, 고가: 343000, 저가: 325000
2026-06-05 14:46:27,442 - WARNING - ⚠️ 주문 고착 감지: 가격 이탈 (현재가:333,500, 목표가:343,000, 차이:9,500). 주문 취소를 시도합니다.
2026-06-05 14:46:27,442 - INFO - [CANCEL] 주문 취소 요청: 005930, 주문번호: 0000029426
2026-06-05 14:46:29,488 - INFO - 주문 취소 성공! (원주문: 0000029426)
2026-06-05 14:46:29,527 - INFO - 상태 전환 완료: HOLDING
2026-06-05 14:46:33,587 - INFO - 계좌 예수금: 9939083원
2026-06-05 14:46:33,588 - INFO - [005930] 보유: 1주, 매도 가능: 1주, 평단가: 340,500원
2026-06-05 14:46:33,605 - INFO - 미실현 손익: -7,000원 (-2.06%), 최고 수익률: 0.00%
2026-06-05 14:46:33,633 - INFO - 매도 조건 충족: 평단가(340,500), 현재가(333,500) -> 목표가(343,000원) (보수적 상향 보정)
2026-06-05 14:46:33,633 - INFO - [SELL] 주문 요청: 005930, 1주, 343000원
2026-06-05 14:46:33,821 - INFO - 주문 성공! 주문번호: 0000029511
2026-06-05 14:46:33,861 - INFO - 60초 후 다음 확인을 진행합니다. (현재 상태: SELLING)
2026-06-05 14:47:34,003 - INFO - [005930] 현재가: 333500, 고가: 343000, 저가: 325000
2026-06-05 14:47:34,003 - WARNING - ⚠️ 주문 고착 감지: 가격 이탈 (현재가:333,500, 목표가:343,000, 차이:9,500). 주문 취소를 시도합니다.
2026-06-05 14:47:34,004 - INFO - [CANCEL] 주문 취소 요청: 005930, 주문번호: 0000029511
2026-06-05 14:47:34,500 - ERROR - POST 요청 실패 (VTTC0013U): 500 Server Error: Internal Server Error for url: https://openapivts.koreainvestment.com:29443/uapi/domestic-stock/v1/trading/order-rvsecncl
2026-06-05 14:47:34,501 - ERROR - 상세 에러: {"rt_cd":"1","msg1":"초당 거래건수를 초과하였습니다.","msg_cd":"EGW00201","message":"EGW00201"}
2026-06-05 14:47:34,505 - ERROR - 주문 취소 실패: 응답 없음
2026-06-05 14:47:34,505 - ERROR - 주문 취소 실패. 다음 루프에서 재시도합니다.
2026-06-05 14:47:42,095 - INFO - 계좌 예수금: 9939083원
2026-06-05 14:47:42,095 - INFO - [005930] 보유: 1주, 매도 가능: 0주, 평단가: 340,500원
2026-06-05 14:47:42,113 - INFO - 미실현 손익: -7,000원 (-2.06%), 최고 수익률: 0.00%
2026-06-05 14:47:42,143 - INFO - 보유 수량(1)에 대해 매도 주문(0000029511)이 진행 중입니다.
2026-06-05 14:47:42,144 - INFO - 60초 후 다음 확인을 진행합니다. (현재 상태: SELLING)
2026-06-05 14:48:43,436 - INFO - [005930] 현재가: 333500, 고가: 343000, 저가: 325000
2026-06-05 14:48:43,437 - WARNING - ⚠️ 주문 고착 감지: 가격 이탈 (현재가:333,500, 목표가:343,000, 차이:9,500). 주문 취소를 시도합니다.
2026-06-05 14:48:43,437 - INFO - [CANCEL] 주문 취소 요청: 005930, 주문번호: 0000029511
2026-06-05 14:48:44,255 - INFO - 주문 취소 성공! (원주문: 0000029511)
2026-06-05 14:48:44,303 - INFO - 상태 전환 완료: HOLDING
2026-06-05 14:48:50,195 - INFO - 계좌 예수금: 9939083원
2026-06-05 14:48:50,196 - INFO - [005930] 보유: 1주, 매도 가능: 1주, 평단가: 340,500원
2026-06-05 14:48:50,212 - INFO - 미실현 손익: -7,000원 (-2.06%), 최고 수익률: 0.00%
2026-06-05 14:48:50,241 - INFO - 매도 조건 충족: 평단가(340,500), 현재가(333,500) -> 목표가(343,000원) (보수적 상향 보정)
2026-06-05 14:48:50,241 - INFO - [SELL] 주문 요청: 005930, 1주, 343000원
2026-06-05 14:48:51,014 - INFO - 주문 성공! 주문번호: 0000029625
2026-06-05 14:48:51,063 - INFO - 60초 후 다음 확인을 진행합니다. (현재 상태: SELLING)
2026-06-05 14:49:51,174 - INFO - [005930] 현재가: 333000, 고가: 343000, 저가: 325000
2026-06-05 14:49:51,175 - WARNING - ⚠️ 주문 고착 감지: 가격 이탈 (현재가:333,000, 목표가:343,000, 차이:10,000). 주문 취소를 시도합니다.
2026-06-05 14:49:51,175 - INFO - [CANCEL] 주문 취소 요청: 005930, 주문번호: 0000029625
2026-06-05 14:49:53,586 - INFO - 주문 취소 성공! (원주문: 0000029625)
2026-06-05 14:49:53,631 - INFO - 상태 전환 완료: HOLDING
2026-06-05 14:49:56,757 - INFO - 계좌 예수금: 9939083원
2026-06-05 14:49:56,758 - INFO - [005930] 보유: 1주, 매도 가능: 1주, 평단가: 340,500원
2026-06-05 14:49:56,779 - INFO - 미실현 손익: -7,500원 (-2.20%), 최고 수익률: 0.00%
2026-06-05 14:49:56,808 - INFO - 매도 조건 충족: 평단가(340,500), 현재가(333,000) -> 목표가(343,000원) (보수적 상향 보정)
2026-06-05 14:49:56,808 - INFO - [SELL] 주문 요청: 005930, 1주, 343000원
2026-06-05 14:49:58,807 - INFO - 주문 성공! 주문번호: 0000029703
2026-06-05 14:49:58,854 - INFO - 60초 후 다음 확인을 진행합니다. (현재 상태: SELLING)
2026-06-05 14:51:01,144 - INFO - [005930] 현재가: 332500, 고가: 343000, 저가: 325000
2026-06-05 14:51:01,145 - WARNING - ⚠️ 주문 고착 감지: 가격 이탈 (현재가:332,500, 목표가:343,000, 차이:10,500). 주문 취소를 시도합니다.
2026-06-05 14:51:01,145 - INFO - [CANCEL] 주문 취소 요청: 005930, 주문번호: 0000029703
2026-06-05 14:51:04,549 - INFO - 주문 취소 성공! (원주문: 0000029703)
2026-06-05 14:51:04,598 - INFO - 상태 전환 완료: HOLDING
2026-06-05 14:51:13,256 - INFO - 계좌 예수금: 9939083원
2026-06-05 14:51:13,257 - INFO - [005930] 보유: 1주, 매도 가능: 1주, 평단가: 340,500원
2026-06-05 14:51:13,275 - INFO - 미실현 손익: -8,000원 (-2.35%), 최고 수익률: 0.00%
2026-06-05 14:51:13,303 - INFO - 매도 조건 충족: 평단가(340,500), 현재가(332,500) -> 목표가(343,000원) (보수적 상향 보정)
2026-06-05 14:51:13,304 - INFO - [SELL] 주문 요청: 005930, 1주, 343000원
2026-06-05 14:51:16,634 - INFO - 주문 성공! 주문번호: 0000029793
2026-06-05 14:51:16,680 - INFO - 60초 후 다음 확인을 진행합니다. (현재 상태: SELLING)
2026-06-05 14:52:18,384 - INFO - [005930] 현재가: 332000, 고가: 343000, 저가: 325000
2026-06-05 14:52:18,385 - WARNING - ⚠️ 주문 고착 감지: 가격 이탈 (현재가:332,000, 목표가:343,000, 차이:11,000). 주문 취소를 시도합니다.
2026-06-05 14:52:18,385 - INFO - [CANCEL] 주문 취소 요청: 005930, 주문번호: 0000029793
2026-06-05 14:52:20,742 - INFO - 주문 취소 성공! (원주문: 0000029793)
2026-06-05 14:52:20,787 - INFO - 상태 전환 완료: HOLDING
2026-06-05 14:52:26,475 - INFO - 계좌 예수금: 9939083원
2026-06-05 14:52:26,476 - INFO - [005930] 보유: 1주, 매도 가능: 1주, 평단가: 340,500원
2026-06-05 14:52:26,490 - INFO - 미실현 손익: -8,500원 (-2.50%), 최고 수익률: 0.00%
2026-06-05 14:52:26,521 - INFO - 매도 조건 충족: 평단가(340,500), 현재가(332,000) -> 목표가(343,000원) (보수적 상향 보정)
2026-06-05 14:52:26,522 - INFO - [SELL] 주문 요청: 005930, 1주, 343000원
2026-06-05 14:52:26,715 - INFO - 주문 성공! 주문번호: 0000029853
2026-06-05 14:52:26,755 - INFO - 60초 후 다음 확인을 진행합니다. (현재 상태: SELLING)
2026-06-05 14:53:26,855 - INFO - [005930] 현재가: 332500, 고가: 343000, 저가: 325000
2026-06-05 14:53:26,855 - WARNING - ⚠️ 주문 고착 감지: 가격 이탈 (현재가:332,500, 목표가:343,000, 차이:10,500). 주문 취소를 시도합니다.
2026-06-05 14:53:26,856 - INFO - [CANCEL] 주문 취소 요청: 005930, 주문번호: 0000029853
2026-06-05 14:53:27,369 - ERROR - POST 요청 실패 (VTTC0013U): 500 Server Error: Internal Server Error for url: https://openapivts.koreainvestment.com:29443/uapi/domestic-stock/v1/trading/order-rvsecncl
2026-06-05 14:53:27,369 - ERROR - 상세 에러: {"rt_cd":"1","msg1":"초당 거래건수를 초과하였습니다.","msg_cd":"EGW00201","message":"EGW00201"}
2026-06-05 14:53:27,373 - ERROR - 주문 취소 실패: 응답 없음
2026-06-05 14:53:27,374 - ERROR - 주문 취소 실패. 다음 루프에서 재시도합니다.
2026-06-05 14:53:32,051 - INFO - 계좌 예수금: 9939083원
2026-06-05 14:53:32,051 - INFO - [005930] 보유: 1주, 매도 가능: 0주, 평단가: 340,500원
2026-06-05 14:53:32,066 - INFO - 미실현 손익: -8,000원 (-2.35%), 최고 수익률: 0.00%
2026-06-05 14:53:32,113 - INFO - 자가 최적화 기록 완료: C:\Users\witpo\OneDrive\바탕 화면\YONSEI\26-1\ECO4126 인공지능과금융공학\open-trading-api\self_optimization_history
2026-06-05 14:53:32,114 - INFO - 보유 수량(1)에 대해 매도 주문(0000029853)이 진행 중입니다.
2026-06-05 14:53:32,115 - INFO - 60초 후 다음 확인을 진행합니다. (현재 상태: SELLING)
2026-06-05 14:54:33,251 - INFO - [005930] 현재가: 332250, 고가: 343000, 저가: 325000
2026-06-05 14:54:33,252 - WARNING - ⚠️ 주문 고착 감지: 가격 이탈 (현재가:332,250, 목표가:343,000, 차이:10,750). 주문 취소를 시도합니다.
2026-06-05 14:54:33,252 - INFO - [CANCEL] 주문 취소 요청: 005930, 주문번호: 0000029853
2026-06-05 14:54:34,995 - INFO - 주문 취소 성공! (원주문: 0000029853)
2026-06-05 14:54:35,036 - INFO - 상태 전환 완료: HOLDING
2026-06-05 14:54:40,115 - INFO - 계좌 예수금: 9939083원
2026-06-05 14:54:40,116 - INFO - [005930] 보유: 1주, 매도 가능: 1주, 평단가: 340,500원
2026-06-05 14:54:40,130 - INFO - 미실현 손익: -8,250원 (-2.42%), 최고 수익률: 0.00%
2026-06-05 14:54:40,164 - INFO - 매도 조건 충족: 평단가(340,500), 현재가(332,250) -> 목표가(343,500원) (보수적 상향 보정)
2026-06-05 14:54:40,164 - INFO - [SELL] 주문 요청: 005930, 1주, 343500원
2026-06-05 14:54:41,136 - INFO - 주문 성공! 주문번호: 0000029950
2026-06-05 14:54:41,177 - INFO - 60초 후 다음 확인을 진행합니다. (현재 상태: SELLING)
2026-06-05 14:55:42,686 - INFO - [005930] 현재가: 332000, 고가: 343000, 저가: 325000
2026-06-05 14:55:42,687 - WARNING - ⚠️ 주문 고착 감지: 가격 이탈 (현재가:332,000, 목표가:343,500, 차이:11,500). 주문 취소를 시도합니다.
2026-06-05 14:55:42,687 - INFO - [CANCEL] 주문 취소 요청: 005930, 주문번호: 0000029950
2026-06-05 14:55:43,809 - INFO - 주문 취소 성공! (원주문: 0000029950)
2026-06-05 14:55:43,851 - INFO - 상태 전환 완료: HOLDING
2026-06-05 14:55:45,751 - ERROR - GET 요청 실패 (VTTC8434R): 500 Server Error: Internal Server Error for url: https://openapivts.koreainvestment.com:29443/uapi/domestic-stock/v1/trading/inquire-balance?CANO=50174003&ACNT_PRDT_CD=01&AFHR_FLPR_YN=N&OFL_YN=&INQR_DVSN=02&UNPR_DVSN=01&FUND_STTL_ICLD_YN=N&FNCG_AMT_AUTO_RDPT_YN=N&PRCS_DVSN=00&CTX_AREA_FK100=&CTX_AREA_NK100=
2026-06-05 14:55:45,751 - ERROR - 상세 에러: {"rt_cd":"1","msg1":"원장에서 허용 가능한 초당 거래건수를 초과하였습니다.","msg_cd":"EGW00201"}
2026-06-05 14:55:45,754 - ERROR - 잔고 조회 실패
2026-06-05 14:55:45,981 - WARNING - 예수금 부족으로 매수 불가 (예수금: 0원, 필요: 328500원)
2026-06-05 14:55:45,981 - INFO - 60초 후 다음 확인을 진행합니다. (현재 상태: IDLE)
2026-06-05 14:56:46,116 - INFO - [005930] 현재가: 332250, 고가: 343000, 저가: 325000
2026-06-05 14:56:51,400 - INFO - 계좌 예수금: 9939083원
2026-06-05 14:56:51,401 - INFO - [005930] 보유: 1주, 매도 가능: 1주, 평단가: 340,500원
2026-06-05 14:56:51,416 - INFO - 미실현 손익: -8,250원 (-2.42%), 최고 수익률: 0.00%
2026-06-05 14:56:51,448 - INFO - 매도 조건 충족: 평단가(340,500), 현재가(332,250) -> 목표가(343,500원) (보수적 상향 보정)
2026-06-05 14:56:51,448 - INFO - [SELL] 주문 요청: 005930, 1주, 343500원
2026-06-05 14:56:51,619 - INFO - 주문 성공! 주문번호: 0000030058
2026-06-05 14:56:51,658 - INFO - 60초 후 다음 확인을 진행합니다. (현재 상태: SELLING)
2026-06-05 14:57:51,780 - INFO - [005930] 현재가: 332000, 고가: 343000, 저가: 325000
2026-06-05 14:57:51,780 - WARNING - ⚠️ 주문 고착 감지: 가격 이탈 (현재가:332,000, 목표가:343,500, 차이:11,500). 주문 취소를 시도합니다.
2026-06-05 14:57:51,781 - INFO - [CANCEL] 주문 취소 요청: 005930, 주문번호: 0000030058
2026-06-05 14:57:52,343 - INFO - 주문 취소 성공! (원주문: 0000030058)
2026-06-05 14:57:52,391 - INFO - 상태 전환 완료: HOLDING
2026-06-05 14:57:56,950 - INFO - 계좌 예수금: 9939083원
2026-06-05 14:57:56,951 - INFO - [005930] 보유: 1주, 매도 가능: 1주, 평단가: 340,500원
2026-06-05 14:57:56,966 - INFO - 미실현 손익: -8,500원 (-2.50%), 최고 수익률: 0.00%
2026-06-05 14:57:57,004 - INFO - 매도 조건 충족: 평단가(340,500), 현재가(332,000) -> 목표가(343,500원) (보수적 상향 보정)
2026-06-05 14:57:57,004 - INFO - [SELL] 주문 요청: 005930, 1주, 343500원
2026-06-05 14:57:57,203 - INFO - 주문 성공! 주문번호: 0000030130
2026-06-05 14:57:57,245 - INFO - 60초 후 다음 확인을 진행합니다. (현재 상태: SELLING)
2026-06-05 14:58:58,189 - INFO - [005930] 현재가: 331750, 고가: 343000, 저가: 325000
2026-06-05 14:58:58,189 - WARNING - ⚠️ 주문 고착 감지: 가격 이탈 (현재가:331,750, 목표가:343,500, 차이:11,750). 주문 취소를 시도합니다.
2026-06-05 14:58:58,190 - INFO - [CANCEL] 주문 취소 요청: 005930, 주문번호: 0000030130
2026-06-05 14:58:58,331 - INFO - 주문 취소 성공! (원주문: 0000030130)
2026-06-05 14:58:58,384 - INFO - 상태 전환 완료: HOLDING
2026-06-05 14:59:03,603 - INFO - 계좌 예수금: 9939083원
2026-06-05 14:59:03,603 - INFO - [005930] 보유: 1주, 매도 가능: 1주, 평단가: 340,500원
2026-06-05 14:59:03,618 - INFO - 미실현 손익: -8,750원 (-2.57%), 최고 수익률: 0.00%
2026-06-05 14:59:03,649 - INFO - 매도 조건 충족: 평단가(340,500), 현재가(331,750) -> 목표가(343,500원) (보수적 상향 보정)
2026-06-05 14:59:03,650 - INFO - [SELL] 주문 요청: 005930, 1주, 343500원
2026-06-05 14:59:05,855 - INFO - 주문 성공! 주문번호: 0000030196
2026-06-05 14:59:05,903 - INFO - 60초 후 다음 확인을 진행합니다. (현재 상태: SELLING)
2026-06-05 15:00:06,015 - INFO - [005930] 현재가: 332000, 고가: 343000, 저가: 325000
2026-06-05 15:00:06,016 - WARNING - ⚠️ 주문 고착 감지: 가격 이탈 (현재가:332,000, 목표가:343,500, 차이:11,500). 주문 취소를 시도합니다.
2026-06-05 15:00:06,016 - INFO - [CANCEL] 주문 취소 요청: 005930, 주문번호: 0000030196
2026-06-05 15:00:06,561 - ERROR - POST 요청 실패 (VTTC0013U): 500 Server Error: Internal Server Error for url: https://openapivts.koreainvestment.com:29443/uapi/domestic-stock/v1/trading/order-rvsecncl
2026-06-05 15:00:06,562 - ERROR - 상세 에러: {"rt_cd":"1","msg1":"초당 거래건수를 초과하였습니다.","msg_cd":"EGW00201","message":"EGW00201"}
2026-06-05 15:00:06,566 - ERROR - 주문 취소 실패: 응답 없음
2026-06-05 15:00:06,566 - ERROR - 주문 취소 실패. 다음 루프에서 재시도합니다.
2026-06-05 15:00:18,645 - ERROR - GET 요청 실패 (VTTC8434R): HTTPSConnectionPool(host='openapivts.koreainvestment.com', port=29443): Read timed out. (read timeout=10)
2026-06-05 15:00:18,646 - ERROR - 잔고 조회 실패
2026-06-05 15:00:27,279 - INFO - 매도 주문 완료 확인: 상태를 IDLE로 전환합니다.
2026-06-05 15:00:27,347 - WARNING - 예수금 부족으로 매수 불가 (예수금: 0원, 필요: 328500원)
2026-06-05 15:00:27,347 - INFO - 60초 후 다음 확인을 진행합니다. (현재 상태: IDLE)
2026-06-05 15:01:27,519 - INFO - [005930] 현재가: 332250, 고가: 343000, 저가: 325000
2026-06-05 15:01:38,626 - ERROR - GET 요청 실패 (VTTC8434R): HTTPSConnectionPool(host='openapivts.koreainvestment.com', port=29443): Read timed out. (read timeout=10)
2026-06-05 15:01:38,627 - ERROR - 잔고 조회 실패
2026-06-05 15:01:40,079 - WARNING - 예수금 부족으로 매수 불가 (예수금: 0원, 필요: 329000원)
2026-06-05 15:01:40,080 - INFO - 60초 후 다음 확인을 진행합니다. (현재 상태: IDLE)
2026-06-05 15:02:40,220 - INFO - [005930] 현재가: 332750, 고가: 343000, 저가: 325000
2026-06-05 15:02:49,100 - INFO - 계좌 예수금: 9939083원
2026-06-05 15:02:49,100 - INFO - [005930] 보유: 1주, 매도 가능: 0주, 평단가: 340,500원
2026-06-05 15:02:49,116 - INFO - 미실현 손익: -7,750원 (-2.28%), 최고 수익률: 0.00%
2026-06-05 15:02:49,183 - INFO - 보유 수량(1)에 대해 매도 주문(0000030196)이 진행 중입니다.
2026-06-05 15:02:49,184 - INFO - 60초 후 다음 확인을 진행합니다. (현재 상태: SELLING)
2026-06-05 15:03:49,336 - INFO - [005930] 현재가: 332500, 고가: 343000, 저가: 325000
2026-06-05 15:03:49,337 - WARNING - ⚠️ 주문 고착 감지: 가격 이탈 (현재가:332,500, 목표가:343,500, 차이:11,000). 주문 취소를 시도합니다.
2026-06-05 15:03:49,337 - INFO - [CANCEL] 주문 취소 요청: 005930, 주문번호: 0000030196
2026-06-05 15:03:49,876 - INFO - 주문 취소 성공! (원주문: 0000030196)
2026-06-05 15:03:49,923 - INFO - 상태 전환 완료: HOLDING
2026-06-05 15:03:58,089 - INFO - 계좌 예수금: 9939083원
2026-06-05 15:03:58,089 - INFO - [005930] 보유: 1주, 매도 가능: 1주, 평단가: 340,500원
2026-06-05 15:03:58,107 - INFO - 미실현 손익: -8,000원 (-2.35%), 최고 수익률: 0.00%
2026-06-05 15:03:58,139 - INFO - 매도 조건 충족: 평단가(340,500), 현재가(332,500) -> 목표가(343,500원) (보수적 상향 보정)
2026-06-05 15:03:58,139 - INFO - [SELL] 주문 요청: 005930, 1주, 343500원
2026-06-05 15:04:00,297 - INFO - 주문 성공! 주문번호: 0000030531
2026-06-05 15:04:00,339 - INFO - 60초 후 다음 확인을 진행합니다. (현재 상태: SELLING)
2026-06-05 15:05:00,900 - INFO - [005930] 현재가: 332250, 고가: 343000, 저가: 325000
2026-06-05 15:05:00,900 - WARNING - ⚠️ 주문 고착 감지: 가격 이탈 (현재가:332,250, 목표가:343,500, 차이:11,250). 주문 취소를 시도합니다.
2026-06-05 15:05:00,901 - INFO - [CANCEL] 주문 취소 요청: 005930, 주문번호: 0000030531
2026-06-05 15:05:01,612 - INFO - 주문 취소 성공! (원주문: 0000030531)
2026-06-05 15:05:01,786 - INFO - 상태 전환 완료: HOLDING
2026-06-05 15:05:09,705 - INFO - 계좌 예수금: 9939083원
2026-06-05 15:05:09,706 - INFO - [005930] 보유: 1주, 매도 가능: 1주, 평단가: 340,500원
2026-06-05 15:05:09,731 - INFO - 미실현 손익: -8,250원 (-2.42%), 최고 수익률: 0.00%
2026-06-05 15:05:09,765 - INFO - 매도 조건 충족: 평단가(340,500), 현재가(332,250) -> 목표가(343,500원) (보수적 상향 보정)
2026-06-05 15:05:09,765 - INFO - [SELL] 주문 요청: 005930, 1주, 343500원
2026-06-05 15:05:12,330 - INFO - 주문 성공! 주문번호: 0000030618
2026-06-05 15:05:12,386 - INFO - 60초 후 다음 확인을 진행합니다. (현재 상태: SELLING)
2026-06-05 15:06:12,516 - INFO - [005930] 현재가: 333500, 고가: 343000, 저가: 325000
2026-06-05 15:06:12,517 - WARNING - ⚠️ 주문 고착 감지: 가격 이탈 (현재가:333,500, 목표가:343,500, 차이:10,000). 주문 취소를 시도합니다.
2026-06-05 15:06:12,517 - INFO - [CANCEL] 주문 취소 요청: 005930, 주문번호: 0000030618
2026-06-05 15:06:13,070 - INFO - 주문 취소 성공! (원주문: 0000030618)
2026-06-05 15:06:13,116 - INFO - 상태 전환 완료: HOLDING
2026-06-05 15:06:22,574 - INFO - 계좌 예수금: 9939083원
2026-06-05 15:06:22,574 - INFO - [005930] 보유: 1주, 매도 가능: 1주, 평단가: 340,500원
2026-06-05 15:06:22,598 - INFO - 미실현 손익: -7,000원 (-2.06%), 최고 수익률: 0.00%
2026-06-05 15:06:22,638 - INFO - 매도 조건 충족: 평단가(340,500), 현재가(333,500) -> 목표가(343,500원) (보수적 상향 보정)
2026-06-05 15:06:22,639 - INFO - [SELL] 주문 요청: 005930, 1주, 343500원
2026-06-05 15:06:22,774 - INFO - 주문 성공! 주문번호: 0000030692
2026-06-05 15:06:22,826 - INFO - 60초 후 다음 확인을 진행합니다. (현재 상태: SELLING)
2026-06-05 15:07:24,468 - INFO - [005930] 현재가: 334000, 고가: 343000, 저가: 325000
2026-06-05 15:07:24,468 - WARNING - ⚠️ 주문 고착 감지: 가격 이탈 (현재가:334,000, 목표가:343,500, 차이:9,500). 주문 취소를 시도합니다.
2026-06-05 15:07:24,469 - INFO - [CANCEL] 주문 취소 요청: 005930, 주문번호: 0000030692
2026-06-05 15:07:25,904 - INFO - 주문 취소 성공! (원주문: 0000030692)
2026-06-05 15:07:25,950 - INFO - 상태 전환 완료: HOLDING
2026-06-05 15:07:31,637 - INFO - 계좌 예수금: 9939083원
2026-06-05 15:07:31,638 - INFO - [005930] 보유: 1주, 매도 가능: 1주, 평단가: 340,500원
2026-06-05 15:07:31,658 - INFO - 미실현 손익: -6,500원 (-1.91%), 최고 수익률: 0.00%
2026-06-05 15:07:31,696 - INFO - 매도 조건 충족: 평단가(340,500), 현재가(334,000) -> 목표가(343,500원) (보수적 상향 보정)
2026-06-05 15:07:31,696 - INFO - [SELL] 주문 요청: 005930, 1주, 343500원
2026-06-05 15:07:32,361 - INFO - 주문 성공! 주문번호: 0000030761
2026-06-05 15:07:32,409 - INFO - 60초 후 다음 확인을 진행합니다. (현재 상태: SELLING)
2026-06-05 15:08:32,547 - INFO - [005930] 현재가: 334000, 고가: 343000, 저가: 325000
2026-06-05 15:08:32,548 - WARNING - ⚠️ 주문 고착 감지: 가격 이탈 (현재가:334,000, 목표가:343,500, 차이:9,500). 주문 취소를 시도합니다.
2026-06-05 15:08:32,548 - INFO - [CANCEL] 주문 취소 요청: 005930, 주문번호: 0000030761
2026-06-05 15:08:33,088 - INFO - 주문 취소 성공! (원주문: 0000030761)
2026-06-05 15:08:33,132 - INFO - 상태 전환 완료: HOLDING
2026-06-05 15:08:39,533 - INFO - 계좌 예수금: 9939083원
2026-06-05 15:08:39,533 - INFO - [005930] 보유: 1주, 매도 가능: 1주, 평단가: 340,500원
2026-06-05 15:08:39,551 - INFO - 미실현 손익: -6,500원 (-1.91%), 최고 수익률: 0.00%
2026-06-05 15:08:39,584 - INFO - 매도 조건 충족: 평단가(340,500), 현재가(334,000) -> 목표가(343,500원) (보수적 상향 보정)
2026-06-05 15:08:39,585 - INFO - [SELL] 주문 요청: 005930, 1주, 343500원
2026-06-05 15:08:40,357 - INFO - 주문 성공! 주문번호: 0000030840
2026-06-05 15:08:40,402 - INFO - 60초 후 다음 확인을 진행합니다. (현재 상태: SELLING)
2026-06-05 15:09:40,543 - INFO - [005930] 현재가: 334000, 고가: 343000, 저가: 325000
2026-06-05 15:09:40,544 - WARNING - ⚠️ 주문 고착 감지: 가격 이탈 (현재가:334,000, 목표가:343,500, 차이:9,500). 주문 취소를 시도합니다.
2026-06-05 15:09:40,544 - INFO - [CANCEL] 주문 취소 요청: 005930, 주문번호: 0000030840
2026-06-05 15:09:41,796 - INFO - 주문 취소 성공! (원주문: 0000030840)
2026-06-05 15:09:41,845 - INFO - 상태 전환 완료: HOLDING
2026-06-05 15:09:47,238 - INFO - 계좌 예수금: 9939083원
2026-06-05 15:09:47,239 - INFO - [005930] 보유: 1주, 매도 가능: 1주, 평단가: 340,500원
2026-06-05 15:09:47,258 - INFO - 미실현 손익: -6,500원 (-1.91%), 최고 수익률: 0.00%
2026-06-05 15:09:47,290 - INFO - 매도 조건 충족: 평단가(340,500), 현재가(334,000) -> 목표가(343,500원) (보수적 상향 보정)
2026-06-05 15:09:47,291 - INFO - [SELL] 주문 요청: 005930, 1주, 343500원
2026-06-05 15:09:47,453 - INFO - 주문 성공! 주문번호: 0000030895
2026-06-05 15:09:47,496 - INFO - 60초 후 다음 확인을 진행합니다. (현재 상태: SELLING)
2026-06-05 15:10:47,628 - INFO - [005930] 현재가: 333750, 고가: 343000, 저가: 325000
2026-06-05 15:10:47,629 - WARNING - ⚠️ 주문 고착 감지: 가격 이탈 (현재가:333,750, 목표가:343,500, 차이:9,750). 주문 취소를 시도합니다.
2026-06-05 15:10:47,630 - INFO - [CANCEL] 주문 취소 요청: 005930, 주문번호: 0000030895
2026-06-05 15:10:48,152 - INFO - 주문 취소 성공! (원주문: 0000030895)
2026-06-05 15:10:48,193 - INFO - 상태 전환 완료: HOLDING
2026-06-05 15:10:57,735 - INFO - 계좌 예수금: 9939083원
2026-06-05 15:10:57,736 - INFO - [005930] 보유: 1주, 매도 가능: 1주, 평단가: 340,500원
2026-06-05 15:10:57,758 - INFO - 미실현 손익: -6,750원 (-1.98%), 최고 수익률: 0.00%
2026-06-05 15:10:57,797 - INFO - 매도 조건 충족: 평단가(340,500), 현재가(333,750) -> 목표가(343,500원) (보수적 상향 보정)
2026-06-05 15:10:57,797 - INFO - [SELL] 주문 요청: 005930, 1주, 343500원
2026-06-05 15:11:01,535 - INFO - 주문 성공! 주문번호: 0000031013
2026-06-05 15:11:01,580 - INFO - 60초 후 다음 확인을 진행합니다. (현재 상태: SELLING)
2026-06-05 15:12:01,735 - INFO - [005930] 현재가: 332500, 고가: 343000, 저가: 325000
2026-06-05 15:12:01,736 - WARNING - ⚠️ 주문 고착 감지: 가격 이탈 (현재가:332,500, 목표가:343,500, 차이:11,000). 주문 취소를 시도합니다.
2026-06-05 15:12:01,737 - INFO - [CANCEL] 주문 취소 요청: 005930, 주문번호: 0000031013
2026-06-05 15:12:05,136 - INFO - 주문 취소 성공! (원주문: 0000031013)
2026-06-05 15:12:05,194 - INFO - 상태 전환 완료: HOLDING
2026-06-05 15:12:10,355 - INFO - 계좌 예수금: 9939083원
2026-06-05 15:12:10,356 - INFO - [005930] 보유: 1주, 매도 가능: 1주, 평단가: 340,500원
2026-06-05 15:12:10,375 - INFO - 미실현 손익: -8,000원 (-2.35%), 최고 수익률: 0.00%
2026-06-05 15:12:10,410 - INFO - 매도 조건 충족: 평단가(340,500), 현재가(332,500) -> 목표가(343,500원) (보수적 상향 보정)
2026-06-05 15:12:10,411 - INFO - [SELL] 주문 요청: 005930, 1주, 343500원
2026-06-05 15:12:10,599 - INFO - 주문 성공! 주문번호: 0000031145
2026-06-05 15:12:10,644 - INFO - 60초 후 다음 확인을 진행합니다. (현재 상태: SELLING)
2026-06-05 15:13:14,194 - INFO - [005930] 현재가: 332000, 고가: 343000, 저가: 325000
2026-06-05 15:13:14,195 - WARNING - ⚠️ 주문 고착 감지: 가격 이탈 (현재가:332,000, 목표가:343,500, 차이:11,500). 주문 취소를 시도합니다.
2026-06-05 15:13:14,195 - INFO - [CANCEL] 주문 취소 요청: 005930, 주문번호: 0000031145
2026-06-05 15:13:17,258 - INFO - 주문 취소 성공! (원주문: 0000031145)
2026-06-05 15:13:17,325 - INFO - 상태 전환 완료: HOLDING
2026-06-05 15:13:23,713 - INFO - 계좌 예수금: 9939083원
2026-06-05 15:13:23,713 - INFO - [005930] 보유: 1주, 매도 가능: 1주, 평단가: 340,500원
2026-06-05 15:13:23,736 - INFO - 미실현 손익: -8,500원 (-2.50%), 최고 수익률: 0.00%
2026-06-05 15:13:23,776 - INFO - 매도 조건 충족: 평단가(340,500), 현재가(332,000) -> 목표가(343,500원) (보수적 상향 보정)
2026-06-05 15:13:23,776 - INFO - [SELL] 주문 요청: 005930, 1주, 343500원
2026-06-05 15:13:25,461 - INFO - 주문 성공! 주문번호: 0000031236
2026-06-05 15:13:25,515 - INFO - 60초 후 다음 확인을 진행합니다. (현재 상태: SELLING)
2026-06-05 15:14:27,108 - INFO - [005930] 현재가: 331000, 고가: 343000, 저가: 325000
2026-06-05 15:14:27,109 - WARNING - ⚠️ 주문 고착 감지: 가격 이탈 (현재가:331,000, 목표가:343,500, 차이:12,500). 주문 취소를 시도합니다.
2026-06-05 15:14:27,109 - INFO - [CANCEL] 주문 취소 요청: 005930, 주문번호: 0000031236
2026-06-05 15:14:28,378 - INFO - 주문 취소 성공! (원주문: 0000031236)
2026-06-05 15:14:28,429 - INFO - 상태 전환 완료: HOLDING
2026-06-05 15:14:33,333 - INFO - 계좌 예수금: 9939083원
2026-06-05 15:14:33,334 - INFO - [005930] 보유: 1주, 매도 가능: 1주, 평단가: 340,500원
2026-06-05 15:14:33,354 - INFO - 미실현 손익: -9,500원 (-2.79%), 최고 수익률: 0.00%
2026-06-05 15:14:33,386 - INFO - 매도 조건 충족: 평단가(340,500), 현재가(331,000) -> 목표가(343,500원) (보수적 상향 보정)
2026-06-05 15:14:33,387 - INFO - [SELL] 주문 요청: 005930, 1주, 343500원
2026-06-05 15:14:34,551 - INFO - 주문 성공! 주문번호: 0000031315
2026-06-05 15:14:34,631 - INFO - 자가 최적화 기록 완료: C:\Users\witpo\OneDrive\바탕 화면\YONSEI\26-1\ECO4126 인공지능과금융공학\open-trading-api\self_optimization_history
2026-06-05 15:14:34,666 - INFO - 60초 후 다음 확인을 진행합니다. (현재 상태: SELLING)
2026-06-05 15:15:37,870 - INFO - [005930] 현재가: 330750, 고가: 343000, 저가: 325000
2026-06-05 15:15:37,871 - WARNING - ⚠️ 주문 고착 감지: 가격 이탈 (현재가:330,750, 목표가:343,500, 차이:12,750). 주문 취소를 시도합니다.
2026-06-05 15:15:37,872 - INFO - [CANCEL] 주문 취소 요청: 005930, 주문번호: 0000031315
2026-06-05 15:15:38,157 - INFO - 주문 취소 성공! (원주문: 0000031315)
2026-06-05 15:15:38,216 - INFO - 상태 전환 완료: HOLDING
2026-06-05 15:15:44,580 - INFO - 계좌 예수금: 9939083원
2026-06-05 15:15:44,581 - INFO - [005930] 보유: 1주, 매도 가능: 1주, 평단가: 340,500원
2026-06-05 15:15:44,601 - INFO - 미실현 손익: -9,750원 (-2.86%), 최고 수익률: 0.00%
2026-06-05 15:15:44,637 - INFO - 매도 조건 충족: 평단가(340,500), 현재가(330,750) -> 목표가(343,000원) (보수적 상향 보정)
2026-06-05 15:15:44,637 - INFO - [SELL] 주문 요청: 005930, 1주, 343000원
2026-06-05 15:15:44,795 - INFO - 주문 성공! 주문번호: 0000031487
2026-06-05 15:15:44,850 - INFO - 60초 후 다음 확인을 진행합니다. (현재 상태: SELLING)
2026-06-05 15:16:46,578 - INFO - [005930] 현재가: 330500, 고가: 343000, 저가: 325000
2026-06-05 15:16:46,579 - WARNING - ⚠️ 주문 고착 감지: 가격 이탈 (현재가:330,500, 목표가:343,000, 차이:12,500). 주문 취소를 시도합니다.
2026-06-05 15:16:46,580 - INFO - [CANCEL] 주문 취소 요청: 005930, 주문번호: 0000031487
2026-06-05 15:16:46,737 - INFO - 주문 취소 성공! (원주문: 0000031487)
2026-06-05 15:16:46,796 - INFO - 상태 전환 완료: HOLDING
2026-06-05 15:16:53,979 - INFO - 계좌 예수금: 9939083원
2026-06-05 15:16:53,980 - INFO - [005930] 보유: 1주, 매도 가능: 1주, 평단가: 340,500원
2026-06-05 15:16:54,001 - INFO - 미실현 손익: -10,000원 (-2.94%), 최고 수익률: 0.00%
2026-06-05 15:16:54,038 - INFO - 매도 조건 충족: 평단가(340,500), 현재가(330,500) -> 목표가(343,000원) (보수적 상향 보정)
2026-06-05 15:16:54,039 - INFO - [SELL] 주문 요청: 005930, 1주, 343000원
2026-06-05 15:16:55,561 - INFO - 주문 성공! 주문번호: 0000031558
2026-06-05 15:16:55,623 - INFO - 60초 후 다음 확인을 진행합니다. (현재 상태: SELLING)
2026-06-05 15:18:00,683 - INFO - [005930] 현재가: 330500, 고가: 343000, 저가: 325000
2026-06-05 15:18:00,684 - WARNING - ⚠️ 주문 고착 감지: 가격 이탈 (현재가:330,500, 목표가:343,000, 차이:12,500). 주문 취소를 시도합니다.
2026-06-05 15:18:00,684 - INFO - [CANCEL] 주문 취소 요청: 005930, 주문번호: 0000031558
2026-06-05 15:18:00,841 - INFO - 주문 취소 성공! (원주문: 0000031558)
2026-06-05 15:18:00,890 - INFO - 상태 전환 완료: HOLDING
2026-06-05 15:18:08,401 - INFO - 계좌 예수금: 9939083원
2026-06-05 15:18:08,402 - INFO - [005930] 보유: 1주, 매도 가능: 1주, 평단가: 340,500원
2026-06-05 15:18:08,420 - INFO - 미실현 손익: -10,000원 (-2.94%), 최고 수익률: 0.00%
2026-06-05 15:18:08,452 - INFO - 매도 조건 충족: 평단가(340,500), 현재가(330,500) -> 목표가(343,000원) (보수적 상향 보정)
2026-06-05 15:18:08,453 - INFO - [SELL] 주문 요청: 005930, 1주, 343000원
2026-06-05 15:18:08,783 - INFO - 주문 성공! 주문번호: 0000031660
2026-06-05 15:18:08,833 - INFO - 60초 후 다음 확인을 진행합니다. (현재 상태: SELLING)
2026-06-05 15:19:10,329 - INFO - [005930] 현재가: 330500, 고가: 343000, 저가: 325000
2026-06-05 15:19:10,330 - WARNING - ⚠️ 주문 고착 감지: 가격 이탈 (현재가:330,500, 목표가:343,000, 차이:12,500). 주문 취소를 시도합니다.
2026-06-05 15:19:10,331 - INFO - [CANCEL] 주문 취소 요청: 005930, 주문번호: 0000031660
2026-06-05 15:19:11,584 - INFO - 주문 취소 성공! (원주문: 0000031660)
2026-06-05 15:19:11,634 - INFO - 상태 전환 완료: HOLDING
2026-06-05 15:19:18,157 - INFO - 계좌 예수금: 9939083원
2026-06-05 15:19:18,158 - INFO - [005930] 보유: 1주, 매도 가능: 1주, 평단가: 340,500원
2026-06-05 15:19:18,178 - INFO - 미실현 손익: -10,000원 (-2.94%), 최고 수익률: 0.00%
2026-06-05 15:19:18,216 - INFO - 매도 조건 충족: 평단가(340,500), 현재가(330,500) -> 목표가(343,000원) (보수적 상향 보정)
2026-06-05 15:19:18,216 - INFO - [SELL] 주문 요청: 005930, 1주, 343000원
2026-06-05 15:19:20,360 - INFO - 주문 성공! 주문번호: 0000031748
2026-06-05 15:19:20,406 - INFO - 60초 후 다음 확인을 진행합니다. (현재 상태: SELLING)
2026-06-05 15:20:23,790 - INFO - [005930] 현재가: 330000, 고가: 343000, 저가: 325000
2026-06-05 15:20:23,791 - WARNING - ⚠️ 주문 고착 감지: 가격 이탈 (현재가:330,000, 목표가:343,000, 차이:13,000). 주문 취소를 시도합니다.
2026-06-05 15:20:23,791 - INFO - [CANCEL] 주문 취소 요청: 005930, 주문번호: 0000031748
2026-06-05 15:20:25,883 - INFO - 주문 취소 성공! (원주문: 0000031748)
2026-06-05 15:20:25,928 - INFO - 상태 전환 완료: HOLDING
2026-06-05 15:20:34,614 - INFO - 계좌 예수금: 9939083원
2026-06-05 15:20:34,615 - INFO - [005930] 보유: 1주, 매도 가능: 1주, 평단가: 340,500원
2026-06-05 15:20:34,644 - INFO - 미실현 손익: -10,500원 (-3.08%), 최고 수익률: 0.00%
2026-06-05 15:20:34,644 - WARNING - 🚨 하드 손절 조건 충족 (-3.08%). 즉시 매도 프로세스 진입.
2026-06-05 15:20:34,681 - INFO - 🔥 손절(STOP_LOSS) 실행: 현재가 근처(330,000원)로 즉시 매도 주문 (공격적 하향 보정)
2026-06-05 15:20:34,682 - INFO - [SELL] 주문 요청: 005930, 1주, 330000원
2026-06-05 15:20:35,767 - INFO - 주문 성공! 주문번호: 0000031920
2026-06-05 15:20:35,819 - INFO - 60초 후 다음 확인을 진행합니다. (현재 상태: SELLING)
2026-06-05 15:21:37,336 - INFO - [005930] 현재가: 330000, 고가: 343000, 저가: 325000
2026-06-05 15:21:48,371 - ERROR - GET 요청 실패 (VTTC8434R): HTTPSConnectionPool(host='openapivts.koreainvestment.com', port=29443): Max retries exceeded with url: /uapi/domestic-stock/v1/trading/inquire-balance?CANO=50174003&ACNT_PRDT_CD=01&AFHR_FLPR_YN=N&OFL_YN=&INQR_DVSN=02&UNPR_DVSN=01&FUND_STTL_ICLD_YN=N&FNCG_AMT_AUTO_RDPT_YN=N&PRCS_DVSN=00&CTX_AREA_FK100=&CTX_AREA_NK100= (Caused by ConnectTimeoutError(<HTTPSConnection(host='openapivts.koreainvestment.com', port=29443) at 0x2a57fa58690>, 'Connection to openapivts.koreainvestment.com timed out. (connect timeout=10)'))
2026-06-05 15:21:48,371 - ERROR - 잔고 조회 실패
2026-06-05 15:21:49,584 - INFO - 매도 주문 완료 확인: 상태를 IDLE로 전환합니다.
2026-06-05 15:21:49,663 - WARNING - 예수금 부족으로 매수 불가 (예수금: 0원, 필요: 327500원)
2026-06-05 15:21:49,664 - INFO - 60초 후 다음 확인을 진행합니다. (현재 상태: IDLE)
2026-06-05 15:22:50,842 - INFO - [005930] 현재가: 330000, 고가: 343000, 저가: 325000
2026-06-05 15:22:52,342 - INFO - 계좌 예수금: 9939083원
2026-06-05 15:22:52,343 - INFO - [005930] 보유: 1주, 매도 가능: 0주, 평단가: 340,500원
2026-06-05 15:22:52,363 - INFO - 미실현 손익: -10,500원 (-3.08%), 최고 수익률: 0.00%
2026-06-05 15:22:52,363 - WARNING - 🚨 하드 손절 조건 충족 (-3.08%). 즉시 매도 프로세스 진입.
2026-06-05 15:22:52,431 - INFO - 보유 수량(1)에 대해 매도 주문(0000031920)이 진행 중입니다.
2026-06-05 15:22:52,431 - INFO - 60초 후 다음 확인을 진행합니다. (현재 상태: SELLING)
2026-06-05 15:23:57,157 - INFO - [005930] 현재가: 330000, 고가: 343000, 저가: 325000
2026-06-05 15:23:59,347 - INFO - 계좌 예수금: 9939083원
2026-06-05 15:23:59,348 - INFO - [005930] 보유: 1주, 매도 가능: 0주, 평단가: 340,500원
2026-06-05 15:23:59,370 - INFO - 미실현 손익: -10,500원 (-3.08%), 최고 수익률: 0.00%
2026-06-05 15:23:59,371 - WARNING - 🚨 하드 손절 조건 충족 (-3.08%). 즉시 매도 프로세스 진입.
2026-06-05 15:23:59,433 - INFO - 보유 수량(1)에 대해 매도 주문(0000031920)이 진행 중입니다.
2026-06-05 15:23:59,434 - INFO - 60초 후 다음 확인을 진행합니다. (현재 상태: SELLING)
2026-06-05 15:24:59,595 - INFO - [005930] 현재가: 330000, 고가: 343000, 저가: 325000
2026-06-05 15:25:03,455 - INFO - 계좌 예수금: 9939083원
2026-06-05 15:25:03,456 - INFO - [005930] 보유: 1주, 매도 가능: 0주, 평단가: 340,500원
2026-06-05 15:25:03,474 - INFO - 미실현 손익: -10,500원 (-3.08%), 최고 수익률: 0.00%
2026-06-05 15:25:03,474 - WARNING - 🚨 하드 손절 조건 충족 (-3.08%). 즉시 매도 프로세스 진입.
2026-06-05 15:25:03,514 - INFO - 보유 수량(1)에 대해 매도 주문(0000031920)이 진행 중입니다.
2026-06-05 15:25:03,515 - INFO - 60초 후 다음 확인을 진행합니다. (현재 상태: SELLING)
2026-06-05 15:26:03,666 - INFO - [005930] 현재가: 330000, 고가: 343000, 저가: 325000
2026-06-05 15:26:08,749 - INFO - 계좌 예수금: 9939083원
2026-06-05 15:26:08,749 - INFO - [005930] 보유: 1주, 매도 가능: 0주, 평단가: 340,500원
2026-06-05 15:26:08,769 - INFO - 미실현 손익: -10,500원 (-3.08%), 최고 수익률: 0.00%
2026-06-05 15:26:08,770 - WARNING - 🚨 하드 손절 조건 충족 (-3.08%). 즉시 매도 프로세스 진입.
2026-06-05 15:26:08,806 - INFO - 보유 수량(1)에 대해 매도 주문(0000031920)이 진행 중입니다.
2026-06-05 15:26:08,807 - INFO - 60초 후 다음 확인을 진행합니다. (현재 상태: SELLING)
2026-06-05 15:27:09,207 - INFO - [005930] 현재가: 330000, 고가: 343000, 저가: 325000
2026-06-05 15:27:11,869 - INFO - 계좌 예수금: 9939083원
2026-06-05 15:27:11,870 - INFO - [005930] 보유: 1주, 매도 가능: 0주, 평단가: 340,500원
2026-06-05 15:27:11,889 - INFO - 미실현 손익: -10,500원 (-3.08%), 최고 수익률: 0.00%
2026-06-05 15:27:11,890 - WARNING - 🚨 하드 손절 조건 충족 (-3.08%). 즉시 매도 프로세스 진입.
2026-06-05 15:27:11,926 - INFO - 보유 수량(1)에 대해 매도 주문(0000031920)이 진행 중입니다.
2026-06-05 15:27:11,927 - INFO - 60초 후 다음 확인을 진행합니다. (현재 상태: SELLING)
2026-06-05 15:28:12,389 - INFO - [005930] 현재가: 330000, 고가: 343000, 저가: 325000
2026-06-05 15:28:17,512 - INFO - 계좌 예수금: 9939083원
2026-06-05 15:28:17,513 - INFO - [005930] 보유: 1주, 매도 가능: 0주, 평단가: 340,500원
2026-06-05 15:28:17,532 - INFO - 미실현 손익: -10,500원 (-3.08%), 최고 수익률: 0.00%
2026-06-05 15:28:17,533 - WARNING - 🚨 하드 손절 조건 충족 (-3.08%). 즉시 매도 프로세스 진입.
2026-06-05 15:28:17,575 - INFO - 보유 수량(1)에 대해 매도 주문(0000031920)이 진행 중입니다.
2026-06-05 15:28:17,576 - INFO - 60초 후 다음 확인을 진행합니다. (현재 상태: SELLING)
2026-06-05 15:29:17,711 - INFO - [005930] 현재가: 330000, 고가: 343000, 저가: 325000
2026-06-05 15:29:19,022 - INFO - 계좌 예수금: 9939083원
2026-06-05 15:29:19,022 - INFO - [005930] 보유: 1주, 매도 가능: 0주, 평단가: 340,500원
2026-06-05 15:29:19,043 - INFO - 미실현 손익: -10,500원 (-3.08%), 최고 수익률: 0.00%
2026-06-05 15:29:19,043 - WARNING - 🚨 하드 손절 조건 충족 (-3.08%). 즉시 매도 프로세스 진입.
2026-06-05 15:29:19,084 - INFO - 보유 수량(1)에 대해 매도 주문(0000031920)이 진행 중입니다.
2026-06-05 15:29:19,084 - INFO - 60초 후 다음 확인을 진행합니다. (현재 상태: SELLING)
2026-06-05 15:30:19,085 - INFO - 현재 시간 15:30:19, 장 종료 시간이 지났습니다. 프로그램을 종료합니다.
2026-06-05 15:30:19,086 - INFO - 프로그램을 종료합니다.
